image_id,model,condition,true_label,clean_prediction,new_prediction,correct,prediction_changed,max_confidence
3,resnet50,grayscale,0,0,0,True,False,0.8438279032707214
29,resnet50,grayscale,7,7,7,True,False,0.9960158467292786
35,resnet50,grayscale,2,2,2,True,False,0.9897715449333191
42,resnet50,grayscale,0,0,0,True,False,0.8369434475898743
49,resnet50,grayscale,2,2,2,True,False,0.9841518402099609
81,resnet50,grayscale,0,0,0,True,False,0.9957231283187866
95,resnet50,grayscale,1,1,1,True,False,0.9937362670898438
97,resnet50,grayscale,5,5,5,True,False,0.5462003350257874
116,resnet50,grayscale,1,1,1,True,False,0.9942349791526794
131,resnet50,grayscale,9,9,9,True,False,0.9896327257156372
151,resnet50,grayscale,8,8,8,True,False,0.9886155724525452
171,resnet50,grayscale,4,4,4,True,False,0.9923847913742065
176,resnet50,grayscale,3,3,3,True,False,0.9990518689155579
191,resnet50,grayscale,9,9,2,False,True,0.6577284336090088
194,resnet50,grayscale,8,8,8,True,False,0.9904160499572754
198,resnet50,grayscale,1,1,1,True,False,0.8704343438148499
239,resnet50,grayscale,9,9,9,True,False,0.9896507263183594
261,resnet50,grayscale,1,1,1,True,False,0.9677824974060059
269,resnet50,grayscale,7,7,7,True,False,0.7226192951202393
276,resnet50,grayscale,9,9,9,True,False,0.9824792146682739
303,resnet50,grayscale,9,9,9,True,False,0.9851637482643127
304,resnet50,grayscale,1,1,1,True,False,0.8391036987304688
317,resnet50,grayscale,2,2,2,True,False,0.9820156097412109
319,resnet50,grayscale,5,5,5,True,False,0.982788622379303
323,resnet50,grayscale,7,7,7,True,False,0.9804481863975525
365,resnet50,grayscale,3,3,3,True,False,0.9649103283882141
370,resnet50,grayscale,7,7,7,True,False,0.8054375052452087
372,resnet50,grayscale,3,3,3,True,False,0.9991210103034973
378,resnet50,grayscale,5,5,5,True,False,0.9513598680496216
391,resnet50,grayscale,3,3,3,True,False,0.9945514798164368
409,resnet50,grayscale,2,2,2,True,False,0.9967832565307617
419,resnet50,grayscale,9,9,9,True,False,0.9382212162017822
449,resnet50,grayscale,6,6,6,True,False,0.9879505634307861
470,resnet50,grayscale,2,2,2,True,False,0.9832608103752136
483,resnet50,grayscale,2,2,2,True,False,0.9372023940086365
484,resnet50,grayscale,0,0,0,True,False,0.9596190452575684
506,resnet50,grayscale,4,4,4,True,False,0.8606719374656677
545,resnet50,grayscale,6,6,2,False,True,0.6854218244552612
562,resnet50,grayscale,0,0,0,True,False,0.9994334578514099
568,resnet50,grayscale,5,5,5,True,False,0.8761879205703735
603,resnet50,grayscale,9,9,9,True,False,0.7650682926177979
632,resnet50,grayscale,3,3,3,True,False,0.9836801886558533
645,resnet50,grayscale,5,5,5,True,False,0.9955528378486633
667,resnet50,grayscale,8,8,8,True,False,0.9928062558174133
672,resnet50,grayscale,3,3,3,True,False,0.99741131067276
677,resnet50,grayscale,3,3,3,True,False,0.9164360165596008
685,resnet50,grayscale,5,5,5,True,False,0.989900529384613
691,resnet50,grayscale,4,4,4,True,False,0.9728178381919861
706,resnet50,grayscale,8,8,8,True,False,0.9897505640983582
714,resnet50,grayscale,2,2,2,True,False,0.9150829315185547
716,resnet50,grayscale,8,8,8,True,False,0.9382806420326233
738,resnet50,grayscale,3,3,3,True,False,0.9526136517524719
739,resnet50,grayscale,8,8,8,True,False,0.9903882145881653
766,resnet50,grayscale,4,6,6,False,False,0.9436513781547546
791,resnet50,grayscale,3,3,3,True,False,0.9471435546875
805,resnet50,grayscale,9,9,9,True,False,0.9939547181129456
825,resnet50,grayscale,1,1,1,True,False,0.9981520771980286
852,resnet50,grayscale,9,9,9,True,False,0.9798191785812378
855,resnet50,grayscale,4,4,4,True,False,0.7226863503456116
873,resnet50,grayscale,6,6,6,True,False,0.9411470293998718
890,resnet50,grayscale,6,6,6,True,False,0.9924203753471375
920,resnet50,grayscale,6,6,6,True,False,0.9466358423233032
929,resnet50,grayscale,6,6,6,True,False,0.8481008410453796
962,resnet50,grayscale,8,8,8,True,False,0.9970269799232483
964,resnet50,grayscale,6,6,6,True,False,0.9958676099777222
977,resnet50,grayscale,6,6,6,True,False,0.9969968795776367
979,resnet50,grayscale,3,3,3,True,False,0.9997021555900574
981,resnet50,grayscale,2,2,2,True,False,0.9421364665031433
1022,resnet50,grayscale,9,9,9,True,False,0.9923812747001648
1032,resnet50,grayscale,7,7,7,True,False,0.8732544779777527
1048,resnet50,grayscale,7,7,7,True,False,0.9684439301490784
1090,resnet50,grayscale,1,1,1,True,False,0.9283527135848999
1095,resnet50,grayscale,5,5,5,True,False,0.9673022031784058
1109,resnet50,grayscale,1,1,1,True,False,0.9853176474571228
1111,resnet50,grayscale,4,4,4,True,False,0.872312068939209
1115,resnet50,grayscale,1,1,1,True,False,0.998860239982605
1124,resnet50,grayscale,4,4,4,True,False,0.967144250869751
1129,resnet50,grayscale,8,8,8,True,False,0.9944188594818115
1175,resnet50,grayscale,0,0,0,True,False,0.9816638231277466
1202,resnet50,grayscale,2,2,2,True,False,0.994445264339447
1204,resnet50,grayscale,3,3,3,True,False,0.9969802498817444
1211,resnet50,grayscale,4,4,4,True,False,0.9281960725784302
1220,resnet50,grayscale,7,7,7,True,False,0.955051600933075
1230,resnet50,grayscale,1,1,1,True,False,0.8241537809371948
1247,resnet50,grayscale,8,8,8,True,False,0.9857057332992554
1263,resnet50,grayscale,3,3,3,True,False,0.9691884517669678
1266,resnet50,grayscale,4,4,4,True,False,0.8840732574462891
1287,resnet50,grayscale,7,7,7,True,False,0.9665402770042419
1296,resnet50,grayscale,7,7,7,True,False,0.441047728061676
1370,resnet50,grayscale,3,3,3,True,False,0.9891003966331482
1389,resnet50,grayscale,0,0,0,True,False,0.9711771011352539
1401,resnet50,grayscale,3,3,3,True,False,0.9955976605415344
1403,resnet50,grayscale,2,2,2,True,False,0.9924426078796387
1411,resnet50,grayscale,9,9,9,True,False,0.9706855416297913
1429,resnet50,grayscale,4,4,4,True,False,0.5979058146476746
1430,resnet50,grayscale,9,9,9,True,False,0.9892655611038208
1431,resnet50,grayscale,3,3,3,True,False,0.9944104552268982
1436,resnet50,grayscale,1,1,1,True,False,0.9961751699447632
1440,resnet50,grayscale,7,7,7,True,False,0.9609715342521667
1468,resnet50,grayscale,9,9,9,True,False,0.9875614643096924
1473,resnet50,grayscale,7,7,7,True,False,0.9636446833610535
1515,resnet50,grayscale,9,9,9,True,False,0.9830029606819153
1520,resnet50,grayscale,2,2,2,True,False,0.9882165789604187
1531,resnet50,grayscale,3,3,3,True,False,0.7938051223754883
1534,resnet50,grayscale,6,6,6,True,False,0.9841620922088623
1552,resnet50,grayscale,5,5,5,True,False,0.9681376814842224
1553,resnet50,grayscale,0,0,0,True,False,0.8580330610275269
1563,resnet50,grayscale,3,3,3,True,False,0.5962110161781311
1568,resnet50,grayscale,1,1,1,True,False,0.8806947469711304
1579,resnet50,grayscale,7,7,7,True,False,0.9693548679351807
1586,resnet50,grayscale,2,2,2,True,False,0.9921631217002869
1596,resnet50,grayscale,0,0,0,True,False,0.9962849617004395
1626,resnet50,grayscale,5,5,5,True,False,0.989777147769928
1640,resnet50,grayscale,8,8,8,True,False,0.9607460498809814
1644,resnet50,grayscale,5,5,5,True,False,0.9713573455810547
1648,resnet50,grayscale,0,0,0,True,False,0.977495551109314
1654,resnet50,grayscale,9,9,9,True,False,0.9893044233322144
1667,resnet50,grayscale,6,6,6,True,False,0.9733037352561951
1703,resnet50,grayscale,7,7,7,True,False,0.650621771812439
1711,resnet50,grayscale,7,7,7,True,False,0.9785538911819458
1771,resnet50,grayscale,7,7,4,False,True,0.4582810401916504
1783,resnet50,grayscale,8,8,8,True,False,0.9889786839485168
1814,resnet50,grayscale,2,2,2,True,False,0.9662700891494751
1833,resnet50,grayscale,8,8,8,True,False,0.9924612641334534
1836,resnet50,grayscale,9,9,9,True,False,0.9166305065155029
1839,resnet50,grayscale,2,2,2,True,False,0.991886556148529
1852,resnet50,grayscale,1,1,1,True,False,0.9999345541000366
1871,resnet50,grayscale,1,1,1,True,False,0.8218314051628113
1877,resnet50,grayscale,5,5,4,False,True,0.7454820871353149
1884,resnet50,grayscale,7,7,7,True,False,0.9633042216300964
1927,resnet50,grayscale,7,7,7,True,False,0.9864523410797119
1954,resnet50,grayscale,8,8,0,False,True,0.7919684052467346
1956,resnet50,grayscale,7,3,7,True,True,0.5972756743431091
1960,resnet50,grayscale,4,4,4,True,False,0.6560674905776978
1977,resnet50,grayscale,0,0,0,True,False,0.9715562462806702
1986,resnet50,grayscale,1,1,1,True,False,0.9920171499252319
1993,resnet50,grayscale,1,1,1,True,False,0.981410801410675
2003,resnet50,grayscale,6,6,6,True,False,0.9753515124320984
2011,resnet50,grayscale,9,9,9,True,False,0.9668864011764526
2024,resnet50,grayscale,0,0,0,True,False,0.9841815233230591
2028,resnet50,grayscale,3,3,3,True,False,0.9997672438621521
2062,resnet50,grayscale,9,9,9,True,False,0.9780448079109192
2070,resnet50,grayscale,1,1,1,True,False,0.9836218953132629
2082,resnet50,grayscale,2,2,2,True,False,0.9260919094085693
2095,resnet50,grayscale,1,1,1,True,False,0.979554295539856
2109,resnet50,grayscale,8,8,8,True,False,0.9819464087486267
2114,resnet50,grayscale,9,9,9,True,False,0.9778599739074707
2116,resnet50,grayscale,1,3,3,False,False,0.993759274482727
2157,resnet50,grayscale,1,1,1,True,False,0.9973829388618469
2167,resnet50,grayscale,9,9,9,True,False,0.7843486666679382
2178,resnet50,grayscale,1,1,1,True,False,0.9998055100440979
2191,resnet50,grayscale,8,8,8,True,False,0.7967141270637512
2230,resnet50,grayscale,8,8,8,True,False,0.9729517698287964
2242,resnet50,grayscale,0,0,0,True,False,0.9850978851318359
2265,resnet50,grayscale,5,5,5,True,False,0.9816747307777405
2268,resnet50,grayscale,5,5,5,True,False,0.9152211546897888
2291,resnet50,grayscale,3,3,3,True,False,0.9796875715255737
2334,resnet50,grayscale,5,5,5,True,False,0.9951636791229248
2340,resnet50,grayscale,8,8,8,True,False,0.9939915537834167
2342,resnet50,grayscale,8,8,8,True,False,0.9533457159996033
2351,resnet50,grayscale,9,9,9,True,False,0.9816927909851074
2391,resnet50,grayscale,5,5,5,True,False,0.8937694430351257
2392,resnet50,grayscale,2,2,2,True,False,0.9913814663887024
2399,resnet50,grayscale,4,4,4,True,False,0.9250859618186951
2414,resnet50,grayscale,9,9,9,True,False,0.9014620184898376
2427,resnet50,grayscale,5,5,5,True,False,0.990698516368866
2458,resnet50,grayscale,5,5,5,True,False,0.993470311164856
2501,resnet50,grayscale,7,7,7,True,False,0.9825857877731323
2502,resnet50,grayscale,2,2,2,True,False,0.960519552230835
2536,resnet50,grayscale,3,3,3,True,False,0.9589836597442627
2539,resnet50,grayscale,3,3,3,True,False,0.9976154565811157
2610,resnet50,grayscale,6,6,4,False,True,0.514277994632721
2623,resnet50,grayscale,5,5,5,True,False,0.7729527354240417
2655,resnet50,grayscale,9,9,9,True,False,0.9868161082267761
2668,resnet50,grayscale,7,7,7,True,False,0.9900112748146057
2676,resnet50,grayscale,6,6,6,True,False,0.9941964149475098
2687,resnet50,grayscale,1,1,1,True,False,0.984896183013916
2690,resnet50,grayscale,1,1,1,True,False,0.9902198910713196
2704,resnet50,grayscale,4,4,4,True,False,0.9847226738929749
2745,resnet50,grayscale,8,8,8,True,False,0.9975365400314331
2746,resnet50,grayscale,7,7,7,True,False,0.9928800463676453
2750,resnet50,grayscale,0,0,0,True,False,0.9356138706207275
2754,resnet50,grayscale,3,3,3,True,False,0.8873522281646729
2757,resnet50,grayscale,4,4,4,True,False,0.8118866682052612
2766,resnet50,grayscale,5,5,5,True,False,0.9842034578323364
2807,resnet50,grayscale,5,4,5,True,True,0.4370214343070984
2844,resnet50,grayscale,8,8,8,True,False,0.9911258816719055
2854,resnet50,grayscale,7,7,7,True,False,0.988556444644928
2861,resnet50,grayscale,3,3,3,True,False,0.9845545887947083
2888,resnet50,grayscale,0,0,0,True,False,0.9171566367149353
2898,resnet50,grayscale,4,4,4,True,False,0.9703961610794067
2950,resnet50,grayscale,5,5,5,True,False,0.9505590200424194
2958,resnet50,grayscale,6,6,6,True,False,0.9850565791130066
3015,resnet50,grayscale,8,8,8,True,False,0.9969635605812073
3024,resnet50,grayscale,2,2,2,True,False,0.9906113743782043
3025,resnet50,grayscale,0,0,0,True,False,0.9330015778541565
3034,resnet50,grayscale,4,4,4,True,False,0.9823943972587585
3067,resnet50,grayscale,2,2,2,True,False,0.9789455533027649
3078,resnet50,grayscale,4,4,4,True,False,0.9830868244171143
3079,resnet50,grayscale,1,1,1,True,False,0.9994315505027771
3083,resnet50,grayscale,0,0,0,True,False,0.9945987462997437
3122,resnet50,grayscale,4,4,4,True,False,0.956680417060852
3153,resnet50,grayscale,7,7,7,True,False,0.971861720085144
3157,resnet50,grayscale,8,8,8,True,False,0.8401048183441162
3163,resnet50,grayscale,2,2,2,True,False,0.996863842010498
3179,resnet50,grayscale,4,4,4,True,False,0.9431977868080139
3191,resnet50,grayscale,6,6,6,True,False,0.9185471534729004
3276,resnet50,grayscale,3,3,3,True,False,0.8073450922966003
3287,resnet50,grayscale,4,4,4,True,False,0.9937332272529602
3288,resnet50,grayscale,7,7,7,True,False,0.9559106230735779
3292,resnet50,grayscale,6,6,6,True,False,0.9921486377716064
3318,resnet50,grayscale,9,9,9,True,False,0.9825833439826965
3347,resnet50,grayscale,0,0,0,True,False,0.9840342998504639
3353,resnet50,grayscale,5,3,3,False,False,0.7514596581459045
3362,resnet50,grayscale,2,2,2,True,False,0.9802649021148682
3365,resnet50,grayscale,4,4,4,True,False,0.9167167544364929
3375,resnet50,grayscale,3,3,3,True,False,0.6980085372924805
3383,resnet50,grayscale,3,3,3,True,False,0.9897320866584778
3404,resnet50,grayscale,7,7,7,True,False,0.9697458744049072
3412,resnet50,grayscale,8,8,8,True,False,0.9825076460838318
3413,resnet50,grayscale,1,1,1,True,False,0.9742602705955505
3418,resnet50,grayscale,6,6,6,True,False,0.9526582956314087
3437,resnet50,grayscale,0,0,0,True,False,0.9921088814735413
3446,resnet50,grayscale,7,7,7,True,False,0.7773053050041199
3454,resnet50,grayscale,2,2,2,True,False,0.9931319355964661
3455,resnet50,grayscale,0,0,0,True,False,0.981929361820221
3458,resnet50,grayscale,4,4,4,True,False,0.9487692713737488
3467,resnet50,grayscale,7,7,7,True,False,0.338377982378006
3491,resnet50,grayscale,1,1,1,True,False,0.9964841604232788
3494,resnet50,grayscale,6,6,6,True,False,0.9999126195907593
3512,resnet50,grayscale,4,4,4,True,False,0.9885220527648926
3515,resnet50,grayscale,6,6,6,True,False,0.9327808022499084
3542,resnet50,grayscale,7,7,7,True,False,0.9849798083305359
3550,resnet50,grayscale,1,1,1,True,False,0.9526151418685913
3562,resnet50,grayscale,3,3,5,False,True,0.8460249304771423
3755,resnet50,grayscale,2,2,2,True,False,0.9846583604812622
3763,resnet50,grayscale,4,4,4,True,False,0.9298807978630066
3777,resnet50,grayscale,6,6,6,True,False,0.8921054005622864
3778,resnet50,grayscale,3,3,3,True,False,0.8198157548904419
3779,resnet50,grayscale,6,6,6,True,False,0.9972298741340637
3844,resnet50,grayscale,6,6,6,True,False,0.9930534958839417
3851,resnet50,grayscale,3,3,3,True,False,0.9803484082221985
3852,resnet50,grayscale,5,5,5,True,False,0.8905332088470459
3863,resnet50,grayscale,5,5,5,True,False,0.9066091775894165
3867,resnet50,grayscale,7,7,7,True,False,0.9896562099456787
3876,resnet50,grayscale,0,0,0,True,False,0.9734558463096619
3889,resnet50,grayscale,5,5,5,True,False,0.9775682687759399
3891,resnet50,grayscale,4,4,4,True,False,0.9831489324569702
3893,resnet50,grayscale,9,9,9,True,False,0.9839208126068115
3905,resnet50,grayscale,8,8,8,True,False,0.9407097697257996
3914,resnet50,grayscale,3,3,3,True,False,0.9697602987289429
3937,resnet50,grayscale,1,1,1,True,False,0.9656339287757874
3942,resnet50,grayscale,9,9,9,True,False,0.9891601204872131
3948,resnet50,grayscale,8,8,8,True,False,0.9917389154434204
3962,resnet50,grayscale,6,6,6,True,False,0.9856492877006531
3965,resnet50,grayscale,0,0,0,True,False,0.8698274493217468
3994,resnet50,grayscale,4,4,4,True,False,0.9683551788330078
3996,resnet50,grayscale,9,9,9,True,False,0.685719907283783
4011,resnet50,grayscale,6,6,6,True,False,0.9993318915367126
4023,resnet50,grayscale,3,3,3,True,False,0.9128237366676331
4054,resnet50,grayscale,4,4,4,True,False,0.973638653755188
4065,resnet50,grayscale,2,2,2,True,False,0.9204012751579285
4069,resnet50,grayscale,8,8,8,True,False,0.8421806693077087
4093,resnet50,grayscale,6,6,6,True,False,0.9760255813598633
4094,resnet50,grayscale,9,9,9,True,False,0.9626504182815552
4106,resnet50,grayscale,5,5,5,True,False,0.9505334496498108
4130,resnet50,grayscale,0,0,0,True,False,0.9946300983428955
4168,resnet50,grayscale,3,3,3,True,False,0.9819542169570923
4170,resnet50,grayscale,8,8,8,True,False,0.971950888633728
4172,resnet50,grayscale,7,7,7,True,False,0.9720470905303955
4177,resnet50,grayscale,8,8,8,True,False,0.9714799523353577
4215,resnet50,grayscale,3,3,1,False,True,0.515151858329773
4229,resnet50,grayscale,3,3,3,True,False,0.987882137298584
4236,resnet50,grayscale,7,7,7,True,False,0.9913859367370605
4242,resnet50,grayscale,8,8,8,True,False,0.9892948269844055
4254,resnet50,grayscale,6,6,6,True,False,0.8960334658622742
4290,resnet50,grayscale,5,5,5,True,False,0.523064136505127
4298,resnet50,grayscale,1,1,1,True,False,0.9913206696510315
4308,resnet50,grayscale,7,7,7,True,False,0.9914436936378479
4311,resnet50,grayscale,8,8,8,True,False,0.9726666808128357
4323,resnet50,grayscale,3,3,3,True,False,0.9606515169143677
4330,resnet50,grayscale,3,3,6,False,True,0.5647976994514465
4341,resnet50,grayscale,6,6,6,True,False,0.9941062927246094
4355,resnet50,grayscale,8,8,8,True,False,0.7451069951057434
4399,resnet50,grayscale,0,0,0,True,False,0.9900375604629517
4403,resnet50,grayscale,7,7,7,True,False,0.9749867916107178
4411,resnet50,grayscale,6,6,6,True,False,0.9954342246055603
4449,resnet50,grayscale,9,9,9,True,False,0.9759780168533325
4463,resnet50,grayscale,3,3,3,True,False,0.9905444383621216
4531,resnet50,grayscale,3,3,3,True,False,0.9192312955856323
4539,resnet50,grayscale,0,0,0,True,False,0.996704638004303
4547,resnet50,grayscale,5,5,5,True,False,0.9433599710464478
4552,resnet50,grayscale,8,8,9,False,True,0.7750291228294373
4570,resnet50,grayscale,5,5,5,True,False,0.9525476694107056
4590,resnet50,grayscale,3,3,3,True,False,0.9884350299835205
4609,resnet50,grayscale,3,3,3,True,False,0.9858103394508362
4615,resnet50,grayscale,0,0,0,True,False,0.9881265163421631
4617,resnet50,grayscale,0,0,0,True,False,0.979140043258667
4620,resnet50,grayscale,6,6,6,True,False,0.9727359414100647
4629,resnet50,grayscale,4,4,4,True,False,0.8996415734291077
4640,resnet50,grayscale,1,1,7,False,True,0.7053670287132263
4642,resnet50,grayscale,4,4,4,True,False,0.9442431330680847
4661,resnet50,grayscale,7,7,7,True,False,0.9721542000770569
4662,resnet50,grayscale,8,8,8,True,False,0.9881409406661987
4675,resnet50,grayscale,0,0,0,True,False,0.9936965107917786
4676,resnet50,grayscale,8,8,8,True,False,0.9981429576873779
4704,resnet50,grayscale,7,7,7,True,False,0.9859640598297119
4723,resnet50,grayscale,9,9,9,True,False,0.9540517926216125
4731,resnet50,grayscale,6,6,6,True,False,0.9706418514251709
4735,resnet50,grayscale,2,2,2,True,False,0.9504995346069336
4740,resnet50,grayscale,4,4,4,True,False,0.7702207565307617
4746,resnet50,grayscale,6,6,6,True,False,0.9044125080108643
4748,resnet50,grayscale,7,7,7,True,False,0.9322078824043274
4754,resnet50,grayscale,6,6,6,True,False,0.9762774109840393
4785,resnet50,grayscale,0,0,0,True,False,0.778033435344696
4791,resnet50,grayscale,7,7,7,True,False,0.9625924229621887
4819,resnet50,grayscale,0,0,0,True,False,0.9956390857696533
4821,resnet50,grayscale,3,3,3,True,False,0.9963138699531555
4827,resnet50,grayscale,6,6,6,True,False,0.998114824295044
4850,resnet50,grayscale,5,5,5,True,False,0.9966230392456055
4881,resnet50,grayscale,3,3,3,True,False,0.6494486331939697
4893,resnet50,grayscale,0,0,0,True,False,0.9750275015830994
4908,resnet50,grayscale,3,3,3,True,False,0.9925705790519714
4913,resnet50,grayscale,2,2,2,True,False,0.991046130657196
4921,resnet50,grayscale,2,2,2,True,False,0.9860594868659973
4953,resnet50,grayscale,5,5,5,True,False,0.9324057102203369
4966,resnet50,grayscale,5,5,5,True,False,0.9692120552062988
4990,resnet50,grayscale,8,8,8,True,False,0.9349831342697144
5000,resnet50,grayscale,8,8,8,True,False,0.9703256487846375
5030,resnet50,grayscale,2,2,2,True,False,0.9918157458305359
5062,resnet50,grayscale,4,4,4,True,False,0.9596222639083862
5077,resnet50,grayscale,4,4,4,True,False,0.8636477589607239
5082,resnet50,grayscale,6,6,6,True,False,0.9719589352607727
5092,resnet50,grayscale,1,1,1,True,False,0.9948780536651611
5101,resnet50,grayscale,5,5,5,True,False,0.9853062629699707
5117,resnet50,grayscale,0,0,0,True,False,0.9713987112045288
5123,resnet50,grayscale,1,1,1,True,False,0.9703863859176636
5135,resnet50,grayscale,4,4,4,True,False,0.8248150944709778
5183,resnet50,grayscale,2,2,2,True,False,0.8865542411804199
5213,resnet50,grayscale,4,4,4,True,False,0.9238770008087158
5218,resnet50,grayscale,2,2,2,True,False,0.9674780964851379
5220,resnet50,grayscale,1,3,1,True,True,0.8110326528549194
5237,resnet50,grayscale,2,2,2,True,False,0.9581621289253235
5256,resnet50,grayscale,1,1,1,True,False,0.999679684638977
5284,resnet50,grayscale,9,9,9,True,False,0.996615469455719
5301,resnet50,grayscale,9,9,9,True,False,0.9899556636810303
5318,resnet50,grayscale,2,2,2,True,False,0.9781045317649841
5332,resnet50,grayscale,5,5,5,True,False,0.8810675740242004
5333,resnet50,grayscale,2,2,2,True,False,0.9880058169364929
5360,resnet50,grayscale,9,9,9,True,False,0.9928725957870483
5381,resnet50,grayscale,5,5,5,True,False,0.8954594135284424
5382,resnet50,grayscale,6,6,6,True,False,0.9557092785835266
5395,resnet50,grayscale,2,2,2,True,False,0.9989010095596313
5402,resnet50,grayscale,4,4,4,True,False,0.8273308873176575
5408,resnet50,grayscale,6,6,6,True,False,0.89402836561203
5436,resnet50,grayscale,7,7,7,True,False,0.9528259038925171
5447,resnet50,grayscale,9,9,9,True,False,0.9963244795799255
5450,resnet50,grayscale,7,7,7,True,False,0.9608970284461975
5451,resnet50,grayscale,8,8,8,True,False,0.9970892071723938
5452,resnet50,grayscale,9,9,9,True,False,0.9771115183830261
5467,resnet50,grayscale,4,4,4,True,False,0.9123659133911133
5478,resnet50,grayscale,0,0,0,True,False,0.9785332083702087
5488,resnet50,grayscale,1,7,7,False,False,0.9832981824874878
5496,resnet50,grayscale,5,5,5,True,False,0.9627721905708313
5508,resnet50,grayscale,9,9,9,True,False,0.9867571592330933
5512,resnet50,grayscale,2,9,9,False,False,0.9113811254501343
5525,resnet50,grayscale,8,8,8,True,False,0.9854397177696228
5528,resnet50,grayscale,3,5,5,False,False,0.5556712746620178
5556,resnet50,grayscale,4,4,4,True,False,0.9569112062454224
5560,resnet50,grayscale,1,1,1,True,False,0.9792008399963379
5572,resnet50,grayscale,9,9,9,True,False,0.9901825785636902
5580,resnet50,grayscale,6,6,6,True,False,0.9983452558517456
5590,resnet50,grayscale,9,9,9,True,False,0.9397766590118408
5623,resnet50,grayscale,4,4,4,True,False,0.9196251034736633
5677,resnet50,grayscale,2,2,2,True,False,0.9422999620437622
5694,resnet50,grayscale,8,8,8,True,False,0.9233672618865967
5701,resnet50,grayscale,5,5,5,True,False,0.9401996731758118
5705,resnet50,grayscale,8,8,8,True,False,0.9884907007217407
5719,resnet50,grayscale,7,7,7,True,False,0.9689937829971313
5729,resnet50,grayscale,6,6,6,True,False,0.9946948885917664
5756,resnet50,grayscale,2,2,2,True,False,0.9990637898445129
5788,resnet50,grayscale,9,9,9,True,False,0.9944861531257629
5789,resnet50,grayscale,4,4,4,True,False,0.9527929425239563
5824,resnet50,grayscale,2,2,2,True,False,0.9920932650566101
5848,resnet50,grayscale,7,7,7,True,False,0.9908939599990845
5851,resnet50,grayscale,9,9,9,True,False,0.9874083995819092
5857,resnet50,grayscale,6,4,6,True,True,0.9003778696060181
5858,resnet50,grayscale,6,6,6,True,False,0.60093092918396
5912,resnet50,grayscale,0,0,0,True,False,0.9992152452468872
5915,resnet50,grayscale,9,9,9,True,False,0.9751546382904053
5918,resnet50,grayscale,0,0,0,True,False,0.9940162897109985
5924,resnet50,grayscale,5,5,5,True,False,0.9899864792823792
5977,resnet50,grayscale,7,7,7,True,False,0.992517352104187
5981,resnet50,grayscale,9,9,9,True,False,0.9814434051513672
5999,resnet50,grayscale,0,0,0,True,False,0.9956515431404114
6028,resnet50,grayscale,2,2,2,True,False,0.9945043921470642
6033,resnet50,grayscale,4,4,4,True,False,0.9092503190040588
6076,resnet50,grayscale,1,1,1,True,False,0.9989516735076904
6084,resnet50,grayscale,7,7,7,True,False,0.9757079482078552
6097,resnet50,grayscale,4,4,4,True,False,0.9014880061149597
6169,resnet50,grayscale,1,1,1,True,False,0.8004777431488037
6190,resnet50,grayscale,7,7,7,True,False,0.9742651581764221
6224,resnet50,grayscale,5,5,5,True,False,0.9572121500968933
6244,resnet50,grayscale,2,2,2,True,False,0.9099929332733154
6264,resnet50,grayscale,2,2,2,True,False,0.9919778108596802
6271,resnet50,grayscale,2,2,2,True,False,0.9798556566238403
6288,resnet50,grayscale,4,4,4,True,False,0.9787846207618713
6332,resnet50,grayscale,2,2,2,True,False,0.9873966574668884
6349,resnet50,grayscale,1,1,1,True,False,0.9825689792633057
6354,resnet50,grayscale,2,2,2,True,False,0.994001567363739
6358,resnet50,grayscale,5,5,5,True,False,0.7648980617523193
6381,resnet50,grayscale,6,6,6,True,False,0.8905645608901978
6414,resnet50,grayscale,5,5,5,True,False,0.960780143737793
6426,resnet50,grayscale,2,2,2,True,False,0.9965016841888428
6434,resnet50,grayscale,8,8,8,True,False,0.9927149415016174
6437,resnet50,grayscale,0,0,0,True,False,0.9698660373687744
6455,resnet50,grayscale,0,0,0,True,False,0.9430907964706421
6490,resnet50,grayscale,3,3,3,True,False,0.9837239980697632
6503,resnet50,grayscale,2,2,2,True,False,0.9817559719085693
6508,resnet50,grayscale,4,4,4,True,False,0.7578707933425903
6528,resnet50,grayscale,4,4,4,True,False,0.9459978938102722
6594,resnet50,grayscale,1,1,1,True,False,0.9887746572494507
6609,resnet50,grayscale,0,0,0,True,False,0.9732707738876343
6616,resnet50,grayscale,2,2,2,True,False,0.9886590838432312
6650,resnet50,grayscale,7,7,7,True,False,0.9656757712364197
6689,resnet50,grayscale,8,8,8,True,False,0.5868629813194275
6692,resnet50,grayscale,2,2,2,True,False,0.9668770432472229
6713,resnet50,grayscale,6,6,6,True,False,0.9118273258209229
6716,resnet50,grayscale,5,5,5,True,False,0.5654646754264832
6726,resnet50,grayscale,7,7,7,True,False,0.5877796411514282
6733,resnet50,grayscale,1,1,1,True,False,0.9296576976776123
6772,resnet50,grayscale,7,7,7,True,False,0.39277568459510803
6805,resnet50,grayscale,1,1,1,True,False,0.9763222932815552
6836,resnet50,grayscale,1,1,1,True,False,0.9928247928619385
6844,resnet50,grayscale,0,0,0,True,False,0.9386113286018372
6922,resnet50,grayscale,5,5,5,True,False,0.9989423155784607
6931,resnet50,grayscale,9,9,9,True,False,0.8963151574134827
6938,resnet50,grayscale,1,1,1,True,False,0.9730237722396851
6952,resnet50,grayscale,3,3,3,True,False,0.9987383484840393
6954,resnet50,grayscale,1,1,1,True,False,0.9964641332626343
6986,resnet50,grayscale,0,0,0,True,False,0.9881590008735657
6989,resnet50,grayscale,5,5,5,True,False,0.9404603242874146
7009,resnet50,grayscale,0,0,0,True,False,0.9561459422111511
7029,resnet50,grayscale,1,1,1,True,False,0.9989025592803955
7033,resnet50,grayscale,1,1,1,True,False,0.9954395890235901
7041,resnet50,grayscale,5,5,5,True,False,0.7674986124038696
7047,resnet50,grayscale,9,9,9,True,False,0.9957408905029297
7081,resnet50,grayscale,7,7,7,True,False,0.9731966853141785
7084,resnet50,grayscale,2,2,2,True,False,0.9976614713668823
7108,resnet50,grayscale,6,6,6,True,False,0.8783875107765198
7130,resnet50,grayscale,5,5,5,True,False,0.876214325428009
7138,resnet50,grayscale,8,8,8,True,False,0.9751259684562683
7150,resnet50,grayscale,0,0,0,True,False,0.9660280346870422
7202,resnet50,grayscale,1,1,1,True,False,0.9871335029602051
7262,resnet50,grayscale,0,0,0,True,False,0.9872884750366211
7266,resnet50,grayscale,9,9,9,True,False,0.9425039887428284
7270,resnet50,grayscale,7,7,7,True,False,0.975229799747467
7309,resnet50,grayscale,0,0,0,True,False,0.9268884062767029
7320,resnet50,grayscale,0,0,0,True,False,0.9974188804626465
7338,resnet50,grayscale,6,6,6,True,False,0.9985888600349426
7372,resnet50,grayscale,0,0,0,True,False,0.9380621910095215
7373,resnet50,grayscale,0,0,0,True,False,0.8591675758361816
7380,resnet50,grayscale,9,9,9,True,False,0.9607577919960022
7390,resnet50,grayscale,1,1,1,True,False,0.9851577281951904
7413,resnet50,grayscale,5,5,5,True,False,0.8003854751586914
7416,resnet50,grayscale,3,5,5,False,False,0.5836561322212219
7425,resnet50,grayscale,2,2,2,True,False,0.9988288283348083
7446,resnet50,grayscale,8,8,8,True,False,0.9959419369697571
7460,resnet50,grayscale,8,8,9,False,True,0.6409975290298462
7465,resnet50,grayscale,0,0,0,True,False,0.9532248973846436
7474,resnet50,grayscale,5,5,5,True,False,0.9578557014465332
7475,resnet50,grayscale,4,4,6,False,True,0.5359907746315002
7476,resnet50,grayscale,8,8,8,True,False,0.9832705855369568
7544,resnet50,grayscale,9,9,9,True,False,0.9719156622886658
7555,resnet50,grayscale,6,6,6,True,False,0.9479852914810181
7600,resnet50,grayscale,6,6,6,True,False,0.9999603033065796
7610,resnet50,grayscale,4,4,4,True,False,0.9414277672767639
7634,resnet50,grayscale,0,0,0,True,False,0.9833853244781494
7692,resnet50,grayscale,4,4,4,True,False,0.8239418268203735
7706,resnet50,grayscale,5,5,5,True,False,0.9815172553062439
7726,resnet50,grayscale,6,6,6,True,False,0.9968962669372559
7744,resnet50,grayscale,3,3,3,True,False,0.9821779727935791
7752,resnet50,grayscale,9,9,9,True,False,0.9872763752937317
7776,resnet50,grayscale,5,5,5,True,False,0.9840928316116333
7779,resnet50,grayscale,6,6,6,True,False,0.9912567138671875
7781,resnet50,grayscale,6,6,6,True,False,0.9679214954376221
7793,resnet50,grayscale,3,5,7,False,True,0.6106501221656799
7797,resnet50,grayscale,3,3,3,True,False,0.9819929599761963
7810,resnet50,grayscale,8,8,8,True,False,0.9776595234870911
7818,resnet50,grayscale,8,8,8,True,False,0.9840973019599915
7835,resnet50,grayscale,7,7,7,True,False,0.9809615015983582
7864,resnet50,grayscale,4,4,4,True,False,0.904377818107605
7875,resnet50,grayscale,8,8,8,True,False,0.9693495035171509
7938,resnet50,grayscale,9,9,9,True,False,0.9807832837104797
7940,resnet50,grayscale,4,4,4,True,False,0.9598445892333984
7944,resnet50,grayscale,4,4,4,True,False,0.5956117510795593
7955,resnet50,grayscale,1,1,1,True,False,0.9979361295700073
7995,resnet50,grayscale,9,9,9,True,False,0.8687014579772949
7996,resnet50,grayscale,6,6,6,True,False,0.999717652797699
7999,resnet50,grayscale,8,8,8,True,False,0.9859015941619873
3,resnet50,hue90,0,0,0,True,False,0.8985759615898132
29,resnet50,hue90,7,7,7,True,False,0.9960158467292786
35,resnet50,hue90,2,2,2,True,False,0.9990956783294678
42,resnet50,hue90,0,0,0,True,False,0.5453794598579407
49,resnet50,hue90,2,2,2,True,False,0.985517680644989
81,resnet50,hue90,0,0,0,True,False,0.9957231283187866
95,resnet50,hue90,1,1,1,True,False,0.9883067011833191
97,resnet50,hue90,5,5,5,True,False,0.8653292059898376
116,resnet50,hue90,1,1,1,True,False,0.9955244064331055
131,resnet50,hue90,9,9,9,True,False,0.9893636703491211
151,resnet50,hue90,8,8,8,True,False,0.8729612231254578
171,resnet50,hue90,4,4,4,True,False,0.9971193075180054
176,resnet50,hue90,3,3,3,True,False,0.9955452680587769
191,resnet50,hue90,9,9,9,True,False,0.6956154704093933
194,resnet50,hue90,8,8,8,True,False,0.988889217376709
198,resnet50,hue90,1,1,1,True,False,0.9531794190406799
239,resnet50,hue90,9,9,9,True,False,0.9795837998390198
261,resnet50,hue90,1,1,1,True,False,0.9588488340377808
269,resnet50,hue90,7,7,7,True,False,0.9782097935676575
276,resnet50,hue90,9,9,9,True,False,0.9573482275009155
303,resnet50,hue90,9,9,9,True,False,0.9849254488945007
304,resnet50,hue90,1,1,1,True,False,0.9880517721176147
317,resnet50,hue90,2,2,2,True,False,0.9815855026245117
319,resnet50,hue90,5,5,5,True,False,0.9441457986831665
323,resnet50,hue90,7,7,7,True,False,0.9732094407081604
365,resnet50,hue90,3,3,3,True,False,0.9907921552658081
370,resnet50,hue90,7,7,7,True,False,0.9260876178741455
372,resnet50,hue90,3,3,3,True,False,0.8226613402366638
378,resnet50,hue90,5,5,5,True,False,0.9274098873138428
391,resnet50,hue90,3,3,3,True,False,0.9750104546546936
409,resnet50,hue90,2,2,2,True,False,0.9971202611923218
419,resnet50,hue90,9,9,9,True,False,0.9747804999351501
449,resnet50,hue90,6,6,6,True,False,0.7805288434028625
470,resnet50,hue90,2,2,2,True,False,0.9708579778671265
483,resnet50,hue90,2,2,2,True,False,0.9284836053848267
484,resnet50,hue90,0,0,0,True,False,0.9616063833236694
506,resnet50,hue90,4,4,4,True,False,0.9730073809623718
545,resnet50,hue90,6,6,2,False,True,0.6796422600746155
562,resnet50,hue90,0,0,0,True,False,0.9975606203079224
568,resnet50,hue90,5,5,5,True,False,0.9026444554328918
603,resnet50,hue90,9,9,9,True,False,0.6464951634407043
632,resnet50,hue90,3,3,3,True,False,0.9794620871543884
645,resnet50,hue90,5,5,5,True,False,0.9770709872245789
667,resnet50,hue90,8,8,8,True,False,0.9796293377876282
672,resnet50,hue90,3,3,3,True,False,0.9978891015052795
677,resnet50,hue90,3,3,3,True,False,0.94187331199646
685,resnet50,hue90,5,5,5,True,False,0.9864923357963562
691,resnet50,hue90,4,4,4,True,False,0.964641809463501
706,resnet50,hue90,8,8,8,True,False,0.9918660521507263
714,resnet50,hue90,2,2,2,True,False,0.981048583984375
716,resnet50,hue90,8,8,8,True,False,0.7252104878425598
738,resnet50,hue90,3,3,3,True,False,0.9642458558082581
739,resnet50,hue90,8,8,8,True,False,0.962611734867096
766,resnet50,hue90,4,6,6,False,False,0.5492636561393738
791,resnet50,hue90,3,3,3,True,False,0.9647493958473206
805,resnet50,hue90,9,9,9,True,False,0.9931409955024719
825,resnet50,hue90,1,1,1,True,False,0.9996203184127808
852,resnet50,hue90,9,9,9,True,False,0.9879807829856873
855,resnet50,hue90,4,4,4,True,False,0.9499267935752869
873,resnet50,hue90,6,6,6,True,False,0.8738422989845276
890,resnet50,hue90,6,6,6,True,False,0.854508101940155
920,resnet50,hue90,6,6,6,True,False,0.9046858549118042
929,resnet50,hue90,6,6,5,False,True,0.5337033867835999
962,resnet50,hue90,8,8,8,True,False,0.9775583148002625
964,resnet50,hue90,6,6,6,True,False,0.983761727809906
977,resnet50,hue90,6,6,6,True,False,0.9969792366027832
979,resnet50,hue90,3,3,3,True,False,0.9997633099555969
981,resnet50,hue90,2,2,2,True,False,0.9761655330657959
1022,resnet50,hue90,9,9,9,True,False,0.9901134967803955
1032,resnet50,hue90,7,7,7,True,False,0.9688071012496948
1048,resnet50,hue90,7,7,7,True,False,0.9413967132568359
1090,resnet50,hue90,1,1,1,True,False,0.9789532423019409
1095,resnet50,hue90,5,5,5,True,False,0.9798652529716492
1109,resnet50,hue90,1,1,1,True,False,0.9677392840385437
1111,resnet50,hue90,4,4,4,True,False,0.9263303875923157
1115,resnet50,hue90,1,1,1,True,False,0.9652314186096191
1124,resnet50,hue90,4,4,4,True,False,0.9796582460403442
1129,resnet50,hue90,8,8,8,True,False,0.992416262626648
1175,resnet50,hue90,0,0,0,True,False,0.9860541224479675
1202,resnet50,hue90,2,2,2,True,False,0.9931746125221252
1204,resnet50,hue90,3,3,3,True,False,0.9967785477638245
1211,resnet50,hue90,4,4,4,True,False,0.9684475064277649
1220,resnet50,hue90,7,7,7,True,False,0.9726229310035706
1230,resnet50,hue90,1,1,1,True,False,0.8606575727462769
1247,resnet50,hue90,8,8,8,True,False,0.5784555077552795
1263,resnet50,hue90,3,3,3,True,False,0.9549588561058044
1266,resnet50,hue90,4,4,4,True,False,0.9090917706489563
1287,resnet50,hue90,7,7,7,True,False,0.9826154708862305
1296,resnet50,hue90,7,7,7,True,False,0.7908459901809692
1370,resnet50,hue90,3,3,3,True,False,0.9961469173431396
1389,resnet50,hue90,0,0,0,True,False,0.9855780005455017
1401,resnet50,hue90,3,3,3,True,False,0.9952736496925354
1403,resnet50,hue90,2,2,2,True,False,0.9967828989028931
1411,resnet50,hue90,9,9,9,True,False,0.9822204113006592
1429,resnet50,hue90,4,4,4,True,False,0.938285231590271
1430,resnet50,hue90,9,9,9,True,False,0.9936490654945374
1431,resnet50,hue90,3,3,3,True,False,0.997589111328125
1436,resnet50,hue90,1,1,1,True,False,0.999040424823761
1440,resnet50,hue90,7,7,7,True,False,0.967275857925415
1468,resnet50,hue90,9,9,9,True,False,0.9835114479064941
1473,resnet50,hue90,7,7,7,True,False,0.9333163499832153
1515,resnet50,hue90,9,9,9,True,False,0.9822592735290527
1520,resnet50,hue90,2,2,2,True,False,0.9925722479820251
1531,resnet50,hue90,3,3,5,False,True,0.9542599320411682
1534,resnet50,hue90,6,6,6,True,False,0.9728901386260986
1552,resnet50,hue90,5,5,5,True,False,0.9706658720970154
1553,resnet50,hue90,0,0,0,True,False,0.9752194881439209
1563,resnet50,hue90,3,3,3,True,False,0.960359513759613
1568,resnet50,hue90,1,1,1,True,False,0.8469826579093933
1579,resnet50,hue90,7,7,7,True,False,0.9594489336013794
1586,resnet50,hue90,2,2,2,True,False,0.990497350692749
1596,resnet50,hue90,0,0,0,True,False,0.9991757273674011
1626,resnet50,hue90,5,5,5,True,False,0.9684048891067505
1640,resnet50,hue90,8,8,8,True,False,0.5526121854782104
1644,resnet50,hue90,5,5,5,True,False,0.949841320514679
1648,resnet50,hue90,0,0,0,True,False,0.9868782162666321
1654,resnet50,hue90,9,9,9,True,False,0.9746155738830566
1667,resnet50,hue90,6,6,6,True,False,0.9733037352561951
1703,resnet50,hue90,7,7,1,False,True,0.5056072473526001
1711,resnet50,hue90,7,7,7,True,False,0.9619131684303284
1771,resnet50,hue90,7,7,7,True,False,0.49594587087631226
1783,resnet50,hue90,8,8,8,True,False,0.9892092347145081
1814,resnet50,hue90,2,2,2,True,False,0.9740234017372131
1833,resnet50,hue90,8,8,8,True,False,0.9225931167602539
1836,resnet50,hue90,9,9,9,True,False,0.9406836032867432
1839,resnet50,hue90,2,2,2,True,False,0.990525484085083
1852,resnet50,hue90,1,1,1,True,False,0.9999388456344604
1871,resnet50,hue90,1,1,1,True,False,0.9817489385604858
1877,resnet50,hue90,5,5,4,False,True,0.46650415658950806
1884,resnet50,hue90,7,7,7,True,False,0.898003876209259
1927,resnet50,hue90,7,7,7,True,False,0.9874931573867798
1954,resnet50,hue90,8,8,0,False,True,0.6607294678688049
1956,resnet50,hue90,7,3,3,False,False,0.9327192306518555
1960,resnet50,hue90,4,4,4,True,False,0.751853883266449
1977,resnet50,hue90,0,0,0,True,False,0.9901549816131592
1986,resnet50,hue90,1,1,1,True,False,0.9680147767066956
1993,resnet50,hue90,1,1,1,True,False,0.9964727759361267
2003,resnet50,hue90,6,6,6,True,False,0.7611355185508728
2011,resnet50,hue90,9,9,9,True,False,0.9840049743652344
2024,resnet50,hue90,0,0,0,True,False,0.9586563110351562
2028,resnet50,hue90,3,3,3,True,False,0.9998966455459595
2062,resnet50,hue90,9,9,9,True,False,0.9842968583106995
2070,resnet50,hue90,1,1,1,True,False,0.7875779867172241
2082,resnet50,hue90,2,2,2,True,False,0.9659534096717834
2095,resnet50,hue90,1,1,1,True,False,0.9309263229370117
2109,resnet50,hue90,8,8,8,True,False,0.983113169670105
2114,resnet50,hue90,9,9,9,True,False,0.9514333605766296
2116,resnet50,hue90,1,3,3,False,False,0.9759171605110168
2157,resnet50,hue90,1,1,1,True,False,0.9939675331115723
2167,resnet50,hue90,9,9,9,True,False,0.9780803918838501
2178,resnet50,hue90,1,1,1,True,False,0.999804675579071
2191,resnet50,hue90,8,8,8,True,False,0.6503104567527771
2230,resnet50,hue90,8,8,8,True,False,0.8982669711112976
2242,resnet50,hue90,0,0,0,True,False,0.9945888519287109
2265,resnet50,hue90,5,5,5,True,False,0.8301655650138855
2268,resnet50,hue90,5,5,5,True,False,0.9474181532859802
2291,resnet50,hue90,3,3,3,True,False,0.9253256320953369
2334,resnet50,hue90,5,5,5,True,False,0.9988654851913452
2340,resnet50,hue90,8,8,8,True,False,0.9936127066612244
2342,resnet50,hue90,8,8,8,True,False,0.9440913200378418
2351,resnet50,hue90,9,9,9,True,False,0.9889218807220459
2391,resnet50,hue90,5,5,5,True,False,0.8286023139953613
2392,resnet50,hue90,2,2,2,True,False,0.993319034576416
2399,resnet50,hue90,4,4,4,True,False,0.8489762544631958
2414,resnet50,hue90,9,9,9,True,False,0.9613555669784546
2427,resnet50,hue90,5,5,5,True,False,0.9717702269554138
2458,resnet50,hue90,5,5,5,True,False,0.9920450448989868
2501,resnet50,hue90,7,7,7,True,False,0.9865583777427673
2502,resnet50,hue90,2,2,2,True,False,0.9552741646766663
2536,resnet50,hue90,3,3,3,True,False,0.9759629964828491
2539,resnet50,hue90,3,3,3,True,False,0.9969813227653503
2610,resnet50,hue90,6,6,1,False,True,0.4983600676059723
2623,resnet50,hue90,5,5,3,False,True,0.5424855351448059
2655,resnet50,hue90,9,9,9,True,False,0.9766438603401184
2668,resnet50,hue90,7,7,7,True,False,0.9872298836708069
2676,resnet50,hue90,6,6,6,True,False,0.9578990936279297
2687,resnet50,hue90,1,1,1,True,False,0.95319002866745
2690,resnet50,hue90,1,1,1,True,False,0.9974865913391113
2704,resnet50,hue90,4,4,4,True,False,0.9884821176528931
2745,resnet50,hue90,8,8,8,True,False,0.9929538369178772
2746,resnet50,hue90,7,7,7,True,False,0.9864543080329895
2750,resnet50,hue90,0,0,0,True,False,0.9623955488204956
2754,resnet50,hue90,3,3,3,True,False,0.9468398094177246
2757,resnet50,hue90,4,4,4,True,False,0.5995050668716431
2766,resnet50,hue90,5,5,5,True,False,0.9754417538642883
2807,resnet50,hue90,5,4,1,False,True,0.5864259004592896
2844,resnet50,hue90,8,8,8,True,False,0.9874881505966187
2854,resnet50,hue90,7,7,7,True,False,0.985850989818573
2861,resnet50,hue90,3,3,3,True,False,0.9845545887947083
2888,resnet50,hue90,0,0,0,True,False,0.9299342632293701
2898,resnet50,hue90,4,4,4,True,False,0.9887585639953613
2950,resnet50,hue90,5,5,5,True,False,0.6932221055030823
2958,resnet50,hue90,6,6,6,True,False,0.9888807535171509
3015,resnet50,hue90,8,8,8,True,False,0.782532274723053
3024,resnet50,hue90,2,2,2,True,False,0.9915594458580017
3025,resnet50,hue90,0,0,0,True,False,0.9330015778541565
3034,resnet50,hue90,4,4,4,True,False,0.992091178894043
3067,resnet50,hue90,2,2,2,True,False,0.9860610961914062
3078,resnet50,hue90,4,4,4,True,False,0.9843353033065796
3079,resnet50,hue90,1,1,1,True,False,0.9990962743759155
3083,resnet50,hue90,0,0,0,True,False,0.9729529619216919
3122,resnet50,hue90,4,4,4,True,False,0.9787383675575256
3153,resnet50,hue90,7,7,7,True,False,0.9236922264099121
3157,resnet50,hue90,8,8,9,False,True,0.5036713480949402
3163,resnet50,hue90,2,2,2,True,False,0.9981282353401184
3179,resnet50,hue90,4,4,4,True,False,0.948029637336731
3191,resnet50,hue90,6,6,6,True,False,0.5407649874687195
3276,resnet50,hue90,3,3,3,True,False,0.48155322670936584
3287,resnet50,hue90,4,4,4,True,False,0.9860444068908691
3288,resnet50,hue90,7,7,7,True,False,0.9691942930221558
3292,resnet50,hue90,6,6,6,True,False,0.7314862012863159
3318,resnet50,hue90,9,9,9,True,False,0.9866142868995667
3347,resnet50,hue90,0,0,0,True,False,0.9977826476097107
3353,resnet50,hue90,5,3,3,False,False,0.4935901463031769
3362,resnet50,hue90,2,2,2,True,False,0.9888004064559937
3365,resnet50,hue90,4,4,4,True,False,0.9603307247161865
3375,resnet50,hue90,3,3,3,True,False,0.9799467921257019
3383,resnet50,hue90,3,3,3,True,False,0.9912306070327759
3404,resnet50,hue90,7,7,7,True,False,0.986549973487854
3412,resnet50,hue90,8,8,8,True,False,0.7880987524986267
3413,resnet50,hue90,1,1,1,True,False,0.9982841610908508
3418,resnet50,hue90,6,6,6,True,False,0.9825493097305298
3437,resnet50,hue90,0,0,0,True,False,0.9329357147216797
3446,resnet50,hue90,7,7,7,True,False,0.8025569915771484
3454,resnet50,hue90,2,2,2,True,False,0.988822340965271
3455,resnet50,hue90,0,0,0,True,False,0.9942947030067444
3458,resnet50,hue90,4,4,4,True,False,0.9890355467796326
3467,resnet50,hue90,7,7,3,False,True,0.37462252378463745
3491,resnet50,hue90,1,1,1,True,False,0.9990212917327881
3494,resnet50,hue90,6,6,6,True,False,0.9975340366363525
3512,resnet50,hue90,4,4,4,True,False,0.9916489124298096
3515,resnet50,hue90,6,6,6,True,False,0.8012836575508118
3542,resnet50,hue90,7,7,7,True,False,0.9737982749938965
3550,resnet50,hue90,1,1,1,True,False,0.9584267139434814
3562,resnet50,hue90,3,3,3,True,False,0.5508449077606201
3755,resnet50,hue90,2,2,2,True,False,0.9959537982940674
3763,resnet50,hue90,4,4,4,True,False,0.9789710640907288
3777,resnet50,hue90,6,6,6,True,False,0.7504645586013794
3778,resnet50,hue90,3,3,3,True,False,0.9679509997367859
3779,resnet50,hue90,6,6,6,True,False,0.9828353524208069
3844,resnet50,hue90,6,6,6,True,False,0.992703914642334
3851,resnet50,hue90,3,3,3,True,False,0.9888551831245422
3852,resnet50,hue90,5,5,5,True,False,0.9195780754089355
3863,resnet50,hue90,5,5,5,True,False,0.9122942686080933
3867,resnet50,hue90,7,7,7,True,False,0.9906022548675537
3876,resnet50,hue90,0,0,0,True,False,0.7980678677558899
3889,resnet50,hue90,5,5,5,True,False,0.9630798101425171
3891,resnet50,hue90,4,4,4,True,False,0.8474135994911194
3893,resnet50,hue90,9,9,9,True,False,0.9729979038238525
3905,resnet50,hue90,8,8,8,True,False,0.9370225071907043
3914,resnet50,hue90,3,3,3,True,False,0.9949000477790833
3937,resnet50,hue90,1,1,1,True,False,0.9463526606559753
3942,resnet50,hue90,9,9,9,True,False,0.9713050127029419
3948,resnet50,hue90,8,8,8,True,False,0.9685349464416504
3962,resnet50,hue90,6,6,6,True,False,0.9626539349555969
3965,resnet50,hue90,0,0,0,True,False,0.9359480738639832
3994,resnet50,hue90,4,4,4,True,False,0.9701980352401733
3996,resnet50,hue90,9,9,9,True,False,0.6409355401992798
4011,resnet50,hue90,6,6,6,True,False,0.9912170171737671
4023,resnet50,hue90,3,3,3,True,False,0.9912448525428772
4054,resnet50,hue90,4,4,4,True,False,0.9570461511611938
4065,resnet50,hue90,2,2,2,True,False,0.9731237292289734
4069,resnet50,hue90,8,8,8,True,False,0.6809365153312683
4093,resnet50,hue90,6,6,6,True,False,0.5556572675704956
4094,resnet50,hue90,9,9,9,True,False,0.9966281056404114
4106,resnet50,hue90,5,5,5,True,False,0.9581542611122131
4130,resnet50,hue90,0,0,0,True,False,0.9939550757408142
4168,resnet50,hue90,3,3,3,True,False,0.9790678024291992
4170,resnet50,hue90,8,8,8,True,False,0.8366767168045044
4172,resnet50,hue90,7,7,7,True,False,0.9388726949691772
4177,resnet50,hue90,8,8,8,True,False,0.9223517179489136
4215,resnet50,hue90,3,3,1,False,True,0.5178367495536804
4229,resnet50,hue90,3,3,3,True,False,0.9939823746681213
4236,resnet50,hue90,7,7,7,True,False,0.9828365445137024
4242,resnet50,hue90,8,8,8,True,False,0.7935162782669067
4254,resnet50,hue90,6,6,6,True,False,0.772580623626709
4290,resnet50,hue90,5,5,4,False,True,0.3621746897697449
4298,resnet50,hue90,1,1,1,True,False,0.9986777901649475
4308,resnet50,hue90,7,7,7,True,False,0.778581440448761
4311,resnet50,hue90,8,8,8,True,False,0.991956353187561
4323,resnet50,hue90,3,3,3,True,False,0.9617680311203003
4330,resnet50,hue90,3,3,3,True,False,0.6729514002799988
4341,resnet50,hue90,6,6,6,True,False,0.90842205286026
4355,resnet50,hue90,8,8,9,False,True,0.6804252862930298
4399,resnet50,hue90,0,0,0,True,False,0.9948646426200867
4403,resnet50,hue90,7,7,7,True,False,0.9816576242446899
4411,resnet50,hue90,6,6,6,True,False,0.42307955026626587
4449,resnet50,hue90,9,9,9,True,False,0.9893752336502075
4463,resnet50,hue90,3,3,3,True,False,0.9967412352561951
4531,resnet50,hue90,3,3,3,True,False,0.7338459491729736
4539,resnet50,hue90,0,0,0,True,False,0.9945861101150513
4547,resnet50,hue90,5,5,5,True,False,0.9029138684272766
4552,resnet50,hue90,8,8,9,False,True,0.9815450310707092
4570,resnet50,hue90,5,5,5,True,False,0.9178823232650757
4590,resnet50,hue90,3,3,3,True,False,0.9890179634094238
4609,resnet50,hue90,3,3,3,True,False,0.9606950879096985
4615,resnet50,hue90,0,0,0,True,False,0.9969117045402527
4617,resnet50,hue90,0,0,0,True,False,0.9728080034255981
4620,resnet50,hue90,6,6,6,True,False,0.7051516771316528
4629,resnet50,hue90,4,4,4,True,False,0.9766137003898621
4640,resnet50,hue90,1,1,3,False,True,0.7109562754631042
4642,resnet50,hue90,4,4,4,True,False,0.9805190563201904
4661,resnet50,hue90,7,7,7,True,False,0.9620499610900879
4662,resnet50,hue90,8,8,8,True,False,0.9850513935089111
4675,resnet50,hue90,0,0,0,True,False,0.9976783394813538
4676,resnet50,hue90,8,8,8,True,False,0.9978725910186768
4704,resnet50,hue90,7,7,7,True,False,0.8161228895187378
4723,resnet50,hue90,9,9,9,True,False,0.9473472237586975
4731,resnet50,hue90,6,6,6,True,False,0.8523260951042175
4735,resnet50,hue90,2,2,2,True,False,0.9546293616294861
4740,resnet50,hue90,4,4,4,True,False,0.9103934168815613
4746,resnet50,hue90,6,6,6,True,False,0.585233747959137
4748,resnet50,hue90,7,7,7,True,False,0.9669052362442017
4754,resnet50,hue90,6,6,6,True,False,0.956423819065094
4785,resnet50,hue90,0,0,0,True,False,0.7686147093772888
4791,resnet50,hue90,7,7,7,True,False,0.9853722453117371
4819,resnet50,hue90,0,0,0,True,False,0.9987081289291382
4821,resnet50,hue90,3,3,3,True,False,0.9858990907669067
4827,resnet50,hue90,6,6,6,True,False,0.9816359281539917
4850,resnet50,hue90,5,5,5,True,False,0.9675477743148804
4881,resnet50,hue90,3,3,3,True,False,0.8109996914863586
4893,resnet50,hue90,0,0,0,True,False,0.996900200843811
4908,resnet50,hue90,3,3,3,True,False,0.9903899431228638
4913,resnet50,hue90,2,2,2,True,False,0.9974042773246765
4921,resnet50,hue90,2,2,2,True,False,0.9888654351234436
4953,resnet50,hue90,5,5,5,True,False,0.8346368074417114
4966,resnet50,hue90,5,5,5,True,False,0.7110760807991028
4990,resnet50,hue90,8,8,0,False,True,0.6779836416244507
5000,resnet50,hue90,8,8,8,True,False,0.9690779447555542
5030,resnet50,hue90,2,2,2,True,False,0.991081714630127
5062,resnet50,hue90,4,4,4,True,False,0.9742071032524109
5077,resnet50,hue90,4,4,4,True,False,0.9749017953872681
5082,resnet50,hue90,6,6,6,True,False,0.9120842814445496
5092,resnet50,hue90,1,1,1,True,False,0.9991089701652527
5101,resnet50,hue90,5,5,5,True,False,0.9778497219085693
5117,resnet50,hue90,0,0,0,True,False,0.9995748400688171
5123,resnet50,hue90,1,1,1,True,False,0.959324836730957
5135,resnet50,hue90,4,4,4,True,False,0.7447375059127808
5183,resnet50,hue90,2,2,2,True,False,0.9146068096160889
5213,resnet50,hue90,4,4,4,True,False,0.9713159799575806
5218,resnet50,hue90,2,2,2,True,False,0.975623607635498
5220,resnet50,hue90,1,3,1,True,True,0.5086040496826172
5237,resnet50,hue90,2,2,2,True,False,0.9842698574066162
5256,resnet50,hue90,1,1,1,True,False,0.9887588024139404
5284,resnet50,hue90,9,9,9,True,False,0.9939633011817932
5301,resnet50,hue90,9,9,9,True,False,0.9820649027824402
5318,resnet50,hue90,2,2,2,True,False,0.9962638020515442
5332,resnet50,hue90,5,5,5,True,False,0.6045891046524048
5333,resnet50,hue90,2,2,2,True,False,0.979027271270752
5360,resnet50,hue90,9,9,9,True,False,0.9917920827865601
5381,resnet50,hue90,5,5,5,True,False,0.4673631191253662
5382,resnet50,hue90,6,6,6,True,False,0.8235233426094055
5395,resnet50,hue90,2,2,2,True,False,0.9974908828735352
5402,resnet50,hue90,4,4,4,True,False,0.9355573058128357
5408,resnet50,hue90,6,6,6,True,False,0.8810059428215027
5436,resnet50,hue90,7,7,7,True,False,0.9753425121307373
5447,resnet50,hue90,9,9,9,True,False,0.9965141415596008
5450,resnet50,hue90,7,7,7,True,False,0.960567831993103
5451,resnet50,hue90,8,8,8,True,False,0.9739750027656555
5452,resnet50,hue90,9,9,9,True,False,0.9886470437049866
5467,resnet50,hue90,4,4,4,True,False,0.8458392024040222
5478,resnet50,hue90,0,0,0,True,False,0.885718047618866
5488,resnet50,hue90,1,7,7,False,False,0.9747821688652039
5496,resnet50,hue90,5,5,5,True,False,0.9735012650489807
5508,resnet50,hue90,9,9,9,True,False,0.9922807812690735
5512,resnet50,hue90,2,9,9,False,False,0.9835615754127502
5525,resnet50,hue90,8,8,8,True,False,0.9609529376029968
5528,resnet50,hue90,3,5,5,False,False,0.7147772312164307
5556,resnet50,hue90,4,4,4,True,False,0.9370522499084473
5560,resnet50,hue90,1,1,1,True,False,0.8489609956741333
5572,resnet50,hue90,9,9,9,True,False,0.9884806871414185
5580,resnet50,hue90,6,6,6,True,False,0.9947846531867981
5590,resnet50,hue90,9,9,9,True,False,0.9853101968765259
5623,resnet50,hue90,4,4,4,True,False,0.9543185234069824
5677,resnet50,hue90,2,2,2,True,False,0.9614676237106323
5694,resnet50,hue90,8,8,8,True,False,0.9230157732963562
5701,resnet50,hue90,5,5,5,True,False,0.9071599841117859
5705,resnet50,hue90,8,8,8,True,False,0.9852913618087769
5719,resnet50,hue90,7,7,7,True,False,0.958587646484375
5729,resnet50,hue90,6,6,6,True,False,0.9833967089653015
5756,resnet50,hue90,2,2,2,True,False,0.9992687106132507
5788,resnet50,hue90,9,9,9,True,False,0.997312068939209
5789,resnet50,hue90,4,4,4,True,False,0.8374667763710022
5824,resnet50,hue90,2,2,2,True,False,0.9974134564399719
5848,resnet50,hue90,7,7,7,True,False,0.9962214231491089
5851,resnet50,hue90,9,9,9,True,False,0.9900263547897339
5857,resnet50,hue90,6,4,4,False,False,0.501198947429657
5858,resnet50,hue90,6,6,4,False,True,0.5239683985710144
5912,resnet50,hue90,0,0,0,True,False,0.9993416666984558
5915,resnet50,hue90,9,9,9,True,False,0.9545741677284241
5918,resnet50,hue90,0,0,0,True,False,0.9994897842407227
5924,resnet50,hue90,5,5,5,True,False,0.9919414520263672
5977,resnet50,hue90,7,7,7,True,False,0.9924168586730957
5981,resnet50,hue90,9,9,9,True,False,0.9415730237960815
5999,resnet50,hue90,0,0,0,True,False,0.9896350502967834
6028,resnet50,hue90,2,2,2,True,False,0.9930301308631897
6033,resnet50,hue90,4,4,4,True,False,0.9286881685256958
6076,resnet50,hue90,1,1,1,True,False,0.9994787573814392
6084,resnet50,hue90,7,7,7,True,False,0.9795432686805725
6097,resnet50,hue90,4,4,4,True,False,0.9589256644248962
6169,resnet50,hue90,1,1,1,True,False,0.9912605881690979
6190,resnet50,hue90,7,7,7,True,False,0.9855270385742188
6224,resnet50,hue90,5,5,5,True,False,0.9295667409896851
6244,resnet50,hue90,2,2,2,True,False,0.9711036682128906
6264,resnet50,hue90,2,2,2,True,False,0.9894024133682251
6271,resnet50,hue90,2,2,2,True,False,0.9934915900230408
6288,resnet50,hue90,4,4,4,True,False,0.8097941279411316
6332,resnet50,hue90,2,2,2,True,False,0.9865054488182068
6349,resnet50,hue90,1,1,1,True,False,0.9863309860229492
6354,resnet50,hue90,2,2,2,True,False,0.9939674139022827
6358,resnet50,hue90,5,5,3,False,True,0.7910001277923584
6381,resnet50,hue90,6,6,6,True,False,0.9340512752532959
6414,resnet50,hue90,5,5,3,False,True,0.6008790731430054
6426,resnet50,hue90,2,2,2,True,False,0.9953183531761169
6434,resnet50,hue90,8,8,8,True,False,0.998514711856842
6437,resnet50,hue90,0,0,0,True,False,0.9470831155776978
6455,resnet50,hue90,0,0,0,True,False,0.8039779663085938
6490,resnet50,hue90,3,3,3,True,False,0.869647204875946
6503,resnet50,hue90,2,2,2,True,False,0.9905639886856079
6508,resnet50,hue90,4,4,4,True,False,0.9728690385818481
6528,resnet50,hue90,4,4,4,True,False,0.9449761509895325
6594,resnet50,hue90,1,1,1,True,False,0.9991486072540283
6609,resnet50,hue90,0,0,0,True,False,0.9653888940811157
6616,resnet50,hue90,2,2,2,True,False,0.9796706438064575
6650,resnet50,hue90,7,7,7,True,False,0.9891778230667114
6689,resnet50,hue90,8,8,9,False,True,0.9663335084915161
6692,resnet50,hue90,2,2,2,True,False,0.9571948647499084
6713,resnet50,hue90,6,6,6,True,False,0.9144489765167236
6716,resnet50,hue90,5,5,5,True,False,0.4512551724910736
6726,resnet50,hue90,7,7,7,True,False,0.9843732118606567
6733,resnet50,hue90,1,1,1,True,False,0.9869087338447571
6772,resnet50,hue90,7,7,3,False,True,0.8197705745697021
6805,resnet50,hue90,1,1,1,True,False,0.9955980181694031
6836,resnet50,hue90,1,1,1,True,False,0.99982088804245
6844,resnet50,hue90,0,0,0,True,False,0.9838178157806396
6922,resnet50,hue90,5,5,5,True,False,0.9988439083099365
6931,resnet50,hue90,9,9,9,True,False,0.912268877029419
6938,resnet50,hue90,1,1,1,True,False,0.9995532631874084
6952,resnet50,hue90,3,3,3,True,False,0.9765776991844177
6954,resnet50,hue90,1,1,1,True,False,0.969773530960083
6986,resnet50,hue90,0,0,0,True,False,0.9946041703224182
6989,resnet50,hue90,5,5,5,True,False,0.9412503838539124
7009,resnet50,hue90,0,0,0,True,False,0.9780396819114685
7029,resnet50,hue90,1,1,1,True,False,0.9976906776428223
7033,resnet50,hue90,1,1,1,True,False,0.830590546131134
7041,resnet50,hue90,5,5,5,True,False,0.864324688911438
7047,resnet50,hue90,9,9,9,True,False,0.991317629814148
7081,resnet50,hue90,7,7,7,True,False,0.9689939618110657
7084,resnet50,hue90,2,2,2,True,False,0.9966198205947876
7108,resnet50,hue90,6,6,6,True,False,0.9249356985092163
7130,resnet50,hue90,5,5,5,True,False,0.8798574209213257
7138,resnet50,hue90,8,8,8,True,False,0.9366850256919861
7150,resnet50,hue90,0,0,0,True,False,0.9967202544212341
7202,resnet50,hue90,1,1,1,True,False,0.9979087114334106
7262,resnet50,hue90,0,0,0,True,False,0.9963125586509705
7266,resnet50,hue90,9,9,9,True,False,0.8883285522460938
7270,resnet50,hue90,7,7,7,True,False,0.9681704044342041
7309,resnet50,hue90,0,0,0,True,False,0.9740418195724487
7320,resnet50,hue90,0,0,0,True,False,0.9971369504928589
7338,resnet50,hue90,6,6,6,True,False,0.9739547371864319
7372,resnet50,hue90,0,0,0,True,False,0.92486572265625
7373,resnet50,hue90,0,0,0,True,False,0.8942469954490662
7380,resnet50,hue90,9,9,9,True,False,0.9600892663002014
7390,resnet50,hue90,1,1,1,True,False,0.9124458432197571
7413,resnet50,hue90,5,5,5,True,False,0.6100077629089355
7416,resnet50,hue90,3,5,3,True,True,0.9102281332015991
7425,resnet50,hue90,2,2,2,True,False,0.9986176490783691
7446,resnet50,hue90,8,8,8,True,False,0.9936845898628235
7460,resnet50,hue90,8,8,9,False,True,0.9206163883209229
7465,resnet50,hue90,0,0,0,True,False,0.9686374664306641
7474,resnet50,hue90,5,5,5,True,False,0.9667133688926697
7475,resnet50,hue90,4,4,6,False,True,0.5190460085868835
7476,resnet50,hue90,8,8,8,True,False,0.7909671664237976
7544,resnet50,hue90,9,9,9,True,False,0.979804277420044
7555,resnet50,hue90,6,6,6,True,False,0.7830345630645752
7600,resnet50,hue90,6,6,6,True,False,0.999667763710022
7610,resnet50,hue90,4,4,4,True,False,0.9855157136917114
7634,resnet50,hue90,0,0,0,True,False,0.9962930083274841
7692,resnet50,hue90,4,4,4,True,False,0.8373211622238159
7706,resnet50,hue90,5,5,5,True,False,0.9264330863952637
7726,resnet50,hue90,6,6,6,True,False,0.9882241487503052
7744,resnet50,hue90,3,3,3,True,False,0.9042248725891113
7752,resnet50,hue90,9,9,9,True,False,0.9800688028335571
7776,resnet50,hue90,5,5,5,True,False,0.9275082349777222
7779,resnet50,hue90,6,6,6,True,False,0.7526512742042542
7781,resnet50,hue90,6,6,6,True,False,0.9906959533691406
7793,resnet50,hue90,3,5,7,False,True,0.5065974593162537
7797,resnet50,hue90,3,3,3,True,False,0.9695636034011841
7810,resnet50,hue90,8,8,8,True,False,0.9953872561454773
7818,resnet50,hue90,8,8,8,True,False,0.9723678827285767
7835,resnet50,hue90,7,7,7,True,False,0.9688991904258728
7864,resnet50,hue90,4,4,4,True,False,0.9138321280479431
7875,resnet50,hue90,8,8,9,False,True,0.5375458002090454
7938,resnet50,hue90,9,9,9,True,False,0.9732223153114319
7940,resnet50,hue90,4,4,4,True,False,0.9718576669692993
7944,resnet50,hue90,4,4,8,False,True,0.28018033504486084
7955,resnet50,hue90,1,1,1,True,False,0.9997808337211609
7995,resnet50,hue90,9,9,9,True,False,0.8174217343330383
7996,resnet50,hue90,6,6,6,True,False,0.9989535808563232
7999,resnet50,hue90,8,8,8,True,False,0.981283962726593
3,vit_b16,grayscale,0,0,0,True,False,0.9888784885406494
29,vit_b16,grayscale,7,7,7,True,False,0.9993701577186584
35,vit_b16,grayscale,2,2,2,True,False,0.998018741607666
42,vit_b16,grayscale,0,0,0,True,False,0.9996911287307739
49,vit_b16,grayscale,2,2,2,True,False,0.9998949766159058
81,vit_b16,grayscale,0,0,0,True,False,0.9982006549835205
95,vit_b16,grayscale,1,1,1,True,False,0.9995575547218323
97,vit_b16,grayscale,5,5,5,True,False,0.9887146353721619
116,vit_b16,grayscale,1,1,1,True,False,0.997510552406311
131,vit_b16,grayscale,9,9,9,True,False,0.9902323484420776
151,vit_b16,grayscale,8,8,8,True,False,0.9999425411224365
171,vit_b16,grayscale,4,4,4,True,False,0.998121440410614
176,vit_b16,grayscale,3,3,3,True,False,0.999038577079773
191,vit_b16,grayscale,9,9,9,True,False,0.9875814914703369
194,vit_b16,grayscale,8,8,8,True,False,0.9999943971633911
198,vit_b16,grayscale,1,1,1,True,False,0.9960876703262329
239,vit_b16,grayscale,9,9,9,True,False,0.9999606609344482
261,vit_b16,grayscale,1,1,1,True,False,0.7869658470153809
269,vit_b16,grayscale,7,7,7,True,False,0.9921116828918457
276,vit_b16,grayscale,9,9,9,True,False,0.9904307723045349
303,vit_b16,grayscale,9,9,9,True,False,0.9979479908943176
304,vit_b16,grayscale,1,1,1,True,False,0.7709522843360901
317,vit_b16,grayscale,2,2,2,True,False,0.9995642304420471
319,vit_b16,grayscale,5,5,5,True,False,0.9894813299179077
323,vit_b16,grayscale,7,7,7,True,False,0.9999314546585083
365,vit_b16,grayscale,3,3,3,True,False,0.9987601041793823
370,vit_b16,grayscale,7,7,7,True,False,0.999962568283081
372,vit_b16,grayscale,3,3,3,True,False,0.981992244720459
378,vit_b16,grayscale,5,5,5,True,False,0.9931901097297668
391,vit_b16,grayscale,3,3,3,True,False,0.9999732971191406
409,vit_b16,grayscale,2,2,2,True,False,0.9999393224716187
419,vit_b16,grayscale,9,9,9,True,False,0.9948251247406006
449,vit_b16,grayscale,6,6,6,True,False,0.9994476437568665
470,vit_b16,grayscale,2,2,2,True,False,0.9998989105224609
483,vit_b16,grayscale,2,2,2,True,False,0.9702995419502258
484,vit_b16,grayscale,0,0,0,True,False,0.9992207288742065
506,vit_b16,grayscale,4,4,4,True,False,0.9989054203033447
545,vit_b16,grayscale,6,6,6,True,False,0.9306175708770752
562,vit_b16,grayscale,0,0,0,True,False,0.9995036125183105
568,vit_b16,grayscale,5,5,5,True,False,0.9962079524993896
603,vit_b16,grayscale,9,9,9,True,False,0.9996781349182129
632,vit_b16,grayscale,3,3,3,True,False,0.999972939491272
645,vit_b16,grayscale,5,5,5,True,False,0.9965200424194336
667,vit_b16,grayscale,8,8,8,True,False,0.9999637603759766
672,vit_b16,grayscale,3,3,3,True,False,0.999988317489624
677,vit_b16,grayscale,3,3,3,True,False,0.997601330280304
685,vit_b16,grayscale,5,5,5,True,False,0.9925040006637573
691,vit_b16,grayscale,4,4,4,True,False,0.999876856803894
706,vit_b16,grayscale,8,8,8,True,False,0.999944806098938
714,vit_b16,grayscale,2,2,2,True,False,0.8417103886604309
716,vit_b16,grayscale,8,8,8,True,False,0.993913471698761
738,vit_b16,grayscale,3,3,3,True,False,0.7476999759674072
739,vit_b16,grayscale,8,8,8,True,False,0.9999889135360718
766,vit_b16,grayscale,4,6,6,False,False,0.9715661406517029
791,vit_b16,grayscale,3,3,3,True,False,0.9996392726898193
805,vit_b16,grayscale,9,9,9,True,False,0.9998729228973389
825,vit_b16,grayscale,1,1,1,True,False,0.9986727237701416
852,vit_b16,grayscale,9,9,9,True,False,0.9998334646224976
855,vit_b16,grayscale,4,4,4,True,False,0.9959696531295776
873,vit_b16,grayscale,6,6,6,True,False,0.9952463507652283
890,vit_b16,grayscale,6,6,6,True,False,0.9465253353118896
920,vit_b16,grayscale,6,6,6,True,False,0.995418906211853
929,vit_b16,grayscale,6,6,6,True,False,0.9569517970085144
962,vit_b16,grayscale,8,8,8,True,False,0.9999639987945557
964,vit_b16,grayscale,6,6,6,True,False,0.9968079924583435
977,vit_b16,grayscale,6,6,6,True,False,0.996327817440033
979,vit_b16,grayscale,3,3,3,True,False,0.9988483190536499
981,vit_b16,grayscale,2,2,2,True,False,0.9997585415840149
1022,vit_b16,grayscale,9,9,2,False,True,0.635831356048584
1032,vit_b16,grayscale,7,7,7,True,False,0.9972018003463745
1048,vit_b16,grayscale,7,7,7,True,False,0.9949235320091248
1090,vit_b16,grayscale,1,1,1,True,False,0.9980416297912598
1095,vit_b16,grayscale,5,5,5,True,False,0.9870426654815674
1109,vit_b16,grayscale,1,1,1,True,False,0.8924034833908081
1111,vit_b16,grayscale,4,4,4,True,False,0.9679760336875916
1115,vit_b16,grayscale,1,1,1,True,False,0.5159212350845337
1124,vit_b16,grayscale,4,4,4,True,False,0.9992520213127136
1129,vit_b16,grayscale,8,8,8,True,False,0.9963938593864441
1175,vit_b16,grayscale,0,0,0,True,False,0.9992815852165222
1202,vit_b16,grayscale,2,2,2,True,False,0.9987683892250061
1204,vit_b16,grayscale,3,3,3,True,False,0.9998823404312134
1211,vit_b16,grayscale,4,4,4,True,False,0.9959549903869629
1220,vit_b16,grayscale,7,7,7,True,False,0.9998669624328613
1230,vit_b16,grayscale,1,1,7,False,True,0.9294687509536743
1247,vit_b16,grayscale,8,8,8,True,False,0.9984388947486877
1263,vit_b16,grayscale,3,3,3,True,False,0.9998623132705688
1266,vit_b16,grayscale,4,4,4,True,False,0.9990772008895874
1287,vit_b16,grayscale,7,7,7,True,False,0.9994168281555176
1296,vit_b16,grayscale,7,7,7,True,False,0.9997158646583557
1370,vit_b16,grayscale,3,3,3,True,False,0.9999397993087769
1389,vit_b16,grayscale,0,0,0,True,False,0.9994668364524841
1401,vit_b16,grayscale,3,3,3,True,False,0.9999871253967285
1403,vit_b16,grayscale,2,2,2,True,False,0.9998691082000732
1411,vit_b16,grayscale,9,9,9,True,False,0.9960987567901611
1429,vit_b16,grayscale,4,4,4,True,False,0.9995635151863098
1430,vit_b16,grayscale,9,9,9,True,False,0.9971093535423279
1431,vit_b16,grayscale,3,3,3,True,False,0.9100046157836914
1436,vit_b16,grayscale,1,1,1,True,False,0.9999730587005615
1440,vit_b16,grayscale,7,7,7,True,False,0.9999657869338989
1468,vit_b16,grayscale,9,9,9,True,False,0.9972102046012878
1473,vit_b16,grayscale,7,7,7,True,False,0.9954308271408081
1515,vit_b16,grayscale,9,9,9,True,False,0.99989914894104
1520,vit_b16,grayscale,2,2,2,True,False,0.9975996613502502
1531,vit_b16,grayscale,3,3,3,True,False,0.9896674156188965
1534,vit_b16,grayscale,6,6,6,True,False,0.9985706806182861
1552,vit_b16,grayscale,5,5,5,True,False,0.9986850619316101
1553,vit_b16,grayscale,0,0,0,True,False,0.9993877410888672
1563,vit_b16,grayscale,3,3,3,True,False,0.9842621088027954
1568,vit_b16,grayscale,1,1,1,True,False,0.99467933177948
1579,vit_b16,grayscale,7,7,7,True,False,0.9999673366546631
1586,vit_b16,grayscale,2,2,2,True,False,0.9999033212661743
1596,vit_b16,grayscale,0,0,0,True,False,0.9998639822006226
1626,vit_b16,grayscale,5,5,5,True,False,0.9598764777183533
1640,vit_b16,grayscale,8,8,8,True,False,0.9994749426841736
1644,vit_b16,grayscale,5,5,5,True,False,0.9988023042678833
1648,vit_b16,grayscale,0,0,0,True,False,0.9970519542694092
1654,vit_b16,grayscale,9,9,9,True,False,0.9997345805168152
1667,vit_b16,grayscale,6,6,6,True,False,0.9988681077957153
1703,vit_b16,grayscale,7,7,7,True,False,0.9919543862342834
1711,vit_b16,grayscale,7,7,7,True,False,0.9995917677879333
1771,vit_b16,grayscale,7,7,5,False,True,0.6739839315414429
1783,vit_b16,grayscale,8,8,8,True,False,0.9998224377632141
1814,vit_b16,grayscale,2,2,2,True,False,0.9993199110031128
1833,vit_b16,grayscale,8,8,8,True,False,0.997516393661499
1836,vit_b16,grayscale,9,9,9,True,False,0.9947863817214966
1839,vit_b16,grayscale,2,2,2,True,False,0.9988532066345215
1852,vit_b16,grayscale,1,1,1,True,False,0.999658465385437
1871,vit_b16,grayscale,1,1,1,True,False,0.9910826683044434
1877,vit_b16,grayscale,5,5,4,False,True,0.9726141095161438
1884,vit_b16,grayscale,7,7,7,True,False,0.9982336759567261
1927,vit_b16,grayscale,7,7,7,True,False,0.9998506307601929
1954,vit_b16,grayscale,8,8,8,True,False,0.9965051412582397
1956,vit_b16,grayscale,7,7,7,True,False,0.9274181127548218
1960,vit_b16,grayscale,4,5,4,True,True,0.9923869371414185
1977,vit_b16,grayscale,0,0,0,True,False,0.9979421496391296
1986,vit_b16,grayscale,1,1,1,True,False,0.9984787106513977
1993,vit_b16,grayscale,1,1,1,True,False,0.9974356293678284
2003,vit_b16,grayscale,6,6,6,True,False,0.9980403780937195
2011,vit_b16,grayscale,9,9,9,True,False,0.9861511588096619
2024,vit_b16,grayscale,0,0,0,True,False,0.998231828212738
2028,vit_b16,grayscale,3,3,3,True,False,0.9988552331924438
2062,vit_b16,grayscale,9,9,9,True,False,0.9988014698028564
2070,vit_b16,grayscale,1,1,1,True,False,0.8257492184638977
2082,vit_b16,grayscale,2,2,2,True,False,0.9995427131652832
2095,vit_b16,grayscale,1,1,1,True,False,0.9876277446746826
2109,vit_b16,grayscale,8,8,8,True,False,0.9997709393501282
2114,vit_b16,grayscale,9,9,9,True,False,0.9908068776130676
2116,vit_b16,grayscale,1,3,3,False,False,0.9896579384803772
2157,vit_b16,grayscale,1,1,1,True,False,0.9989266991615295
2167,vit_b16,grayscale,9,9,9,True,False,0.9925339221954346
2178,vit_b16,grayscale,1,1,1,True,False,0.9953989386558533
2191,vit_b16,grayscale,8,8,8,True,False,0.9551481008529663
2230,vit_b16,grayscale,8,8,8,True,False,0.9186758995056152
2242,vit_b16,grayscale,0,0,0,True,False,0.9995361566543579
2265,vit_b16,grayscale,5,5,5,True,False,0.9996169805526733
2268,vit_b16,grayscale,5,5,5,True,False,0.9849684834480286
2291,vit_b16,grayscale,3,3,3,True,False,0.9461400508880615
2334,vit_b16,grayscale,5,5,5,True,False,0.999377965927124
2340,vit_b16,grayscale,8,8,8,True,False,0.9999467134475708
2342,vit_b16,grayscale,8,8,8,True,False,0.9923054575920105
2351,vit_b16,grayscale,9,9,9,True,False,0.9984076619148254
2391,vit_b16,grayscale,5,5,4,False,True,0.5617372393608093
2392,vit_b16,grayscale,2,2,2,True,False,0.9998650550842285
2399,vit_b16,grayscale,4,4,4,True,False,0.9886688590049744
2414,vit_b16,grayscale,9,9,9,True,False,0.8050945997238159
2427,vit_b16,grayscale,5,5,5,True,False,0.9979507327079773
2458,vit_b16,grayscale,5,5,5,True,False,0.9997856020927429
2501,vit_b16,grayscale,7,7,7,True,False,0.9982376098632812
2502,vit_b16,grayscale,2,2,2,True,False,0.9989084005355835
2536,vit_b16,grayscale,3,3,3,True,False,0.9999855756759644
2539,vit_b16,grayscale,3,3,3,True,False,0.9961990714073181
2610,vit_b16,grayscale,6,6,4,False,True,0.5686065554618835
2623,vit_b16,grayscale,5,5,4,False,True,0.6896762251853943
2655,vit_b16,grayscale,9,9,9,True,False,0.9972724318504333
2668,vit_b16,grayscale,7,7,7,True,False,0.9998359680175781
2676,vit_b16,grayscale,6,6,2,False,True,0.3340287506580353
2687,vit_b16,grayscale,1,1,1,True,False,0.9999818801879883
2690,vit_b16,grayscale,1,1,1,True,False,0.9983072280883789
2704,vit_b16,grayscale,4,4,4,True,False,0.9917891025543213
2745,vit_b16,grayscale,8,8,8,True,False,0.999996542930603
2746,vit_b16,grayscale,7,7,7,True,False,0.9999504089355469
2750,vit_b16,grayscale,0,0,0,True,False,0.6944258809089661
2754,vit_b16,grayscale,3,3,3,True,False,0.9997796416282654
2757,vit_b16,grayscale,4,4,4,True,False,0.9966377019882202
2766,vit_b16,grayscale,5,5,5,True,False,0.995732843875885
2807,vit_b16,grayscale,5,4,7,False,True,0.8636175394058228
2844,vit_b16,grayscale,8,8,8,True,False,0.9998171925544739
2854,vit_b16,grayscale,7,7,7,True,False,0.9821823239326477
2861,vit_b16,grayscale,3,3,3,True,False,0.9991662502288818
2888,vit_b16,grayscale,0,0,0,True,False,0.9977668523788452
2898,vit_b16,grayscale,4,4,4,True,False,0.9996638298034668
2950,vit_b16,grayscale,5,5,5,True,False,0.9962913990020752
2958,vit_b16,grayscale,6,6,6,True,False,0.9999113082885742
3015,vit_b16,grayscale,8,8,8,True,False,0.9999839067459106
3024,vit_b16,grayscale,2,2,2,True,False,0.9999445676803589
3025,vit_b16,grayscale,0,0,0,True,False,0.9991563558578491
3034,vit_b16,grayscale,4,4,4,True,False,0.9997656941413879
3067,vit_b16,grayscale,2,2,2,True,False,0.9999449253082275
3078,vit_b16,grayscale,4,4,4,True,False,0.9705346822738647
3079,vit_b16,grayscale,1,1,1,True,False,0.9999560117721558
3083,vit_b16,grayscale,0,0,0,True,False,0.9995231628417969
3122,vit_b16,grayscale,4,4,4,True,False,0.9981117248535156
3153,vit_b16,grayscale,7,7,7,True,False,0.9996035695075989
3157,vit_b16,grayscale,8,8,8,True,False,0.9857140779495239
3163,vit_b16,grayscale,2,2,2,True,False,0.9999804496765137
3179,vit_b16,grayscale,4,4,4,True,False,0.9988431930541992
3191,vit_b16,grayscale,6,6,6,True,False,0.9870079159736633
3276,vit_b16,grayscale,3,3,3,True,False,0.8747735619544983
3287,vit_b16,grayscale,4,4,4,True,False,0.9989903569221497
3288,vit_b16,grayscale,7,7,7,True,False,0.9995953440666199
3292,vit_b16,grayscale,6,6,6,True,False,0.8354554176330566
3318,vit_b16,grayscale,9,9,9,True,False,0.994159460067749
3347,vit_b16,grayscale,0,0,0,True,False,0.9998902082443237
3353,vit_b16,grayscale,5,5,5,True,False,0.6315808892250061
3362,vit_b16,grayscale,2,2,2,True,False,0.9998160004615784
3365,vit_b16,grayscale,4,4,4,True,False,0.9956008195877075
3375,vit_b16,grayscale,3,3,3,True,False,0.9623799324035645
3383,vit_b16,grayscale,3,3,3,True,False,0.999606192111969
3404,vit_b16,grayscale,7,7,7,True,False,0.9995310306549072
3412,vit_b16,grayscale,8,8,8,True,False,0.9755547642707825
3413,vit_b16,grayscale,1,1,1,True,False,0.999936580657959
3418,vit_b16,grayscale,6,6,6,True,False,0.9994043111801147
3437,vit_b16,grayscale,0,0,0,True,False,0.9875288009643555
3446,vit_b16,grayscale,7,7,7,True,False,0.9963209629058838
3454,vit_b16,grayscale,2,2,2,True,False,0.9998568296432495
3455,vit_b16,grayscale,0,0,0,True,False,0.999595582485199
3458,vit_b16,grayscale,4,4,4,True,False,0.9978823065757751
3467,vit_b16,grayscale,7,7,4,False,True,0.31297096610069275
3491,vit_b16,grayscale,1,1,1,True,False,0.9993144273757935
3494,vit_b16,grayscale,6,6,6,True,False,0.9999191761016846
3512,vit_b16,grayscale,4,4,4,True,False,0.9993602633476257
3515,vit_b16,grayscale,6,4,6,True,True,0.8853647708892822
3542,vit_b16,grayscale,7,7,7,True,False,0.999876856803894
3550,vit_b16,grayscale,1,1,1,True,False,0.9980376362800598
3562,vit_b16,grayscale,3,3,3,True,False,0.9723107218742371
3755,vit_b16,grayscale,2,2,2,True,False,0.9999697208404541
3763,vit_b16,grayscale,4,4,4,True,False,0.9990068078041077
3777,vit_b16,grayscale,6,6,6,True,False,0.9786813855171204
3778,vit_b16,grayscale,3,3,3,True,False,0.6833643317222595
3779,vit_b16,grayscale,6,6,6,True,False,0.9994038343429565
3844,vit_b16,grayscale,6,6,6,True,False,0.9990946054458618
3851,vit_b16,grayscale,3,3,3,True,False,0.8955634236335754
3852,vit_b16,grayscale,5,5,5,True,False,0.9511760473251343
3863,vit_b16,grayscale,5,5,5,True,False,0.9800372123718262
3867,vit_b16,grayscale,7,7,7,True,False,0.9933714866638184
3876,vit_b16,grayscale,0,0,0,True,False,0.9998300075531006
3889,vit_b16,grayscale,5,5,5,True,False,0.6190661191940308
3891,vit_b16,grayscale,4,4,4,True,False,0.9661328792572021
3893,vit_b16,grayscale,9,9,9,True,False,0.9995167255401611
3905,vit_b16,grayscale,8,8,8,True,False,0.9997814297676086
3914,vit_b16,grayscale,3,3,3,True,False,0.9999210834503174
3937,vit_b16,grayscale,1,1,1,True,False,0.9981045722961426
3942,vit_b16,grayscale,9,9,9,True,False,0.9997000694274902
3948,vit_b16,grayscale,8,8,8,True,False,0.9989063739776611
3962,vit_b16,grayscale,6,6,6,True,False,0.9999395608901978
3965,vit_b16,grayscale,0,0,0,True,False,0.9974672794342041
3994,vit_b16,grayscale,4,4,4,True,False,0.9977771639823914
3996,vit_b16,grayscale,9,9,9,True,False,0.872946560382843
4011,vit_b16,grayscale,6,6,6,True,False,0.9999735355377197
4023,vit_b16,grayscale,3,3,3,True,False,0.9475630521774292
4054,vit_b16,grayscale,4,4,4,True,False,0.9913927316665649
4065,vit_b16,grayscale,2,2,2,True,False,0.9966501593589783
4069,vit_b16,grayscale,8,8,8,True,False,0.9749119877815247
4093,vit_b16,grayscale,6,6,6,True,False,0.9963221549987793
4094,vit_b16,grayscale,9,9,9,True,False,0.9991145730018616
4106,vit_b16,grayscale,5,5,5,True,False,0.9789124131202698
4130,vit_b16,grayscale,0,0,0,True,False,0.999249279499054
4168,vit_b16,grayscale,3,3,3,True,False,0.9999591112136841
4170,vit_b16,grayscale,8,8,8,True,False,0.9986433386802673
4172,vit_b16,grayscale,7,7,7,True,False,0.9993801116943359
4177,vit_b16,grayscale,8,8,8,True,False,0.998843789100647
4215,vit_b16,grayscale,3,3,7,False,True,0.31722235679626465
4229,vit_b16,grayscale,3,3,3,True,False,0.999738872051239
4236,vit_b16,grayscale,7,7,7,True,False,0.9999935626983643
4242,vit_b16,grayscale,8,8,8,True,False,0.9971278309822083
4254,vit_b16,grayscale,6,6,6,True,False,0.9922354817390442
4290,vit_b16,grayscale,5,1,4,False,True,0.981563925743103
4298,vit_b16,grayscale,1,1,1,True,False,0.9999611377716064
4308,vit_b16,grayscale,7,7,7,True,False,0.9992146492004395
4311,vit_b16,grayscale,8,8,8,True,False,0.9999017715454102
4323,vit_b16,grayscale,3,3,3,True,False,0.99456787109375
4330,vit_b16,grayscale,3,3,3,True,False,0.9958322644233704
4341,vit_b16,grayscale,6,6,6,True,False,0.9816701412200928
4355,vit_b16,grayscale,8,8,8,True,False,0.7350903749465942
4399,vit_b16,grayscale,0,0,0,True,False,0.997443675994873
4403,vit_b16,grayscale,7,7,7,True,False,0.9999477863311768
4411,vit_b16,grayscale,6,6,6,True,False,0.9985217452049255
4449,vit_b16,grayscale,9,9,9,True,False,0.9291356205940247
4463,vit_b16,grayscale,3,3,3,True,False,0.9999558925628662
4531,vit_b16,grayscale,3,3,3,True,False,0.9979795813560486
4539,vit_b16,grayscale,0,0,0,True,False,0.9997938275337219
4547,vit_b16,grayscale,5,5,5,True,False,0.9257928133010864
4552,vit_b16,grayscale,8,8,9,False,True,0.9818151593208313
4570,vit_b16,grayscale,5,5,5,True,False,0.9988271594047546
4590,vit_b16,grayscale,3,3,3,True,False,0.9996731281280518
4609,vit_b16,grayscale,3,3,3,True,False,0.9856489896774292
4615,vit_b16,grayscale,0,0,0,True,False,0.9996261596679688
4617,vit_b16,grayscale,0,0,0,True,False,0.9997217059135437
4620,vit_b16,grayscale,6,6,6,True,False,0.9385997653007507
4629,vit_b16,grayscale,4,4,4,True,False,0.9869242906570435
4640,vit_b16,grayscale,1,1,7,False,True,0.9456837177276611
4642,vit_b16,grayscale,4,4,4,True,False,0.9986042380332947
4661,vit_b16,grayscale,7,7,7,True,False,0.9773306846618652
4662,vit_b16,grayscale,8,8,8,True,False,0.9999325275421143
4675,vit_b16,grayscale,0,0,0,True,False,0.9982929825782776
4676,vit_b16,grayscale,8,8,8,True,False,0.9999873638153076
4704,vit_b16,grayscale,7,7,7,True,False,0.9999748468399048
4723,vit_b16,grayscale,9,9,9,True,False,0.9969503283500671
4731,vit_b16,grayscale,6,6,6,True,False,0.9991253018379211
4735,vit_b16,grayscale,2,2,2,True,False,0.9996727705001831
4740,vit_b16,grayscale,4,4,4,True,False,0.9367848038673401
4746,vit_b16,grayscale,6,6,6,True,False,0.999936580657959
4748,vit_b16,grayscale,7,7,7,True,False,0.9992496371269226
4754,vit_b16,grayscale,6,6,6,True,False,0.99652099609375
4785,vit_b16,grayscale,0,0,0,True,False,0.9898818135261536
4791,vit_b16,grayscale,7,7,7,True,False,0.9984203577041626
4819,vit_b16,grayscale,0,0,0,True,False,0.9998916387557983
4821,vit_b16,grayscale,3,3,3,True,False,0.9980220794677734
4827,vit_b16,grayscale,6,6,6,True,False,0.9990251064300537
4850,vit_b16,grayscale,5,5,5,True,False,0.9990216493606567
4881,vit_b16,grayscale,3,3,3,True,False,0.8988744020462036
4893,vit_b16,grayscale,0,0,0,True,False,0.9992409944534302
4908,vit_b16,grayscale,3,3,3,True,False,0.9987567663192749
4913,vit_b16,grayscale,2,2,2,True,False,0.9997442364692688
4921,vit_b16,grayscale,2,2,2,True,False,0.9999674558639526
4953,vit_b16,grayscale,5,5,5,True,False,0.9026188254356384
4966,vit_b16,grayscale,5,5,5,True,False,0.836997389793396
4990,vit_b16,grayscale,8,8,8,True,False,0.9947547912597656
5000,vit_b16,grayscale,8,8,8,True,False,0.9988164901733398
5030,vit_b16,grayscale,2,2,2,True,False,0.9999034404754639
5062,vit_b16,grayscale,4,4,4,True,False,0.9717386960983276
5077,vit_b16,grayscale,4,4,4,True,False,0.9947549104690552
5082,vit_b16,grayscale,6,6,6,True,False,0.9996401071548462
5092,vit_b16,grayscale,1,1,1,True,False,0.9989439845085144
5101,vit_b16,grayscale,5,2,5,True,True,0.8784152865409851
5117,vit_b16,grayscale,0,0,0,True,False,0.9997466206550598
5123,vit_b16,grayscale,1,1,1,True,False,0.9946718811988831
5135,vit_b16,grayscale,4,3,4,True,True,0.6690728664398193
5183,vit_b16,grayscale,2,2,2,True,False,0.9993972778320312
5213,vit_b16,grayscale,4,4,4,True,False,0.9929406642913818
5218,vit_b16,grayscale,2,2,2,True,False,0.9998685121536255
5220,vit_b16,grayscale,1,1,3,False,True,0.2068069577217102
5237,vit_b16,grayscale,2,2,2,True,False,0.9985215067863464
5256,vit_b16,grayscale,1,1,1,True,False,0.9995642304420471
5284,vit_b16,grayscale,9,9,9,True,False,0.9987185001373291
5301,vit_b16,grayscale,9,9,9,True,False,0.8649919629096985
5318,vit_b16,grayscale,2,2,2,True,False,0.9843432903289795
5332,vit_b16,grayscale,5,5,5,True,False,0.9582834243774414
5333,vit_b16,grayscale,2,2,2,True,False,0.9994742274284363
5360,vit_b16,grayscale,9,9,9,True,False,0.99985671043396
5381,vit_b16,grayscale,5,5,5,True,False,0.9988418221473694
5382,vit_b16,grayscale,6,6,6,True,False,0.9980751276016235
5395,vit_b16,grayscale,2,2,2,True,False,0.9999104738235474
5402,vit_b16,grayscale,4,4,4,True,False,0.9849041700363159
5408,vit_b16,grayscale,6,6,6,True,False,0.9939834475517273
5436,vit_b16,grayscale,7,7,7,True,False,0.9987848401069641
5447,vit_b16,grayscale,9,9,9,True,False,0.9998373985290527
5450,vit_b16,grayscale,7,7,7,True,False,0.9996446371078491
5451,vit_b16,grayscale,8,8,8,True,False,0.9999806880950928
5452,vit_b16,grayscale,9,9,9,True,False,0.9994218349456787
5467,vit_b16,grayscale,4,4,4,True,False,0.9221991300582886
5478,vit_b16,grayscale,0,0,0,True,False,0.9213423132896423
5488,vit_b16,grayscale,1,1,7,False,True,0.9248049855232239
5496,vit_b16,grayscale,5,5,5,True,False,0.9823827743530273
5508,vit_b16,grayscale,9,9,9,True,False,0.9986814856529236
5512,vit_b16,grayscale,2,9,9,False,False,0.7861817479133606
5525,vit_b16,grayscale,8,8,8,True,False,0.9997308850288391
5528,vit_b16,grayscale,3,3,3,True,False,0.9929050803184509
5556,vit_b16,grayscale,4,4,4,True,False,0.9595907330513
5560,vit_b16,grayscale,1,1,1,True,False,0.9896941184997559
5572,vit_b16,grayscale,9,9,9,True,False,0.9987456798553467
5580,vit_b16,grayscale,6,5,5,False,False,0.913139283657074
5590,vit_b16,grayscale,9,9,9,True,False,0.9979780316352844
5623,vit_b16,grayscale,4,4,4,True,False,0.999639630317688
5677,vit_b16,grayscale,2,2,2,True,False,0.9995381832122803
5694,vit_b16,grayscale,8,8,8,True,False,0.998170018196106
5701,vit_b16,grayscale,5,5,5,True,False,0.9745305776596069
5705,vit_b16,grayscale,8,8,8,True,False,0.9999556541442871
5719,vit_b16,grayscale,7,7,7,True,False,0.9960696697235107
5729,vit_b16,grayscale,6,6,6,True,False,0.9913870692253113
5756,vit_b16,grayscale,2,2,2,True,False,0.9995744824409485
5788,vit_b16,grayscale,9,9,9,True,False,0.9999878406524658
5789,vit_b16,grayscale,4,4,4,True,False,0.9982700347900391
5824,vit_b16,grayscale,2,2,2,True,False,0.8520113229751587
5848,vit_b16,grayscale,7,7,7,True,False,0.9997754693031311
5851,vit_b16,grayscale,9,9,9,True,False,0.9987659454345703
5857,vit_b16,grayscale,6,4,6,True,True,0.6532864570617676
5858,vit_b16,grayscale,6,6,6,True,False,0.9490522146224976
5912,vit_b16,grayscale,0,0,0,True,False,0.9999231100082397
5915,vit_b16,grayscale,9,9,9,True,False,0.9770950078964233
5918,vit_b16,grayscale,0,0,0,True,False,0.999907374382019
5924,vit_b16,grayscale,5,5,5,True,False,0.999300479888916
5977,vit_b16,grayscale,7,7,7,True,False,0.9996057152748108
5981,vit_b16,grayscale,9,9,9,True,False,0.9928146600723267
5999,vit_b16,grayscale,0,0,0,True,False,0.99981290102005
6028,vit_b16,grayscale,2,2,2,True,False,0.9997501969337463
6033,vit_b16,grayscale,4,4,4,True,False,0.995198667049408
6076,vit_b16,grayscale,1,1,1,True,False,0.9999309778213501
6084,vit_b16,grayscale,7,7,7,True,False,0.9992707371711731
6097,vit_b16,grayscale,4,4,4,True,False,0.9686464667320251
6169,vit_b16,grayscale,1,1,0,False,True,0.6536253094673157
6190,vit_b16,grayscale,7,7,7,True,False,0.9997331500053406
6224,vit_b16,grayscale,5,5,5,True,False,0.9896550178527832
6244,vit_b16,grayscale,2,2,2,True,False,0.9982095956802368
6264,vit_b16,grayscale,2,2,2,True,False,0.9999682903289795
6271,vit_b16,grayscale,2,2,2,True,False,0.9986400008201599
6288,vit_b16,grayscale,4,4,4,True,False,0.9996987581253052
6332,vit_b16,grayscale,2,2,2,True,False,0.9997932314872742
6349,vit_b16,grayscale,1,1,1,True,False,0.9946184754371643
6354,vit_b16,grayscale,2,2,2,True,False,0.9530501365661621
6358,vit_b16,grayscale,5,5,5,True,False,0.9928194880485535
6381,vit_b16,grayscale,6,6,6,True,False,0.998458981513977
6414,vit_b16,grayscale,5,5,5,True,False,0.9508131742477417
6426,vit_b16,grayscale,2,2,2,True,False,0.9998911619186401
6434,vit_b16,grayscale,8,8,8,True,False,0.9999947547912598
6437,vit_b16,grayscale,0,0,0,True,False,0.9965658783912659
6455,vit_b16,grayscale,0,0,0,True,False,0.9992057681083679
6490,vit_b16,grayscale,3,3,3,True,False,0.9862268567085266
6503,vit_b16,grayscale,2,2,2,True,False,0.9965285658836365
6508,vit_b16,grayscale,4,4,4,True,False,0.9984198808670044
6528,vit_b16,grayscale,4,4,4,True,False,0.9995692372322083
6594,vit_b16,grayscale,1,1,1,True,False,0.9846442937850952
6609,vit_b16,grayscale,0,0,0,True,False,0.9996330738067627
6616,vit_b16,grayscale,2,2,2,True,False,0.9995427131652832
6650,vit_b16,grayscale,7,7,7,True,False,0.985750675201416
6689,vit_b16,grayscale,8,8,8,True,False,0.9432644248008728
6692,vit_b16,grayscale,2,2,2,True,False,0.9998123049736023
6713,vit_b16,grayscale,6,6,6,True,False,0.9954622387886047
6716,vit_b16,grayscale,5,6,4,False,True,0.19711805880069733
6726,vit_b16,grayscale,7,7,7,True,False,0.9983837604522705
6733,vit_b16,grayscale,1,1,1,True,False,0.9995193481445312
6772,vit_b16,grayscale,7,7,7,True,False,0.8638088703155518
6805,vit_b16,grayscale,1,1,1,True,False,0.920271098613739
6836,vit_b16,grayscale,1,1,1,True,False,0.9992701411247253
6844,vit_b16,grayscale,0,0,0,True,False,0.9995065927505493
6922,vit_b16,grayscale,5,5,5,True,False,0.998318076133728
6931,vit_b16,grayscale,9,9,9,True,False,0.8439179062843323
6938,vit_b16,grayscale,1,1,1,True,False,0.9996169805526733
6952,vit_b16,grayscale,3,3,3,True,False,0.9996976852416992
6954,vit_b16,grayscale,1,1,1,True,False,0.6920518279075623
6986,vit_b16,grayscale,0,0,0,True,False,0.9999092817306519
6989,vit_b16,grayscale,5,5,5,True,False,0.9965052604675293
7009,vit_b16,grayscale,0,0,0,True,False,0.9995312690734863
7029,vit_b16,grayscale,1,1,1,True,False,0.999968409538269
7033,vit_b16,grayscale,1,1,1,True,False,0.9998148083686829
7041,vit_b16,grayscale,5,5,5,True,False,0.9876178503036499
7047,vit_b16,grayscale,9,9,9,True,False,0.9991458654403687
7081,vit_b16,grayscale,7,7,7,True,False,0.9893985986709595
7084,vit_b16,grayscale,2,2,2,True,False,0.9999704360961914
7108,vit_b16,grayscale,6,6,6,True,False,0.9927363395690918
7130,vit_b16,grayscale,5,5,5,True,False,0.9867753982543945
7138,vit_b16,grayscale,8,8,8,True,False,0.9969630837440491
7150,vit_b16,grayscale,0,0,0,True,False,0.9989641904830933
7202,vit_b16,grayscale,1,1,1,True,False,0.6575005650520325
7262,vit_b16,grayscale,0,0,0,True,False,0.9999146461486816
7266,vit_b16,grayscale,9,9,9,True,False,0.9576039910316467
7270,vit_b16,grayscale,7,7,7,True,False,0.9981018900871277
7309,vit_b16,grayscale,0,0,0,True,False,0.9989467263221741
7320,vit_b16,grayscale,0,0,0,True,False,0.998439610004425
7338,vit_b16,grayscale,6,6,6,True,False,0.9966515898704529
7372,vit_b16,grayscale,0,0,0,True,False,0.995907187461853
7373,vit_b16,grayscale,0,0,0,True,False,0.9979554414749146
7380,vit_b16,grayscale,9,9,9,True,False,0.997963547706604
7390,vit_b16,grayscale,1,1,1,True,False,0.9898777604103088
7413,vit_b16,grayscale,5,5,5,True,False,0.9370688796043396
7416,vit_b16,grayscale,3,3,5,False,True,0.6955130696296692
7425,vit_b16,grayscale,2,2,2,True,False,0.9999645948410034
7446,vit_b16,grayscale,8,8,8,True,False,0.9991069436073303
7460,vit_b16,grayscale,8,8,8,True,False,0.9516776204109192
7465,vit_b16,grayscale,0,0,0,True,False,0.9995368719100952
7474,vit_b16,grayscale,5,5,5,True,False,0.9987265467643738
7475,vit_b16,grayscale,4,4,4,True,False,0.9510846138000488
7476,vit_b16,grayscale,8,8,8,True,False,0.902037501335144
7544,vit_b16,grayscale,9,9,9,True,False,0.9874868392944336
7555,vit_b16,grayscale,6,6,6,True,False,0.9941714406013489
7600,vit_b16,grayscale,6,6,6,True,False,0.9999310970306396
7610,vit_b16,grayscale,4,4,4,True,False,0.9991718530654907
7634,vit_b16,grayscale,0,0,0,True,False,0.996323823928833
7692,vit_b16,grayscale,4,4,4,True,False,0.9947375655174255
7706,vit_b16,grayscale,5,5,5,True,False,0.9101962447166443
7726,vit_b16,grayscale,6,6,6,True,False,0.9050378799438477
7744,vit_b16,grayscale,3,3,3,True,False,0.8274973034858704
7752,vit_b16,grayscale,9,9,9,True,False,0.9994762539863586
7776,vit_b16,grayscale,5,5,5,True,False,0.9981682300567627
7779,vit_b16,grayscale,6,6,6,True,False,0.9993451237678528
7781,vit_b16,grayscale,6,6,6,True,False,0.9995107650756836
7793,vit_b16,grayscale,3,3,3,True,False,0.5489867329597473
7797,vit_b16,grayscale,3,3,3,True,False,0.9981589913368225
7810,vit_b16,grayscale,8,8,8,True,False,0.9999681711196899
7818,vit_b16,grayscale,8,8,8,True,False,0.9970537424087524
7835,vit_b16,grayscale,7,7,7,True,False,0.993504524230957
7864,vit_b16,grayscale,4,4,4,True,False,0.995122492313385
7875,vit_b16,grayscale,8,8,8,True,False,0.9996370077133179
7938,vit_b16,grayscale,9,9,9,True,False,0.9981769323348999
7940,vit_b16,grayscale,4,4,4,True,False,0.999640941619873
7944,vit_b16,grayscale,4,4,4,True,False,0.6399673223495483
7955,vit_b16,grayscale,1,1,1,True,False,0.9999125003814697
7995,vit_b16,grayscale,9,2,2,False,False,0.9622600674629211
7996,vit_b16,grayscale,6,6,6,True,False,0.999798595905304
7999,vit_b16,grayscale,8,8,8,True,False,0.9975618124008179
3,vit_b16,hue90,0,0,0,True,False,0.9953734278678894
29,vit_b16,hue90,7,7,7,True,False,0.9993701577186584
35,vit_b16,hue90,2,2,2,True,False,0.9993187189102173
42,vit_b16,hue90,0,0,0,True,False,0.9996324777603149
49,vit_b16,hue90,2,2,2,True,False,0.9993354678153992
81,vit_b16,hue90,0,0,0,True,False,0.9982006549835205
95,vit_b16,hue90,1,1,1,True,False,0.9994712471961975
97,vit_b16,hue90,5,5,5,True,False,0.9694529175758362
116,vit_b16,hue90,1,1,1,True,False,0.9997636675834656
131,vit_b16,hue90,9,9,9,True,False,0.9512177109718323
151,vit_b16,hue90,8,8,8,True,False,0.9999449253082275
171,vit_b16,hue90,4,4,4,True,False,0.999629020690918
176,vit_b16,hue90,3,3,3,True,False,0.993910551071167
191,vit_b16,hue90,9,9,9,True,False,0.7449604868888855
194,vit_b16,hue90,8,8,8,True,False,0.9999978542327881
198,vit_b16,hue90,1,1,1,True,False,0.9568836688995361
239,vit_b16,hue90,9,9,9,True,False,0.9998781681060791
261,vit_b16,hue90,1,1,1,True,False,0.9960787892341614
269,vit_b16,hue90,7,7,7,True,False,0.9986010193824768
276,vit_b16,hue90,9,9,9,True,False,0.996208906173706
303,vit_b16,hue90,9,9,9,True,False,0.9981387853622437
304,vit_b16,hue90,1,1,1,True,False,0.4948021173477173
317,vit_b16,hue90,2,2,2,True,False,0.9997971653938293
319,vit_b16,hue90,5,5,5,True,False,0.9918984174728394
323,vit_b16,hue90,7,7,7,True,False,0.9999227523803711
365,vit_b16,hue90,3,3,3,True,False,0.999593198299408
370,vit_b16,hue90,7,7,7,True,False,0.9996651411056519
372,vit_b16,hue90,3,3,3,True,False,0.6249825954437256
378,vit_b16,hue90,5,5,5,True,False,0.9764878749847412
391,vit_b16,hue90,3,3,3,True,False,0.9999513626098633
409,vit_b16,hue90,2,2,2,True,False,0.9998973608016968
419,vit_b16,hue90,9,9,9,True,False,0.9914871454238892
449,vit_b16,hue90,6,6,6,True,False,0.9992179870605469
470,vit_b16,hue90,2,2,2,True,False,0.9998598098754883
483,vit_b16,hue90,2,2,2,True,False,0.9958465695381165
484,vit_b16,hue90,0,0,0,True,False,0.9996864795684814
506,vit_b16,hue90,4,4,4,True,False,0.9948980212211609
545,vit_b16,hue90,6,6,6,True,False,0.8847749829292297
562,vit_b16,hue90,0,0,0,True,False,0.9999107122421265
568,vit_b16,hue90,5,5,5,True,False,0.9951949715614319
603,vit_b16,hue90,9,9,9,True,False,0.9996095299720764
632,vit_b16,hue90,3,3,3,True,False,0.9999325275421143
645,vit_b16,hue90,5,5,5,True,False,0.8912926912307739
667,vit_b16,hue90,8,8,8,True,False,0.999629020690918
672,vit_b16,hue90,3,3,3,True,False,0.9999847412109375
677,vit_b16,hue90,3,3,3,True,False,0.9985421895980835
685,vit_b16,hue90,5,5,5,True,False,0.9954954385757446
691,vit_b16,hue90,4,4,4,True,False,0.9999737739562988
706,vit_b16,hue90,8,8,8,True,False,0.9999712705612183
714,vit_b16,hue90,2,2,2,True,False,0.9505341053009033
716,vit_b16,hue90,8,8,8,True,False,0.9948775172233582
738,vit_b16,hue90,3,3,5,False,True,0.27142220735549927
739,vit_b16,hue90,8,8,8,True,False,0.9972220659255981
766,vit_b16,hue90,4,6,5,False,True,0.6292321085929871
791,vit_b16,hue90,3,3,3,True,False,0.9990019202232361
805,vit_b16,hue90,9,9,9,True,False,0.9971611499786377
825,vit_b16,hue90,1,1,1,True,False,0.9957188963890076
852,vit_b16,hue90,9,9,9,True,False,0.9998461008071899
855,vit_b16,hue90,4,4,4,True,False,0.9989151954650879
873,vit_b16,hue90,6,6,6,True,False,0.9992629885673523
890,vit_b16,hue90,6,6,6,True,False,0.9859282970428467
920,vit_b16,hue90,6,6,6,True,False,0.9982424974441528
929,vit_b16,hue90,6,6,6,True,False,0.9269612431526184
962,vit_b16,hue90,8,8,8,True,False,0.9992326498031616
964,vit_b16,hue90,6,6,6,True,False,0.9717739224433899
977,vit_b16,hue90,6,6,6,True,False,0.9990885257720947
979,vit_b16,hue90,3,3,3,True,False,0.99379563331604
981,vit_b16,hue90,2,2,2,True,False,0.9996747970581055
1022,vit_b16,hue90,9,9,9,True,False,0.8679304718971252
1032,vit_b16,hue90,7,7,7,True,False,0.9947821497917175
1048,vit_b16,hue90,7,7,7,True,False,0.9958683252334595
1090,vit_b16,hue90,1,1,1,True,False,0.9982940554618835
1095,vit_b16,hue90,5,5,5,True,False,0.9505426287651062
1109,vit_b16,hue90,1,1,1,True,False,0.987617552280426
1111,vit_b16,hue90,4,4,6,False,True,0.5194681882858276
1115,vit_b16,hue90,1,1,5,False,True,0.29570579528808594
1124,vit_b16,hue90,4,4,4,True,False,0.9990666508674622
1129,vit_b16,hue90,8,8,8,True,False,0.9789080023765564
1175,vit_b16,hue90,0,0,0,True,False,0.9994205236434937
1202,vit_b16,hue90,2,2,2,True,False,0.9992088675498962
1204,vit_b16,hue90,3,3,3,True,False,0.999299168586731
1211,vit_b16,hue90,4,4,4,True,False,0.9967638254165649
1220,vit_b16,hue90,7,7,7,True,False,0.9998825788497925
1230,vit_b16,hue90,1,1,7,False,True,0.8243489861488342
1247,vit_b16,hue90,8,8,8,True,False,0.9980814456939697
1263,vit_b16,hue90,3,3,3,True,False,0.9950297474861145
1266,vit_b16,hue90,4,4,4,True,False,0.9998455047607422
1287,vit_b16,hue90,7,7,7,True,False,0.9995065927505493
1296,vit_b16,hue90,7,7,7,True,False,0.9841488003730774
1370,vit_b16,hue90,3,3,3,True,False,0.9991833567619324
1389,vit_b16,hue90,0,0,0,True,False,0.9995102882385254
1401,vit_b16,hue90,3,3,3,True,False,0.9999053478240967
1403,vit_b16,hue90,2,2,2,True,False,0.9999442100524902
1411,vit_b16,hue90,9,9,9,True,False,0.9920246601104736
1429,vit_b16,hue90,4,4,4,True,False,0.9993665814399719
1430,vit_b16,hue90,9,9,9,True,False,0.9996739625930786
1431,vit_b16,hue90,3,3,3,True,False,0.8565027117729187
1436,vit_b16,hue90,1,1,1,True,False,0.9999932050704956
1440,vit_b16,hue90,7,7,7,True,False,0.9998518228530884
1468,vit_b16,hue90,9,9,9,True,False,0.9949377775192261
1473,vit_b16,hue90,7,7,7,True,False,0.9971835017204285
1515,vit_b16,hue90,9,9,9,True,False,0.9995254278182983
1520,vit_b16,hue90,2,2,2,True,False,0.9898843765258789
1531,vit_b16,hue90,3,3,3,True,False,0.9982331991195679
1534,vit_b16,hue90,6,6,6,True,False,0.9976129531860352
1552,vit_b16,hue90,5,5,5,True,False,0.9809775948524475
1553,vit_b16,hue90,0,0,0,True,False,0.9977885484695435
1563,vit_b16,hue90,3,3,3,True,False,0.9910591244697571
1568,vit_b16,hue90,1,1,1,True,False,0.953325629234314
1579,vit_b16,hue90,7,7,7,True,False,0.9971215128898621
1586,vit_b16,hue90,2,2,2,True,False,0.9999210834503174
1596,vit_b16,hue90,0,0,0,True,False,0.999910831451416
1626,vit_b16,hue90,5,5,5,True,False,0.5700631737709045
1640,vit_b16,hue90,8,8,8,True,False,0.9415380954742432
1644,vit_b16,hue90,5,5,5,True,False,0.9908320307731628
1648,vit_b16,hue90,0,0,0,True,False,0.9987269043922424
1654,vit_b16,hue90,9,9,9,True,False,0.9955020546913147
1667,vit_b16,hue90,6,6,6,True,False,0.9988681077957153
1703,vit_b16,hue90,7,7,7,True,False,0.7309086322784424
1711,vit_b16,hue90,7,7,7,True,False,0.9979378581047058
1771,vit_b16,hue90,7,7,5,False,True,0.5503342747688293
1783,vit_b16,hue90,8,8,8,True,False,0.9999418258666992
1814,vit_b16,hue90,2,2,2,True,False,0.9958274960517883
1833,vit_b16,hue90,8,8,8,True,False,0.9994615912437439
1836,vit_b16,hue90,9,9,9,True,False,0.9913752675056458
1839,vit_b16,hue90,2,2,2,True,False,0.9997109770774841
1852,vit_b16,hue90,1,1,1,True,False,0.9999183416366577
1871,vit_b16,hue90,1,1,1,True,False,0.9983037710189819
1877,vit_b16,hue90,5,5,4,False,True,0.6603927612304688
1884,vit_b16,hue90,7,7,7,True,False,0.999488353729248
1927,vit_b16,hue90,7,7,7,True,False,0.9997218251228333
1954,vit_b16,hue90,8,8,8,True,False,0.7982304692268372
1956,vit_b16,hue90,7,7,7,True,False,0.3164860010147095
1960,vit_b16,hue90,4,5,4,True,True,0.988962709903717
1977,vit_b16,hue90,0,0,0,True,False,0.9972583055496216
1986,vit_b16,hue90,1,1,1,True,False,0.996845006942749
1993,vit_b16,hue90,1,1,1,True,False,0.9999873638153076
2003,vit_b16,hue90,6,6,6,True,False,0.997952938079834
2011,vit_b16,hue90,9,9,9,True,False,0.9960693120956421
2024,vit_b16,hue90,0,0,0,True,False,0.9899230599403381
2028,vit_b16,hue90,3,3,3,True,False,0.9998990297317505
2062,vit_b16,hue90,9,9,9,True,False,0.9986670017242432
2070,vit_b16,hue90,1,1,1,True,False,0.9872777462005615
2082,vit_b16,hue90,2,2,2,True,False,0.9985848665237427
2095,vit_b16,hue90,1,1,1,True,False,0.9986050724983215
2109,vit_b16,hue90,8,8,8,True,False,0.9999017715454102
2114,vit_b16,hue90,9,9,9,True,False,0.98093181848526
2116,vit_b16,hue90,1,3,3,False,False,0.9677796959877014
2157,vit_b16,hue90,1,1,1,True,False,0.9762135744094849
2167,vit_b16,hue90,9,9,9,True,False,0.9988590478897095
2178,vit_b16,hue90,1,1,1,True,False,0.9996597766876221
2191,vit_b16,hue90,8,8,8,True,False,0.9891197681427002
2230,vit_b16,hue90,8,8,8,True,False,0.6540728211402893
2242,vit_b16,hue90,0,0,0,True,False,0.9946742057800293
2265,vit_b16,hue90,5,5,5,True,False,0.9721688628196716
2268,vit_b16,hue90,5,5,5,True,False,0.9846780300140381
2291,vit_b16,hue90,3,3,3,True,False,0.9810577630996704
2334,vit_b16,hue90,5,5,5,True,False,0.9988698363304138
2340,vit_b16,hue90,8,8,8,True,False,0.9993839263916016
2342,vit_b16,hue90,8,8,8,True,False,0.992271900177002
2351,vit_b16,hue90,9,9,9,True,False,0.9975388050079346
2391,vit_b16,hue90,5,5,1,False,True,0.8395408987998962
2392,vit_b16,hue90,2,2,2,True,False,0.9999804496765137
2399,vit_b16,hue90,4,4,4,True,False,0.9483745694160461
2414,vit_b16,hue90,9,9,9,True,False,0.9663719534873962
2427,vit_b16,hue90,5,5,5,True,False,0.9794085621833801
2458,vit_b16,hue90,5,5,5,True,False,0.999840497970581
2501,vit_b16,hue90,7,7,7,True,False,0.9981449842453003
2502,vit_b16,hue90,2,2,2,True,False,0.9990882873535156
2536,vit_b16,hue90,3,3,3,True,False,0.9995773434638977
2539,vit_b16,hue90,3,3,3,True,False,0.9990249872207642
2610,vit_b16,hue90,6,6,4,False,True,0.5052900314331055
2623,vit_b16,hue90,5,5,3,False,True,0.3356654942035675
2655,vit_b16,hue90,9,9,9,True,False,0.9938299059867859
2668,vit_b16,hue90,7,7,7,True,False,0.9998636245727539
2676,vit_b16,hue90,6,6,6,True,False,0.3527933955192566
2687,vit_b16,hue90,1,1,1,True,False,0.9997486472129822
2690,vit_b16,hue90,1,1,1,True,False,0.9620700478553772
2704,vit_b16,hue90,4,4,4,True,False,0.9972821474075317
2745,vit_b16,hue90,8,8,8,True,False,0.999994158744812
2746,vit_b16,hue90,7,7,7,True,False,0.9999579191207886
2750,vit_b16,hue90,0,0,0,True,False,0.9930931329727173
2754,vit_b16,hue90,3,3,3,True,False,0.9998378753662109
2757,vit_b16,hue90,4,4,4,True,False,0.8525255918502808
2766,vit_b16,hue90,5,5,5,True,False,0.9919010996818542
2807,vit_b16,hue90,5,4,5,True,True,0.5345693826675415
2844,vit_b16,hue90,8,8,8,True,False,0.9998400211334229
2854,vit_b16,hue90,7,7,7,True,False,0.9999144077301025
2861,vit_b16,hue90,3,3,3,True,False,0.9991662502288818
2888,vit_b16,hue90,0,0,0,True,False,0.9961645603179932
2898,vit_b16,hue90,4,4,4,True,False,0.999804675579071
2950,vit_b16,hue90,5,5,5,True,False,0.9956759810447693
2958,vit_b16,hue90,6,6,6,True,False,0.9986104965209961
3015,vit_b16,hue90,8,8,8,True,False,0.9999611377716064
3024,vit_b16,hue90,2,2,2,True,False,0.9999175071716309
3025,vit_b16,hue90,0,0,0,True,False,0.9991563558578491
3034,vit_b16,hue90,4,4,4,True,False,0.9994677901268005
3067,vit_b16,hue90,2,2,2,True,False,0.9998058676719666
3078,vit_b16,hue90,4,4,4,True,False,0.9713897109031677
3079,vit_b16,hue90,1,1,1,True,False,0.9999897480010986
3083,vit_b16,hue90,0,0,0,True,False,0.9941596984863281
3122,vit_b16,hue90,4,4,4,True,False,0.9925618767738342
3153,vit_b16,hue90,7,7,7,True,False,0.997260570526123
3157,vit_b16,hue90,8,8,8,True,False,0.9982033967971802
3163,vit_b16,hue90,2,2,2,True,False,0.9999203681945801
3179,vit_b16,hue90,4,4,4,True,False,0.9388482570648193
3191,vit_b16,hue90,6,6,6,True,False,0.9614881277084351
3276,vit_b16,hue90,3,3,3,True,False,0.975307822227478
3287,vit_b16,hue90,4,4,4,True,False,0.996852457523346
3288,vit_b16,hue90,7,7,7,True,False,0.9990148544311523
3292,vit_b16,hue90,6,6,6,True,False,0.8094269037246704
3318,vit_b16,hue90,9,9,9,True,False,0.9885485172271729
3347,vit_b16,hue90,0,0,0,True,False,0.9999617338180542
3353,vit_b16,hue90,5,5,5,True,False,0.659833550453186
3362,vit_b16,hue90,2,2,2,True,False,0.9999068975448608
3365,vit_b16,hue90,4,4,4,True,False,0.9870864152908325
3375,vit_b16,hue90,3,3,3,True,False,0.9999076128005981
3383,vit_b16,hue90,3,3,3,True,False,0.9998053908348083
3404,vit_b16,hue90,7,7,7,True,False,0.9987782835960388
3412,vit_b16,hue90,8,8,8,True,False,0.9858319759368896
3413,vit_b16,hue90,1,1,1,True,False,0.9999935626983643
3418,vit_b16,hue90,6,6,6,True,False,0.9982084035873413
3437,vit_b16,hue90,0,0,0,True,False,0.9825594425201416
3446,vit_b16,hue90,7,7,7,True,False,0.9994717240333557
3454,vit_b16,hue90,2,2,2,True,False,0.9998096823692322
3455,vit_b16,hue90,0,0,0,True,False,0.9989460110664368
3458,vit_b16,hue90,4,4,4,True,False,0.999713122844696
3467,vit_b16,hue90,7,7,4,False,True,0.580119252204895
3491,vit_b16,hue90,1,1,1,True,False,0.9970099925994873
3494,vit_b16,hue90,6,6,6,True,False,0.9998524188995361
3512,vit_b16,hue90,4,4,4,True,False,0.9996563196182251
3515,vit_b16,hue90,6,4,6,True,True,0.5954922437667847
3542,vit_b16,hue90,7,7,7,True,False,0.9999593496322632
3550,vit_b16,hue90,1,1,1,True,False,0.9993460774421692
3562,vit_b16,hue90,3,3,3,True,False,0.9984992742538452
3755,vit_b16,hue90,2,2,2,True,False,0.9999504089355469
3763,vit_b16,hue90,4,4,4,True,False,0.9858735799789429
3777,vit_b16,hue90,6,6,6,True,False,0.9981256127357483
3778,vit_b16,hue90,3,3,3,True,False,0.8568741083145142
3779,vit_b16,hue90,6,6,6,True,False,0.9951943755149841
3844,vit_b16,hue90,6,6,6,True,False,0.9985639452934265
3851,vit_b16,hue90,3,3,3,True,False,0.8810389637947083
3852,vit_b16,hue90,5,5,5,True,False,0.9252117276191711
3863,vit_b16,hue90,5,5,5,True,False,0.9455690383911133
3867,vit_b16,hue90,7,7,7,True,False,0.9989523887634277
3876,vit_b16,hue90,0,0,0,True,False,0.99934321641922
3889,vit_b16,hue90,5,5,3,False,True,0.4667505919933319
3891,vit_b16,hue90,4,4,4,True,False,0.9855560660362244
3893,vit_b16,hue90,9,9,9,True,False,0.9929158687591553
3905,vit_b16,hue90,8,8,8,True,False,0.9998346567153931
3914,vit_b16,hue90,3,3,3,True,False,0.9998598098754883
3937,vit_b16,hue90,1,1,1,True,False,0.9972227811813354
3942,vit_b16,hue90,9,9,9,True,False,0.9976525902748108
3948,vit_b16,hue90,8,8,8,True,False,0.9998078942298889
3962,vit_b16,hue90,6,6,6,True,False,0.9996631145477295
3965,vit_b16,hue90,0,0,0,True,False,0.9988608360290527
3994,vit_b16,hue90,4,4,4,True,False,0.9996328353881836
3996,vit_b16,hue90,9,9,9,True,False,0.8345490097999573
4011,vit_b16,hue90,6,6,6,True,False,0.9999582767486572
4023,vit_b16,hue90,3,3,3,True,False,0.9866675734519958
4054,vit_b16,hue90,4,4,4,True,False,0.9731908440589905
4065,vit_b16,hue90,2,2,2,True,False,0.9991421699523926
4069,vit_b16,hue90,8,8,8,True,False,0.9459344148635864
4093,vit_b16,hue90,6,6,6,True,False,0.9782594442367554
4094,vit_b16,hue90,9,9,9,True,False,0.9987267851829529
4106,vit_b16,hue90,5,5,5,True,False,0.9161608815193176
4130,vit_b16,hue90,0,0,0,True,False,0.99875807762146
4168,vit_b16,hue90,3,3,3,True,False,0.9999500513076782
4170,vit_b16,hue90,8,8,8,True,False,0.9963523149490356
4172,vit_b16,hue90,7,7,7,True,False,0.9955839514732361
4177,vit_b16,hue90,8,8,8,True,False,0.9995421171188354
4215,vit_b16,hue90,3,3,8,False,True,0.270955353975296
4229,vit_b16,hue90,3,3,3,True,False,0.9998210072517395
4236,vit_b16,hue90,7,7,7,True,False,0.9999792575836182
4242,vit_b16,hue90,8,8,8,True,False,0.9983068704605103
4254,vit_b16,hue90,6,6,6,True,False,0.9897804260253906
4290,vit_b16,hue90,5,1,1,False,False,0.7420307397842407
4298,vit_b16,hue90,1,1,1,True,False,0.9999681711196899
4308,vit_b16,hue90,7,7,7,True,False,0.9999115467071533
4311,vit_b16,hue90,8,8,8,True,False,0.9994860887527466
4323,vit_b16,hue90,3,3,3,True,False,0.9722246527671814
4330,vit_b16,hue90,3,3,3,True,False,0.9522814154624939
4341,vit_b16,hue90,6,6,6,True,False,0.9994186162948608
4355,vit_b16,hue90,8,8,0,False,True,0.55028235912323
4399,vit_b16,hue90,0,0,0,True,False,0.963854193687439
4403,vit_b16,hue90,7,7,7,True,False,0.9995645880699158
4411,vit_b16,hue90,6,6,5,False,True,0.9336022138595581
4449,vit_b16,hue90,9,9,9,True,False,0.7752225995063782
4463,vit_b16,hue90,3,3,3,True,False,0.9998691082000732
4531,vit_b16,hue90,3,3,3,True,False,0.9761516451835632
4539,vit_b16,hue90,0,0,0,True,False,0.999862551689148
4547,vit_b16,hue90,5,5,5,True,False,0.8995888829231262
4552,vit_b16,hue90,8,8,9,False,True,0.9364610910415649
4570,vit_b16,hue90,5,5,5,True,False,0.9718195199966431
4590,vit_b16,hue90,3,3,3,True,False,0.999761164188385
4609,vit_b16,hue90,3,3,3,True,False,0.9924302697181702
4615,vit_b16,hue90,0,0,0,True,False,0.9998144507408142
4617,vit_b16,hue90,0,0,0,True,False,0.9999788999557495
4620,vit_b16,hue90,6,6,6,True,False,0.7407004833221436
4629,vit_b16,hue90,4,4,4,True,False,0.9991623163223267
4640,vit_b16,hue90,1,1,1,True,False,0.9775541424751282
4642,vit_b16,hue90,4,4,4,True,False,0.9999083280563354
4661,vit_b16,hue90,7,7,7,True,False,0.817660391330719
4662,vit_b16,hue90,8,8,8,True,False,0.9999395608901978
4675,vit_b16,hue90,0,0,0,True,False,0.9992408752441406
4676,vit_b16,hue90,8,8,8,True,False,0.9999678134918213
4704,vit_b16,hue90,7,7,7,True,False,0.9870110750198364
4723,vit_b16,hue90,9,9,9,True,False,0.9537975788116455
4731,vit_b16,hue90,6,6,6,True,False,0.9956862926483154
4735,vit_b16,hue90,2,2,2,True,False,0.9985612034797668
4740,vit_b16,hue90,4,4,4,True,False,0.5675779581069946
4746,vit_b16,hue90,6,6,6,True,False,0.9948148131370544
4748,vit_b16,hue90,7,7,7,True,False,0.9989803433418274
4754,vit_b16,hue90,6,6,6,True,False,0.9811676740646362
4785,vit_b16,hue90,0,0,0,True,False,0.9947717785835266
4791,vit_b16,hue90,7,7,7,True,False,0.9982837438583374
4819,vit_b16,hue90,0,0,0,True,False,0.9997113347053528
4821,vit_b16,hue90,3,3,3,True,False,0.9982547163963318
4827,vit_b16,hue90,6,6,6,True,False,0.7397170066833496
4850,vit_b16,hue90,5,5,5,True,False,0.989544689655304
4881,vit_b16,hue90,3,3,3,True,False,0.9989207983016968
4893,vit_b16,hue90,0,0,0,True,False,0.9993433356285095
4908,vit_b16,hue90,3,3,3,True,False,0.996550440788269
4913,vit_b16,hue90,2,2,2,True,False,0.9991532564163208
4921,vit_b16,hue90,2,2,2,True,False,0.9999734163284302
4953,vit_b16,hue90,5,5,5,True,False,0.736802875995636
4966,vit_b16,hue90,5,5,5,True,False,0.2654034495353699
4990,vit_b16,hue90,8,8,8,True,False,0.9809096455574036
5000,vit_b16,hue90,8,8,8,True,False,0.9846417307853699
5030,vit_b16,hue90,2,2,2,True,False,0.9998891353607178
5062,vit_b16,hue90,4,4,4,True,False,0.9786891341209412
5077,vit_b16,hue90,4,4,4,True,False,0.9335719347000122
5082,vit_b16,hue90,6,6,6,True,False,0.996615469455719
5092,vit_b16,hue90,1,1,1,True,False,0.999884843826294
5101,vit_b16,hue90,5,2,5,True,True,0.725429356098175
5117,vit_b16,hue90,0,0,0,True,False,0.999907374382019
5123,vit_b16,hue90,1,1,1,True,False,0.9999699592590332
5135,vit_b16,hue90,4,3,3,False,False,0.5371054410934448
5183,vit_b16,hue90,2,2,2,True,False,0.9993010759353638
5213,vit_b16,hue90,4,4,4,True,False,0.9943796992301941
5218,vit_b16,hue90,2,2,2,True,False,0.9996428489685059
5220,vit_b16,hue90,1,1,1,True,False,0.34517544507980347
5237,vit_b16,hue90,2,2,2,True,False,0.9989150762557983
5256,vit_b16,hue90,1,1,1,True,False,0.9999833106994629
5284,vit_b16,hue90,9,9,9,True,False,0.9992864727973938
5301,vit_b16,hue90,9,9,9,True,False,0.8759989738464355
5318,vit_b16,hue90,2,2,2,True,False,0.986747145652771
5332,vit_b16,hue90,5,5,5,True,False,0.9076653718948364
5333,vit_b16,hue90,2,2,2,True,False,0.9996289014816284
5360,vit_b16,hue90,9,9,9,True,False,0.9999936819076538
5381,vit_b16,hue90,5,5,5,True,False,0.9207996129989624
5382,vit_b16,hue90,6,6,6,True,False,0.9966989159584045
5395,vit_b16,hue90,2,2,2,True,False,0.9999077320098877
5402,vit_b16,hue90,4,4,4,True,False,0.9084771275520325
5408,vit_b16,hue90,6,6,6,True,False,0.9592270851135254
5436,vit_b16,hue90,7,7,7,True,False,0.9981063604354858
5447,vit_b16,hue90,9,9,9,True,False,0.9998934268951416
5450,vit_b16,hue90,7,7,7,True,False,0.9996801614761353
5451,vit_b16,hue90,8,8,8,True,False,0.9999406337738037
5452,vit_b16,hue90,9,9,9,True,False,0.999459445476532
5467,vit_b16,hue90,4,4,4,True,False,0.5799245238304138
5478,vit_b16,hue90,0,0,0,True,False,0.5143055319786072
5488,vit_b16,hue90,1,1,7,False,True,0.8444163799285889
5496,vit_b16,hue90,5,5,5,True,False,0.9814634323120117
5508,vit_b16,hue90,9,9,9,True,False,0.9980700612068176
5512,vit_b16,hue90,2,9,6,False,True,0.28501906991004944
5525,vit_b16,hue90,8,8,8,True,False,0.9998353719711304
5528,vit_b16,hue90,3,3,3,True,False,0.9976586103439331
5556,vit_b16,hue90,4,4,4,True,False,0.602398157119751
5560,vit_b16,hue90,1,1,1,True,False,0.9890648126602173
5572,vit_b16,hue90,9,9,9,True,False,0.9919554591178894
5580,vit_b16,hue90,6,5,5,False,False,0.7785801887512207
5590,vit_b16,hue90,9,9,9,True,False,0.9675703048706055
5623,vit_b16,hue90,4,4,4,True,False,0.999471127986908
5677,vit_b16,hue90,2,2,2,True,False,0.9995688796043396
5694,vit_b16,hue90,8,8,8,True,False,0.9984264373779297
5701,vit_b16,hue90,5,5,5,True,False,0.9922978281974792
5705,vit_b16,hue90,8,8,8,True,False,0.9999915361404419
5719,vit_b16,hue90,7,7,7,True,False,0.9959586262702942
5729,vit_b16,hue90,6,6,6,True,False,0.969582200050354
5756,vit_b16,hue90,2,2,2,True,False,0.9997798800468445
5788,vit_b16,hue90,9,9,9,True,False,0.9999932050704956
5789,vit_b16,hue90,4,4,4,True,False,0.9992990493774414
5824,vit_b16,hue90,2,2,2,True,False,0.9956728219985962
5848,vit_b16,hue90,7,7,7,True,False,0.9993591904640198
5851,vit_b16,hue90,9,9,9,True,False,0.9980993866920471
5857,vit_b16,hue90,6,4,6,True,True,0.49081698060035706
5858,vit_b16,hue90,6,6,6,True,False,0.9992740750312805
5912,vit_b16,hue90,0,0,0,True,False,0.9995279312133789
5915,vit_b16,hue90,9,9,9,True,False,0.9883273243904114
5918,vit_b16,hue90,0,0,0,True,False,0.999707043170929
5924,vit_b16,hue90,5,5,5,True,False,0.9988495111465454
5977,vit_b16,hue90,7,7,7,True,False,0.9983110427856445
5981,vit_b16,hue90,9,9,9,True,False,0.5972100496292114
5999,vit_b16,hue90,0,0,0,True,False,0.9984850287437439
6028,vit_b16,hue90,2,2,2,True,False,0.9999610185623169
6033,vit_b16,hue90,4,4,4,True,False,0.9786694049835205
6076,vit_b16,hue90,1,1,1,True,False,0.9999891519546509
6084,vit_b16,hue90,7,7,7,True,False,0.9988420605659485
6097,vit_b16,hue90,4,4,4,True,False,0.8125130534172058
6169,vit_b16,hue90,1,1,0,False,True,0.6508094072341919
6190,vit_b16,hue90,7,7,7,True,False,0.9995275735855103
6224,vit_b16,hue90,5,5,5,True,False,0.8653822541236877
6244,vit_b16,hue90,2,2,2,True,False,0.9992382526397705
6264,vit_b16,hue90,2,2,2,True,False,0.9999651908874512
6271,vit_b16,hue90,2,2,2,True,False,0.9965838193893433
6288,vit_b16,hue90,4,4,4,True,False,0.9979956150054932
6332,vit_b16,hue90,2,2,2,True,False,0.999686598777771
6349,vit_b16,hue90,1,1,1,True,False,0.999459445476532
6354,vit_b16,hue90,2,2,2,True,False,0.9932628273963928
6358,vit_b16,hue90,5,5,5,True,False,0.8312464356422424
6381,vit_b16,hue90,6,6,6,True,False,0.9958557486534119
6414,vit_b16,hue90,5,5,5,True,False,0.6933723092079163
6426,vit_b16,hue90,2,2,2,True,False,0.9999344348907471
6434,vit_b16,hue90,8,8,8,True,False,0.9999005794525146
6437,vit_b16,hue90,0,0,0,True,False,0.9971640706062317
6455,vit_b16,hue90,0,0,0,True,False,0.9990789890289307
6490,vit_b16,hue90,3,3,3,True,False,0.9987988471984863
6503,vit_b16,hue90,2,2,2,True,False,0.9988335967063904
6508,vit_b16,hue90,4,4,4,True,False,0.9996463060379028
6528,vit_b16,hue90,4,4,4,True,False,0.999813973903656
6594,vit_b16,hue90,1,1,1,True,False,0.9942746758460999
6609,vit_b16,hue90,0,0,0,True,False,0.999895453453064
6616,vit_b16,hue90,2,2,2,True,False,0.9989450573921204
6650,vit_b16,hue90,7,7,7,True,False,0.9997493624687195
6689,vit_b16,hue90,8,8,8,True,False,0.9010704159736633
6692,vit_b16,hue90,2,2,2,True,False,0.9991593360900879
6713,vit_b16,hue90,6,6,6,True,False,0.9909042716026306
6716,vit_b16,hue90,5,6,7,False,True,0.17705117166042328
6726,vit_b16,hue90,7,7,7,True,False,0.9962879419326782
6733,vit_b16,hue90,1,1,1,True,False,0.997717022895813
6772,vit_b16,hue90,7,7,3,False,True,0.769219696521759
6805,vit_b16,hue90,1,1,1,True,False,0.9529546499252319
6836,vit_b16,hue90,1,1,1,True,False,0.9816587567329407
6844,vit_b16,hue90,0,0,0,True,False,0.9983835220336914
6922,vit_b16,hue90,5,5,5,True,False,0.9992567896842957
6931,vit_b16,hue90,9,9,9,True,False,0.5648712515830994
6938,vit_b16,hue90,1,1,1,True,False,0.9999477863311768
6952,vit_b16,hue90,3,3,3,True,False,0.9229912757873535
6954,vit_b16,hue90,1,1,1,True,False,0.9696532487869263
6986,vit_b16,hue90,0,0,0,True,False,0.9999359846115112
6989,vit_b16,hue90,5,5,5,True,False,0.9647293090820312
7009,vit_b16,hue90,0,0,0,True,False,0.999203622341156
7029,vit_b16,hue90,1,1,1,True,False,0.9999949932098389
7033,vit_b16,hue90,1,1,1,True,False,0.9956089854240417
7041,vit_b16,hue90,5,5,5,True,False,0.8080437183380127
7047,vit_b16,hue90,9,9,9,True,False,0.9990129470825195
7081,vit_b16,hue90,7,7,7,True,False,0.9841535687446594
7084,vit_b16,hue90,2,2,2,True,False,0.9999626874923706
7108,vit_b16,hue90,6,6,6,True,False,0.9931817650794983
7130,vit_b16,hue90,5,5,5,True,False,0.9716416597366333
7138,vit_b16,hue90,8,8,8,True,False,0.9984869956970215
7150,vit_b16,hue90,0,0,0,True,False,0.999560534954071
7202,vit_b16,hue90,1,1,1,True,False,0.9927061200141907
7262,vit_b16,hue90,0,0,0,True,False,0.9999867677688599
7266,vit_b16,hue90,9,9,9,True,False,0.9209342002868652
7270,vit_b16,hue90,7,7,7,True,False,0.9997591376304626
7309,vit_b16,hue90,0,0,0,True,False,0.9993090629577637
7320,vit_b16,hue90,0,0,0,True,False,0.9925206899642944
7338,vit_b16,hue90,6,6,6,True,False,0.9809522032737732
7372,vit_b16,hue90,0,0,0,True,False,0.9967585206031799
7373,vit_b16,hue90,0,0,0,True,False,0.9951470494270325
7380,vit_b16,hue90,9,9,9,True,False,0.9984904527664185
7390,vit_b16,hue90,1,1,1,True,False,0.9951025247573853
7413,vit_b16,hue90,5,5,5,True,False,0.877008855342865
7416,vit_b16,hue90,3,3,5,False,True,0.6235670447349548
7425,vit_b16,hue90,2,2,2,True,False,0.9999833106994629
7446,vit_b16,hue90,8,8,8,True,False,0.9990395903587341
7460,vit_b16,hue90,8,8,8,True,False,0.9716872572898865
7465,vit_b16,hue90,0,0,0,True,False,0.9998502731323242
7474,vit_b16,hue90,5,5,5,True,False,0.9972091317176819
7475,vit_b16,hue90,4,4,4,True,False,0.6187210083007812
7476,vit_b16,hue90,8,8,8,True,False,0.726151168346405
7544,vit_b16,hue90,9,9,9,True,False,0.9132823348045349
7555,vit_b16,hue90,6,6,6,True,False,0.9745389223098755
7600,vit_b16,hue90,6,6,6,True,False,0.9997591376304626
7610,vit_b16,hue90,4,4,4,True,False,0.9976096153259277
7634,vit_b16,hue90,0,0,0,True,False,0.9983530044555664
7692,vit_b16,hue90,4,4,4,True,False,0.9979304075241089
7706,vit_b16,hue90,5,5,5,True,False,0.865591287612915
7726,vit_b16,hue90,6,6,6,True,False,0.8170521855354309
7744,vit_b16,hue90,3,3,3,True,False,0.6748444437980652
7752,vit_b16,hue90,9,9,9,True,False,0.999869704246521
7776,vit_b16,hue90,5,5,5,True,False,0.9938763976097107
7779,vit_b16,hue90,6,6,6,True,False,0.9958896040916443
7781,vit_b16,hue90,6,6,6,True,False,0.997080385684967
7793,vit_b16,hue90,3,3,3,True,False,0.628649115562439
7797,vit_b16,hue90,3,3,3,True,False,0.9997634291648865
7810,vit_b16,hue90,8,8,8,True,False,0.9999122619628906
7818,vit_b16,hue90,8,8,8,True,False,0.9978926777839661
7835,vit_b16,hue90,7,7,7,True,False,0.9968858361244202
7864,vit_b16,hue90,4,4,4,True,False,0.9929170608520508
7875,vit_b16,hue90,8,8,8,True,False,0.9989619255065918
7938,vit_b16,hue90,9,9,9,True,False,0.9921894073486328
7940,vit_b16,hue90,4,4,4,True,False,0.9996285438537598
7944,vit_b16,hue90,4,4,0,False,True,0.6120556592941284
7955,vit_b16,hue90,1,1,1,True,False,0.9999949932098389
7995,vit_b16,hue90,9,2,2,False,False,0.7266438603401184
7996,vit_b16,hue90,6,6,6,True,False,0.9978547692298889
7999,vit_b16,hue90,8,8,8,True,False,0.9949548840522766
3,clip_b32,grayscale,0,0,0,True,False,0.21334727108478546
29,clip_b32,grayscale,7,7,7,True,False,0.269381046295166
35,clip_b32,grayscale,2,2,0,False,True,0.1453377604484558
42,clip_b32,grayscale,0,0,0,True,False,0.24434655904769897
49,clip_b32,grayscale,2,2,2,True,False,0.2371426224708557
81,clip_b32,grayscale,0,0,0,True,False,0.21507662534713745
95,clip_b32,grayscale,1,1,1,True,False,0.25048694014549255
97,clip_b32,grayscale,5,5,5,True,False,0.14630024135112762
116,clip_b32,grayscale,1,1,1,True,False,0.19864678382873535
131,clip_b32,grayscale,9,9,9,True,False,0.19575269520282745
151,clip_b32,grayscale,8,8,8,True,False,0.23345094919204712
171,clip_b32,grayscale,4,4,4,True,False,0.21728119254112244
176,clip_b32,grayscale,3,3,3,True,False,0.21170268952846527
191,clip_b32,grayscale,9,9,9,True,False,0.17930300533771515
194,clip_b32,grayscale,8,8,8,True,False,0.30747026205062866
198,clip_b32,grayscale,1,1,1,True,False,0.24159838259220123
239,clip_b32,grayscale,9,9,9,True,False,0.23502127826213837
261,clip_b32,grayscale,1,1,1,True,False,0.18983447551727295
269,clip_b32,grayscale,7,7,7,True,False,0.23048192262649536
276,clip_b32,grayscale,9,9,9,True,False,0.17767055332660675
303,clip_b32,grayscale,9,9,9,True,False,0.22684979438781738
304,clip_b32,grayscale,1,1,1,True,False,0.14406022429466248
317,clip_b32,grayscale,2,2,2,True,False,0.2515239119529724
319,clip_b32,grayscale,5,5,5,True,False,0.21365317702293396
323,clip_b32,grayscale,7,7,7,True,False,0.25334134697914124
365,clip_b32,grayscale,3,3,3,True,False,0.24132001399993896
370,clip_b32,grayscale,7,7,7,True,False,0.22912627458572388
372,clip_b32,grayscale,3,3,3,True,False,0.22087499499320984
378,clip_b32,grayscale,5,5,5,True,False,0.25534945726394653
391,clip_b32,grayscale,3,3,3,True,False,0.20358125865459442
409,clip_b32,grayscale,2,2,2,True,False,0.28882062435150146
419,clip_b32,grayscale,9,9,9,True,False,0.2081577181816101
449,clip_b32,grayscale,6,6,6,True,False,0.22784759104251862
470,clip_b32,grayscale,2,2,2,True,False,0.2656683623790741
483,clip_b32,grayscale,2,2,2,True,False,0.22865881025791168
484,clip_b32,grayscale,0,0,0,True,False,0.26054108142852783
506,clip_b32,grayscale,4,4,4,True,False,0.20188051462173462
545,clip_b32,grayscale,6,6,6,True,False,0.17336012423038483
562,clip_b32,grayscale,0,0,0,True,False,0.1752583235502243
568,clip_b32,grayscale,5,5,5,True,False,0.18769210577011108
603,clip_b32,grayscale,9,9,9,True,False,0.23382003605365753
632,clip_b32,grayscale,3,3,3,True,False,0.2603515386581421
645,clip_b32,grayscale,5,5,5,True,False,0.22150123119354248
667,clip_b32,grayscale,8,8,8,True,False,0.2824345827102661
672,clip_b32,grayscale,3,3,3,True,False,0.2362036108970642
677,clip_b32,grayscale,3,3,3,True,False,0.2065391093492508
685,clip_b32,grayscale,5,5,5,True,False,0.2264009714126587
691,clip_b32,grayscale,4,4,4,True,False,0.2610550820827484
706,clip_b32,grayscale,8,8,8,True,False,0.2754491865634918
714,clip_b32,grayscale,2,2,2,True,False,0.16584308445453644
716,clip_b32,grayscale,8,8,8,True,False,0.2878125309944153
738,clip_b32,grayscale,3,3,3,True,False,0.18837802112102509
739,clip_b32,grayscale,8,8,8,True,False,0.24849833548069
766,clip_b32,grayscale,4,6,4,True,True,0.156266450881958
791,clip_b32,grayscale,3,3,3,True,False,0.2425181269645691
805,clip_b32,grayscale,9,9,9,True,False,0.1802612990140915
825,clip_b32,grayscale,1,1,1,True,False,0.2000202238559723
852,clip_b32,grayscale,9,9,9,True,False,0.24987465143203735
855,clip_b32,grayscale,4,4,4,True,False,0.2700284421443939
873,clip_b32,grayscale,6,4,6,True,True,0.199888214468956
890,clip_b32,grayscale,6,6,6,True,False,0.24809710681438446
920,clip_b32,grayscale,6,6,6,True,False,0.2339393049478531
929,clip_b32,grayscale,6,6,6,True,False,0.258028119802475
962,clip_b32,grayscale,8,8,8,True,False,0.2591261863708496
964,clip_b32,grayscale,6,6,6,True,False,0.18990327417850494
977,clip_b32,grayscale,6,6,6,True,False,0.2646181583404541
979,clip_b32,grayscale,3,3,3,True,False,0.21008706092834473
981,clip_b32,grayscale,2,2,2,True,False,0.24002781510353088
1022,clip_b32,grayscale,9,9,2,False,True,0.1517852246761322
1032,clip_b32,grayscale,7,7,7,True,False,0.14753466844558716
1048,clip_b32,grayscale,7,7,7,True,False,0.13916783034801483
1090,clip_b32,grayscale,1,1,1,True,False,0.19373968243598938
1095,clip_b32,grayscale,5,5,5,True,False,0.21928103268146515
1109,clip_b32,grayscale,1,1,1,True,False,0.18994387984275818
1111,clip_b32,grayscale,4,4,4,True,False,0.2985648512840271
1115,clip_b32,grayscale,1,1,1,True,False,0.18715907633304596
1124,clip_b32,grayscale,4,4,4,True,False,0.21996638178825378
1129,clip_b32,grayscale,8,8,8,True,False,0.22992858290672302
1175,clip_b32,grayscale,0,0,0,True,False,0.2706875801086426
1202,clip_b32,grayscale,2,2,2,True,False,0.27225545048713684
1204,clip_b32,grayscale,3,3,3,True,False,0.21500690281391144
1211,clip_b32,grayscale,4,4,4,True,False,0.22449448704719543
1220,clip_b32,grayscale,7,7,7,True,False,0.24176323413848877
1230,clip_b32,grayscale,1,7,7,False,False,0.18662814795970917
1247,clip_b32,grayscale,8,8,8,True,False,0.2516959607601166
1263,clip_b32,grayscale,3,3,3,True,False,0.20538096129894257
1266,clip_b32,grayscale,4,4,4,True,False,0.26092061400413513
1287,clip_b32,grayscale,7,7,7,True,False,0.1761993020772934
1296,clip_b32,grayscale,7,7,4,False,True,0.13876760005950928
1370,clip_b32,grayscale,3,3,3,True,False,0.22746936976909637
1389,clip_b32,grayscale,0,0,0,True,False,0.2612091302871704
1401,clip_b32,grayscale,3,3,3,True,False,0.23212352395057678
1403,clip_b32,grayscale,2,2,2,True,False,0.2458559274673462
1411,clip_b32,grayscale,9,9,9,True,False,0.22273069620132446
1429,clip_b32,grayscale,4,4,4,True,False,0.17551276087760925
1430,clip_b32,grayscale,9,9,9,True,False,0.22760240733623505
1431,clip_b32,grayscale,3,3,3,True,False,0.21008166670799255
1436,clip_b32,grayscale,1,1,1,True,False,0.2546055018901825
1440,clip_b32,grayscale,7,7,7,True,False,0.26236122846603394
1468,clip_b32,grayscale,9,9,9,True,False,0.18713365495204926
1473,clip_b32,grayscale,7,7,7,True,False,0.27586784958839417
1515,clip_b32,grayscale,9,9,9,True,False,0.23227374255657196
1520,clip_b32,grayscale,2,2,2,True,False,0.17810511589050293
1531,clip_b32,grayscale,3,3,3,True,False,0.18492726981639862
1534,clip_b32,grayscale,6,6,6,True,False,0.17585785686969757
1552,clip_b32,grayscale,5,5,4,False,True,0.22002626955509186
1553,clip_b32,grayscale,0,0,0,True,False,0.23604726791381836
1563,clip_b32,grayscale,3,7,3,True,True,0.16854186356067657
1568,clip_b32,grayscale,1,1,1,True,False,0.22609177231788635
1579,clip_b32,grayscale,7,7,7,True,False,0.18388384580612183
1586,clip_b32,grayscale,2,2,2,True,False,0.26948368549346924
1596,clip_b32,grayscale,0,0,0,True,False,0.27792665362358093
1626,clip_b32,grayscale,5,5,5,True,False,0.2103150188922882
1640,clip_b32,grayscale,8,8,8,True,False,0.2943080961704254
1644,clip_b32,grayscale,5,5,5,True,False,0.23377248644828796
1648,clip_b32,grayscale,0,0,0,True,False,0.23875069618225098
1654,clip_b32,grayscale,9,9,9,True,False,0.2384711503982544
1667,clip_b32,grayscale,6,6,6,True,False,0.24687623977661133
1703,clip_b32,grayscale,7,7,7,True,False,0.2018512785434723
1711,clip_b32,grayscale,7,7,7,True,False,0.241118386387825
1771,clip_b32,grayscale,7,7,7,True,False,0.18532206118106842
1783,clip_b32,grayscale,8,8,8,True,False,0.31594783067703247
1814,clip_b32,grayscale,2,2,2,True,False,0.23505321145057678
1833,clip_b32,grayscale,8,8,8,True,False,0.29499977827072144
1836,clip_b32,grayscale,9,9,9,True,False,0.23730789124965668
1839,clip_b32,grayscale,2,2,2,True,False,0.2429659366607666
1852,clip_b32,grayscale,1,1,1,True,False,0.2861623466014862
1871,clip_b32,grayscale,1,1,1,True,False,0.18889658153057098
1877,clip_b32,grayscale,5,5,4,False,True,0.14470669627189636
1884,clip_b32,grayscale,7,7,7,True,False,0.21829251945018768
1927,clip_b32,grayscale,7,7,7,True,False,0.24766883254051208
1954,clip_b32,grayscale,8,8,8,True,False,0.22184473276138306
1956,clip_b32,grayscale,7,7,7,True,False,0.1829124093055725
1960,clip_b32,grayscale,4,4,4,True,False,0.20051135122776031
1977,clip_b32,grayscale,0,0,0,True,False,0.24533984065055847
1986,clip_b32,grayscale,1,1,1,True,False,0.17303402721881866
1993,clip_b32,grayscale,1,1,1,True,False,0.23747263848781586
2003,clip_b32,grayscale,6,6,6,True,False,0.2432750165462494
2011,clip_b32,grayscale,9,9,9,True,False,0.20084761083126068
2024,clip_b32,grayscale,0,0,0,True,False,0.2285042107105255
2028,clip_b32,grayscale,3,3,3,True,False,0.24299591779708862
2062,clip_b32,grayscale,9,9,9,True,False,0.25178685784339905
2070,clip_b32,grayscale,1,1,1,True,False,0.20423266291618347
2082,clip_b32,grayscale,2,2,2,True,False,0.1953713297843933
2095,clip_b32,grayscale,1,1,1,True,False,0.19761469960212708
2109,clip_b32,grayscale,8,8,8,True,False,0.316501647233963
2114,clip_b32,grayscale,9,9,9,True,False,0.1866237223148346
2116,clip_b32,grayscale,1,1,1,True,False,0.18554632365703583
2157,clip_b32,grayscale,1,1,1,True,False,0.2185901403427124
2167,clip_b32,grayscale,9,9,9,True,False,0.21005944907665253
2178,clip_b32,grayscale,1,1,1,True,False,0.19530899822711945
2191,clip_b32,grayscale,8,8,8,True,False,0.28666946291923523
2230,clip_b32,grayscale,8,8,8,True,False,0.2520724833011627
2242,clip_b32,grayscale,0,0,0,True,False,0.22515954077243805
2265,clip_b32,grayscale,5,5,5,True,False,0.22108334302902222
2268,clip_b32,grayscale,5,5,5,True,False,0.22849397361278534
2291,clip_b32,grayscale,3,3,3,True,False,0.17729847133159637
2334,clip_b32,grayscale,5,5,5,True,False,0.25836125016212463
2340,clip_b32,grayscale,8,8,8,True,False,0.32105231285095215
2342,clip_b32,grayscale,8,8,8,True,False,0.28391513228416443
2351,clip_b32,grayscale,9,9,9,True,False,0.22257183492183685
2391,clip_b32,grayscale,5,5,5,True,False,0.14305147528648376
2392,clip_b32,grayscale,2,2,2,True,False,0.2413761466741562
2399,clip_b32,grayscale,4,4,4,True,False,0.22075216472148895
2414,clip_b32,grayscale,9,9,9,True,False,0.18420904874801636
2427,clip_b32,grayscale,5,5,5,True,False,0.22546181082725525
2458,clip_b32,grayscale,5,5,5,True,False,0.22983285784721375
2501,clip_b32,grayscale,7,7,7,True,False,0.23008784651756287
2502,clip_b32,grayscale,2,2,2,True,False,0.24468784034252167
2536,clip_b32,grayscale,3,3,3,True,False,0.2186032086610794
2539,clip_b32,grayscale,3,3,3,True,False,0.23185108602046967
2610,clip_b32,grayscale,6,6,6,True,False,0.20360976457595825
2623,clip_b32,grayscale,5,5,4,False,True,0.1528862714767456
2655,clip_b32,grayscale,9,9,9,True,False,0.19259311258792877
2668,clip_b32,grayscale,7,7,7,True,False,0.22895357012748718
2676,clip_b32,grayscale,6,6,6,True,False,0.16692963242530823
2687,clip_b32,grayscale,1,1,1,True,False,0.25046131014823914
2690,clip_b32,grayscale,1,1,1,True,False,0.23702570796012878
2704,clip_b32,grayscale,4,4,4,True,False,0.25855574011802673
2745,clip_b32,grayscale,8,8,8,True,False,0.2994500398635864
2746,clip_b32,grayscale,7,7,7,True,False,0.22966374456882477
2750,clip_b32,grayscale,0,0,8,False,True,0.1617838591337204
2754,clip_b32,grayscale,3,3,3,True,False,0.2528194487094879
2757,clip_b32,grayscale,4,4,4,True,False,0.264106422662735
2766,clip_b32,grayscale,5,5,5,True,False,0.2377452254295349
2807,clip_b32,grayscale,5,5,3,False,True,0.1465287059545517
2844,clip_b32,grayscale,8,8,8,True,False,0.2711033523082733
2854,clip_b32,grayscale,7,7,7,True,False,0.2179722934961319
2861,clip_b32,grayscale,3,3,3,True,False,0.22449131309986115
2888,clip_b32,grayscale,0,0,0,True,False,0.25087448954582214
2898,clip_b32,grayscale,4,4,4,True,False,0.2946709990501404
2950,clip_b32,grayscale,5,5,5,True,False,0.21197907626628876
2958,clip_b32,grayscale,6,6,6,True,False,0.26149502396583557
3015,clip_b32,grayscale,8,8,8,True,False,0.3124774396419525
3024,clip_b32,grayscale,2,2,2,True,False,0.2506844103336334
3025,clip_b32,grayscale,0,0,0,True,False,0.22815942764282227
3034,clip_b32,grayscale,4,4,4,True,False,0.27548879384994507
3067,clip_b32,grayscale,2,2,2,True,False,0.23542772233486176
3078,clip_b32,grayscale,4,4,4,True,False,0.2750473916530609
3079,clip_b32,grayscale,1,1,1,True,False,0.2624388337135315
3083,clip_b32,grayscale,0,0,0,True,False,0.24048633873462677
3122,clip_b32,grayscale,4,4,4,True,False,0.21682262420654297
3153,clip_b32,grayscale,7,7,7,True,False,0.1684478521347046
3157,clip_b32,grayscale,8,8,8,True,False,0.2479284107685089
3163,clip_b32,grayscale,2,2,2,True,False,0.25981947779655457
3179,clip_b32,grayscale,4,4,4,True,False,0.2877502143383026
3191,clip_b32,grayscale,6,6,6,True,False,0.15950240194797516
3276,clip_b32,grayscale,3,7,3,True,True,0.16764137148857117
3287,clip_b32,grayscale,4,4,4,True,False,0.3171071410179138
3288,clip_b32,grayscale,7,7,7,True,False,0.24604418873786926
3292,clip_b32,grayscale,6,6,6,True,False,0.14149753749370575
3318,clip_b32,grayscale,9,9,9,True,False,0.20204418897628784
3347,clip_b32,grayscale,0,0,0,True,False,0.27128615975379944
3353,clip_b32,grayscale,5,5,5,True,False,0.15705455839633942
3362,clip_b32,grayscale,2,2,2,True,False,0.2386411875486374
3365,clip_b32,grayscale,4,4,4,True,False,0.2776622176170349
3375,clip_b32,grayscale,3,3,3,True,False,0.22220559418201447
3383,clip_b32,grayscale,3,3,3,True,False,0.24925021827220917
3404,clip_b32,grayscale,7,7,7,True,False,0.2473185807466507
3412,clip_b32,grayscale,8,8,8,True,False,0.28438231348991394
3413,clip_b32,grayscale,1,1,1,True,False,0.29483723640441895
3418,clip_b32,grayscale,6,6,6,True,False,0.25010770559310913
3437,clip_b32,grayscale,0,0,0,True,False,0.20067773759365082
3446,clip_b32,grayscale,7,7,7,True,False,0.21232913434505463
3454,clip_b32,grayscale,2,2,2,True,False,0.2696468234062195
3455,clip_b32,grayscale,0,0,0,True,False,0.2357707917690277
3458,clip_b32,grayscale,4,4,4,True,False,0.29698124527931213
3467,clip_b32,grayscale,7,7,7,True,False,0.20710152387619019
3491,clip_b32,grayscale,1,1,1,True,False,0.24501073360443115
3494,clip_b32,grayscale,6,6,6,True,False,0.25764763355255127
3512,clip_b32,grayscale,4,4,4,True,False,0.23214274644851685
3515,clip_b32,grayscale,6,6,6,True,False,0.22413823008537292
3542,clip_b32,grayscale,7,7,7,True,False,0.26734015345573425
3550,clip_b32,grayscale,1,1,1,True,False,0.1934177428483963
3562,clip_b32,grayscale,3,3,4,False,True,0.15911518037319183
3755,clip_b32,grayscale,2,2,2,True,False,0.22644779086112976
3763,clip_b32,grayscale,4,4,4,True,False,0.3017956614494324
3777,clip_b32,grayscale,6,6,6,True,False,0.21449433267116547
3778,clip_b32,grayscale,3,3,3,True,False,0.18015645444393158
3779,clip_b32,grayscale,6,6,6,True,False,0.24711668491363525
3844,clip_b32,grayscale,6,6,6,True,False,0.22608697414398193
3851,clip_b32,grayscale,3,3,3,True,False,0.20433934032917023
3852,clip_b32,grayscale,5,5,5,True,False,0.21871817111968994
3863,clip_b32,grayscale,5,5,5,True,False,0.21470439434051514
3867,clip_b32,grayscale,7,7,7,True,False,0.2528272271156311
3876,clip_b32,grayscale,0,0,0,True,False,0.19751402735710144
3889,clip_b32,grayscale,5,5,5,True,False,0.2335917055606842
3891,clip_b32,grayscale,4,4,4,True,False,0.21804960072040558
3893,clip_b32,grayscale,9,9,9,True,False,0.19663988053798676
3905,clip_b32,grayscale,8,8,8,True,False,0.2921958565711975
3914,clip_b32,grayscale,3,3,3,True,False,0.255921870470047
3937,clip_b32,grayscale,1,1,1,True,False,0.266072154045105
3942,clip_b32,grayscale,9,9,9,True,False,0.23005688190460205
3948,clip_b32,grayscale,8,8,8,True,False,0.23335637152194977
3962,clip_b32,grayscale,6,6,6,True,False,0.20925229787826538
3965,clip_b32,grayscale,0,0,0,True,False,0.23624204099178314
3994,clip_b32,grayscale,4,4,4,True,False,0.2803812026977539
3996,clip_b32,grayscale,9,9,9,True,False,0.2337179183959961
4011,clip_b32,grayscale,6,6,6,True,False,0.29114776849746704
4023,clip_b32,grayscale,3,3,3,True,False,0.1601422131061554
4054,clip_b32,grayscale,4,4,4,True,False,0.24291609227657318
4065,clip_b32,grayscale,2,2,2,True,False,0.20198604464530945
4069,clip_b32,grayscale,8,8,8,True,False,0.14283397793769836
4093,clip_b32,grayscale,6,6,6,True,False,0.21055036783218384
4094,clip_b32,grayscale,9,9,9,True,False,0.21147415041923523
4106,clip_b32,grayscale,5,5,5,True,False,0.17390568554401398
4130,clip_b32,grayscale,0,0,0,True,False,0.2439143806695938
4168,clip_b32,grayscale,3,3,3,True,False,0.21222059428691864
4170,clip_b32,grayscale,8,8,8,True,False,0.265546590089798
4172,clip_b32,grayscale,7,7,7,True,False,0.2175179421901703
4177,clip_b32,grayscale,8,8,8,True,False,0.30234017968177795
4215,clip_b32,grayscale,3,3,3,True,False,0.15687623620033264
4229,clip_b32,grayscale,3,3,3,True,False,0.24911408126354218
4236,clip_b32,grayscale,7,7,7,True,False,0.1744048148393631
4242,clip_b32,grayscale,8,8,8,True,False,0.28025728464126587
4254,clip_b32,grayscale,6,6,6,True,False,0.2325139343738556
4290,clip_b32,grayscale,5,4,1,False,True,0.16388562321662903
4298,clip_b32,grayscale,1,1,1,True,False,0.27646929025650024
4308,clip_b32,grayscale,7,7,7,True,False,0.17063632607460022
4311,clip_b32,grayscale,8,8,8,True,False,0.3031519651412964
4323,clip_b32,grayscale,3,3,3,True,False,0.1905471533536911
4330,clip_b32,grayscale,3,5,3,True,True,0.20827871561050415
4341,clip_b32,grayscale,6,6,6,True,False,0.23703789710998535
4355,clip_b32,grayscale,8,8,8,True,False,0.24513600766658783
4399,clip_b32,grayscale,0,0,0,True,False,0.22210419178009033
4403,clip_b32,grayscale,7,7,7,True,False,0.2743145227432251
4411,clip_b32,grayscale,6,6,6,True,False,0.19370238482952118
4449,clip_b32,grayscale,9,9,9,True,False,0.17644909024238586
4463,clip_b32,grayscale,3,3,3,True,False,0.2359948307275772
4531,clip_b32,grayscale,3,3,3,True,False,0.20161566138267517
4539,clip_b32,grayscale,0,0,0,True,False,0.27507340908050537
4547,clip_b32,grayscale,5,5,5,True,False,0.22162659466266632
4552,clip_b32,grayscale,8,8,8,True,False,0.20541198551654816
4570,clip_b32,grayscale,5,5,5,True,False,0.21788707375526428
4590,clip_b32,grayscale,3,3,3,True,False,0.2185019999742508
4609,clip_b32,grayscale,3,3,7,False,True,0.219845250248909
4615,clip_b32,grayscale,0,0,0,True,False,0.2561812400817871
4617,clip_b32,grayscale,0,0,0,True,False,0.2757583260536194
4620,clip_b32,grayscale,6,6,6,True,False,0.230584055185318
4629,clip_b32,grayscale,4,4,4,True,False,0.2584635615348816
4640,clip_b32,grayscale,1,1,7,False,True,0.16703180968761444
4642,clip_b32,grayscale,4,4,4,True,False,0.279122531414032
4661,clip_b32,grayscale,7,7,7,True,False,0.2875741422176361
4662,clip_b32,grayscale,8,8,8,True,False,0.3371715545654297
4675,clip_b32,grayscale,0,0,0,True,False,0.23249070346355438
4676,clip_b32,grayscale,8,8,8,True,False,0.2836630642414093
4704,clip_b32,grayscale,7,7,7,True,False,0.25551241636276245
4723,clip_b32,grayscale,9,9,9,True,False,0.19199804961681366
4731,clip_b32,grayscale,6,6,6,True,False,0.25370314717292786
4735,clip_b32,grayscale,2,2,2,True,False,0.22135402262210846
4740,clip_b32,grayscale,4,4,4,True,False,0.24689210951328278
4746,clip_b32,grayscale,6,6,6,True,False,0.24687333405017853
4748,clip_b32,grayscale,7,7,7,True,False,0.25575584173202515
4754,clip_b32,grayscale,6,6,6,True,False,0.23122897744178772
4785,clip_b32,grayscale,0,0,0,True,False,0.22099719941616058
4791,clip_b32,grayscale,7,7,7,True,False,0.2507416009902954
4819,clip_b32,grayscale,0,0,0,True,False,0.2683658003807068
4821,clip_b32,grayscale,3,3,3,True,False,0.19534283876419067
4827,clip_b32,grayscale,6,6,6,True,False,0.18832634389400482
4850,clip_b32,grayscale,5,5,5,True,False,0.22650370001792908
4881,clip_b32,grayscale,3,3,1,False,True,0.12164583057165146
4893,clip_b32,grayscale,0,0,0,True,False,0.2854466438293457
4908,clip_b32,grayscale,3,3,3,True,False,0.24159100651741028
4913,clip_b32,grayscale,2,2,2,True,False,0.23331870138645172
4921,clip_b32,grayscale,2,2,2,True,False,0.21136805415153503
4953,clip_b32,grayscale,5,5,5,True,False,0.15100155770778656
4966,clip_b32,grayscale,5,5,5,True,False,0.18332251906394958
4990,clip_b32,grayscale,8,8,8,True,False,0.18933753669261932
5000,clip_b32,grayscale,8,8,8,True,False,0.2601280212402344
5030,clip_b32,grayscale,2,2,2,True,False,0.2549973130226135
5062,clip_b32,grayscale,4,4,4,True,False,0.25905728340148926
5077,clip_b32,grayscale,4,4,4,True,False,0.23008067905902863
5082,clip_b32,grayscale,6,6,6,True,False,0.24530766904354095
5092,clip_b32,grayscale,1,1,1,True,False,0.2380554974079132
5101,clip_b32,grayscale,5,5,5,True,False,0.2144504338502884
5117,clip_b32,grayscale,0,0,0,True,False,0.26113465428352356
5123,clip_b32,grayscale,1,1,1,True,False,0.1979568898677826
5135,clip_b32,grayscale,4,4,4,True,False,0.22037260234355927
5183,clip_b32,grayscale,2,2,2,True,False,0.22594773769378662
5213,clip_b32,grayscale,4,4,4,True,False,0.2570861876010895
5218,clip_b32,grayscale,2,2,2,True,False,0.2620723843574524
5220,clip_b32,grayscale,1,3,3,False,False,0.13755086064338684
5237,clip_b32,grayscale,2,2,2,True,False,0.20879119634628296
5256,clip_b32,grayscale,1,1,1,True,False,0.21831706166267395
5284,clip_b32,grayscale,9,9,9,True,False,0.1699659824371338
5301,clip_b32,grayscale,9,9,9,True,False,0.17913855612277985
5318,clip_b32,grayscale,2,2,2,True,False,0.15906746685504913
5332,clip_b32,grayscale,5,5,5,True,False,0.16191786527633667
5333,clip_b32,grayscale,2,2,2,True,False,0.27030783891677856
5360,clip_b32,grayscale,9,9,9,True,False,0.20400753617286682
5381,clip_b32,grayscale,5,5,5,True,False,0.20941214263439178
5382,clip_b32,grayscale,6,6,6,True,False,0.1745777428150177
5395,clip_b32,grayscale,2,2,2,True,False,0.27487990260124207
5402,clip_b32,grayscale,4,4,4,True,False,0.3190407156944275
5408,clip_b32,grayscale,6,6,6,True,False,0.20928601920604706
5436,clip_b32,grayscale,7,7,7,True,False,0.2109510600566864
5447,clip_b32,grayscale,9,9,9,True,False,0.19709022343158722
5450,clip_b32,grayscale,7,7,7,True,False,0.25357428193092346
5451,clip_b32,grayscale,8,8,8,True,False,0.27866819500923157
5452,clip_b32,grayscale,9,9,9,True,False,0.18466554582118988
5467,clip_b32,grayscale,4,4,4,True,False,0.2655488848686218
5478,clip_b32,grayscale,0,0,0,True,False,0.2299889624118805
5488,clip_b32,grayscale,1,1,1,True,False,0.16468219459056854
5496,clip_b32,grayscale,5,5,5,True,False,0.2187061458826065
5508,clip_b32,grayscale,9,9,9,True,False,0.2387673556804657
5512,clip_b32,grayscale,2,9,9,False,False,0.16756829619407654
5525,clip_b32,grayscale,8,8,8,True,False,0.2791050672531128
5528,clip_b32,grayscale,3,3,3,True,False,0.2122061848640442
5556,clip_b32,grayscale,4,4,4,True,False,0.296127051115036
5560,clip_b32,grayscale,1,1,1,True,False,0.18244421482086182
5572,clip_b32,grayscale,9,9,9,True,False,0.17704354226589203
5580,clip_b32,grayscale,6,6,6,True,False,0.18874801695346832
5590,clip_b32,grayscale,9,9,9,True,False,0.1816071718931198
5623,clip_b32,grayscale,4,4,4,True,False,0.27311447262763977
5677,clip_b32,grayscale,2,2,2,True,False,0.24887406826019287
5694,clip_b32,grayscale,8,8,8,True,False,0.2729842960834503
5701,clip_b32,grayscale,5,5,5,True,False,0.2094656080007553
5705,clip_b32,grayscale,8,8,8,True,False,0.336698979139328
5719,clip_b32,grayscale,7,7,7,True,False,0.23846426606178284
5729,clip_b32,grayscale,6,6,6,True,False,0.21700707077980042
5756,clip_b32,grayscale,2,2,2,True,False,0.26663342118263245
5788,clip_b32,grayscale,9,9,9,True,False,0.20470045506954193
5789,clip_b32,grayscale,4,4,4,True,False,0.2947874069213867
5824,clip_b32,grayscale,2,2,9,False,True,0.15760158002376556
5848,clip_b32,grayscale,7,7,7,True,False,0.2627207636833191
5851,clip_b32,grayscale,9,9,9,True,False,0.2587035000324249
5857,clip_b32,grayscale,6,6,6,True,False,0.2045724093914032
5858,clip_b32,grayscale,6,6,6,True,False,0.18011148273944855
5912,clip_b32,grayscale,0,0,0,True,False,0.26027247309684753
5915,clip_b32,grayscale,9,9,9,True,False,0.20457279682159424
5918,clip_b32,grayscale,0,0,0,True,False,0.24893826246261597
5924,clip_b32,grayscale,5,5,7,False,True,0.15033948421478271
5977,clip_b32,grayscale,7,7,7,True,False,0.2615281939506531
5981,clip_b32,grayscale,9,9,9,True,False,0.17496943473815918
5999,clip_b32,grayscale,0,0,0,True,False,0.22671915590763092
6028,clip_b32,grayscale,2,2,2,True,False,0.25496387481689453
6033,clip_b32,grayscale,4,4,4,True,False,0.14635498821735382
6076,clip_b32,grayscale,1,1,1,True,False,0.2556132972240448
6084,clip_b32,grayscale,7,7,7,True,False,0.2851642072200775
6097,clip_b32,grayscale,4,4,4,True,False,0.28820836544036865
6169,clip_b32,grayscale,1,1,6,False,True,0.1146906241774559
6190,clip_b32,grayscale,7,7,7,True,False,0.2857893705368042
6224,clip_b32,grayscale,5,5,5,True,False,0.18245558440685272
6244,clip_b32,grayscale,2,2,2,True,False,0.20342101156711578
6264,clip_b32,grayscale,2,2,2,True,False,0.26660895347595215
6271,clip_b32,grayscale,2,2,2,True,False,0.266146183013916
6288,clip_b32,grayscale,4,4,4,True,False,0.24554894864559174
6332,clip_b32,grayscale,2,2,2,True,False,0.2241402566432953
6349,clip_b32,grayscale,1,1,1,True,False,0.1715930551290512
6354,clip_b32,grayscale,2,2,2,True,False,0.17009976506233215
6358,clip_b32,grayscale,5,5,5,True,False,0.15752585232257843
6381,clip_b32,grayscale,6,6,6,True,False,0.24001307785511017
6414,clip_b32,grayscale,5,5,5,True,False,0.13140907883644104
6426,clip_b32,grayscale,2,2,2,True,False,0.2822660803794861
6434,clip_b32,grayscale,8,8,8,True,False,0.28616616129875183
6437,clip_b32,grayscale,0,0,0,True,False,0.2518515884876251
6455,clip_b32,grayscale,0,0,0,True,False,0.2349463403224945
6490,clip_b32,grayscale,3,3,3,True,False,0.1771184206008911
6503,clip_b32,grayscale,2,2,2,True,False,0.20656751096248627
6508,clip_b32,grayscale,4,4,4,True,False,0.2822706401348114
6528,clip_b32,grayscale,4,4,4,True,False,0.19566886126995087
6594,clip_b32,grayscale,1,1,1,True,False,0.2084137201309204
6609,clip_b32,grayscale,0,0,0,True,False,0.26269975304603577
6616,clip_b32,grayscale,2,2,2,True,False,0.21398867666721344
6650,clip_b32,grayscale,7,7,7,True,False,0.23583365976810455
6689,clip_b32,grayscale,8,8,8,True,False,0.21628455817699432
6692,clip_b32,grayscale,2,2,2,True,False,0.2127450555562973
6713,clip_b32,grayscale,6,6,6,True,False,0.1982795149087906
6716,clip_b32,grayscale,5,5,5,True,False,0.14245016872882843
6726,clip_b32,grayscale,7,7,7,True,False,0.2034420371055603
6733,clip_b32,grayscale,1,1,1,True,False,0.1707882285118103
6772,clip_b32,grayscale,7,7,7,True,False,0.13958309590816498
6805,clip_b32,grayscale,1,1,1,True,False,0.19322657585144043
6836,clip_b32,grayscale,1,1,1,True,False,0.20120032131671906
6844,clip_b32,grayscale,0,0,0,True,False,0.24767374992370605
6922,clip_b32,grayscale,5,5,5,True,False,0.2326672375202179
6931,clip_b32,grayscale,9,9,9,True,False,0.18015073239803314
6938,clip_b32,grayscale,1,1,1,True,False,0.26964861154556274
6952,clip_b32,grayscale,3,3,3,True,False,0.19786980748176575
6954,clip_b32,grayscale,1,1,1,True,False,0.19128760695457458
6986,clip_b32,grayscale,0,0,0,True,False,0.24041995406150818
6989,clip_b32,grayscale,5,5,5,True,False,0.18668068945407867
7009,clip_b32,grayscale,0,0,0,True,False,0.2028001844882965
7029,clip_b32,grayscale,1,1,1,True,False,0.2464076429605484
7033,clip_b32,grayscale,1,1,1,True,False,0.20868776738643646
7041,clip_b32,grayscale,5,5,6,False,True,0.12809300422668457
7047,clip_b32,grayscale,9,9,9,True,False,0.22150030732154846
7081,clip_b32,grayscale,7,7,7,True,False,0.22318018972873688
7084,clip_b32,grayscale,2,2,2,True,False,0.2075737863779068
7108,clip_b32,grayscale,6,6,6,True,False,0.2264225333929062
7130,clip_b32,grayscale,5,5,5,True,False,0.20818190276622772
7138,clip_b32,grayscale,8,8,8,True,False,0.24042151868343353
7150,clip_b32,grayscale,0,0,0,True,False,0.27083444595336914
7202,clip_b32,grayscale,1,1,1,True,False,0.22142437100410461
7262,clip_b32,grayscale,0,0,0,True,False,0.27034786343574524
7266,clip_b32,grayscale,9,9,9,True,False,0.18875713646411896
7270,clip_b32,grayscale,7,7,7,True,False,0.16130463778972626
7309,clip_b32,grayscale,0,0,0,True,False,0.21945969760417938
7320,clip_b32,grayscale,0,0,0,True,False,0.2271922379732132
7338,clip_b32,grayscale,6,6,6,True,False,0.21594040095806122
7372,clip_b32,grayscale,0,0,0,True,False,0.2484835833311081
7373,clip_b32,grayscale,0,0,0,True,False,0.25912508368492126
7380,clip_b32,grayscale,9,9,9,True,False,0.2471056431531906
7390,clip_b32,grayscale,1,1,1,True,False,0.22643165290355682
7413,clip_b32,grayscale,5,3,3,False,False,0.1702989935874939
7416,clip_b32,grayscale,3,3,3,True,False,0.1989217847585678
7425,clip_b32,grayscale,2,2,2,True,False,0.2568565607070923
7446,clip_b32,grayscale,8,8,8,True,False,0.2343083918094635
7460,clip_b32,grayscale,8,8,8,True,False,0.1817406862974167
7465,clip_b32,grayscale,0,0,0,True,False,0.24620959162712097
7474,clip_b32,grayscale,5,5,5,True,False,0.24930743873119354
7475,clip_b32,grayscale,4,4,4,True,False,0.3140217363834381
7476,clip_b32,grayscale,8,8,8,True,False,0.19305875897407532
7544,clip_b32,grayscale,9,9,9,True,False,0.20017190277576447
7555,clip_b32,grayscale,6,6,6,True,False,0.16067658364772797
7600,clip_b32,grayscale,6,6,6,True,False,0.25016286969184875
7610,clip_b32,grayscale,4,4,4,True,False,0.2649655342102051
7634,clip_b32,grayscale,0,0,0,True,False,0.29470473527908325
7692,clip_b32,grayscale,4,4,4,True,False,0.24181006848812103
7706,clip_b32,grayscale,5,5,5,True,False,0.15142089128494263
7726,clip_b32,grayscale,6,6,6,True,False,0.2180991917848587
7744,clip_b32,grayscale,3,3,3,True,False,0.2055022418498993
7752,clip_b32,grayscale,9,9,9,True,False,0.2032722681760788
7776,clip_b32,grayscale,5,5,5,True,False,0.14526572823524475
7779,clip_b32,grayscale,6,6,6,True,False,0.22398047149181366
7781,clip_b32,grayscale,6,6,6,True,False,0.2581276297569275
7793,clip_b32,grayscale,3,3,3,True,False,0.19125081598758698
7797,clip_b32,grayscale,3,3,3,True,False,0.21691907942295074
7810,clip_b32,grayscale,8,8,8,True,False,0.23255802690982819
7818,clip_b32,grayscale,8,8,8,True,False,0.29014962911605835
7835,clip_b32,grayscale,7,7,7,True,False,0.24002113938331604
7864,clip_b32,grayscale,4,4,4,True,False,0.3082137703895569
7875,clip_b32,grayscale,8,8,8,True,False,0.2409956455230713
7938,clip_b32,grayscale,9,9,9,True,False,0.18640831112861633
7940,clip_b32,grayscale,4,4,4,True,False,0.24745593965053558
7944,clip_b32,grayscale,4,4,4,True,False,0.20057804882526398
7955,clip_b32,grayscale,1,1,1,True,False,0.2349403202533722
7995,clip_b32,grayscale,9,9,2,False,True,0.17262911796569824
7996,clip_b32,grayscale,6,6,6,True,False,0.2665817141532898
7999,clip_b32,grayscale,8,8,8,True,False,0.25651994347572327
3,clip_zero_shot,grayscale,0,0,0,True,False,0.8498161435127258
29,clip_zero_shot,grayscale,7,7,7,True,False,0.9998267292976379
35,clip_zero_shot,grayscale,2,2,0,False,True,0.4671812653541565
42,clip_zero_shot,grayscale,0,0,0,True,False,0.9251315593719482
49,clip_zero_shot,grayscale,2,2,2,True,False,0.98395836353302
81,clip_zero_shot,grayscale,0,0,0,True,False,0.8085265159606934
95,clip_zero_shot,grayscale,1,1,1,True,False,0.9977602958679199
97,clip_zero_shot,grayscale,5,5,5,True,False,0.5516606569290161
116,clip_zero_shot,grayscale,1,1,1,True,False,0.9966306090354919
131,clip_zero_shot,grayscale,9,9,9,True,False,0.9543821811676025
151,clip_zero_shot,grayscale,8,8,8,True,False,0.9892541170120239
171,clip_zero_shot,grayscale,4,4,4,True,False,0.9972226619720459
176,clip_zero_shot,grayscale,3,3,3,True,False,0.7909373044967651
191,clip_zero_shot,grayscale,9,9,9,True,False,0.6398096680641174
194,clip_zero_shot,grayscale,8,8,8,True,False,0.9960351586341858
198,clip_zero_shot,grayscale,1,1,1,True,False,0.998840868473053
239,clip_zero_shot,grayscale,9,9,9,True,False,0.9900117516517639
261,clip_zero_shot,grayscale,1,1,1,True,False,0.9911925196647644
269,clip_zero_shot,grayscale,7,7,7,True,False,0.9969848990440369
276,clip_zero_shot,grayscale,9,9,9,True,False,0.8693503737449646
303,clip_zero_shot,grayscale,9,9,9,True,False,0.9905748963356018
304,clip_zero_shot,grayscale,1,1,1,True,False,0.9188573360443115
317,clip_zero_shot,grayscale,2,2,2,True,False,0.9781476855278015
319,clip_zero_shot,grayscale,5,5,5,True,False,0.9690779447555542
323,clip_zero_shot,grayscale,7,7,7,True,False,0.9989832043647766
365,clip_zero_shot,grayscale,3,3,3,True,False,0.9618263840675354
370,clip_zero_shot,grayscale,7,7,7,True,False,0.9984501600265503
372,clip_zero_shot,grayscale,3,3,3,True,False,0.8722258806228638
378,clip_zero_shot,grayscale,5,5,5,True,False,0.9901540875434875
391,clip_zero_shot,grayscale,3,4,3,True,True,0.4835056960582733
409,clip_zero_shot,grayscale,2,2,2,True,False,0.9807233214378357
419,clip_zero_shot,grayscale,9,9,9,True,False,0.9467482566833496
449,clip_zero_shot,grayscale,6,6,6,True,False,0.9959703683853149
470,clip_zero_shot,grayscale,2,2,2,True,False,0.9858136773109436
483,clip_zero_shot,grayscale,2,2,2,True,False,0.9701746106147766
484,clip_zero_shot,grayscale,0,0,0,True,False,0.9838550686836243
506,clip_zero_shot,grayscale,4,4,4,True,False,0.9889816641807556
545,clip_zero_shot,grayscale,6,6,6,True,False,0.9141892790794373
562,clip_zero_shot,grayscale,0,0,0,True,False,0.6246522068977356
568,clip_zero_shot,grayscale,5,5,5,True,False,0.9150033593177795
603,clip_zero_shot,grayscale,9,9,9,True,False,0.9372487664222717
632,clip_zero_shot,grayscale,3,3,3,True,False,0.961948573589325
645,clip_zero_shot,grayscale,5,5,5,True,False,0.9524251222610474
667,clip_zero_shot,grayscale,8,8,8,True,False,0.9990467429161072
672,clip_zero_shot,grayscale,3,3,3,True,False,0.7156671285629272
677,clip_zero_shot,grayscale,3,3,3,True,False,0.9659153819084167
685,clip_zero_shot,grayscale,5,5,5,True,False,0.9531644582748413
691,clip_zero_shot,grayscale,4,4,4,True,False,0.9985523819923401
706,clip_zero_shot,grayscale,8,8,8,True,False,0.9992750287055969
714,clip_zero_shot,grayscale,2,2,2,True,False,0.7419965863227844
716,clip_zero_shot,grayscale,8,8,8,True,False,0.9781860709190369
738,clip_zero_shot,grayscale,3,3,3,True,False,0.9555885195732117
739,clip_zero_shot,grayscale,8,8,8,True,False,0.9932447075843811
766,clip_zero_shot,grayscale,4,6,4,True,True,0.5876813530921936
791,clip_zero_shot,grayscale,3,3,3,True,False,0.9830937385559082
805,clip_zero_shot,grayscale,9,9,9,True,False,0.9347036480903625
825,clip_zero_shot,grayscale,1,1,1,True,False,0.9902408123016357
852,clip_zero_shot,grayscale,9,9,9,True,False,0.9957346320152283
855,clip_zero_shot,grayscale,4,4,4,True,False,0.9986193180084229
873,clip_zero_shot,grayscale,6,6,6,True,False,0.9797453284263611
890,clip_zero_shot,grayscale,6,6,6,True,False,0.9974703788757324
920,clip_zero_shot,grayscale,6,6,6,True,False,0.9981732368469238
929,clip_zero_shot,grayscale,6,6,6,True,False,0.996946394443512
962,clip_zero_shot,grayscale,8,8,8,True,False,0.9927720427513123
964,clip_zero_shot,grayscale,6,6,6,True,False,0.9799181818962097
977,clip_zero_shot,grayscale,6,6,6,True,False,0.9982885718345642
979,clip_zero_shot,grayscale,3,3,3,True,False,0.9707115888595581
981,clip_zero_shot,grayscale,2,2,2,True,False,0.9773352146148682
1022,clip_zero_shot,grayscale,9,9,2,False,True,0.6159558892250061
1032,clip_zero_shot,grayscale,7,7,7,True,False,0.627090573310852
1048,clip_zero_shot,grayscale,7,7,7,True,False,0.8316731452941895
1090,clip_zero_shot,grayscale,1,1,1,True,False,0.9906020164489746
1095,clip_zero_shot,grayscale,5,5,5,True,False,0.932094156742096
1109,clip_zero_shot,grayscale,1,1,1,True,False,0.981886625289917
1111,clip_zero_shot,grayscale,4,4,4,True,False,0.9914293885231018
1115,clip_zero_shot,grayscale,1,1,1,True,False,0.9856297373771667
1124,clip_zero_shot,grayscale,4,4,4,True,False,0.9987896084785461
1129,clip_zero_shot,grayscale,8,8,8,True,False,0.9975136518478394
1175,clip_zero_shot,grayscale,0,0,0,True,False,0.9477682709693909
1202,clip_zero_shot,grayscale,2,2,2,True,False,0.9913166761398315
1204,clip_zero_shot,grayscale,3,3,3,True,False,0.6959881782531738
1211,clip_zero_shot,grayscale,4,4,4,True,False,0.9295297265052795
1220,clip_zero_shot,grayscale,7,7,7,True,False,0.9962831139564514
1230,clip_zero_shot,grayscale,1,1,7,False,True,0.5570117235183716
1247,clip_zero_shot,grayscale,8,8,8,True,False,0.9831211566925049
1263,clip_zero_shot,grayscale,3,4,4,False,False,0.8446897268295288
1266,clip_zero_shot,grayscale,4,4,4,True,False,0.9980009198188782
1287,clip_zero_shot,grayscale,7,7,7,True,False,0.892136812210083
1296,clip_zero_shot,grayscale,7,7,7,True,False,0.42854708433151245
1370,clip_zero_shot,grayscale,3,3,3,True,False,0.9641633629798889
1389,clip_zero_shot,grayscale,0,0,0,True,False,0.9873930811882019
1401,clip_zero_shot,grayscale,3,3,3,True,False,0.7835546731948853
1403,clip_zero_shot,grayscale,2,2,2,True,False,0.952278733253479
1411,clip_zero_shot,grayscale,9,9,9,True,False,0.9724067449569702
1429,clip_zero_shot,grayscale,4,4,4,True,False,0.8693004250526428
1430,clip_zero_shot,grayscale,9,9,9,True,False,0.9853723645210266
1431,clip_zero_shot,grayscale,3,3,3,True,False,0.944908857345581
1436,clip_zero_shot,grayscale,1,1,1,True,False,0.9984232187271118
1440,clip_zero_shot,grayscale,7,7,7,True,False,0.9994862079620361
1468,clip_zero_shot,grayscale,9,9,9,True,False,0.7946553826332092
1473,clip_zero_shot,grayscale,7,7,7,True,False,0.9996621608734131
1515,clip_zero_shot,grayscale,9,9,9,True,False,0.9794195294380188
1520,clip_zero_shot,grayscale,2,2,2,True,False,0.9048547744750977
1531,clip_zero_shot,grayscale,3,4,4,False,False,0.6361740827560425
1534,clip_zero_shot,grayscale,6,6,6,True,False,0.9008697271347046
1552,clip_zero_shot,grayscale,5,5,4,False,True,0.9907870888710022
1553,clip_zero_shot,grayscale,0,0,0,True,False,0.9820184707641602
1563,clip_zero_shot,grayscale,3,7,7,False,False,0.41646111011505127
1568,clip_zero_shot,grayscale,1,1,1,True,False,0.9911428689956665
1579,clip_zero_shot,grayscale,7,7,7,True,False,0.995643138885498
1586,clip_zero_shot,grayscale,2,2,2,True,False,0.9854369759559631
1596,clip_zero_shot,grayscale,0,0,0,True,False,0.9621316194534302
1626,clip_zero_shot,grayscale,5,5,5,True,False,0.9668141007423401
1640,clip_zero_shot,grayscale,8,8,8,True,False,0.9986075758934021
1644,clip_zero_shot,grayscale,5,5,5,True,False,0.96123868227005
1648,clip_zero_shot,grayscale,0,0,0,True,False,0.9889357686042786
1654,clip_zero_shot,grayscale,9,9,9,True,False,0.9755208492279053
1667,clip_zero_shot,grayscale,6,6,6,True,False,0.9644799828529358
1703,clip_zero_shot,grayscale,7,7,7,True,False,0.9749588966369629
1711,clip_zero_shot,grayscale,7,7,7,True,False,0.9992108345031738
1771,clip_zero_shot,grayscale,7,7,7,True,False,0.9868365526199341
1783,clip_zero_shot,grayscale,8,8,8,True,False,0.9977210164070129
1814,clip_zero_shot,grayscale,2,2,2,True,False,0.9692268371582031
1833,clip_zero_shot,grayscale,8,8,8,True,False,0.9938145875930786
1836,clip_zero_shot,grayscale,9,9,9,True,False,0.9917821884155273
1839,clip_zero_shot,grayscale,2,2,2,True,False,0.9786717891693115
1852,clip_zero_shot,grayscale,1,1,1,True,False,0.9986934065818787
1871,clip_zero_shot,grayscale,1,1,1,True,False,0.9933104515075684
1877,clip_zero_shot,grayscale,5,5,4,False,True,0.44983911514282227
1884,clip_zero_shot,grayscale,7,7,7,True,False,0.9706066846847534
1927,clip_zero_shot,grayscale,7,7,7,True,False,0.9937965869903564
1954,clip_zero_shot,grayscale,8,8,8,True,False,0.9886243343353271
1956,clip_zero_shot,grayscale,7,7,7,True,False,0.9814921021461487
1960,clip_zero_shot,grayscale,4,4,4,True,False,0.980537474155426
1977,clip_zero_shot,grayscale,0,0,0,True,False,0.8305562138557434
1986,clip_zero_shot,grayscale,1,1,1,True,False,0.9802888631820679
1993,clip_zero_shot,grayscale,1,1,1,True,False,0.9983738660812378
2003,clip_zero_shot,grayscale,6,6,6,True,False,0.9805269241333008
2011,clip_zero_shot,grayscale,9,9,9,True,False,0.9760138988494873
2024,clip_zero_shot,grayscale,0,0,0,True,False,0.9231032729148865
2028,clip_zero_shot,grayscale,3,3,3,True,False,0.9549137353897095
2062,clip_zero_shot,grayscale,9,9,9,True,False,0.9923869371414185
2070,clip_zero_shot,grayscale,1,1,1,True,False,0.9961413741111755
2082,clip_zero_shot,grayscale,2,2,2,True,False,0.7495250701904297
2095,clip_zero_shot,grayscale,1,1,1,True,False,0.97504723072052
2109,clip_zero_shot,grayscale,8,8,8,True,False,0.9993053674697876
2114,clip_zero_shot,grayscale,9,9,9,True,False,0.7865790724754333
2116,clip_zero_shot,grayscale,1,1,1,True,False,0.9772781729698181
2157,clip_zero_shot,grayscale,1,1,1,True,False,0.9976193308830261
2167,clip_zero_shot,grayscale,9,9,9,True,False,0.970805287361145
2178,clip_zero_shot,grayscale,1,1,1,True,False,0.9947941899299622
2191,clip_zero_shot,grayscale,8,8,8,True,False,0.9982540011405945
2230,clip_zero_shot,grayscale,8,8,8,True,False,0.9944075345993042
2242,clip_zero_shot,grayscale,0,0,0,True,False,0.9393453001976013
2265,clip_zero_shot,grayscale,5,5,5,True,False,0.8992820978164673
2268,clip_zero_shot,grayscale,5,5,5,True,False,0.9850008487701416
2291,clip_zero_shot,grayscale,3,3,3,True,False,0.5531014204025269
2334,clip_zero_shot,grayscale,5,5,5,True,False,0.9728922843933105
2340,clip_zero_shot,grayscale,8,8,8,True,False,0.9965349435806274
2342,clip_zero_shot,grayscale,8,8,8,True,False,0.9968816041946411
2351,clip_zero_shot,grayscale,9,9,9,True,False,0.9937348961830139
2391,clip_zero_shot,grayscale,5,5,1,False,True,0.45914286375045776
2392,clip_zero_shot,grayscale,2,2,2,True,False,0.9232144355773926
2399,clip_zero_shot,grayscale,4,4,4,True,False,0.8303231000900269
2414,clip_zero_shot,grayscale,9,9,9,True,False,0.9509313106536865
2427,clip_zero_shot,grayscale,5,5,5,True,False,0.9436622262001038
2458,clip_zero_shot,grayscale,5,5,5,True,False,0.9678101539611816
2501,clip_zero_shot,grayscale,7,7,7,True,False,0.9863024353981018
2502,clip_zero_shot,grayscale,2,2,2,True,False,0.9718043208122253
2536,clip_zero_shot,grayscale,3,3,4,False,True,0.5063557028770447
2539,clip_zero_shot,grayscale,3,3,3,True,False,0.8780195713043213
2610,clip_zero_shot,grayscale,6,6,6,True,False,0.9911507368087769
2623,clip_zero_shot,grayscale,5,5,4,False,True,0.7863357067108154
2655,clip_zero_shot,grayscale,9,9,9,True,False,0.9551263451576233
2668,clip_zero_shot,grayscale,7,7,7,True,False,0.9975094795227051
2676,clip_zero_shot,grayscale,6,6,6,True,False,0.868788480758667
2687,clip_zero_shot,grayscale,1,1,1,True,False,0.9990828037261963
2690,clip_zero_shot,grayscale,1,1,1,True,False,0.9965624213218689
2704,clip_zero_shot,grayscale,4,4,4,True,False,0.9995474219322205
2745,clip_zero_shot,grayscale,8,8,8,True,False,0.995139479637146
2746,clip_zero_shot,grayscale,7,7,7,True,False,0.9977828860282898
2750,clip_zero_shot,grayscale,0,0,8,False,True,0.9506584405899048
2754,clip_zero_shot,grayscale,3,3,3,True,False,0.9735416173934937
2757,clip_zero_shot,grayscale,4,4,4,True,False,0.9972110390663147
2766,clip_zero_shot,grayscale,5,5,5,True,False,0.9586136937141418
2807,clip_zero_shot,grayscale,5,4,7,False,True,0.5371831059455872
2844,clip_zero_shot,grayscale,8,8,8,True,False,0.9968032836914062
2854,clip_zero_shot,grayscale,7,7,7,True,False,0.9877360463142395
2861,clip_zero_shot,grayscale,3,3,3,True,False,0.9714682698249817
2888,clip_zero_shot,grayscale,0,0,0,True,False,0.9742982983589172
2898,clip_zero_shot,grayscale,4,4,4,True,False,0.9981130361557007
2950,clip_zero_shot,grayscale,5,5,5,True,False,0.9424476623535156
2958,clip_zero_shot,grayscale,6,6,6,True,False,0.9965392351150513
3015,clip_zero_shot,grayscale,8,8,8,True,False,0.9939150214195251
3024,clip_zero_shot,grayscale,2,2,2,True,False,0.9755789041519165
3025,clip_zero_shot,grayscale,0,0,0,True,False,0.7932679653167725
3034,clip_zero_shot,grayscale,4,4,4,True,False,0.9995299577713013
3067,clip_zero_shot,grayscale,2,2,2,True,False,0.9179483652114868
3078,clip_zero_shot,grayscale,4,4,4,True,False,0.99800044298172
3079,clip_zero_shot,grayscale,1,1,1,True,False,0.9969605803489685
3083,clip_zero_shot,grayscale,0,0,0,True,False,0.9509868025779724
3122,clip_zero_shot,grayscale,4,4,4,True,False,0.9702908992767334
3153,clip_zero_shot,grayscale,7,7,7,True,False,0.8960829377174377
3157,clip_zero_shot,grayscale,8,8,8,True,False,0.9933659434318542
3163,clip_zero_shot,grayscale,2,2,2,True,False,0.9813176989555359
3179,clip_zero_shot,grayscale,4,4,4,True,False,0.9984978437423706
3191,clip_zero_shot,grayscale,6,6,6,True,False,0.8260095715522766
3276,clip_zero_shot,grayscale,3,7,7,False,False,0.3926749527454376
3287,clip_zero_shot,grayscale,4,4,4,True,False,0.9989503026008606
3288,clip_zero_shot,grayscale,7,7,7,True,False,0.9990066885948181
3292,clip_zero_shot,grayscale,6,6,6,True,False,0.7542256712913513
3318,clip_zero_shot,grayscale,9,9,9,True,False,0.9362286925315857
3347,clip_zero_shot,grayscale,0,0,0,True,False,0.9804977178573608
3353,clip_zero_shot,grayscale,5,5,5,True,False,0.47235679626464844
3362,clip_zero_shot,grayscale,2,2,2,True,False,0.984472930431366
3365,clip_zero_shot,grayscale,4,4,4,True,False,0.9973827004432678
3375,clip_zero_shot,grayscale,3,3,3,True,False,0.831953763961792
3383,clip_zero_shot,grayscale,3,3,3,True,False,0.8133649826049805
3404,clip_zero_shot,grayscale,7,7,7,True,False,0.9986408352851868
3412,clip_zero_shot,grayscale,8,8,8,True,False,0.9977286458015442
3413,clip_zero_shot,grayscale,1,1,1,True,False,0.9993945360183716
3418,clip_zero_shot,grayscale,6,6,6,True,False,0.9985343217849731
3437,clip_zero_shot,grayscale,0,0,0,True,False,0.8861967325210571
3446,clip_zero_shot,grayscale,7,7,7,True,False,0.9965247511863708
3454,clip_zero_shot,grayscale,2,2,2,True,False,0.9467329978942871
3455,clip_zero_shot,grayscale,0,0,0,True,False,0.9036858081817627
3458,clip_zero_shot,grayscale,4,4,4,True,False,0.9980707764625549
3467,clip_zero_shot,grayscale,7,7,7,True,False,0.9014460444450378
3491,clip_zero_shot,grayscale,1,1,1,True,False,0.9989651441574097
3494,clip_zero_shot,grayscale,6,6,6,True,False,0.9950200319290161
3512,clip_zero_shot,grayscale,4,4,4,True,False,0.99892657995224
3515,clip_zero_shot,grayscale,6,6,6,True,False,0.9981707334518433
3542,clip_zero_shot,grayscale,7,7,7,True,False,0.9992152452468872
3550,clip_zero_shot,grayscale,1,1,1,True,False,0.9852837324142456
3562,clip_zero_shot,grayscale,3,4,4,False,False,0.905892014503479
3755,clip_zero_shot,grayscale,2,2,2,True,False,0.975753128528595
3763,clip_zero_shot,grayscale,4,4,4,True,False,0.9973177313804626
3777,clip_zero_shot,grayscale,6,6,6,True,False,0.9937648773193359
3778,clip_zero_shot,grayscale,3,3,3,True,False,0.8644948601722717
3779,clip_zero_shot,grayscale,6,6,6,True,False,0.9979405999183655
3844,clip_zero_shot,grayscale,6,6,6,True,False,0.9921181797981262
3851,clip_zero_shot,grayscale,3,3,3,True,False,0.9685105681419373
3852,clip_zero_shot,grayscale,5,5,5,True,False,0.9410582184791565
3863,clip_zero_shot,grayscale,5,5,5,True,False,0.9423328042030334
3867,clip_zero_shot,grayscale,7,7,7,True,False,0.9995612502098083
3876,clip_zero_shot,grayscale,0,0,0,True,False,0.8079125881195068
3889,clip_zero_shot,grayscale,5,5,5,True,False,0.9695955514907837
3891,clip_zero_shot,grayscale,4,4,4,True,False,0.9949967861175537
3893,clip_zero_shot,grayscale,9,9,9,True,False,0.8737895488739014
3905,clip_zero_shot,grayscale,8,8,8,True,False,0.9986971020698547
3914,clip_zero_shot,grayscale,3,3,3,True,False,0.9468729496002197
3937,clip_zero_shot,grayscale,1,1,1,True,False,0.9989110231399536
3942,clip_zero_shot,grayscale,9,9,9,True,False,0.9694092273712158
3948,clip_zero_shot,grayscale,8,8,8,True,False,0.99333655834198
3962,clip_zero_shot,grayscale,6,6,6,True,False,0.9979664087295532
3965,clip_zero_shot,grayscale,0,0,0,True,False,0.9747967720031738
3994,clip_zero_shot,grayscale,4,4,4,True,False,0.9994718432426453
3996,clip_zero_shot,grayscale,9,9,9,True,False,0.9927167892456055
4011,clip_zero_shot,grayscale,6,6,6,True,False,0.9968292117118835
4023,clip_zero_shot,grayscale,3,3,4,False,True,0.7109766602516174
4054,clip_zero_shot,grayscale,4,4,4,True,False,0.9911535382270813
4065,clip_zero_shot,grayscale,2,2,2,True,False,0.8364223837852478
4069,clip_zero_shot,grayscale,8,8,8,True,False,0.9166350960731506
4093,clip_zero_shot,grayscale,6,6,6,True,False,0.9857667684555054
4094,clip_zero_shot,grayscale,9,9,9,True,False,0.9700998067855835
4106,clip_zero_shot,grayscale,5,5,5,True,False,0.7997266054153442
4130,clip_zero_shot,grayscale,0,0,0,True,False,0.962739884853363
4168,clip_zero_shot,grayscale,3,3,3,True,False,0.9008182883262634
4170,clip_zero_shot,grayscale,8,8,8,True,False,0.9950386881828308
4172,clip_zero_shot,grayscale,7,7,7,True,False,0.9710608124732971
4177,clip_zero_shot,grayscale,8,8,8,True,False,0.9939310550689697
4215,clip_zero_shot,grayscale,3,3,3,True,False,0.8230322599411011
4229,clip_zero_shot,grayscale,3,3,3,True,False,0.978181779384613
4236,clip_zero_shot,grayscale,7,7,7,True,False,0.9810560345649719
4242,clip_zero_shot,grayscale,8,8,8,True,False,0.99522864818573
4254,clip_zero_shot,grayscale,6,6,6,True,False,0.9980304837226868
4290,clip_zero_shot,grayscale,5,4,1,False,True,0.8004549145698547
4298,clip_zero_shot,grayscale,1,1,1,True,False,0.9993621706962585
4308,clip_zero_shot,grayscale,7,7,7,True,False,0.9837023019790649
4311,clip_zero_shot,grayscale,8,8,8,True,False,0.99871826171875
4323,clip_zero_shot,grayscale,3,3,3,True,False,0.955578088760376
4330,clip_zero_shot,grayscale,3,5,3,True,True,0.6980246305465698
4341,clip_zero_shot,grayscale,6,6,6,True,False,0.9966228008270264
4355,clip_zero_shot,grayscale,8,8,8,True,False,0.9829015731811523
4399,clip_zero_shot,grayscale,0,0,0,True,False,0.9128308892250061
4403,clip_zero_shot,grayscale,7,7,7,True,False,0.9996688365936279
4411,clip_zero_shot,grayscale,6,6,6,True,False,0.9673828482627869
4449,clip_zero_shot,grayscale,9,9,9,True,False,0.8271877765655518
4463,clip_zero_shot,grayscale,3,3,3,True,False,0.964491069316864
4531,clip_zero_shot,grayscale,3,3,4,False,True,0.38855546712875366
4539,clip_zero_shot,grayscale,0,0,0,True,False,0.9750512838363647
4547,clip_zero_shot,grayscale,5,5,5,True,False,0.9786933660507202
4552,clip_zero_shot,grayscale,8,8,8,True,False,0.8872552514076233
4570,clip_zero_shot,grayscale,5,5,5,True,False,0.9518722295761108
4590,clip_zero_shot,grayscale,3,3,3,True,False,0.9720140099525452
4609,clip_zero_shot,grayscale,3,7,7,False,False,0.9899784326553345
4615,clip_zero_shot,grayscale,0,0,0,True,False,0.9492446780204773
4617,clip_zero_shot,grayscale,0,0,0,True,False,0.9649152159690857
4620,clip_zero_shot,grayscale,6,6,6,True,False,0.9883791208267212
4629,clip_zero_shot,grayscale,4,4,4,True,False,0.9965345859527588
4640,clip_zero_shot,grayscale,1,1,7,False,True,0.8055539131164551
4642,clip_zero_shot,grayscale,4,4,4,True,False,0.9991150498390198
4661,clip_zero_shot,grayscale,7,7,7,True,False,0.9994786381721497
4662,clip_zero_shot,grayscale,8,8,8,True,False,0.9950300455093384
4675,clip_zero_shot,grayscale,0,0,0,True,False,0.9801545739173889
4676,clip_zero_shot,grayscale,8,8,8,True,False,0.9950775504112244
4704,clip_zero_shot,grayscale,7,7,7,True,False,0.9958853125572205
4723,clip_zero_shot,grayscale,9,9,9,True,False,0.8738912343978882
4731,clip_zero_shot,grayscale,6,6,6,True,False,0.999067485332489
4735,clip_zero_shot,grayscale,2,2,2,True,False,0.9163146615028381
4740,clip_zero_shot,grayscale,4,4,4,True,False,0.9866620898246765
4746,clip_zero_shot,grayscale,6,6,6,True,False,0.9994718432426453
4748,clip_zero_shot,grayscale,7,7,7,True,False,0.998788058757782
4754,clip_zero_shot,grayscale,6,6,6,True,False,0.9922142624855042
4785,clip_zero_shot,grayscale,0,0,0,True,False,0.9789860248565674
4791,clip_zero_shot,grayscale,7,7,7,True,False,0.9990872144699097
4819,clip_zero_shot,grayscale,0,0,0,True,False,0.9681379199028015
4821,clip_zero_shot,grayscale,3,3,3,True,False,0.7106040716171265
4827,clip_zero_shot,grayscale,6,6,6,True,False,0.975350022315979
4850,clip_zero_shot,grayscale,5,5,5,True,False,0.9491192102432251
4881,clip_zero_shot,grayscale,3,7,1,False,True,0.7324035167694092
4893,clip_zero_shot,grayscale,0,0,0,True,False,0.9919582605361938
4908,clip_zero_shot,grayscale,3,3,3,True,False,0.7392860651016235
4913,clip_zero_shot,grayscale,2,2,2,True,False,0.9568867683410645
4921,clip_zero_shot,grayscale,2,2,2,True,False,0.9739047884941101
4953,clip_zero_shot,grayscale,5,5,5,True,False,0.7817620038986206
4966,clip_zero_shot,grayscale,5,5,5,True,False,0.9057275652885437
4990,clip_zero_shot,grayscale,8,8,8,True,False,0.9406293630599976
5000,clip_zero_shot,grayscale,8,8,8,True,False,0.9971729516983032
5030,clip_zero_shot,grayscale,2,2,2,True,False,0.9629361629486084
5062,clip_zero_shot,grayscale,4,4,4,True,False,0.9987975358963013
5077,clip_zero_shot,grayscale,4,4,4,True,False,0.8967085480690002
5082,clip_zero_shot,grayscale,6,6,6,True,False,0.9943521022796631
5092,clip_zero_shot,grayscale,1,1,1,True,False,0.998629093170166
5101,clip_zero_shot,grayscale,5,5,5,True,False,0.944420337677002
5117,clip_zero_shot,grayscale,0,0,0,True,False,0.9653388261795044
5123,clip_zero_shot,grayscale,1,1,1,True,False,0.9914221167564392
5135,clip_zero_shot,grayscale,4,4,4,True,False,0.996615469455719
5183,clip_zero_shot,grayscale,2,2,2,True,False,0.9837532043457031
5213,clip_zero_shot,grayscale,4,4,4,True,False,0.9979579448699951
5218,clip_zero_shot,grayscale,2,2,2,True,False,0.9794819951057434
5220,clip_zero_shot,grayscale,1,5,5,False,False,0.3178076148033142
5237,clip_zero_shot,grayscale,2,2,2,True,False,0.921686589717865
5256,clip_zero_shot,grayscale,1,1,1,True,False,0.9948857426643372
5284,clip_zero_shot,grayscale,9,9,9,True,False,0.9344202280044556
5301,clip_zero_shot,grayscale,9,9,9,True,False,0.9130796790122986
5318,clip_zero_shot,grayscale,2,2,2,True,False,0.777815580368042
5332,clip_zero_shot,grayscale,5,5,5,True,False,0.5865033864974976
5333,clip_zero_shot,grayscale,2,2,2,True,False,0.9864843487739563
5360,clip_zero_shot,grayscale,9,9,9,True,False,0.9439012408256531
5381,clip_zero_shot,grayscale,5,5,5,True,False,0.966311514377594
5382,clip_zero_shot,grayscale,6,6,6,True,False,0.9611184000968933
5395,clip_zero_shot,grayscale,2,2,2,True,False,0.976617157459259
5402,clip_zero_shot,grayscale,4,4,4,True,False,0.9946122169494629
5408,clip_zero_shot,grayscale,6,6,6,True,False,0.9982404708862305
5436,clip_zero_shot,grayscale,7,7,7,True,False,0.9967780709266663
5447,clip_zero_shot,grayscale,9,9,9,True,False,0.9627613425254822
5450,clip_zero_shot,grayscale,7,7,7,True,False,0.994797945022583
5451,clip_zero_shot,grayscale,8,8,8,True,False,0.9991002082824707
5452,clip_zero_shot,grayscale,9,9,9,True,False,0.9564838409423828
5467,clip_zero_shot,grayscale,4,4,4,True,False,0.9880115389823914
5478,clip_zero_shot,grayscale,0,0,0,True,False,0.9409381151199341
5488,clip_zero_shot,grayscale,1,1,1,True,False,0.9580605626106262
5496,clip_zero_shot,grayscale,5,5,5,True,False,0.9711080193519592
5508,clip_zero_shot,grayscale,9,9,9,True,False,0.9834401607513428
5512,clip_zero_shot,grayscale,2,9,9,False,False,0.6784892678260803
5525,clip_zero_shot,grayscale,8,8,8,True,False,0.9977261424064636
5528,clip_zero_shot,grayscale,3,3,3,True,False,0.9632254242897034
5556,clip_zero_shot,grayscale,4,4,4,True,False,0.9943404197692871
5560,clip_zero_shot,grayscale,1,1,1,True,False,0.9968010187149048
5572,clip_zero_shot,grayscale,9,9,9,True,False,0.8370652198791504
5580,clip_zero_shot,grayscale,6,6,6,True,False,0.9492676258087158
5590,clip_zero_shot,grayscale,9,9,9,True,False,0.9475098848342896
5623,clip_zero_shot,grayscale,4,4,4,True,False,0.9974483251571655
5677,clip_zero_shot,grayscale,2,2,2,True,False,0.9286994934082031
5694,clip_zero_shot,grayscale,8,8,8,True,False,0.9965523481369019
5701,clip_zero_shot,grayscale,5,5,5,True,False,0.963110089302063
5705,clip_zero_shot,grayscale,8,8,8,True,False,0.9969141483306885
5719,clip_zero_shot,grayscale,7,7,7,True,False,0.9909071922302246
5729,clip_zero_shot,grayscale,6,6,6,True,False,0.988560140132904
5756,clip_zero_shot,grayscale,2,2,2,True,False,0.9847069382667542
5788,clip_zero_shot,grayscale,9,9,9,True,False,0.9728330373764038
5789,clip_zero_shot,grayscale,4,4,4,True,False,0.9976481795310974
5824,clip_zero_shot,grayscale,2,2,9,False,True,0.7952232360839844
5848,clip_zero_shot,grayscale,7,7,7,True,False,0.9985440969467163
5851,clip_zero_shot,grayscale,9,9,9,True,False,0.994949221611023
5857,clip_zero_shot,grayscale,6,6,6,True,False,0.9887562394142151
5858,clip_zero_shot,grayscale,6,6,6,True,False,0.9905104041099548
5912,clip_zero_shot,grayscale,0,0,0,True,False,0.9662678837776184
5915,clip_zero_shot,grayscale,9,9,9,True,False,0.8862485289573669
5918,clip_zero_shot,grayscale,0,0,0,True,False,0.9726396799087524
5924,clip_zero_shot,grayscale,5,6,5,True,True,0.39995813369750977
5977,clip_zero_shot,grayscale,7,7,7,True,False,0.9951673746109009
5981,clip_zero_shot,grayscale,9,9,9,True,False,0.8858608603477478
5999,clip_zero_shot,grayscale,0,0,0,True,False,0.9309810996055603
6028,clip_zero_shot,grayscale,2,2,2,True,False,0.9847294688224792
6033,clip_zero_shot,grayscale,4,4,4,True,False,0.8544186353683472
6076,clip_zero_shot,grayscale,1,1,1,True,False,0.9986203908920288
6084,clip_zero_shot,grayscale,7,7,7,True,False,0.9989485144615173
6097,clip_zero_shot,grayscale,4,4,4,True,False,0.9795969724655151
6169,clip_zero_shot,grayscale,1,1,6,False,True,0.35225746035575867
6190,clip_zero_shot,grayscale,7,7,7,True,False,0.9997208714485168
6224,clip_zero_shot,grayscale,5,5,5,True,False,0.6664506196975708
6244,clip_zero_shot,grayscale,2,2,2,True,False,0.8087950348854065
6264,clip_zero_shot,grayscale,2,2,2,True,False,0.986417293548584
6271,clip_zero_shot,grayscale,2,2,2,True,False,0.979488730430603
6288,clip_zero_shot,grayscale,4,4,4,True,False,0.9984690546989441
6332,clip_zero_shot,grayscale,2,2,2,True,False,0.9740506410598755
6349,clip_zero_shot,grayscale,1,1,1,True,False,0.9605483412742615
6354,clip_zero_shot,grayscale,2,2,2,True,False,0.8896597623825073
6358,clip_zero_shot,grayscale,5,5,5,True,False,0.7478151321411133
6381,clip_zero_shot,grayscale,6,6,6,True,False,0.9928183555603027
6414,clip_zero_shot,grayscale,5,5,5,True,False,0.5214846730232239
6426,clip_zero_shot,grayscale,2,2,2,True,False,0.9861141443252563
6434,clip_zero_shot,grayscale,8,8,8,True,False,0.998336136341095
6437,clip_zero_shot,grayscale,0,0,0,True,False,0.9836652874946594
6455,clip_zero_shot,grayscale,0,0,0,True,False,0.9560298323631287
6490,clip_zero_shot,grayscale,3,3,7,False,True,0.4725135266780853
6503,clip_zero_shot,grayscale,2,2,2,True,False,0.9224916696548462
6508,clip_zero_shot,grayscale,4,4,4,True,False,0.9973649382591248
6528,clip_zero_shot,grayscale,4,4,4,True,False,0.9947303533554077
6594,clip_zero_shot,grayscale,1,1,1,True,False,0.9783938527107239
6609,clip_zero_shot,grayscale,0,0,0,True,False,0.9873936176300049
6616,clip_zero_shot,grayscale,2,2,2,True,False,0.950354814529419
6650,clip_zero_shot,grayscale,7,7,7,True,False,0.9976447224617004
6689,clip_zero_shot,grayscale,8,8,8,True,False,0.9653384685516357
6692,clip_zero_shot,grayscale,2,2,2,True,False,0.9582622051239014
6713,clip_zero_shot,grayscale,6,6,6,True,False,0.9547657370567322
6716,clip_zero_shot,grayscale,5,5,5,True,False,0.6943744421005249
6726,clip_zero_shot,grayscale,7,7,7,True,False,0.9904493689537048
6733,clip_zero_shot,grayscale,1,1,1,True,False,0.9795218110084534
6772,clip_zero_shot,grayscale,7,7,7,True,False,0.7902171015739441
6805,clip_zero_shot,grayscale,1,1,1,True,False,0.9837976098060608
6836,clip_zero_shot,grayscale,1,1,1,True,False,0.9963418841362
6844,clip_zero_shot,grayscale,0,0,0,True,False,0.9012718796730042
6922,clip_zero_shot,grayscale,5,5,5,True,False,0.9599539041519165
6931,clip_zero_shot,grayscale,9,9,9,True,False,0.9197556972503662
6938,clip_zero_shot,grayscale,1,1,1,True,False,0.9989148378372192
6952,clip_zero_shot,grayscale,3,3,3,True,False,0.9532492756843567
6954,clip_zero_shot,grayscale,1,1,1,True,False,0.980075478553772
6986,clip_zero_shot,grayscale,0,0,0,True,False,0.9329115152359009
6989,clip_zero_shot,grayscale,5,5,5,True,False,0.8315302729606628
7009,clip_zero_shot,grayscale,0,0,0,True,False,0.919577956199646
7029,clip_zero_shot,grayscale,1,1,1,True,False,0.9968745708465576
7033,clip_zero_shot,grayscale,1,1,1,True,False,0.9893227219581604
7041,clip_zero_shot,grayscale,5,5,6,False,True,0.46057388186454773
7047,clip_zero_shot,grayscale,9,9,9,True,False,0.9871838092803955
7081,clip_zero_shot,grayscale,7,7,7,True,False,0.994903564453125
7084,clip_zero_shot,grayscale,2,2,2,True,False,0.8296495079994202
7108,clip_zero_shot,grayscale,6,6,6,True,False,0.9928076267242432
7130,clip_zero_shot,grayscale,5,5,5,True,False,0.9828299880027771
7138,clip_zero_shot,grayscale,8,8,8,True,False,0.9966486096382141
7150,clip_zero_shot,grayscale,0,0,0,True,False,0.9937964677810669
7202,clip_zero_shot,grayscale,1,1,1,True,False,0.9960007071495056
7262,clip_zero_shot,grayscale,0,0,0,True,False,0.9658101797103882
7266,clip_zero_shot,grayscale,9,9,9,True,False,0.9452940225601196
7270,clip_zero_shot,grayscale,7,7,7,True,False,0.9064973592758179
7309,clip_zero_shot,grayscale,0,0,0,True,False,0.9845690727233887
7320,clip_zero_shot,grayscale,0,0,0,True,False,0.9762968420982361
7338,clip_zero_shot,grayscale,6,6,6,True,False,0.9888564944267273
7372,clip_zero_shot,grayscale,0,0,0,True,False,0.9883435964584351
7373,clip_zero_shot,grayscale,0,0,0,True,False,0.9919384121894836
7380,clip_zero_shot,grayscale,9,9,9,True,False,0.9918672442436218
7390,clip_zero_shot,grayscale,1,1,1,True,False,0.9831205606460571
7413,clip_zero_shot,grayscale,5,3,3,False,False,0.4552043080329895
7416,clip_zero_shot,grayscale,3,3,3,True,False,0.9276414513587952
7425,clip_zero_shot,grayscale,2,2,2,True,False,0.982159435749054
7446,clip_zero_shot,grayscale,8,8,8,True,False,0.996180534362793
7460,clip_zero_shot,grayscale,8,8,8,True,False,0.9793760776519775
7465,clip_zero_shot,grayscale,0,0,0,True,False,0.955386221408844
7474,clip_zero_shot,grayscale,5,5,5,True,False,0.9799220561981201
7475,clip_zero_shot,grayscale,4,4,4,True,False,0.9987455606460571
7476,clip_zero_shot,grayscale,8,8,8,True,False,0.9880190491676331
7544,clip_zero_shot,grayscale,9,9,9,True,False,0.869741678237915
7555,clip_zero_shot,grayscale,6,6,6,True,False,0.920086681842804
7600,clip_zero_shot,grayscale,6,6,6,True,False,0.9922388195991516
7610,clip_zero_shot,grayscale,4,4,4,True,False,0.9974685907363892
7634,clip_zero_shot,grayscale,0,0,0,True,False,0.9901347756385803
7692,clip_zero_shot,grayscale,4,4,4,True,False,0.9977292418479919
7706,clip_zero_shot,grayscale,5,5,5,True,False,0.8315585255622864
7726,clip_zero_shot,grayscale,6,6,6,True,False,0.9967730641365051
7744,clip_zero_shot,grayscale,3,3,3,True,False,0.9647559523582458
7752,clip_zero_shot,grayscale,9,9,9,True,False,0.9319861531257629
7776,clip_zero_shot,grayscale,5,5,5,True,False,0.5673385262489319
7779,clip_zero_shot,grayscale,6,6,6,True,False,0.9634963870048523
7781,clip_zero_shot,grayscale,6,6,6,True,False,0.9996539354324341
7793,clip_zero_shot,grayscale,3,3,3,True,False,0.8672717809677124
7797,clip_zero_shot,grayscale,3,3,3,True,False,0.821185827255249
7810,clip_zero_shot,grayscale,8,8,8,True,False,0.9990444779396057
7818,clip_zero_shot,grayscale,8,8,8,True,False,0.9919284582138062
7835,clip_zero_shot,grayscale,7,7,7,True,False,0.9991293549537659
7864,clip_zero_shot,grayscale,4,4,4,True,False,0.9970824122428894
7875,clip_zero_shot,grayscale,8,8,8,True,False,0.9975380897521973
7938,clip_zero_shot,grayscale,9,9,9,True,False,0.9460165500640869
7940,clip_zero_shot,grayscale,4,4,4,True,False,0.9979337453842163
7944,clip_zero_shot,grayscale,4,4,4,True,False,0.9884745478630066
7955,clip_zero_shot,grayscale,1,1,1,True,False,0.9984230995178223
7995,clip_zero_shot,grayscale,9,9,2,False,True,0.4926304519176483
7996,clip_zero_shot,grayscale,6,6,6,True,False,0.9960267543792725
7999,clip_zero_shot,grayscale,8,8,8,True,False,0.9974392652511597
3,clip_b32,hue90,0,0,0,True,False,0.21826593577861786
29,clip_b32,hue90,7,7,7,True,False,0.269381046295166
35,clip_b32,hue90,2,2,2,True,False,0.1829194277524948
42,clip_b32,hue90,0,0,0,True,False,0.24548998475074768
49,clip_b32,hue90,2,2,2,True,False,0.2504976689815521
81,clip_b32,hue90,0,0,0,True,False,0.21507662534713745
95,clip_b32,hue90,1,1,1,True,False,0.25267723202705383
97,clip_b32,hue90,5,5,5,True,False,0.20252308249473572
116,clip_b32,hue90,1,1,1,True,False,0.20180292427539825
131,clip_b32,hue90,9,9,9,True,False,0.21583586931228638
151,clip_b32,hue90,8,8,8,True,False,0.24938850104808807
171,clip_b32,hue90,4,4,4,True,False,0.20418903231620789
176,clip_b32,hue90,3,3,3,True,False,0.20046232640743256
191,clip_b32,hue90,9,9,2,False,True,0.18491484224796295
194,clip_b32,hue90,8,8,8,True,False,0.27972638607025146
198,clip_b32,hue90,1,1,1,True,False,0.21302354335784912
239,clip_b32,hue90,9,9,9,True,False,0.2207287698984146
261,clip_b32,hue90,1,1,1,True,False,0.19615641236305237
269,clip_b32,hue90,7,7,7,True,False,0.24336470663547516
276,clip_b32,hue90,9,9,9,True,False,0.17142155766487122
303,clip_b32,hue90,9,9,9,True,False,0.23253221809864044
304,clip_b32,hue90,1,1,1,True,False,0.15151062607765198
317,clip_b32,hue90,2,2,2,True,False,0.24463717639446259
319,clip_b32,hue90,5,5,5,True,False,0.2255180925130844
323,clip_b32,hue90,7,7,7,True,False,0.20650780200958252
365,clip_b32,hue90,3,3,3,True,False,0.20770050585269928
370,clip_b32,hue90,7,7,7,True,False,0.22652047872543335
372,clip_b32,hue90,3,3,3,True,False,0.13451243937015533
378,clip_b32,hue90,5,5,5,True,False,0.22419971227645874
391,clip_b32,hue90,3,3,3,True,False,0.21226337552070618
409,clip_b32,hue90,2,2,2,True,False,0.2647181749343872
419,clip_b32,hue90,9,9,9,True,False,0.23624752461910248
449,clip_b32,hue90,6,6,6,True,False,0.19948509335517883
470,clip_b32,hue90,2,2,2,True,False,0.2724447548389435
483,clip_b32,hue90,2,2,2,True,False,0.24159815907478333
484,clip_b32,hue90,0,0,0,True,False,0.2662894129753113
506,clip_b32,hue90,4,4,4,True,False,0.18354013562202454
545,clip_b32,hue90,6,6,6,True,False,0.15036410093307495
562,clip_b32,hue90,0,0,0,True,False,0.19411377608776093
568,clip_b32,hue90,5,5,5,True,False,0.19591642916202545
603,clip_b32,hue90,9,9,9,True,False,0.21597355604171753
632,clip_b32,hue90,3,3,3,True,False,0.2517111897468567
645,clip_b32,hue90,5,5,5,True,False,0.2120969146490097
667,clip_b32,hue90,8,8,8,True,False,0.2725534737110138
672,clip_b32,hue90,3,3,3,True,False,0.1636158525943756
677,clip_b32,hue90,3,3,3,True,False,0.20855413377285004
685,clip_b32,hue90,5,5,5,True,False,0.20661945641040802
691,clip_b32,hue90,4,4,4,True,False,0.2194252461194992
706,clip_b32,hue90,8,8,8,True,False,0.2564873993396759
714,clip_b32,hue90,2,2,2,True,False,0.17833790183067322
716,clip_b32,hue90,8,8,8,True,False,0.2748277187347412
738,clip_b32,hue90,3,3,3,True,False,0.18952883780002594
739,clip_b32,hue90,8,8,8,True,False,0.21723255515098572
766,clip_b32,hue90,4,6,4,True,True,0.15714165568351746
791,clip_b32,hue90,3,3,3,True,False,0.22924815118312836
805,clip_b32,hue90,9,9,9,True,False,0.21104755997657776
825,clip_b32,hue90,1,1,1,True,False,0.20669898390769958
852,clip_b32,hue90,9,9,9,True,False,0.24933554232120514
855,clip_b32,hue90,4,4,4,True,False,0.26252052187919617
873,clip_b32,hue90,6,4,6,True,True,0.17947207391262054
890,clip_b32,hue90,6,6,6,True,False,0.22437241673469543
920,clip_b32,hue90,6,6,6,True,False,0.22021570801734924
929,clip_b32,hue90,6,6,6,True,False,0.23238250613212585
962,clip_b32,hue90,8,8,8,True,False,0.16847474873065948
964,clip_b32,hue90,6,6,6,True,False,0.1764928698539734
977,clip_b32,hue90,6,6,6,True,False,0.24255461990833282
979,clip_b32,hue90,3,3,3,True,False,0.20968332886695862
981,clip_b32,hue90,2,2,2,True,False,0.23260360956192017
1022,clip_b32,hue90,9,9,9,True,False,0.1761089563369751
1032,clip_b32,hue90,7,7,7,True,False,0.13869322836399078
1048,clip_b32,hue90,7,7,7,True,False,0.23606260120868683
1090,clip_b32,hue90,1,1,1,True,False,0.19875742495059967
1095,clip_b32,hue90,5,5,5,True,False,0.2230508029460907
1109,clip_b32,hue90,1,1,1,True,False,0.189073845744133
1111,clip_b32,hue90,4,4,4,True,False,0.25548186898231506
1115,clip_b32,hue90,1,1,1,True,False,0.1595524251461029
1124,clip_b32,hue90,4,4,4,True,False,0.21419158577919006
1129,clip_b32,hue90,8,8,8,True,False,0.17871475219726562
1175,clip_b32,hue90,0,0,0,True,False,0.2714081108570099
1202,clip_b32,hue90,2,2,2,True,False,0.27701103687286377
1204,clip_b32,hue90,3,3,3,True,False,0.15280191600322723
1211,clip_b32,hue90,4,4,4,True,False,0.21028539538383484
1220,clip_b32,hue90,7,7,7,True,False,0.22101202607154846
1230,clip_b32,hue90,1,7,7,False,False,0.160991832613945
1247,clip_b32,hue90,8,8,8,True,False,0.21912646293640137
1263,clip_b32,hue90,3,3,4,False,True,0.15377944707870483
1266,clip_b32,hue90,4,4,4,True,False,0.21182097494602203
1287,clip_b32,hue90,7,7,7,True,False,0.18112628161907196
1296,clip_b32,hue90,7,7,7,True,False,0.13909533619880676
1370,clip_b32,hue90,3,3,3,True,False,0.2116784155368805
1389,clip_b32,hue90,0,0,0,True,False,0.2683923542499542
1401,clip_b32,hue90,3,3,3,True,False,0.24242256581783295
1403,clip_b32,hue90,2,2,2,True,False,0.24507762491703033
1411,clip_b32,hue90,9,9,9,True,False,0.22140182554721832
1429,clip_b32,hue90,4,4,4,True,False,0.1257362812757492
1430,clip_b32,hue90,9,9,9,True,False,0.21821124851703644
1431,clip_b32,hue90,3,3,3,True,False,0.2043161392211914
1436,clip_b32,hue90,1,1,1,True,False,0.23588918149471283
1440,clip_b32,hue90,7,7,7,True,False,0.18318186700344086
1468,clip_b32,hue90,9,9,9,True,False,0.2055838257074356
1473,clip_b32,hue90,7,7,7,True,False,0.2415335774421692
1515,clip_b32,hue90,9,9,9,True,False,0.22814567387104034
1520,clip_b32,hue90,2,2,2,True,False,0.18329466879367828
1531,clip_b32,hue90,3,3,5,False,True,0.15104414522647858
1534,clip_b32,hue90,6,6,6,True,False,0.17576324939727783
1552,clip_b32,hue90,5,5,7,False,True,0.1326080858707428
1553,clip_b32,hue90,0,0,0,True,False,0.24979087710380554
1563,clip_b32,hue90,3,7,3,True,True,0.1926947385072708
1568,clip_b32,hue90,1,1,1,True,False,0.2006007432937622
1579,clip_b32,hue90,7,7,7,True,False,0.22450652718544006
1586,clip_b32,hue90,2,2,2,True,False,0.2511844038963318
1596,clip_b32,hue90,0,0,0,True,False,0.2622835040092468
1626,clip_b32,hue90,5,5,5,True,False,0.19475629925727844
1640,clip_b32,hue90,8,8,8,True,False,0.29405462741851807
1644,clip_b32,hue90,5,5,5,True,False,0.23761694133281708
1648,clip_b32,hue90,0,0,0,True,False,0.2400074452161789
1654,clip_b32,hue90,9,9,9,True,False,0.2534501254558563
1667,clip_b32,hue90,6,6,6,True,False,0.24687623977661133
1703,clip_b32,hue90,7,7,1,False,True,0.1645008623600006
1711,clip_b32,hue90,7,7,7,True,False,0.22201848030090332
1771,clip_b32,hue90,7,7,7,True,False,0.15798747539520264
1783,clip_b32,hue90,8,8,8,True,False,0.28728190064430237
1814,clip_b32,hue90,2,2,2,True,False,0.22300483286380768
1833,clip_b32,hue90,8,8,8,True,False,0.22519059479236603
1836,clip_b32,hue90,9,9,9,True,False,0.25853031873703003
1839,clip_b32,hue90,2,2,2,True,False,0.2418656200170517
1852,clip_b32,hue90,1,1,1,True,False,0.25713786482810974
1871,clip_b32,hue90,1,1,1,True,False,0.20525330305099487
1877,clip_b32,hue90,5,5,4,False,True,0.17006604373455048
1884,clip_b32,hue90,7,7,7,True,False,0.2177654653787613
1927,clip_b32,hue90,7,7,7,True,False,0.225576713681221
1954,clip_b32,hue90,8,8,8,True,False,0.18744143843650818
1956,clip_b32,hue90,7,7,3,False,True,0.13240042328834534
1960,clip_b32,hue90,4,4,4,True,False,0.17599187791347504
1977,clip_b32,hue90,0,0,0,True,False,0.22829106450080872
1986,clip_b32,hue90,1,1,1,True,False,0.18179135024547577
1993,clip_b32,hue90,1,1,1,True,False,0.22831521928310394
2003,clip_b32,hue90,6,6,6,True,False,0.2243049293756485
2011,clip_b32,hue90,9,9,9,True,False,0.21832501888275146
2024,clip_b32,hue90,0,0,0,True,False,0.25453972816467285
2028,clip_b32,hue90,3,3,3,True,False,0.21794620156288147
2062,clip_b32,hue90,9,9,9,True,False,0.26468944549560547
2070,clip_b32,hue90,1,1,1,True,False,0.14919891953468323
2082,clip_b32,hue90,2,2,2,True,False,0.17861463129520416
2095,clip_b32,hue90,1,1,1,True,False,0.1950722336769104
2109,clip_b32,hue90,8,8,8,True,False,0.28164610266685486
2114,clip_b32,hue90,9,9,9,True,False,0.1989309936761856
2116,clip_b32,hue90,1,1,3,False,True,0.17400971055030823
2157,clip_b32,hue90,1,1,1,True,False,0.19790752232074738
2167,clip_b32,hue90,9,9,9,True,False,0.23041418194770813
2178,clip_b32,hue90,1,1,1,True,False,0.1986326277256012
2191,clip_b32,hue90,8,8,8,True,False,0.27470260858535767
2230,clip_b32,hue90,8,8,8,True,False,0.20858964323997498
2242,clip_b32,hue90,0,0,0,True,False,0.2501886487007141
2265,clip_b32,hue90,5,5,5,True,False,0.1898619830608368
2268,clip_b32,hue90,5,5,5,True,False,0.2643479108810425
2291,clip_b32,hue90,3,3,3,True,False,0.16620008647441864
2334,clip_b32,hue90,5,5,5,True,False,0.2482358068227768
2340,clip_b32,hue90,8,8,8,True,False,0.3076096475124359
2342,clip_b32,hue90,8,8,8,True,False,0.3179733157157898
2351,clip_b32,hue90,9,9,9,True,False,0.2361445426940918
2391,clip_b32,hue90,5,5,5,True,False,0.2085767686367035
2392,clip_b32,hue90,2,2,2,True,False,0.2574046552181244
2399,clip_b32,hue90,4,4,4,True,False,0.1872197985649109
2414,clip_b32,hue90,9,9,9,True,False,0.18708063662052155
2427,clip_b32,hue90,5,5,5,True,False,0.21365365386009216
2458,clip_b32,hue90,5,5,5,True,False,0.2147582620382309
2501,clip_b32,hue90,7,7,7,True,False,0.22580359876155853
2502,clip_b32,hue90,2,2,2,True,False,0.27234789729118347
2536,clip_b32,hue90,3,3,3,True,False,0.24080263078212738
2539,clip_b32,hue90,3,3,3,True,False,0.24840296804904938
2610,clip_b32,hue90,6,6,6,True,False,0.16224655508995056
2623,clip_b32,hue90,5,5,3,False,True,0.15125292539596558
2655,clip_b32,hue90,9,9,9,True,False,0.20732155442237854
2668,clip_b32,hue90,7,7,3,False,True,0.17449966073036194
2676,clip_b32,hue90,6,6,6,True,False,0.15215787291526794
2687,clip_b32,hue90,1,1,1,True,False,0.20182974636554718
2690,clip_b32,hue90,1,1,1,True,False,0.19345255196094513
2704,clip_b32,hue90,4,4,4,True,False,0.24480992555618286
2745,clip_b32,hue90,8,8,8,True,False,0.3058474659919739
2746,clip_b32,hue90,7,7,7,True,False,0.23865146934986115
2750,clip_b32,hue90,0,0,8,False,True,0.15566663444042206
2754,clip_b32,hue90,3,3,3,True,False,0.23786696791648865
2757,clip_b32,hue90,4,4,4,True,False,0.15566261112689972
2766,clip_b32,hue90,5,5,5,True,False,0.24394775927066803
2807,clip_b32,hue90,5,5,7,False,True,0.15081262588500977
2844,clip_b32,hue90,8,8,8,True,False,0.24700285494327545
2854,clip_b32,hue90,7,7,7,True,False,0.17902733385562897
2861,clip_b32,hue90,3,3,3,True,False,0.22449131309986115
2888,clip_b32,hue90,0,0,0,True,False,0.25224602222442627
2898,clip_b32,hue90,4,4,4,True,False,0.2785647213459015
2950,clip_b32,hue90,5,5,5,True,False,0.206137016415596
2958,clip_b32,hue90,6,6,6,True,False,0.2387920469045639
3015,clip_b32,hue90,8,8,8,True,False,0.29145824909210205
3024,clip_b32,hue90,2,2,2,True,False,0.2386968433856964
3025,clip_b32,hue90,0,0,0,True,False,0.22815942764282227
3034,clip_b32,hue90,4,4,4,True,False,0.259475976228714
3067,clip_b32,hue90,2,2,2,True,False,0.24273404479026794
3078,clip_b32,hue90,4,4,4,True,False,0.2715378701686859
3079,clip_b32,hue90,1,1,1,True,False,0.25785183906555176
3083,clip_b32,hue90,0,0,0,True,False,0.20076903700828552
3122,clip_b32,hue90,4,4,4,True,False,0.15707412362098694
3153,clip_b32,hue90,7,7,7,True,False,0.19102315604686737
3157,clip_b32,hue90,8,8,8,True,False,0.23722711205482483
3163,clip_b32,hue90,2,2,2,True,False,0.2622697055339813
3179,clip_b32,hue90,4,4,4,True,False,0.28245416283607483
3191,clip_b32,hue90,6,6,6,True,False,0.1319279819726944
3276,clip_b32,hue90,3,7,6,False,True,0.12023063749074936
3287,clip_b32,hue90,4,4,4,True,False,0.27813720703125
3288,clip_b32,hue90,7,7,7,True,False,0.2488284409046173
3292,clip_b32,hue90,6,6,6,True,False,0.13685692846775055
3318,clip_b32,hue90,9,9,9,True,False,0.18901167809963226
3347,clip_b32,hue90,0,0,0,True,False,0.27720436453819275
3353,clip_b32,hue90,5,5,5,True,False,0.1625250279903412
3362,clip_b32,hue90,2,2,2,True,False,0.2508624196052551
3365,clip_b32,hue90,4,4,4,True,False,0.22959673404693604
3375,clip_b32,hue90,3,3,3,True,False,0.19720324873924255
3383,clip_b32,hue90,3,3,3,True,False,0.242915540933609
3404,clip_b32,hue90,7,7,7,True,False,0.2259279191493988
3412,clip_b32,hue90,8,8,8,True,False,0.30707159638404846
3413,clip_b32,hue90,1,1,1,True,False,0.2947242259979248
3418,clip_b32,hue90,6,6,6,True,False,0.2423681765794754
3437,clip_b32,hue90,0,0,0,True,False,0.1747555285692215
3446,clip_b32,hue90,7,7,7,True,False,0.22060735523700714
3454,clip_b32,hue90,2,2,2,True,False,0.2611555755138397
3455,clip_b32,hue90,0,0,0,True,False,0.25358009338378906
3458,clip_b32,hue90,4,4,4,True,False,0.24191723763942719
3467,clip_b32,hue90,7,7,7,True,False,0.1995723694562912
3491,clip_b32,hue90,1,1,1,True,False,0.23361770808696747
3494,clip_b32,hue90,6,6,6,True,False,0.23374974727630615
3512,clip_b32,hue90,4,4,4,True,False,0.2154165655374527
3515,clip_b32,hue90,6,6,6,True,False,0.22197337448596954
3542,clip_b32,hue90,7,7,7,True,False,0.24969059228897095
3550,clip_b32,hue90,1,1,1,True,False,0.20854955911636353
3562,clip_b32,hue90,3,3,5,False,True,0.14725610613822937
3755,clip_b32,hue90,2,2,2,True,False,0.23656290769577026
3763,clip_b32,hue90,4,4,4,True,False,0.26659831404685974
3777,clip_b32,hue90,6,6,6,True,False,0.20668472349643707
3778,clip_b32,hue90,3,3,3,True,False,0.18209229409694672
3779,clip_b32,hue90,6,6,6,True,False,0.21834824979305267
3844,clip_b32,hue90,6,6,6,True,False,0.1882351040840149
3851,clip_b32,hue90,3,3,3,True,False,0.21137890219688416
3852,clip_b32,hue90,5,5,5,True,False,0.22519822418689728
3863,clip_b32,hue90,5,5,5,True,False,0.1796761453151703
3867,clip_b32,hue90,7,7,7,True,False,0.23336385190486908
3876,clip_b32,hue90,0,0,0,True,False,0.21822793781757355
3889,clip_b32,hue90,5,5,5,True,False,0.2476305365562439
3891,clip_b32,hue90,4,4,4,True,False,0.18018929660320282
3893,clip_b32,hue90,9,9,9,True,False,0.18809698522090912
3905,clip_b32,hue90,8,8,8,True,False,0.292180597782135
3914,clip_b32,hue90,3,3,3,True,False,0.24153515696525574
3937,clip_b32,hue90,1,1,1,True,False,0.26417040824890137
3942,clip_b32,hue90,9,9,9,True,False,0.24040035903453827
3948,clip_b32,hue90,8,8,8,True,False,0.27580726146698
3962,clip_b32,hue90,6,6,6,True,False,0.2046443223953247
3965,clip_b32,hue90,0,0,0,True,False,0.24459172785282135
3994,clip_b32,hue90,4,4,4,True,False,0.2558097839355469
3996,clip_b32,hue90,9,9,9,True,False,0.27810877561569214
4011,clip_b32,hue90,6,6,6,True,False,0.2563028335571289
4023,clip_b32,hue90,3,3,3,True,False,0.14275626838207245
4054,clip_b32,hue90,4,4,4,True,False,0.24751169979572296
4065,clip_b32,hue90,2,2,2,True,False,0.21253739297389984
4069,clip_b32,hue90,8,8,8,True,False,0.1472439467906952
4093,clip_b32,hue90,6,6,6,True,False,0.19797182083129883
4094,clip_b32,hue90,9,9,9,True,False,0.20834308862686157
4106,clip_b32,hue90,5,5,5,True,False,0.17785713076591492
4130,clip_b32,hue90,0,0,0,True,False,0.2627529799938202
4168,clip_b32,hue90,3,3,3,True,False,0.18442100286483765
4170,clip_b32,hue90,8,8,8,True,False,0.2386780083179474
4172,clip_b32,hue90,7,7,1,False,True,0.18096576631069183
4177,clip_b32,hue90,8,8,8,True,False,0.30027052760124207
4215,clip_b32,hue90,3,3,3,True,False,0.19323790073394775
4229,clip_b32,hue90,3,3,3,True,False,0.23121093213558197
4236,clip_b32,hue90,7,7,7,True,False,0.20915178954601288
4242,clip_b32,hue90,8,8,8,True,False,0.21654632687568665
4254,clip_b32,hue90,6,6,6,True,False,0.21729256212711334
4290,clip_b32,hue90,5,4,5,True,True,0.11593914777040482
4298,clip_b32,hue90,1,1,1,True,False,0.2584112584590912
4308,clip_b32,hue90,7,7,7,True,False,0.11685382574796677
4311,clip_b32,hue90,8,8,8,True,False,0.31255072355270386
4323,clip_b32,hue90,3,3,3,True,False,0.1897812932729721
4330,clip_b32,hue90,3,5,3,True,True,0.11923740804195404
4341,clip_b32,hue90,6,6,6,True,False,0.2057112753391266
4355,clip_b32,hue90,8,8,8,True,False,0.19079731404781342
4399,clip_b32,hue90,0,0,0,True,False,0.24097180366516113
4403,clip_b32,hue90,7,7,7,True,False,0.2226533591747284
4411,clip_b32,hue90,6,6,6,True,False,0.16293442249298096
4449,clip_b32,hue90,9,9,9,True,False,0.1783953756093979
4463,clip_b32,hue90,3,3,3,True,False,0.21649125218391418
4531,clip_b32,hue90,3,3,3,True,False,0.14077265560626984
4539,clip_b32,hue90,0,0,0,True,False,0.26407498121261597
4547,clip_b32,hue90,5,5,5,True,False,0.23278431594371796
4552,clip_b32,hue90,8,8,8,True,False,0.16307997703552246
4570,clip_b32,hue90,5,5,5,True,False,0.1977016031742096
4590,clip_b32,hue90,3,3,3,True,False,0.2107773870229721
4609,clip_b32,hue90,3,3,7,False,True,0.18243783712387085
4615,clip_b32,hue90,0,0,0,True,False,0.25092342495918274
4617,clip_b32,hue90,0,0,0,True,False,0.2761076092720032
4620,clip_b32,hue90,6,6,6,True,False,0.12927551567554474
4629,clip_b32,hue90,4,4,4,True,False,0.22400863468647003
4640,clip_b32,hue90,1,1,1,True,False,0.17982636392116547
4642,clip_b32,hue90,4,4,4,True,False,0.21927474439144135
4661,clip_b32,hue90,7,7,7,True,False,0.21515551209449768
4662,clip_b32,hue90,8,8,8,True,False,0.3346728980541229
4675,clip_b32,hue90,0,0,0,True,False,0.2389078587293625
4676,clip_b32,hue90,8,8,8,True,False,0.23993559181690216
4704,clip_b32,hue90,7,7,7,True,False,0.16414394974708557
4723,clip_b32,hue90,9,9,9,True,False,0.21889697015285492
4731,clip_b32,hue90,6,6,6,True,False,0.2628086805343628
4735,clip_b32,hue90,2,2,2,True,False,0.22013622522354126
4740,clip_b32,hue90,4,4,4,True,False,0.23153984546661377
4746,clip_b32,hue90,6,6,6,True,False,0.19469650089740753
4748,clip_b32,hue90,7,7,7,True,False,0.23574985563755035
4754,clip_b32,hue90,6,6,6,True,False,0.18347162008285522
4785,clip_b32,hue90,0,0,0,True,False,0.24433226883411407
4791,clip_b32,hue90,7,7,7,True,False,0.23156821727752686
4819,clip_b32,hue90,0,0,0,True,False,0.25018033385276794
4821,clip_b32,hue90,3,3,3,True,False,0.18533577024936676
4827,clip_b32,hue90,6,6,6,True,False,0.19098177552223206
4850,clip_b32,hue90,5,5,5,True,False,0.21607159078121185
4881,clip_b32,hue90,3,3,9,False,True,0.12185639888048172
4893,clip_b32,hue90,0,0,0,True,False,0.2823660969734192
4908,clip_b32,hue90,3,3,3,True,False,0.2267499417066574
4913,clip_b32,hue90,2,2,2,True,False,0.22391048073768616
4921,clip_b32,hue90,2,2,2,True,False,0.2101239562034607
4953,clip_b32,hue90,5,5,5,True,False,0.15763741731643677
4966,clip_b32,hue90,5,5,5,True,False,0.17679056525230408
4990,clip_b32,hue90,8,8,8,True,False,0.19413267076015472
5000,clip_b32,hue90,8,8,8,True,False,0.2611774504184723
5030,clip_b32,hue90,2,2,2,True,False,0.2579880952835083
5062,clip_b32,hue90,4,4,4,True,False,0.23162582516670227
5077,clip_b32,hue90,4,4,4,True,False,0.17682693898677826
5082,clip_b32,hue90,6,6,6,True,False,0.226129949092865
5092,clip_b32,hue90,1,1,1,True,False,0.2513827085494995
5101,clip_b32,hue90,5,5,5,True,False,0.20451951026916504
5117,clip_b32,hue90,0,0,0,True,False,0.25840023159980774
5123,clip_b32,hue90,1,1,1,True,False,0.21028627455234528
5135,clip_b32,hue90,4,4,4,True,False,0.21192610263824463
5183,clip_b32,hue90,2,2,2,True,False,0.22479817271232605
5213,clip_b32,hue90,4,4,4,True,False,0.23327714204788208
5218,clip_b32,hue90,2,2,2,True,False,0.2574949562549591
5220,clip_b32,hue90,1,3,9,False,True,0.1134503036737442
5237,clip_b32,hue90,2,2,2,True,False,0.19573625922203064
5256,clip_b32,hue90,1,1,1,True,False,0.23309968411922455
5284,clip_b32,hue90,9,9,9,True,False,0.16444838047027588
5301,clip_b32,hue90,9,9,9,True,False,0.1445932686328888
5318,clip_b32,hue90,2,2,2,True,False,0.1649543046951294
5332,clip_b32,hue90,5,5,5,True,False,0.16329683363437653
5333,clip_b32,hue90,2,2,2,True,False,0.2574478089809418
5360,clip_b32,hue90,9,9,9,True,False,0.2064172327518463
5381,clip_b32,hue90,5,5,5,True,False,0.22350753843784332
5382,clip_b32,hue90,6,6,6,True,False,0.13721641898155212
5395,clip_b32,hue90,2,2,2,True,False,0.2663704752922058
5402,clip_b32,hue90,4,4,4,True,False,0.2911950349807739
5408,clip_b32,hue90,6,6,6,True,False,0.2064935266971588
5436,clip_b32,hue90,7,7,7,True,False,0.16398432850837708
5447,clip_b32,hue90,9,9,9,True,False,0.23209819197654724
5450,clip_b32,hue90,7,7,7,True,False,0.2261446714401245
5451,clip_b32,hue90,8,8,8,True,False,0.2662830054759979
5452,clip_b32,hue90,9,9,9,True,False,0.19135425984859467
5467,clip_b32,hue90,4,4,4,True,False,0.2549780011177063
5478,clip_b32,hue90,0,0,0,True,False,0.1784655898809433
5488,clip_b32,hue90,1,1,1,True,False,0.15638324618339539
5496,clip_b32,hue90,5,5,5,True,False,0.19836054742336273
5508,clip_b32,hue90,9,9,9,True,False,0.2621818482875824
5512,clip_b32,hue90,2,9,9,False,False,0.16598203778266907
5525,clip_b32,hue90,8,8,8,True,False,0.26192715764045715
5528,clip_b32,hue90,3,3,3,True,False,0.21680684387683868
5556,clip_b32,hue90,4,4,4,True,False,0.2653939723968506
5560,clip_b32,hue90,1,1,1,True,False,0.19426096975803375
5572,clip_b32,hue90,9,9,9,True,False,0.1876729279756546
5580,clip_b32,hue90,6,6,6,True,False,0.2268991321325302
5590,clip_b32,hue90,9,9,9,True,False,0.21675868332386017
5623,clip_b32,hue90,4,4,4,True,False,0.24568843841552734
5677,clip_b32,hue90,2,2,2,True,False,0.24510855972766876
5694,clip_b32,hue90,8,8,8,True,False,0.2702542841434479
5701,clip_b32,hue90,5,5,5,True,False,0.22938477993011475
5705,clip_b32,hue90,8,8,8,True,False,0.2962493896484375
5719,clip_b32,hue90,7,7,7,True,False,0.24797651171684265
5729,clip_b32,hue90,6,6,6,True,False,0.21265369653701782
5756,clip_b32,hue90,2,2,2,True,False,0.2677026093006134
5788,clip_b32,hue90,9,9,9,True,False,0.21111521124839783
5789,clip_b32,hue90,4,4,4,True,False,0.23243461549282074
5824,clip_b32,hue90,2,2,9,False,True,0.16961170732975006
5848,clip_b32,hue90,7,7,7,True,False,0.22816383838653564
5851,clip_b32,hue90,9,9,9,True,False,0.260581910610199
5857,clip_b32,hue90,6,6,6,True,False,0.19327498972415924
5858,clip_b32,hue90,6,6,6,True,False,0.19724126160144806
5912,clip_b32,hue90,0,0,0,True,False,0.24920082092285156
5915,clip_b32,hue90,9,9,9,True,False,0.2287532389163971
5918,clip_b32,hue90,0,0,0,True,False,0.2469245046377182
5924,clip_b32,hue90,5,5,7,False,True,0.166790172457695
5977,clip_b32,hue90,7,7,7,True,False,0.26875972747802734
5981,clip_b32,hue90,9,9,9,True,False,0.15834717452526093
5999,clip_b32,hue90,0,0,0,True,False,0.24291902780532837
6028,clip_b32,hue90,2,2,2,True,False,0.25907987356185913
6033,clip_b32,hue90,4,4,4,True,False,0.1889173686504364
6076,clip_b32,hue90,1,1,1,True,False,0.2669665217399597
6084,clip_b32,hue90,7,7,7,True,False,0.2692660689353943
6097,clip_b32,hue90,4,4,4,True,False,0.280270516872406
6169,clip_b32,hue90,1,1,1,True,False,0.11398258805274963
6190,clip_b32,hue90,7,7,7,True,False,0.260509729385376
6224,clip_b32,hue90,5,5,5,True,False,0.16256855428218842
6244,clip_b32,hue90,2,2,2,True,False,0.2225998044013977
6264,clip_b32,hue90,2,2,2,True,False,0.25295913219451904
6271,clip_b32,hue90,2,2,2,True,False,0.25953036546707153
6288,clip_b32,hue90,4,4,4,True,False,0.1942082941532135
6332,clip_b32,hue90,2,2,2,True,False,0.21451391279697418
6349,clip_b32,hue90,1,1,1,True,False,0.16812764108181
6354,clip_b32,hue90,2,2,2,True,False,0.1777859926223755
6358,clip_b32,hue90,5,5,5,True,False,0.16594429314136505
6381,clip_b32,hue90,6,6,6,True,False,0.2327665090560913
6414,clip_b32,hue90,5,5,7,False,True,0.13201364874839783
6426,clip_b32,hue90,2,2,2,True,False,0.28931060433387756
6434,clip_b32,hue90,8,8,8,True,False,0.29061266779899597
6437,clip_b32,hue90,0,0,0,True,False,0.25903788208961487
6455,clip_b32,hue90,0,0,0,True,False,0.2629578113555908
6490,clip_b32,hue90,3,3,3,True,False,0.15745925903320312
6503,clip_b32,hue90,2,2,2,True,False,0.20085784792900085
6508,clip_b32,hue90,4,4,4,True,False,0.25163158774375916
6528,clip_b32,hue90,4,4,4,True,False,0.17452092468738556
6594,clip_b32,hue90,1,1,1,True,False,0.1929720789194107
6609,clip_b32,hue90,0,0,0,True,False,0.26375216245651245
6616,clip_b32,hue90,2,2,2,True,False,0.20574668049812317
6650,clip_b32,hue90,7,7,7,True,False,0.1921597570180893
6689,clip_b32,hue90,8,8,8,True,False,0.2322971522808075
6692,clip_b32,hue90,2,2,2,True,False,0.219076469540596
6713,clip_b32,hue90,6,6,6,True,False,0.18557743728160858
6716,clip_b32,hue90,5,5,5,True,False,0.17062948644161224
6726,clip_b32,hue90,7,7,7,True,False,0.1973133236169815
6733,clip_b32,hue90,1,1,1,True,False,0.18349014222621918
6772,clip_b32,hue90,7,7,3,False,True,0.12480334937572479
6805,clip_b32,hue90,1,1,1,True,False,0.20439325273036957
6836,clip_b32,hue90,1,1,1,True,False,0.22756844758987427
6844,clip_b32,hue90,0,0,0,True,False,0.23330257833003998
6922,clip_b32,hue90,5,5,5,True,False,0.22252386808395386
6931,clip_b32,hue90,9,9,9,True,False,0.18996962904930115
6938,clip_b32,hue90,1,1,1,True,False,0.27051252126693726
6952,clip_b32,hue90,3,3,3,True,False,0.19160762429237366
6954,clip_b32,hue90,1,1,1,True,False,0.19226375222206116
6986,clip_b32,hue90,0,0,0,True,False,0.2546684741973877
6989,clip_b32,hue90,5,5,5,True,False,0.14825987815856934
7009,clip_b32,hue90,0,0,0,True,False,0.21519902348518372
7029,clip_b32,hue90,1,1,1,True,False,0.2379274219274521
7033,clip_b32,hue90,1,1,1,True,False,0.16051076352596283
7041,clip_b32,hue90,5,5,5,True,False,0.11143061518669128
7047,clip_b32,hue90,9,9,9,True,False,0.2281666249036789
7081,clip_b32,hue90,7,7,7,True,False,0.21658913791179657
7084,clip_b32,hue90,2,2,2,True,False,0.2039569467306137
7108,clip_b32,hue90,6,6,6,True,False,0.22163164615631104
7130,clip_b32,hue90,5,5,5,True,False,0.19443398714065552
7138,clip_b32,hue90,8,8,8,True,False,0.2772623300552368
7150,clip_b32,hue90,0,0,0,True,False,0.2625541388988495
7202,clip_b32,hue90,1,1,1,True,False,0.21565072238445282
7262,clip_b32,hue90,0,0,0,True,False,0.2709948718547821
7266,clip_b32,hue90,9,9,9,True,False,0.18229815363883972
7270,clip_b32,hue90,7,7,7,True,False,0.20913578569889069
7309,clip_b32,hue90,0,0,0,True,False,0.22996267676353455
7320,clip_b32,hue90,0,0,0,True,False,0.24833466112613678
7338,clip_b32,hue90,6,6,6,True,False,0.15849092602729797
7372,clip_b32,hue90,0,0,0,True,False,0.26365014910697937
7373,clip_b32,hue90,0,0,0,True,False,0.2775477170944214
7380,clip_b32,hue90,9,9,9,True,False,0.23162490129470825
7390,clip_b32,hue90,1,1,1,True,False,0.232249915599823
7413,clip_b32,hue90,5,3,3,False,False,0.19389858841896057
7416,clip_b32,hue90,3,3,3,True,False,0.21509002149105072
7425,clip_b32,hue90,2,2,2,True,False,0.27319639921188354
7446,clip_b32,hue90,8,8,8,True,False,0.25353193283081055
7460,clip_b32,hue90,8,8,8,True,False,0.12771959602832794
7465,clip_b32,hue90,0,0,0,True,False,0.2591514587402344
7474,clip_b32,hue90,5,5,5,True,False,0.24225619435310364
7475,clip_b32,hue90,4,4,4,True,False,0.26106202602386475
7476,clip_b32,hue90,8,8,8,True,False,0.1846938282251358
7544,clip_b32,hue90,9,9,9,True,False,0.20021267235279083
7555,clip_b32,hue90,6,6,6,True,False,0.14912134408950806
7600,clip_b32,hue90,6,6,6,True,False,0.2196674942970276
7610,clip_b32,hue90,4,4,4,True,False,0.2095082700252533
7634,clip_b32,hue90,0,0,0,True,False,0.29763123393058777
7692,clip_b32,hue90,4,4,4,True,False,0.13344167172908783
7706,clip_b32,hue90,5,5,5,True,False,0.15871916711330414
7726,clip_b32,hue90,6,6,6,True,False,0.24036355316638947
7744,clip_b32,hue90,3,3,3,True,False,0.21252906322479248
7752,clip_b32,hue90,9,9,9,True,False,0.22883720695972443
7776,clip_b32,hue90,5,5,5,True,False,0.17128591239452362
7779,clip_b32,hue90,6,6,6,True,False,0.18937915563583374
7781,clip_b32,hue90,6,6,6,True,False,0.2343778759241104
7793,clip_b32,hue90,3,3,5,False,True,0.18621015548706055
7797,clip_b32,hue90,3,3,3,True,False,0.19184179604053497
7810,clip_b32,hue90,8,8,8,True,False,0.21863238513469696
7818,clip_b32,hue90,8,8,8,True,False,0.27670952677726746
7835,clip_b32,hue90,7,7,7,True,False,0.26522380113601685
7864,clip_b32,hue90,4,4,4,True,False,0.2681010663509369
7875,clip_b32,hue90,8,8,8,True,False,0.2257278561592102
7938,clip_b32,hue90,9,9,9,True,False,0.17648552358150482
7940,clip_b32,hue90,4,4,4,True,False,0.2284732162952423
7944,clip_b32,hue90,4,4,1,False,True,0.11391599476337433
7955,clip_b32,hue90,1,1,1,True,False,0.24528412520885468
7995,clip_b32,hue90,9,9,9,True,False,0.20171038806438446
7996,clip_b32,hue90,6,6,6,True,False,0.21883812546730042
7999,clip_b32,hue90,8,8,8,True,False,0.2596260905265808
3,clip_zero_shot,hue90,0,0,0,True,False,0.9153655767440796
29,clip_zero_shot,hue90,7,7,7,True,False,0.9998267292976379
35,clip_zero_shot,hue90,2,2,2,True,False,0.8931810259819031
42,clip_zero_shot,hue90,0,0,0,True,False,0.9251166582107544
49,clip_zero_shot,hue90,2,2,2,True,False,0.9923517107963562
81,clip_zero_shot,hue90,0,0,0,True,False,0.8085265159606934
95,clip_zero_shot,hue90,1,1,1,True,False,0.9981845021247864
97,clip_zero_shot,hue90,5,5,5,True,False,0.860074520111084
116,clip_zero_shot,hue90,1,1,1,True,False,0.9967126846313477
131,clip_zero_shot,hue90,9,9,9,True,False,0.9521666169166565
151,clip_zero_shot,hue90,8,8,8,True,False,0.9940928816795349
171,clip_zero_shot,hue90,4,4,4,True,False,0.9984748959541321
176,clip_zero_shot,hue90,3,3,3,True,False,0.6925995945930481
191,clip_zero_shot,hue90,9,9,2,False,True,0.7108510136604309
194,clip_zero_shot,hue90,8,8,8,True,False,0.9938586354255676
198,clip_zero_shot,hue90,1,1,1,True,False,0.9968379735946655
239,clip_zero_shot,hue90,9,9,9,True,False,0.9780851602554321
261,clip_zero_shot,hue90,1,1,1,True,False,0.9963539838790894
269,clip_zero_shot,hue90,7,7,7,True,False,0.9991232752799988
276,clip_zero_shot,hue90,9,9,9,True,False,0.7605276107788086
303,clip_zero_shot,hue90,9,9,9,True,False,0.9870147705078125
304,clip_zero_shot,hue90,1,1,1,True,False,0.9559048414230347
317,clip_zero_shot,hue90,2,2,2,True,False,0.9684064984321594
319,clip_zero_shot,hue90,5,5,5,True,False,0.982546865940094
323,clip_zero_shot,hue90,7,7,7,True,False,0.9882394075393677
365,clip_zero_shot,hue90,3,3,3,True,False,0.9412761926651001
370,clip_zero_shot,hue90,7,7,7,True,False,0.9953395128250122
372,clip_zero_shot,hue90,3,3,1,False,True,0.4731576442718506
378,clip_zero_shot,hue90,5,5,5,True,False,0.9627259969711304
391,clip_zero_shot,hue90,3,4,3,True,True,0.9568690657615662
409,clip_zero_shot,hue90,2,2,2,True,False,0.9625649452209473
419,clip_zero_shot,hue90,9,9,9,True,False,0.979098916053772
449,clip_zero_shot,hue90,6,6,6,True,False,0.992708683013916
470,clip_zero_shot,hue90,2,2,2,True,False,0.9910864233970642
483,clip_zero_shot,hue90,2,2,2,True,False,0.9918981790542603
484,clip_zero_shot,hue90,0,0,0,True,False,0.9813131093978882
506,clip_zero_shot,hue90,4,4,4,True,False,0.9467587471008301
545,clip_zero_shot,hue90,6,6,6,True,False,0.7542637586593628
562,clip_zero_shot,hue90,0,0,0,True,False,0.5727586150169373
568,clip_zero_shot,hue90,5,5,5,True,False,0.615263044834137
603,clip_zero_shot,hue90,9,9,9,True,False,0.8579095005989075
632,clip_zero_shot,hue90,3,3,3,True,False,0.9832104444503784
645,clip_zero_shot,hue90,5,5,5,True,False,0.92833012342453
667,clip_zero_shot,hue90,8,8,8,True,False,0.9980371594429016
672,clip_zero_shot,hue90,3,3,3,True,False,0.44243064522743225
677,clip_zero_shot,hue90,3,3,3,True,False,0.9762561917304993
685,clip_zero_shot,hue90,5,5,5,True,False,0.9479718804359436
691,clip_zero_shot,hue90,4,4,4,True,False,0.9973703622817993
706,clip_zero_shot,hue90,8,8,8,True,False,0.9993243217468262
714,clip_zero_shot,hue90,2,2,2,True,False,0.9171739816665649
716,clip_zero_shot,hue90,8,8,8,True,False,0.9632633924484253
738,clip_zero_shot,hue90,3,3,3,True,False,0.9744253754615784
739,clip_zero_shot,hue90,8,8,8,True,False,0.9842599034309387
766,clip_zero_shot,hue90,4,6,4,True,True,0.7720503211021423
791,clip_zero_shot,hue90,3,3,3,True,False,0.9843112826347351
805,clip_zero_shot,hue90,9,9,9,True,False,0.9764021635055542
825,clip_zero_shot,hue90,1,1,1,True,False,0.9946298599243164
852,clip_zero_shot,hue90,9,9,9,True,False,0.9940637946128845
855,clip_zero_shot,hue90,4,4,4,True,False,0.9973891377449036
873,clip_zero_shot,hue90,6,6,6,True,False,0.9536249041557312
890,clip_zero_shot,hue90,6,6,6,True,False,0.9969673752784729
920,clip_zero_shot,hue90,6,6,6,True,False,0.9965781569480896
929,clip_zero_shot,hue90,6,6,6,True,False,0.9961482286453247
962,clip_zero_shot,hue90,8,8,8,True,False,0.9469520449638367
964,clip_zero_shot,hue90,6,6,6,True,False,0.9744563102722168
977,clip_zero_shot,hue90,6,6,6,True,False,0.997510552406311
979,clip_zero_shot,hue90,3,3,3,True,False,0.9795514345169067
981,clip_zero_shot,hue90,2,2,2,True,False,0.9874927997589111
1022,clip_zero_shot,hue90,9,9,9,True,False,0.7502055764198303
1032,clip_zero_shot,hue90,7,7,7,True,False,0.4600892663002014
1048,clip_zero_shot,hue90,7,7,7,True,False,0.9984069466590881
1090,clip_zero_shot,hue90,1,1,1,True,False,0.9945682287216187
1095,clip_zero_shot,hue90,5,5,5,True,False,0.9727646708488464
1109,clip_zero_shot,hue90,1,1,1,True,False,0.9907247424125671
1111,clip_zero_shot,hue90,4,4,4,True,False,0.9881579279899597
1115,clip_zero_shot,hue90,1,1,1,True,False,0.9445579648017883
1124,clip_zero_shot,hue90,4,4,4,True,False,0.9994420409202576
1129,clip_zero_shot,hue90,8,8,8,True,False,0.9878796935081482
1175,clip_zero_shot,hue90,0,0,0,True,False,0.9721342921257019
1202,clip_zero_shot,hue90,2,2,2,True,False,0.9878579378128052
1204,clip_zero_shot,hue90,3,3,1,False,True,0.6685822606086731
1211,clip_zero_shot,hue90,4,4,4,True,False,0.9693060517311096
1220,clip_zero_shot,hue90,7,7,7,True,False,0.9930511713027954
1230,clip_zero_shot,hue90,1,1,7,False,True,0.7478870153427124
1247,clip_zero_shot,hue90,8,8,8,True,False,0.9676826596260071
1263,clip_zero_shot,hue90,3,4,4,False,False,0.9879270195960999
1266,clip_zero_shot,hue90,4,4,4,True,False,0.9946622252464294
1287,clip_zero_shot,hue90,7,7,7,True,False,0.8793244361877441
1296,clip_zero_shot,hue90,7,7,7,True,False,0.8242366909980774
1370,clip_zero_shot,hue90,3,3,3,True,False,0.9597119688987732
1389,clip_zero_shot,hue90,0,0,0,True,False,0.9886309504508972
1401,clip_zero_shot,hue90,3,3,3,True,False,0.9453573822975159
1403,clip_zero_shot,hue90,2,2,2,True,False,0.9905251860618591
1411,clip_zero_shot,hue90,9,9,9,True,False,0.9636731147766113
1429,clip_zero_shot,hue90,4,4,6,False,True,0.4830021262168884
1430,clip_zero_shot,hue90,9,9,9,True,False,0.9748309850692749
1431,clip_zero_shot,hue90,3,3,3,True,False,0.9460394978523254
1436,clip_zero_shot,hue90,1,1,1,True,False,0.997645914554596
1440,clip_zero_shot,hue90,7,7,7,True,False,0.996321439743042
1468,clip_zero_shot,hue90,9,9,9,True,False,0.8386695981025696
1473,clip_zero_shot,hue90,7,7,7,True,False,0.9982534050941467
1515,clip_zero_shot,hue90,9,9,9,True,False,0.9831938743591309
1520,clip_zero_shot,hue90,2,2,2,True,False,0.9698273539543152
1531,clip_zero_shot,hue90,3,4,5,False,True,0.36533117294311523
1534,clip_zero_shot,hue90,6,6,6,True,False,0.8616268038749695
1552,clip_zero_shot,hue90,5,5,4,False,True,0.48646143078804016
1553,clip_zero_shot,hue90,0,0,0,True,False,0.9757930636405945
1563,clip_zero_shot,hue90,3,7,3,True,True,0.6472862958908081
1568,clip_zero_shot,hue90,1,1,1,True,False,0.9938613176345825
1579,clip_zero_shot,hue90,7,7,7,True,False,0.9988583326339722
1586,clip_zero_shot,hue90,2,2,2,True,False,0.9901019334793091
1596,clip_zero_shot,hue90,0,0,0,True,False,0.9519788026809692
1626,clip_zero_shot,hue90,5,5,5,True,False,0.9343889951705933
1640,clip_zero_shot,hue90,8,8,8,True,False,0.998875081539154
1644,clip_zero_shot,hue90,5,5,5,True,False,0.9764335751533508
1648,clip_zero_shot,hue90,0,0,0,True,False,0.9835626482963562
1654,clip_zero_shot,hue90,9,9,9,True,False,0.9796862006187439
1667,clip_zero_shot,hue90,6,6,6,True,False,0.9644799828529358
1703,clip_zero_shot,hue90,7,7,1,False,True,0.9792367219924927
1711,clip_zero_shot,hue90,7,7,7,True,False,0.9980699419975281
1771,clip_zero_shot,hue90,7,7,7,True,False,0.9558455944061279
1783,clip_zero_shot,hue90,8,8,8,True,False,0.9981868863105774
1814,clip_zero_shot,hue90,2,2,2,True,False,0.9621495008468628
1833,clip_zero_shot,hue90,8,8,8,True,False,0.99607253074646
1836,clip_zero_shot,hue90,9,9,9,True,False,0.9925557971000671
1839,clip_zero_shot,hue90,2,2,2,True,False,0.9731398820877075
1852,clip_zero_shot,hue90,1,1,1,True,False,0.9969542026519775
1871,clip_zero_shot,hue90,1,1,1,True,False,0.995694637298584
1877,clip_zero_shot,hue90,5,5,4,False,True,0.9674002528190613
1884,clip_zero_shot,hue90,7,7,7,True,False,0.990240216255188
1927,clip_zero_shot,hue90,7,7,7,True,False,0.97882479429245
1954,clip_zero_shot,hue90,8,8,8,True,False,0.9779177904129028
1956,clip_zero_shot,hue90,7,7,7,True,False,0.5517226457595825
1960,clip_zero_shot,hue90,4,4,4,True,False,0.9791618585586548
1977,clip_zero_shot,hue90,0,0,0,True,False,0.8369628190994263
1986,clip_zero_shot,hue90,1,1,1,True,False,0.9932155609130859
1993,clip_zero_shot,hue90,1,1,1,True,False,0.9975067973136902
2003,clip_zero_shot,hue90,6,6,6,True,False,0.9567480683326721
2011,clip_zero_shot,hue90,9,9,9,True,False,0.9804665446281433
2024,clip_zero_shot,hue90,0,0,0,True,False,0.9827895164489746
2028,clip_zero_shot,hue90,3,3,3,True,False,0.9496912956237793
2062,clip_zero_shot,hue90,9,9,9,True,False,0.9953017234802246
2070,clip_zero_shot,hue90,1,1,1,True,False,0.9248678684234619
2082,clip_zero_shot,hue90,2,2,2,True,False,0.829522967338562
2095,clip_zero_shot,hue90,1,1,1,True,False,0.9724295139312744
2109,clip_zero_shot,hue90,8,8,8,True,False,0.9985583424568176
2114,clip_zero_shot,hue90,9,9,9,True,False,0.8542369604110718
2116,clip_zero_shot,hue90,1,1,1,True,False,0.8558449745178223
2157,clip_zero_shot,hue90,1,1,1,True,False,0.9956667423248291
2167,clip_zero_shot,hue90,9,9,9,True,False,0.9896767735481262
2178,clip_zero_shot,hue90,1,1,1,True,False,0.9974554181098938
2191,clip_zero_shot,hue90,8,8,8,True,False,0.9981654286384583
2230,clip_zero_shot,hue90,8,8,8,True,False,0.9903483390808105
2242,clip_zero_shot,hue90,0,0,0,True,False,0.9856254458427429
2265,clip_zero_shot,hue90,5,5,5,True,False,0.6945951581001282
2268,clip_zero_shot,hue90,5,5,5,True,False,0.9896212816238403
2291,clip_zero_shot,hue90,3,3,7,False,True,0.7196949124336243
2334,clip_zero_shot,hue90,5,5,5,True,False,0.9636272192001343
2340,clip_zero_shot,hue90,8,8,8,True,False,0.9946371912956238
2342,clip_zero_shot,hue90,8,8,8,True,False,0.9972313046455383
2351,clip_zero_shot,hue90,9,9,9,True,False,0.9955574870109558
2391,clip_zero_shot,hue90,5,5,5,True,False,0.9138030409812927
2392,clip_zero_shot,hue90,2,2,2,True,False,0.9163526892662048
2399,clip_zero_shot,hue90,4,4,6,False,True,0.6185170412063599
2414,clip_zero_shot,hue90,9,9,9,True,False,0.9494242072105408
2427,clip_zero_shot,hue90,5,5,5,True,False,0.9571892023086548
2458,clip_zero_shot,hue90,5,5,5,True,False,0.9412075281143188
2501,clip_zero_shot,hue90,7,7,7,True,False,0.9903362989425659
2502,clip_zero_shot,hue90,2,2,2,True,False,0.9769040942192078
2536,clip_zero_shot,hue90,3,3,3,True,False,0.958092987537384
2539,clip_zero_shot,hue90,3,3,3,True,False,0.9052600860595703
2610,clip_zero_shot,hue90,6,6,6,True,False,0.9800509810447693
2623,clip_zero_shot,hue90,5,5,6,False,True,0.4162267744541168
2655,clip_zero_shot,hue90,9,9,9,True,False,0.9552093148231506
2668,clip_zero_shot,hue90,7,7,7,True,False,0.9271469712257385
2676,clip_zero_shot,hue90,6,6,6,True,False,0.5783604383468628
2687,clip_zero_shot,hue90,1,1,1,True,False,0.9955984354019165
2690,clip_zero_shot,hue90,1,1,1,True,False,0.9942263960838318
2704,clip_zero_shot,hue90,4,4,4,True,False,0.9996174573898315
2745,clip_zero_shot,hue90,8,8,8,True,False,0.9933550357818604
2746,clip_zero_shot,hue90,7,7,7,True,False,0.9975676536560059
2750,clip_zero_shot,hue90,0,0,8,False,True,0.919113039970398
2754,clip_zero_shot,hue90,3,3,3,True,False,0.9695592522621155
2757,clip_zero_shot,hue90,4,4,4,True,False,0.948160707950592
2766,clip_zero_shot,hue90,5,5,5,True,False,0.9690658450126648
2807,clip_zero_shot,hue90,5,4,7,False,True,0.8008511066436768
2844,clip_zero_shot,hue90,8,8,8,True,False,0.9955311417579651
2854,clip_zero_shot,hue90,7,7,7,True,False,0.9577119946479797
2861,clip_zero_shot,hue90,3,3,3,True,False,0.9714682698249817
2888,clip_zero_shot,hue90,0,0,0,True,False,0.9541622400283813
2898,clip_zero_shot,hue90,4,4,4,True,False,0.9984462857246399
2950,clip_zero_shot,hue90,5,5,5,True,False,0.9421117305755615
2958,clip_zero_shot,hue90,6,6,6,True,False,0.9904730916023254
3015,clip_zero_shot,hue90,8,8,8,True,False,0.9942886829376221
3024,clip_zero_shot,hue90,2,2,2,True,False,0.984967052936554
3025,clip_zero_shot,hue90,0,0,0,True,False,0.7932679653167725
3034,clip_zero_shot,hue90,4,4,4,True,False,0.999359667301178
3067,clip_zero_shot,hue90,2,2,2,True,False,0.9175829887390137
3078,clip_zero_shot,hue90,4,4,4,True,False,0.998149037361145
3079,clip_zero_shot,hue90,1,1,1,True,False,0.9958817958831787
3083,clip_zero_shot,hue90,0,0,0,True,False,0.9403515458106995
3122,clip_zero_shot,hue90,4,4,4,True,False,0.637494683265686
3153,clip_zero_shot,hue90,7,7,7,True,False,0.9765428900718689
3157,clip_zero_shot,hue90,8,8,8,True,False,0.9953846335411072
3163,clip_zero_shot,hue90,2,2,2,True,False,0.9898332357406616
3179,clip_zero_shot,hue90,4,4,4,True,False,0.9994614720344543
3191,clip_zero_shot,hue90,6,6,6,True,False,0.6954978108406067
3276,clip_zero_shot,hue90,3,7,6,False,True,0.669221818447113
3287,clip_zero_shot,hue90,4,4,4,True,False,0.9992396831512451
3288,clip_zero_shot,hue90,7,7,7,True,False,0.996747612953186
3292,clip_zero_shot,hue90,6,6,6,True,False,0.8257187604904175
3318,clip_zero_shot,hue90,9,9,9,True,False,0.9089752435684204
3347,clip_zero_shot,hue90,0,0,0,True,False,0.9776577949523926
3353,clip_zero_shot,hue90,5,5,7,False,True,0.5118786096572876
3362,clip_zero_shot,hue90,2,2,2,True,False,0.9906550049781799
3365,clip_zero_shot,hue90,4,4,4,True,False,0.9951590895652771
3375,clip_zero_shot,hue90,3,3,3,True,False,0.9336711764335632
3383,clip_zero_shot,hue90,3,3,3,True,False,0.8319994807243347
3404,clip_zero_shot,hue90,7,7,7,True,False,0.9948379397392273
3412,clip_zero_shot,hue90,8,8,8,True,False,0.999292254447937
3413,clip_zero_shot,hue90,1,1,1,True,False,0.9991204142570496
3418,clip_zero_shot,hue90,6,6,6,True,False,0.9983586668968201
3437,clip_zero_shot,hue90,0,0,0,True,False,0.7806530594825745
3446,clip_zero_shot,hue90,7,7,7,True,False,0.996046245098114
3454,clip_zero_shot,hue90,2,2,2,True,False,0.9812255501747131
3455,clip_zero_shot,hue90,0,0,0,True,False,0.9343387484550476
3458,clip_zero_shot,hue90,4,4,4,True,False,0.9982238411903381
3467,clip_zero_shot,hue90,7,7,7,True,False,0.902406632900238
3491,clip_zero_shot,hue90,1,1,1,True,False,0.996978759765625
3494,clip_zero_shot,hue90,6,6,6,True,False,0.9851057529449463
3512,clip_zero_shot,hue90,4,4,4,True,False,0.9991052746772766
3515,clip_zero_shot,hue90,6,6,6,True,False,0.998706579208374
3542,clip_zero_shot,hue90,7,7,7,True,False,0.9987514019012451
3550,clip_zero_shot,hue90,1,1,1,True,False,0.9889912605285645
3562,clip_zero_shot,hue90,3,4,4,False,False,0.37232738733291626
3755,clip_zero_shot,hue90,2,2,2,True,False,0.9796324968338013
3763,clip_zero_shot,hue90,4,4,4,True,False,0.9986244440078735
3777,clip_zero_shot,hue90,6,6,6,True,False,0.9853801131248474
3778,clip_zero_shot,hue90,3,3,3,True,False,0.8451969623565674
3779,clip_zero_shot,hue90,6,6,6,True,False,0.9963132739067078
3844,clip_zero_shot,hue90,6,6,6,True,False,0.9789683222770691
3851,clip_zero_shot,hue90,3,3,3,True,False,0.9692142009735107
3852,clip_zero_shot,hue90,5,5,5,True,False,0.9568225741386414
3863,clip_zero_shot,hue90,5,5,5,True,False,0.9640172123908997
3867,clip_zero_shot,hue90,7,7,7,True,False,0.9977859258651733
3876,clip_zero_shot,hue90,0,0,0,True,False,0.6831313967704773
3889,clip_zero_shot,hue90,5,5,5,True,False,0.9768732786178589
3891,clip_zero_shot,hue90,4,4,4,True,False,0.991304874420166
3893,clip_zero_shot,hue90,9,9,9,True,False,0.7625948786735535
3905,clip_zero_shot,hue90,8,8,8,True,False,0.9986575841903687
3914,clip_zero_shot,hue90,3,3,3,True,False,0.9879146814346313
3937,clip_zero_shot,hue90,1,1,1,True,False,0.997663140296936
3942,clip_zero_shot,hue90,9,9,9,True,False,0.9733281135559082
3948,clip_zero_shot,hue90,8,8,8,True,False,0.9964103102684021
3962,clip_zero_shot,hue90,6,6,6,True,False,0.9978637099266052
3965,clip_zero_shot,hue90,0,0,0,True,False,0.9876837134361267
3994,clip_zero_shot,hue90,4,4,4,True,False,0.9992285966873169
3996,clip_zero_shot,hue90,9,9,9,True,False,0.9983029365539551
4011,clip_zero_shot,hue90,6,6,6,True,False,0.9953387975692749
4023,clip_zero_shot,hue90,3,3,7,False,True,0.4365079998970032
4054,clip_zero_shot,hue90,4,4,4,True,False,0.9978959560394287
4065,clip_zero_shot,hue90,2,2,2,True,False,0.8734192848205566
4069,clip_zero_shot,hue90,8,8,8,True,False,0.8451170325279236
4093,clip_zero_shot,hue90,6,6,6,True,False,0.9782863855361938
4094,clip_zero_shot,hue90,9,9,9,True,False,0.9724183678627014
4106,clip_zero_shot,hue90,5,5,5,True,False,0.8176402449607849
4130,clip_zero_shot,hue90,0,0,0,True,False,0.9763380885124207
4168,clip_zero_shot,hue90,3,3,3,True,False,0.8340739607810974
4170,clip_zero_shot,hue90,8,8,8,True,False,0.9912386536598206
4172,clip_zero_shot,hue90,7,7,1,False,True,0.9757843017578125
4177,clip_zero_shot,hue90,8,8,8,True,False,0.9951608777046204
4215,clip_zero_shot,hue90,3,3,3,True,False,0.9716323018074036
4229,clip_zero_shot,hue90,3,3,3,True,False,0.9713448286056519
4236,clip_zero_shot,hue90,7,7,7,True,False,0.9906790852546692
4242,clip_zero_shot,hue90,8,8,8,True,False,0.9828141927719116
4254,clip_zero_shot,hue90,6,6,6,True,False,0.9971299767494202
4290,clip_zero_shot,hue90,5,4,6,False,True,0.24740920960903168
4298,clip_zero_shot,hue90,1,1,1,True,False,0.998831570148468
4308,clip_zero_shot,hue90,7,7,7,True,False,0.45017632842063904
4311,clip_zero_shot,hue90,8,8,8,True,False,0.9978883862495422
4323,clip_zero_shot,hue90,3,3,3,True,False,0.9489132165908813
4330,clip_zero_shot,hue90,3,5,4,False,True,0.28398799896240234
4341,clip_zero_shot,hue90,6,6,6,True,False,0.9835675954818726
4355,clip_zero_shot,hue90,8,8,8,True,False,0.9602058529853821
4399,clip_zero_shot,hue90,0,0,0,True,False,0.9294093251228333
4403,clip_zero_shot,hue90,7,7,7,True,False,0.9983471632003784
4411,clip_zero_shot,hue90,6,6,6,True,False,0.9312700033187866
4449,clip_zero_shot,hue90,9,9,9,True,False,0.7784743905067444
4463,clip_zero_shot,hue90,3,3,3,True,False,0.9825451374053955
4531,clip_zero_shot,hue90,3,3,4,False,True,0.71024090051651
4539,clip_zero_shot,hue90,0,0,0,True,False,0.9537043571472168
4547,clip_zero_shot,hue90,5,5,5,True,False,0.9847744107246399
4552,clip_zero_shot,hue90,8,8,8,True,False,0.8324885964393616
4570,clip_zero_shot,hue90,5,5,5,True,False,0.9391481876373291
4590,clip_zero_shot,hue90,3,3,3,True,False,0.9823259711265564
4609,clip_zero_shot,hue90,3,7,7,False,False,0.9403510093688965
4615,clip_zero_shot,hue90,0,0,0,True,False,0.9474889039993286
4617,clip_zero_shot,hue90,0,0,0,True,False,0.9730533361434937
4620,clip_zero_shot,hue90,6,6,7,False,True,0.43209341168403625
4629,clip_zero_shot,hue90,4,4,4,True,False,0.9977583885192871
4640,clip_zero_shot,hue90,1,1,1,True,False,0.9068776369094849
4642,clip_zero_shot,hue90,4,4,4,True,False,0.9966865181922913
4661,clip_zero_shot,hue90,7,7,7,True,False,0.9942582845687866
4662,clip_zero_shot,hue90,8,8,8,True,False,0.9910269379615784
4675,clip_zero_shot,hue90,0,0,0,True,False,0.9907380938529968
4676,clip_zero_shot,hue90,8,8,8,True,False,0.9967743754386902
4704,clip_zero_shot,hue90,7,7,7,True,False,0.9094085097312927
4723,clip_zero_shot,hue90,9,9,9,True,False,0.8524843454360962
4731,clip_zero_shot,hue90,6,6,6,True,False,0.9988994598388672
4735,clip_zero_shot,hue90,2,2,2,True,False,0.9554306864738464
4740,clip_zero_shot,hue90,4,4,4,True,False,0.9980348944664001
4746,clip_zero_shot,hue90,6,6,6,True,False,0.9980977177619934
4748,clip_zero_shot,hue90,7,7,7,True,False,0.9925100803375244
4754,clip_zero_shot,hue90,6,6,6,True,False,0.9692790508270264
4785,clip_zero_shot,hue90,0,0,0,True,False,0.976356029510498
4791,clip_zero_shot,hue90,7,7,7,True,False,0.9981812238693237
4819,clip_zero_shot,hue90,0,0,0,True,False,0.9694470763206482
4821,clip_zero_shot,hue90,3,3,3,True,False,0.9167824387550354
4827,clip_zero_shot,hue90,6,6,6,True,False,0.980400562286377
4850,clip_zero_shot,hue90,5,5,5,True,False,0.8943188786506653
4881,clip_zero_shot,hue90,3,7,8,False,True,0.3139505982398987
4893,clip_zero_shot,hue90,0,0,0,True,False,0.9856671690940857
4908,clip_zero_shot,hue90,3,3,3,True,False,0.9189738035202026
4913,clip_zero_shot,hue90,2,2,2,True,False,0.9495477676391602
4921,clip_zero_shot,hue90,2,2,2,True,False,0.9690572023391724
4953,clip_zero_shot,hue90,5,5,5,True,False,0.7179718613624573
4966,clip_zero_shot,hue90,5,5,5,True,False,0.824966549873352
4990,clip_zero_shot,hue90,8,8,8,True,False,0.9620471000671387
5000,clip_zero_shot,hue90,8,8,8,True,False,0.9972230195999146
5030,clip_zero_shot,hue90,2,2,2,True,False,0.969569206237793
5062,clip_zero_shot,hue90,4,4,4,True,False,0.9984216690063477
5077,clip_zero_shot,hue90,4,4,4,True,False,0.8733559846878052
5082,clip_zero_shot,hue90,6,6,6,True,False,0.9959230422973633
5092,clip_zero_shot,hue90,1,1,1,True,False,0.9987658262252808
5101,clip_zero_shot,hue90,5,5,5,True,False,0.7965601682662964
5117,clip_zero_shot,hue90,0,0,0,True,False,0.9623714685440063
5123,clip_zero_shot,hue90,1,1,1,True,False,0.9962337613105774
5135,clip_zero_shot,hue90,4,4,4,True,False,0.9953067898750305
5183,clip_zero_shot,hue90,2,2,2,True,False,0.9897096753120422
5213,clip_zero_shot,hue90,4,4,4,True,False,0.9967198967933655
5218,clip_zero_shot,hue90,2,2,2,True,False,0.9718343615531921
5220,clip_zero_shot,hue90,1,5,5,False,False,0.19763526320457458
5237,clip_zero_shot,hue90,2,2,2,True,False,0.6907173991203308
5256,clip_zero_shot,hue90,1,1,1,True,False,0.9981154203414917
5284,clip_zero_shot,hue90,9,9,9,True,False,0.8744326233863831
5301,clip_zero_shot,hue90,9,9,9,True,False,0.6655099391937256
5318,clip_zero_shot,hue90,2,2,2,True,False,0.9350524544715881
5332,clip_zero_shot,hue90,5,5,5,True,False,0.5860548615455627
5333,clip_zero_shot,hue90,2,2,2,True,False,0.9808291792869568
5360,clip_zero_shot,hue90,9,9,9,True,False,0.9796053171157837
5381,clip_zero_shot,hue90,5,5,5,True,False,0.9626412391662598
5382,clip_zero_shot,hue90,6,6,6,True,False,0.8023586869239807
5395,clip_zero_shot,hue90,2,2,2,True,False,0.987295925617218
5402,clip_zero_shot,hue90,4,4,4,True,False,0.997945249080658
5408,clip_zero_shot,hue90,6,6,6,True,False,0.997258186340332
5436,clip_zero_shot,hue90,7,7,7,True,False,0.9747204780578613
5447,clip_zero_shot,hue90,9,9,9,True,False,0.9872539639472961
5450,clip_zero_shot,hue90,7,7,7,True,False,0.9806033968925476
5451,clip_zero_shot,hue90,8,8,8,True,False,0.9991037249565125
5452,clip_zero_shot,hue90,9,9,9,True,False,0.9685114622116089
5467,clip_zero_shot,hue90,4,4,4,True,False,0.995937705039978
5478,clip_zero_shot,hue90,0,0,0,True,False,0.7199404239654541
5488,clip_zero_shot,hue90,1,1,1,True,False,0.9303926229476929
5496,clip_zero_shot,hue90,5,5,5,True,False,0.975343644618988
5508,clip_zero_shot,hue90,9,9,9,True,False,0.9932049512863159
5512,clip_zero_shot,hue90,2,9,9,False,False,0.6839263439178467
5525,clip_zero_shot,hue90,8,8,8,True,False,0.9972652196884155
5528,clip_zero_shot,hue90,3,3,3,True,False,0.9684463739395142
5556,clip_zero_shot,hue90,4,4,4,True,False,0.9925107955932617
5560,clip_zero_shot,hue90,1,1,1,True,False,0.9958444237709045
5572,clip_zero_shot,hue90,9,9,9,True,False,0.8853132724761963
5580,clip_zero_shot,hue90,6,6,6,True,False,0.986944317817688
5590,clip_zero_shot,hue90,9,9,9,True,False,0.9948967099189758
5623,clip_zero_shot,hue90,4,4,4,True,False,0.9974767565727234
5677,clip_zero_shot,hue90,2,2,2,True,False,0.9090607166290283
5694,clip_zero_shot,hue90,8,8,8,True,False,0.9980193376541138
5701,clip_zero_shot,hue90,5,5,5,True,False,0.9782953858375549
5705,clip_zero_shot,hue90,8,8,8,True,False,0.9979739785194397
5719,clip_zero_shot,hue90,7,7,7,True,False,0.9970806241035461
5729,clip_zero_shot,hue90,6,6,6,True,False,0.9854739904403687
5756,clip_zero_shot,hue90,2,2,2,True,False,0.9859555959701538
5788,clip_zero_shot,hue90,9,9,9,True,False,0.9661486744880676
5789,clip_zero_shot,hue90,4,4,4,True,False,0.9986177682876587
5824,clip_zero_shot,hue90,2,2,9,False,True,0.7578094601631165
5848,clip_zero_shot,hue90,7,7,7,True,False,0.9962910413742065
5851,clip_zero_shot,hue90,9,9,9,True,False,0.9963834285736084
5857,clip_zero_shot,hue90,6,6,6,True,False,0.982754647731781
5858,clip_zero_shot,hue90,6,6,6,True,False,0.9898098707199097
5912,clip_zero_shot,hue90,0,0,0,True,False,0.9667850136756897
5915,clip_zero_shot,hue90,9,9,9,True,False,0.9125586748123169
5918,clip_zero_shot,hue90,0,0,0,True,False,0.9715594053268433
5924,clip_zero_shot,hue90,5,6,7,False,True,0.7498220801353455
5977,clip_zero_shot,hue90,7,7,7,True,False,0.9948756098747253
5981,clip_zero_shot,hue90,9,9,9,True,False,0.7610324621200562
5999,clip_zero_shot,hue90,0,0,0,True,False,0.9734679460525513
6028,clip_zero_shot,hue90,2,2,2,True,False,0.9845521450042725
6033,clip_zero_shot,hue90,4,4,4,True,False,0.9937784075737
6076,clip_zero_shot,hue90,1,1,1,True,False,0.9991002082824707
6084,clip_zero_shot,hue90,7,7,7,True,False,0.9980847835540771
6097,clip_zero_shot,hue90,4,4,4,True,False,0.991033136844635
6169,clip_zero_shot,hue90,1,1,1,True,False,0.4647844433784485
6190,clip_zero_shot,hue90,7,7,7,True,False,0.9913997650146484
6224,clip_zero_shot,hue90,5,5,6,False,True,0.4794219136238098
6244,clip_zero_shot,hue90,2,2,2,True,False,0.9388095736503601
6264,clip_zero_shot,hue90,2,2,2,True,False,0.9851773977279663
6271,clip_zero_shot,hue90,2,2,2,True,False,0.9730232954025269
6288,clip_zero_shot,hue90,4,4,4,True,False,0.9971342086791992
6332,clip_zero_shot,hue90,2,2,2,True,False,0.9575180411338806
6349,clip_zero_shot,hue90,1,1,1,True,False,0.9506279230117798
6354,clip_zero_shot,hue90,2,2,2,True,False,0.9467323422431946
6358,clip_zero_shot,hue90,5,5,5,True,False,0.8119357228279114
6381,clip_zero_shot,hue90,6,6,6,True,False,0.9909924268722534
6414,clip_zero_shot,hue90,5,5,1,False,True,0.4623850882053375
6426,clip_zero_shot,hue90,2,2,2,True,False,0.9859312772750854
6434,clip_zero_shot,hue90,8,8,8,True,False,0.9983804225921631
6437,clip_zero_shot,hue90,0,0,0,True,False,0.9781000018119812
6455,clip_zero_shot,hue90,0,0,0,True,False,0.9797036647796631
6490,clip_zero_shot,hue90,3,3,3,True,False,0.3771427869796753
6503,clip_zero_shot,hue90,2,2,2,True,False,0.9235396981239319
6508,clip_zero_shot,hue90,4,4,4,True,False,0.9960646033287048
6528,clip_zero_shot,hue90,4,4,4,True,False,0.9925602674484253
6594,clip_zero_shot,hue90,1,1,1,True,False,0.9812009930610657
6609,clip_zero_shot,hue90,0,0,0,True,False,0.9719207286834717
6616,clip_zero_shot,hue90,2,2,2,True,False,0.9786128997802734
6650,clip_zero_shot,hue90,7,7,7,True,False,0.9395573139190674
6689,clip_zero_shot,hue90,8,8,8,True,False,0.9524892568588257
6692,clip_zero_shot,hue90,2,2,2,True,False,0.9761354923248291
6713,clip_zero_shot,hue90,6,6,6,True,False,0.973199188709259
6716,clip_zero_shot,hue90,5,5,5,True,False,0.7657855153083801
6726,clip_zero_shot,hue90,7,7,7,True,False,0.9870977997779846
6733,clip_zero_shot,hue90,1,1,1,True,False,0.993235170841217
6772,clip_zero_shot,hue90,7,7,7,True,False,0.5702994465827942
6805,clip_zero_shot,hue90,1,1,1,True,False,0.9941805601119995
6836,clip_zero_shot,hue90,1,1,1,True,False,0.9967432618141174
6844,clip_zero_shot,hue90,0,0,0,True,False,0.8846070170402527
6922,clip_zero_shot,hue90,5,5,5,True,False,0.9546157717704773
6931,clip_zero_shot,hue90,9,9,9,True,False,0.8640948534011841
6938,clip_zero_shot,hue90,1,1,1,True,False,0.9982652068138123
6952,clip_zero_shot,hue90,3,3,3,True,False,0.9603410363197327
6954,clip_zero_shot,hue90,1,1,1,True,False,0.9634557962417603
6986,clip_zero_shot,hue90,0,0,0,True,False,0.9742807745933533
6989,clip_zero_shot,hue90,5,5,5,True,False,0.6156373620033264
7009,clip_zero_shot,hue90,0,0,0,True,False,0.956076979637146
7029,clip_zero_shot,hue90,1,1,1,True,False,0.9965848922729492
7033,clip_zero_shot,hue90,1,1,1,True,False,0.9421665072441101
7041,clip_zero_shot,hue90,5,5,3,False,True,0.24639776349067688
7047,clip_zero_shot,hue90,9,9,9,True,False,0.9847679734230042
7081,clip_zero_shot,hue90,7,7,7,True,False,0.9959133267402649
7084,clip_zero_shot,hue90,2,2,2,True,False,0.8865240812301636
7108,clip_zero_shot,hue90,6,6,6,True,False,0.9903485774993896
7130,clip_zero_shot,hue90,5,5,5,True,False,0.9804686307907104
7138,clip_zero_shot,hue90,8,8,8,True,False,0.9982280135154724
7150,clip_zero_shot,hue90,0,0,0,True,False,0.9907050728797913
7202,clip_zero_shot,hue90,1,1,1,True,False,0.9946586489677429
7262,clip_zero_shot,hue90,0,0,0,True,False,0.9788784980773926
7266,clip_zero_shot,hue90,9,9,9,True,False,0.9284790754318237
7270,clip_zero_shot,hue90,7,7,7,True,False,0.992396891117096
7309,clip_zero_shot,hue90,0,0,0,True,False,0.9694736003875732
7320,clip_zero_shot,hue90,0,0,0,True,False,0.9854347705841064
7338,clip_zero_shot,hue90,6,6,6,True,False,0.8699084520339966
7372,clip_zero_shot,hue90,0,0,0,True,False,0.9694296717643738
7373,clip_zero_shot,hue90,0,0,0,True,False,0.9892258048057556
7380,clip_zero_shot,hue90,9,9,9,True,False,0.9918471574783325
7390,clip_zero_shot,hue90,1,1,1,True,False,0.990447998046875
7413,clip_zero_shot,hue90,5,3,3,False,False,0.6708264350891113
7416,clip_zero_shot,hue90,3,3,3,True,False,0.9587332010269165
7425,clip_zero_shot,hue90,2,2,2,True,False,0.9879321455955505
7446,clip_zero_shot,hue90,8,8,8,True,False,0.9953171014785767
7460,clip_zero_shot,hue90,8,8,8,True,False,0.5979264378547668
7465,clip_zero_shot,hue90,0,0,0,True,False,0.9821228384971619
7474,clip_zero_shot,hue90,5,5,5,True,False,0.965785026550293
7475,clip_zero_shot,hue90,4,4,4,True,False,0.9989340901374817
7476,clip_zero_shot,hue90,8,8,8,True,False,0.994317352771759
7544,clip_zero_shot,hue90,9,9,9,True,False,0.808620035648346
7555,clip_zero_shot,hue90,6,6,6,True,False,0.8078114986419678
7600,clip_zero_shot,hue90,6,6,6,True,False,0.9896838665008545
7610,clip_zero_shot,hue90,4,4,4,True,False,0.9883346557617188
7634,clip_zero_shot,hue90,0,0,0,True,False,0.9931128621101379
7692,clip_zero_shot,hue90,4,4,4,True,False,0.9604653120040894
7706,clip_zero_shot,hue90,5,5,5,True,False,0.8768894672393799
7726,clip_zero_shot,hue90,6,6,6,True,False,0.9966527819633484
7744,clip_zero_shot,hue90,3,3,3,True,False,0.9736475944519043
7752,clip_zero_shot,hue90,9,9,9,True,False,0.9635791778564453
7776,clip_zero_shot,hue90,5,5,5,True,False,0.8986409306526184
7779,clip_zero_shot,hue90,6,6,6,True,False,0.961186945438385
7781,clip_zero_shot,hue90,6,6,6,True,False,0.9992127418518066
7793,clip_zero_shot,hue90,3,3,5,False,True,0.7373362183570862
7797,clip_zero_shot,hue90,3,3,3,True,False,0.932881772518158
7810,clip_zero_shot,hue90,8,8,8,True,False,0.9982001781463623
7818,clip_zero_shot,hue90,8,8,8,True,False,0.9904261231422424
7835,clip_zero_shot,hue90,7,7,7,True,False,0.998986542224884
7864,clip_zero_shot,hue90,4,4,4,True,False,0.9979463219642639
7875,clip_zero_shot,hue90,8,8,8,True,False,0.9957276582717896
7938,clip_zero_shot,hue90,9,9,9,True,False,0.8661887049674988
7940,clip_zero_shot,hue90,4,4,4,True,False,0.9965715408325195
7944,clip_zero_shot,hue90,4,4,9,False,True,0.1672549545764923
7955,clip_zero_shot,hue90,1,1,1,True,False,0.9964280724525452
7995,clip_zero_shot,hue90,9,9,9,True,False,0.9368839859962463
7996,clip_zero_shot,hue90,6,6,6,True,False,0.9848758578300476
7999,clip_zero_shot,hue90,8,8,8,True,False,0.9969953298568726
