image_id,model,true_label,clean_prediction,shuffled_prediction,prediction_changed,correct,max_confidence
3,resnet50,0,0,0,False,True,0.8472461700439453
29,resnet50,7,7,3,True,False,0.5125739574432373
35,resnet50,2,2,2,False,True,0.9801424741744995
42,resnet50,0,0,1,True,False,0.6883710026741028
49,resnet50,2,2,2,False,True,0.9927743673324585
81,resnet50,0,0,8,True,False,0.8790138959884644
95,resnet50,1,1,1,False,True,0.9978287816047668
97,resnet50,5,5,5,False,True,0.732593834400177
116,resnet50,1,1,1,False,True,0.9843094348907471
131,resnet50,9,9,9,False,True,0.9166392683982849
151,resnet50,8,8,8,False,True,0.9936402440071106
171,resnet50,4,4,4,False,True,0.944909930229187
176,resnet50,3,3,3,False,True,0.9993476271629333
191,resnet50,9,9,2,True,False,0.6026557087898254
194,resnet50,8,8,8,False,True,0.9994158744812012
198,resnet50,1,1,1,False,True,0.9922641515731812
239,resnet50,9,9,9,False,True,0.933565080165863
261,resnet50,1,1,1,False,True,0.8890649676322937
269,resnet50,7,7,7,False,True,0.7641422748565674
276,resnet50,9,9,9,False,True,0.8026071786880493
303,resnet50,9,9,9,False,True,0.9911078214645386
304,resnet50,1,1,1,False,True,0.49633491039276123
317,resnet50,2,2,2,False,True,0.9826920032501221
319,resnet50,5,5,5,False,True,0.77607661485672
323,resnet50,7,7,5,True,False,0.33050018548965454
365,resnet50,3,3,3,False,True,0.625218391418457
370,resnet50,7,7,7,False,True,0.7768905162811279
372,resnet50,3,3,3,False,True,0.8304372429847717
378,resnet50,5,5,5,False,True,0.992234468460083
391,resnet50,3,3,3,False,True,0.9163945317268372
409,resnet50,2,2,2,False,True,0.99850994348526
419,resnet50,9,9,9,False,True,0.9921229481697083
449,resnet50,6,6,6,False,True,0.9432219862937927
470,resnet50,2,2,2,False,True,0.9818611145019531
483,resnet50,2,2,2,False,True,0.9457815885543823
484,resnet50,0,0,8,True,False,0.5977135896682739
506,resnet50,4,4,4,False,True,0.9211618304252625
545,resnet50,6,6,2,True,False,0.8202650547027588
562,resnet50,0,0,0,False,True,0.9916443228721619
568,resnet50,5,5,5,False,True,0.9744672775268555
603,resnet50,9,9,2,True,False,0.6288233399391174
632,resnet50,3,3,3,False,True,0.979180634021759
645,resnet50,5,5,5,False,True,0.9363278746604919
667,resnet50,8,8,8,False,True,0.9996340274810791
672,resnet50,3,3,3,False,True,0.9835829138755798
677,resnet50,3,3,3,False,True,0.9889057874679565
685,resnet50,5,5,5,False,True,0.9864063858985901
691,resnet50,4,4,4,False,True,0.9692073464393616
706,resnet50,8,8,8,False,True,0.998871386051178
714,resnet50,2,2,2,False,True,0.9953796863555908
716,resnet50,8,8,8,False,True,0.9938281178474426
738,resnet50,3,3,5,True,False,0.8273577094078064
739,resnet50,8,8,8,False,True,0.9984037280082703
766,resnet50,4,6,6,False,False,0.5009903907775879
791,resnet50,3,3,3,False,True,0.9862572550773621
805,resnet50,9,9,9,False,True,0.8881030082702637
825,resnet50,1,1,1,False,True,0.8802440762519836
852,resnet50,9,9,9,False,True,0.9908462166786194
855,resnet50,4,4,4,False,True,0.9804909825325012
873,resnet50,6,6,6,False,True,0.8210459351539612
890,resnet50,6,6,6,False,True,0.9959904551506042
920,resnet50,6,6,6,False,True,0.9483513832092285
929,resnet50,6,6,6,False,True,0.8550863265991211
962,resnet50,8,8,8,False,True,0.9991528987884521
964,resnet50,6,6,6,False,True,0.41772177815437317
977,resnet50,6,6,6,False,True,0.9981305003166199
979,resnet50,3,3,3,False,True,0.9996516704559326
981,resnet50,2,2,2,False,True,0.9993010759353638
1022,resnet50,9,9,9,False,True,0.9740183353424072
1032,resnet50,7,7,7,False,True,0.9804120063781738
1048,resnet50,7,7,7,False,True,0.7759914994239807
1090,resnet50,1,1,1,False,True,0.9623512625694275
1095,resnet50,5,5,5,False,True,0.9335563778877258
1109,resnet50,1,1,1,False,True,0.9999628067016602
1111,resnet50,4,4,4,False,True,0.9721508622169495
1115,resnet50,1,1,1,False,True,0.7649213075637817
1124,resnet50,4,4,1,True,False,0.9121667146682739
1129,resnet50,8,8,8,False,True,0.9967239499092102
1175,resnet50,0,0,0,False,True,0.9941051006317139
1202,resnet50,2,2,2,False,True,0.9974958300590515
1204,resnet50,3,3,3,False,True,0.9831243753433228
1211,resnet50,4,4,4,False,True,0.965248167514801
1220,resnet50,7,7,7,False,True,0.9515784978866577
1230,resnet50,1,1,1,False,True,0.9568458199501038
1247,resnet50,8,8,8,False,True,0.9999454021453857
1263,resnet50,3,3,3,False,True,0.9174062609672546
1266,resnet50,4,4,4,False,True,0.8785709738731384
1287,resnet50,7,7,7,False,True,0.9841786026954651
1296,resnet50,7,7,7,False,True,0.6995447278022766
1370,resnet50,3,3,3,False,True,0.986816942691803
1389,resnet50,0,0,0,False,True,0.9860929846763611
1401,resnet50,3,3,3,False,True,0.9628216624259949
1403,resnet50,2,2,2,False,True,0.9970532655715942
1411,resnet50,9,9,9,False,True,0.9225931167602539
1429,resnet50,4,4,4,False,True,0.9871572852134705
1430,resnet50,9,9,9,False,True,0.7330284714698792
1431,resnet50,3,3,5,True,False,0.7972685694694519
1436,resnet50,1,1,1,False,True,0.998473584651947
1440,resnet50,7,7,7,False,True,0.7763866186141968
1468,resnet50,9,9,9,False,True,0.9921006560325623
1473,resnet50,7,7,7,False,True,0.8673516511917114
1515,resnet50,9,9,9,False,True,0.9133315682411194
1520,resnet50,2,2,2,False,True,0.989490807056427
1531,resnet50,3,3,3,False,True,0.5595048666000366
1534,resnet50,6,6,6,False,True,0.9273322820663452
1552,resnet50,5,5,5,False,True,0.9331650733947754
1553,resnet50,0,0,0,False,True,0.9657095670700073
1563,resnet50,3,3,7,True,False,0.7405190467834473
1568,resnet50,1,1,1,False,True,0.9099080562591553
1579,resnet50,7,7,7,False,True,0.7927788496017456
1586,resnet50,2,2,2,False,True,0.9757784008979797
1596,resnet50,0,0,0,False,True,0.7608591318130493
1626,resnet50,5,5,5,False,True,0.9280379414558411
1640,resnet50,8,8,8,False,True,0.7578205466270447
1644,resnet50,5,5,5,False,True,0.958111047744751
1648,resnet50,0,0,0,False,True,0.9925349950790405
1654,resnet50,9,9,9,False,True,0.99482661485672
1667,resnet50,6,6,6,False,True,0.9869711399078369
1703,resnet50,7,7,3,True,False,0.9599283933639526
1711,resnet50,7,7,7,False,True,0.8787140846252441
1771,resnet50,7,7,4,True,False,0.9838100671768188
1783,resnet50,8,8,8,False,True,0.9986603260040283
1814,resnet50,2,2,2,False,True,0.9881012439727783
1833,resnet50,8,8,8,False,True,0.9674070477485657
1836,resnet50,9,9,9,False,True,0.7274707555770874
1839,resnet50,2,2,2,False,True,0.9973192811012268
1852,resnet50,1,1,1,False,True,0.9994308352470398
1871,resnet50,1,1,3,True,False,0.3467289209365845
1877,resnet50,5,5,4,True,False,0.9246178269386292
1884,resnet50,7,7,7,False,True,0.7935616970062256
1927,resnet50,7,7,7,False,True,0.8846959471702576
1954,resnet50,8,8,0,True,False,0.5039116144180298
1956,resnet50,7,3,3,False,False,0.831494152545929
1960,resnet50,4,4,4,False,True,0.7350835800170898
1977,resnet50,0,0,0,False,True,0.961125910282135
1986,resnet50,1,1,1,False,True,0.9898926615715027
1993,resnet50,1,1,1,False,True,0.9999849796295166
2003,resnet50,6,6,6,False,True,0.9976660013198853
2011,resnet50,9,9,9,False,True,0.9806714653968811
2024,resnet50,0,0,0,False,True,0.9674800038337708
2028,resnet50,3,3,3,False,True,0.9780248403549194
2062,resnet50,9,9,9,False,True,0.998779833316803
2070,resnet50,1,1,1,False,True,0.9777318835258484
2082,resnet50,2,2,2,False,True,0.993833065032959
2095,resnet50,1,1,1,False,True,0.9970706701278687
2109,resnet50,8,8,8,False,True,0.9847405552864075
2114,resnet50,9,9,9,False,True,0.9721020460128784
2116,resnet50,1,3,3,False,False,0.8830769062042236
2157,resnet50,1,1,1,False,True,0.9999822378158569
2167,resnet50,9,9,9,False,True,0.7840204238891602
2178,resnet50,1,1,1,False,True,0.9999798536300659
2191,resnet50,8,8,8,False,True,0.7319493889808655
2230,resnet50,8,8,8,False,True,0.9925951361656189
2242,resnet50,0,0,0,False,True,0.9730128049850464
2265,resnet50,5,5,5,False,True,0.9280450940132141
2268,resnet50,5,5,5,False,True,0.9983087778091431
2291,resnet50,3,3,3,False,True,0.7698026299476624
2334,resnet50,5,5,5,False,True,0.9458229541778564
2340,resnet50,8,8,8,False,True,0.9998687505722046
2342,resnet50,8,8,8,False,True,0.9885987043380737
2351,resnet50,9,9,9,False,True,0.9700121879577637
2391,resnet50,5,5,5,False,True,0.7777798175811768
2392,resnet50,2,2,2,False,True,0.9974508881568909
2399,resnet50,4,4,4,False,True,0.7632564902305603
2414,resnet50,9,9,8,True,False,0.5316430330276489
2427,resnet50,5,5,5,False,True,0.9069445133209229
2458,resnet50,5,5,5,False,True,0.4470350742340088
2501,resnet50,7,7,7,False,True,0.9164718389511108
2502,resnet50,2,2,2,False,True,0.9950791597366333
2536,resnet50,3,3,3,False,True,0.9960296154022217
2539,resnet50,3,3,3,False,True,0.9996318817138672
2610,resnet50,6,6,4,True,False,0.4002400040626526
2623,resnet50,5,5,5,False,True,0.8605310320854187
2655,resnet50,9,9,9,False,True,0.9863553643226624
2668,resnet50,7,7,7,False,True,0.9317038655281067
2676,resnet50,6,6,6,False,True,0.9937141537666321
2687,resnet50,1,1,1,False,True,0.9995986819267273
2690,resnet50,1,1,1,False,True,0.9922764897346497
2704,resnet50,4,4,4,False,True,0.9868364334106445
2745,resnet50,8,8,8,False,True,0.9974400997161865
2746,resnet50,7,7,3,True,False,0.639330267906189
2750,resnet50,0,0,0,False,True,0.9020196795463562
2754,resnet50,3,3,3,False,True,0.8961169123649597
2757,resnet50,4,4,4,False,True,0.8698098659515381
2766,resnet50,5,5,5,False,True,0.8442572951316833
2807,resnet50,5,4,4,False,False,0.7397428154945374
2844,resnet50,8,8,8,False,True,0.9928544163703918
2854,resnet50,7,7,7,False,True,0.9277359843254089
2861,resnet50,3,3,3,False,True,0.9987077713012695
2888,resnet50,0,0,0,False,True,0.9626423716545105
2898,resnet50,4,4,4,False,True,0.8289922475814819
2950,resnet50,5,5,5,False,True,0.8577847480773926
2958,resnet50,6,6,6,False,True,0.9975433945655823
3015,resnet50,8,8,8,False,True,0.9974856376647949
3024,resnet50,2,2,2,False,True,0.993466317653656
3025,resnet50,0,0,0,False,True,0.6558260917663574
3034,resnet50,4,4,4,False,True,0.7111431956291199
3067,resnet50,2,2,2,False,True,0.9535707831382751
3078,resnet50,4,4,4,False,True,0.9889596700668335
3079,resnet50,1,1,1,False,True,0.9994090795516968
3083,resnet50,0,0,0,False,True,0.9444141983985901
3122,resnet50,4,4,4,False,True,0.8723012804985046
3153,resnet50,7,7,7,False,True,0.5224394202232361
3157,resnet50,8,8,8,False,True,0.998860239982605
3163,resnet50,2,2,2,False,True,0.9986572265625
3179,resnet50,4,4,4,False,True,0.9377122521400452
3191,resnet50,6,6,4,True,False,0.7369837164878845
3276,resnet50,3,3,3,False,True,0.49709126353263855
3287,resnet50,4,4,4,False,True,0.9915043711662292
3288,resnet50,7,7,7,False,True,0.943963885307312
3292,resnet50,6,6,6,False,True,0.9782859086990356
3318,resnet50,9,9,9,False,True,0.9476496577262878
3347,resnet50,0,0,0,False,True,0.9660430550575256
3353,resnet50,5,3,3,False,False,0.8754273056983948
3362,resnet50,2,2,2,False,True,0.9794377088546753
3365,resnet50,4,4,3,True,False,0.65043044090271
3375,resnet50,3,3,3,False,True,0.842387855052948
3383,resnet50,3,3,3,False,True,0.9919890761375427
3404,resnet50,7,7,7,False,True,0.9402688145637512
3412,resnet50,8,8,8,False,True,0.9906063079833984
3413,resnet50,1,1,1,False,True,0.9991782307624817
3418,resnet50,6,6,6,False,True,0.9986926913261414
3437,resnet50,0,0,0,False,True,0.5696478486061096
3446,resnet50,7,7,7,False,True,0.487388551235199
3454,resnet50,2,2,2,False,True,0.8179634809494019
3455,resnet50,0,0,0,False,True,0.9799782633781433
3458,resnet50,4,4,4,False,True,0.987114429473877
3467,resnet50,7,7,7,False,True,0.8770945072174072
3491,resnet50,1,1,1,False,True,0.9528713822364807
3494,resnet50,6,6,6,False,True,0.9999252557754517
3512,resnet50,4,4,4,False,True,0.8973217606544495
3515,resnet50,6,6,6,False,True,0.5804088711738586
3542,resnet50,7,7,7,False,True,0.9864211082458496
3550,resnet50,1,1,1,False,True,0.9969111084938049
3562,resnet50,3,3,3,False,True,0.8783842921257019
3755,resnet50,2,2,2,False,True,0.9980382323265076
3763,resnet50,4,4,4,False,True,0.9416970610618591
3777,resnet50,6,6,6,False,True,0.9539775848388672
3778,resnet50,3,3,3,False,True,0.9969488978385925
3779,resnet50,6,6,6,False,True,0.6549878120422363
3844,resnet50,6,6,6,False,True,0.9935872554779053
3851,resnet50,3,3,5,True,False,0.5424007773399353
3852,resnet50,5,5,5,False,True,0.8884289860725403
3863,resnet50,5,5,5,False,True,0.806186854839325
3867,resnet50,7,7,7,False,True,0.9699225425720215
3876,resnet50,0,0,0,False,True,0.9868558049201965
3889,resnet50,5,5,5,False,True,0.9636777639389038
3891,resnet50,4,4,4,False,True,0.8875681161880493
3893,resnet50,9,9,9,False,True,0.9812008738517761
3905,resnet50,8,8,8,False,True,0.9797976613044739
3914,resnet50,3,3,3,False,True,0.9946306943893433
3937,resnet50,1,1,1,False,True,0.9949628114700317
3942,resnet50,9,9,9,False,True,0.9858932495117188
3948,resnet50,8,8,8,False,True,0.988836407661438
3962,resnet50,6,6,6,False,True,0.8054910898208618
3965,resnet50,0,0,0,False,True,0.9462572336196899
3994,resnet50,4,4,4,False,True,0.9939316511154175
3996,resnet50,9,9,0,True,False,0.37469303607940674
4011,resnet50,6,6,6,False,True,0.9991453886032104
4023,resnet50,3,3,3,False,True,0.9582301378250122
4054,resnet50,4,4,4,False,True,0.8300172686576843
4065,resnet50,2,2,2,False,True,0.9453974366188049
4069,resnet50,8,8,4,True,False,0.8329260349273682
4093,resnet50,6,6,3,True,False,0.32794302701950073
4094,resnet50,9,9,9,False,True,0.9963894486427307
4106,resnet50,5,5,5,False,True,0.9052411317825317
4130,resnet50,0,0,0,False,True,0.9983755350112915
4168,resnet50,3,3,3,False,True,0.9301236867904663
4170,resnet50,8,8,8,False,True,0.9456305503845215
4172,resnet50,7,7,7,False,True,0.9445160627365112
4177,resnet50,8,8,8,False,True,0.998744010925293
4215,resnet50,3,3,1,True,False,0.606062114238739
4229,resnet50,3,3,3,False,True,0.9760091304779053
4236,resnet50,7,7,7,False,True,0.9841474294662476
4242,resnet50,8,8,8,False,True,0.9956790804862976
4254,resnet50,6,6,6,False,True,0.7867773771286011
4290,resnet50,5,5,4,True,False,0.7997869849205017
4298,resnet50,1,1,1,False,True,0.9987743496894836
4308,resnet50,7,7,7,False,True,0.7911733984947205
4311,resnet50,8,8,8,False,True,0.99940025806427
4323,resnet50,3,3,5,True,False,0.90477055311203
4330,resnet50,3,3,3,False,True,0.6833511590957642
4341,resnet50,6,6,6,False,True,0.9996123909950256
4355,resnet50,8,8,8,False,True,0.9216027855873108
4399,resnet50,0,0,0,False,True,0.958676815032959
4403,resnet50,7,7,7,False,True,0.9339377284049988
4411,resnet50,6,6,6,False,True,0.747528076171875
4449,resnet50,9,9,8,True,False,0.6244463324546814
4463,resnet50,3,3,3,False,True,0.9987598657608032
4531,resnet50,3,3,3,False,True,0.6806012392044067
4539,resnet50,0,0,0,False,True,0.9769285321235657
4547,resnet50,5,5,5,False,True,0.9872679114341736
4552,resnet50,8,8,8,False,True,0.9981579184532166
4570,resnet50,5,5,5,False,True,0.860831081867218
4590,resnet50,3,3,3,False,True,0.9864978194236755
4609,resnet50,3,3,4,True,False,0.5722599625587463
4615,resnet50,0,0,0,False,True,0.9955898523330688
4617,resnet50,0,0,0,False,True,0.984288215637207
4620,resnet50,6,6,6,False,True,0.9791584610939026
4629,resnet50,4,4,4,False,True,0.8562873005867004
4640,resnet50,1,1,1,False,True,0.6973713636398315
4642,resnet50,4,4,4,False,True,0.9769812226295471
4661,resnet50,7,7,7,False,True,0.7758041620254517
4662,resnet50,8,8,8,False,True,0.99932861328125
4675,resnet50,0,0,0,False,True,0.9980080723762512
4676,resnet50,8,8,8,False,True,0.999017596244812
4704,resnet50,7,7,7,False,True,0.9374986886978149
4723,resnet50,9,9,9,False,True,0.7550784945487976
4731,resnet50,6,6,6,False,True,0.9825054407119751
4735,resnet50,2,2,2,False,True,0.8612242937088013
4740,resnet50,4,4,6,True,False,0.8038552403450012
4746,resnet50,6,6,6,False,True,0.9520550966262817
4748,resnet50,7,7,7,False,True,0.9867516756057739
4754,resnet50,6,6,6,False,True,0.9915289878845215
4785,resnet50,0,0,0,False,True,0.8214858770370483
4791,resnet50,7,7,7,False,True,0.7942714095115662
4819,resnet50,0,0,0,False,True,0.9282838702201843
4821,resnet50,3,3,3,False,True,0.9927337169647217
4827,resnet50,6,6,6,False,True,0.9927482008934021
4850,resnet50,5,5,5,False,True,0.9814552664756775
4881,resnet50,3,3,3,False,True,0.9767317771911621
4893,resnet50,0,0,0,False,True,0.9925355911254883
4908,resnet50,3,3,3,False,True,0.9965242743492126
4913,resnet50,2,2,2,False,True,0.9888563752174377
4921,resnet50,2,2,2,False,True,0.9626011848449707
4953,resnet50,5,5,5,False,True,0.5291932821273804
4966,resnet50,5,5,5,False,True,0.9741379618644714
4990,resnet50,8,8,8,False,True,0.9687652587890625
5000,resnet50,8,8,8,False,True,0.980599045753479
5030,resnet50,2,2,2,False,True,0.9984123706817627
5062,resnet50,4,4,6,True,False,0.5508728623390198
5077,resnet50,4,4,4,False,True,0.9942795038223267
5082,resnet50,6,6,6,False,True,0.9929949641227722
5092,resnet50,1,1,1,False,True,0.9997209906578064
5101,resnet50,5,5,5,False,True,0.9906421303749084
5117,resnet50,0,0,0,False,True,0.9911681413650513
5123,resnet50,1,1,1,False,True,0.9601148366928101
5135,resnet50,4,4,4,False,True,0.43301910161972046
5183,resnet50,2,2,2,False,True,0.9839142560958862
5213,resnet50,4,4,4,False,True,0.9785555601119995
5218,resnet50,2,2,2,False,True,0.9956348538398743
5220,resnet50,1,3,3,False,False,0.5541617274284363
5237,resnet50,2,2,2,False,True,0.9733074307441711
5256,resnet50,1,1,1,False,True,0.9997338652610779
5284,resnet50,9,9,9,False,True,0.9945671558380127
5301,resnet50,9,9,8,True,False,0.40988194942474365
5318,resnet50,2,2,2,False,True,0.9956732392311096
5332,resnet50,5,5,5,False,True,0.9628860950469971
5333,resnet50,2,2,2,False,True,0.9940841794013977
5360,resnet50,9,9,9,False,True,0.9768130779266357
5381,resnet50,5,5,6,True,False,0.9846448302268982
5382,resnet50,6,6,6,False,True,0.9395967721939087
5395,resnet50,2,2,2,False,True,0.9990593791007996
5402,resnet50,4,4,4,False,True,0.8466160297393799
5408,resnet50,6,6,4,True,False,0.5231801271438599
5436,resnet50,7,7,7,False,True,0.973159670829773
5447,resnet50,9,9,9,False,True,0.8024893403053284
5450,resnet50,7,7,7,False,True,0.9958729147911072
5451,resnet50,8,8,8,False,True,0.9729728698730469
5452,resnet50,9,9,9,False,True,0.8609507083892822
5467,resnet50,4,4,4,False,True,0.9131438732147217
5478,resnet50,0,0,0,False,True,0.9037349820137024
5488,resnet50,1,7,7,False,False,0.810455322265625
5496,resnet50,5,5,5,False,True,0.620061457157135
5508,resnet50,9,9,9,False,True,0.9301886558532715
5512,resnet50,2,9,9,False,False,0.3665761649608612
5525,resnet50,8,8,8,False,True,0.966937780380249
5528,resnet50,3,5,3,True,True,0.6377036571502686
5556,resnet50,4,4,4,False,True,0.5666753649711609
5560,resnet50,1,1,1,False,True,0.7792556881904602
5572,resnet50,9,9,9,False,True,0.8345900177955627
5580,resnet50,6,6,6,False,True,0.996525228023529
5590,resnet50,9,9,0,True,False,0.4514199197292328
5623,resnet50,4,4,4,False,True,0.9795396327972412
5677,resnet50,2,2,2,False,True,0.9927992820739746
5694,resnet50,8,8,8,False,True,0.9848388433456421
5701,resnet50,5,5,5,False,True,0.9208114743232727
5705,resnet50,8,8,8,False,True,0.9981063604354858
5719,resnet50,7,7,7,False,True,0.9976726174354553
5729,resnet50,6,6,6,False,True,0.9979212880134583
5756,resnet50,2,2,2,False,True,0.9987936019897461
5788,resnet50,9,9,9,False,True,0.9880151152610779
5789,resnet50,4,4,4,False,True,0.7301909923553467
5824,resnet50,2,2,2,False,True,0.9839171171188354
5848,resnet50,7,7,7,False,True,0.9783898591995239
5851,resnet50,9,9,9,False,True,0.9846247434616089
5857,resnet50,6,4,4,False,False,0.7856869697570801
5858,resnet50,6,6,6,False,True,0.6037266254425049
5912,resnet50,0,0,0,False,True,0.990095853805542
5915,resnet50,9,9,2,True,False,0.5082029700279236
5918,resnet50,0,0,0,False,True,0.9844324588775635
5924,resnet50,5,5,5,False,True,0.8218771815299988
5977,resnet50,7,7,7,False,True,0.9920083284378052
5981,resnet50,9,9,9,False,True,0.8868489265441895
5999,resnet50,0,0,0,False,True,0.9895926713943481
6028,resnet50,2,2,2,False,True,0.9909622073173523
6033,resnet50,4,4,4,False,True,0.9903822541236877
6076,resnet50,1,1,1,False,True,0.9975661039352417
6084,resnet50,7,7,7,False,True,0.9918951392173767
6097,resnet50,4,4,4,False,True,0.8173644542694092
6169,resnet50,1,1,1,False,True,0.38008594512939453
6190,resnet50,7,7,7,False,True,0.590826153755188
6224,resnet50,5,5,5,False,True,0.7359941601753235
6244,resnet50,2,2,2,False,True,0.9864464998245239
6264,resnet50,2,2,2,False,True,0.9927917718887329
6271,resnet50,2,2,2,False,True,0.9849676489830017
6288,resnet50,4,4,4,False,True,0.9821153879165649
6332,resnet50,2,2,2,False,True,0.8567590713500977
6349,resnet50,1,1,1,False,True,0.9883427023887634
6354,resnet50,2,2,2,False,True,0.99570232629776
6358,resnet50,5,5,5,False,True,0.8240153193473816
6381,resnet50,6,6,6,False,True,0.9957742094993591
6414,resnet50,5,5,3,True,False,0.8222185373306274
6426,resnet50,2,2,2,False,True,0.9997954964637756
6434,resnet50,8,8,8,False,True,0.9991186261177063
6437,resnet50,0,0,0,False,True,0.9845223426818848
6455,resnet50,0,0,0,False,True,0.9488003849983215
6490,resnet50,3,3,3,False,True,0.7461446523666382
6503,resnet50,2,2,2,False,True,0.9784560203552246
6508,resnet50,4,4,4,False,True,0.8290135264396667
6528,resnet50,4,4,4,False,True,0.9745967984199524
6594,resnet50,1,1,1,False,True,0.9826762676239014
6609,resnet50,0,0,0,False,True,0.9926676154136658
6616,resnet50,2,2,2,False,True,0.9923328161239624
6650,resnet50,7,7,7,False,True,0.7797831296920776
6689,resnet50,8,8,8,False,True,0.9849637150764465
6692,resnet50,2,2,2,False,True,0.9586881995201111
6713,resnet50,6,6,6,False,True,0.9723198413848877
6716,resnet50,5,5,5,False,True,0.4882911741733551
6726,resnet50,7,7,3,True,False,0.6958999037742615
6733,resnet50,1,1,1,False,True,0.7127223610877991
6772,resnet50,7,7,7,False,True,0.4309144914150238
6805,resnet50,1,1,1,False,True,0.9803975820541382
6836,resnet50,1,1,1,False,True,0.9804707765579224
6844,resnet50,0,0,0,False,True,0.9761828780174255
6922,resnet50,5,5,5,False,True,0.9771400690078735
6931,resnet50,9,9,9,False,True,0.8786734938621521
6938,resnet50,1,1,1,False,True,0.9941352605819702
6952,resnet50,3,3,3,False,True,0.9962015748023987
6954,resnet50,1,1,1,False,True,0.5527041554450989
6986,resnet50,0,0,0,False,True,0.9427405595779419
6989,resnet50,5,5,5,False,True,0.9049373269081116
7009,resnet50,0,0,0,False,True,0.9697186946868896
7029,resnet50,1,1,1,False,True,0.9976516366004944
7033,resnet50,1,1,1,False,True,0.3718559741973877
7041,resnet50,5,5,5,False,True,0.84037846326828
7047,resnet50,9,9,9,False,True,0.9985677003860474
7081,resnet50,7,7,7,False,True,0.9745989441871643
7084,resnet50,2,2,2,False,True,0.991067111492157
7108,resnet50,6,6,6,False,True,0.9741955399513245
7130,resnet50,5,5,5,False,True,0.7555359601974487
7138,resnet50,8,8,8,False,True,0.9862141013145447
7150,resnet50,0,0,0,False,True,0.9925370812416077
7202,resnet50,1,1,1,False,True,0.9887500405311584
7262,resnet50,0,0,0,False,True,0.9586134552955627
7266,resnet50,9,9,9,False,True,0.5846433043479919
7270,resnet50,7,7,7,False,True,0.995394766330719
7309,resnet50,0,0,0,False,True,0.988757312297821
7320,resnet50,0,0,0,False,True,0.99471515417099
7338,resnet50,6,6,6,False,True,0.8589830994606018
7372,resnet50,0,0,0,False,True,0.9977676868438721
7373,resnet50,0,0,0,False,True,0.9860483407974243
7380,resnet50,9,9,9,False,True,0.6549539566040039
7390,resnet50,1,1,1,False,True,0.9995917677879333
7413,resnet50,5,5,6,True,False,0.5687158703804016
7416,resnet50,3,5,5,False,False,0.9962040781974792
7425,resnet50,2,2,2,False,True,0.996129035949707
7446,resnet50,8,8,8,False,True,0.9990469813346863
7460,resnet50,8,8,8,False,True,0.9855258464813232
7465,resnet50,0,0,0,False,True,0.9772015810012817
7474,resnet50,5,5,5,False,True,0.9861569404602051
7475,resnet50,4,4,4,False,True,0.8470636010169983
7476,resnet50,8,8,8,False,True,0.9713447690010071
7544,resnet50,9,9,9,False,True,0.8151962757110596
7555,resnet50,6,6,6,False,True,0.9917418956756592
7600,resnet50,6,6,6,False,True,0.999923586845398
7610,resnet50,4,4,4,False,True,0.9783267378807068
7634,resnet50,0,0,0,False,True,0.9929633736610413
7692,resnet50,4,4,4,False,True,0.982584536075592
7706,resnet50,5,5,5,False,True,0.9225820899009705
7726,resnet50,6,6,6,False,True,0.9970576763153076
7744,resnet50,3,3,3,False,True,0.6034078001976013
7752,resnet50,9,9,9,False,True,0.9834610223770142
7776,resnet50,5,5,5,False,True,0.6250854730606079
7779,resnet50,6,6,6,False,True,0.995345413684845
7781,resnet50,6,6,6,False,True,0.989863932132721
7793,resnet50,3,5,5,False,False,0.914659857749939
7797,resnet50,3,3,3,False,True,0.9871047735214233
7810,resnet50,8,8,8,False,True,0.9987764954566956
7818,resnet50,8,8,8,False,True,0.9636216759681702
7835,resnet50,7,7,7,False,True,0.976054310798645
7864,resnet50,4,4,4,False,True,0.9032492637634277
7875,resnet50,8,8,8,False,True,0.996731162071228
7938,resnet50,9,9,9,False,True,0.8586422801017761
7940,resnet50,4,4,4,False,True,0.8982433080673218
7944,resnet50,4,4,4,False,True,0.4730513393878937
7955,resnet50,1,1,1,False,True,0.9988763928413391
7995,resnet50,9,9,2,True,False,0.910496175289154
7996,resnet50,6,6,6,False,True,0.9996364116668701
7999,resnet50,8,8,8,False,True,0.9992485642433167
3,vit_b16,0,0,0,False,True,0.9474231004714966
29,vit_b16,7,7,7,False,True,0.6860129237174988
35,vit_b16,2,2,2,False,True,0.9916137456893921
42,vit_b16,0,0,0,False,True,0.9907503724098206
49,vit_b16,2,2,2,False,True,0.9082862138748169
81,vit_b16,0,0,0,False,True,0.3867189884185791
95,vit_b16,1,1,1,False,True,0.9991117119789124
97,vit_b16,5,5,5,False,True,0.9893396496772766
116,vit_b16,1,1,1,False,True,0.9678782820701599
131,vit_b16,9,9,9,False,True,0.9832530617713928
151,vit_b16,8,8,8,False,True,0.999593198299408
171,vit_b16,4,4,4,False,True,0.997309684753418
176,vit_b16,3,3,3,False,True,0.9441394209861755
191,vit_b16,9,9,9,False,True,0.9477880001068115
194,vit_b16,8,8,8,False,True,0.9996477365493774
198,vit_b16,1,1,1,False,True,0.9956353306770325
239,vit_b16,9,9,9,False,True,0.9956575632095337
261,vit_b16,1,1,5,True,False,0.2386559545993805
269,vit_b16,7,7,7,False,True,0.9975321292877197
276,vit_b16,9,9,9,False,True,0.9176391959190369
303,vit_b16,9,9,9,False,True,0.9297022819519043
304,vit_b16,1,1,1,False,True,0.7836653590202332
317,vit_b16,2,2,2,False,True,0.985970675945282
319,vit_b16,5,5,5,False,True,0.9907243847846985
323,vit_b16,7,7,7,False,True,0.8182897567749023
365,vit_b16,3,3,3,False,True,0.9972182512283325
370,vit_b16,7,7,7,False,True,0.8633452653884888
372,vit_b16,3,3,3,False,True,0.9679445028305054
378,vit_b16,5,5,5,False,True,0.9938231706619263
391,vit_b16,3,3,3,False,True,0.9978982210159302
409,vit_b16,2,2,2,False,True,0.9980997443199158
419,vit_b16,9,9,2,True,False,0.8783785104751587
449,vit_b16,6,6,6,False,True,0.998201847076416
470,vit_b16,2,2,2,False,True,0.9941936135292053
483,vit_b16,2,2,2,False,True,0.9086015820503235
484,vit_b16,0,0,0,False,True,0.9337886571884155
506,vit_b16,4,4,4,False,True,0.933268129825592
545,vit_b16,6,6,6,False,True,0.9036237597465515
562,vit_b16,0,0,0,False,True,0.9923108816146851
568,vit_b16,5,5,5,False,True,0.671626627445221
603,vit_b16,9,9,9,False,True,0.9861775636672974
632,vit_b16,3,3,3,False,True,0.9996292591094971
645,vit_b16,5,5,5,False,True,0.983562171459198
667,vit_b16,8,8,8,False,True,0.9979554414749146
672,vit_b16,3,3,3,False,True,0.976371169090271
677,vit_b16,3,3,3,False,True,0.9911203980445862
685,vit_b16,5,5,5,False,True,0.9950816631317139
691,vit_b16,4,4,4,False,True,0.8126333951950073
706,vit_b16,8,8,8,False,True,0.9926342368125916
714,vit_b16,2,2,2,False,True,0.8851016163825989
716,vit_b16,8,8,8,False,True,0.9876171946525574
738,vit_b16,3,3,4,True,False,0.49163201451301575
739,vit_b16,8,8,8,False,True,0.9299874901771545
766,vit_b16,4,6,3,True,False,0.5227004289627075
791,vit_b16,3,3,3,False,True,0.9970044493675232
805,vit_b16,9,9,9,False,True,0.6076158285140991
825,vit_b16,1,1,1,False,True,0.9805450439453125
852,vit_b16,9,9,9,False,True,0.8835386037826538
855,vit_b16,4,4,4,False,True,0.9678751826286316
873,vit_b16,6,6,6,False,True,0.7521499991416931
890,vit_b16,6,6,6,False,True,0.9912109971046448
920,vit_b16,6,6,6,False,True,0.9750536680221558
929,vit_b16,6,6,6,False,True,0.9938613176345825
962,vit_b16,8,8,8,False,True,0.9997250437736511
964,vit_b16,6,6,6,False,True,0.895435094833374
977,vit_b16,6,6,6,False,True,0.9961597919464111
979,vit_b16,3,3,3,False,True,0.9925159811973572
981,vit_b16,2,2,2,False,True,0.9944254159927368
1022,vit_b16,9,9,9,False,True,0.878872811794281
1032,vit_b16,7,7,7,False,True,0.9971319437026978
1048,vit_b16,7,7,7,False,True,0.9611784219741821
1090,vit_b16,1,1,1,False,True,0.9895440340042114
1095,vit_b16,5,5,5,False,True,0.9759356379508972
1109,vit_b16,1,1,1,False,True,0.7721999883651733
1111,vit_b16,4,4,4,False,True,0.9749806523323059
1115,vit_b16,1,1,1,False,True,0.6214199662208557
1124,vit_b16,4,4,4,False,True,0.9607200622558594
1129,vit_b16,8,8,8,False,True,0.9947138428688049
1175,vit_b16,0,0,0,False,True,0.8832646608352661
1202,vit_b16,2,2,2,False,True,0.845648467540741
1204,vit_b16,3,3,3,False,True,0.9959665536880493
1211,vit_b16,4,4,4,False,True,0.9973026514053345
1220,vit_b16,7,7,7,False,True,0.998957633972168
1230,vit_b16,1,1,7,True,False,0.2459334284067154
1247,vit_b16,8,8,8,False,True,0.9928529858589172
1263,vit_b16,3,3,3,False,True,0.9640965461730957
1266,vit_b16,4,4,4,False,True,0.9907998442649841
1287,vit_b16,7,7,7,False,True,0.9586560726165771
1296,vit_b16,7,7,7,False,True,0.9884166121482849
1370,vit_b16,3,3,3,False,True,0.9993971586227417
1389,vit_b16,0,0,0,False,True,0.982671320438385
1401,vit_b16,3,3,3,False,True,0.999338686466217
1403,vit_b16,2,2,2,False,True,0.9962947964668274
1411,vit_b16,9,9,9,False,True,0.36409735679626465
1429,vit_b16,4,4,4,False,True,0.9869537949562073
1430,vit_b16,9,9,9,False,True,0.9892694354057312
1431,vit_b16,3,3,3,False,True,0.4059998095035553
1436,vit_b16,1,1,1,False,True,0.996464729309082
1440,vit_b16,7,7,7,False,True,0.9986245632171631
1468,vit_b16,9,9,9,False,True,0.9768948554992676
1473,vit_b16,7,7,7,False,True,0.9948117733001709
1515,vit_b16,9,9,9,False,True,0.995048463344574
1520,vit_b16,2,2,2,False,True,0.9398432970046997
1531,vit_b16,3,3,3,False,True,0.9655861854553223
1534,vit_b16,6,6,8,True,False,0.49837973713874817
1552,vit_b16,5,5,5,False,True,0.9459937214851379
1553,vit_b16,0,0,0,False,True,0.9445410370826721
1563,vit_b16,3,3,7,True,False,0.5886997580528259
1568,vit_b16,1,1,3,True,False,0.7428258657455444
1579,vit_b16,7,7,7,False,True,0.8293587565422058
1586,vit_b16,2,2,2,False,True,0.9958908557891846
1596,vit_b16,0,0,0,False,True,0.9515365362167358
1626,vit_b16,5,5,5,False,True,0.9627029895782471
1640,vit_b16,8,8,0,True,False,0.7813493013381958
1644,vit_b16,5,5,5,False,True,0.9619274139404297
1648,vit_b16,0,0,0,False,True,0.9255116581916809
1654,vit_b16,9,9,9,False,True,0.9376235008239746
1667,vit_b16,6,6,6,False,True,0.5806699395179749
1703,vit_b16,7,7,7,False,True,0.6119334697723389
1711,vit_b16,7,7,7,False,True,0.9738378524780273
1771,vit_b16,7,7,4,True,False,0.7254570722579956
1783,vit_b16,8,8,8,False,True,0.9961215853691101
1814,vit_b16,2,2,2,False,True,0.9917261600494385
1833,vit_b16,8,8,8,False,True,0.9940755367279053
1836,vit_b16,9,9,2,True,False,0.8535339832305908
1839,vit_b16,2,2,2,False,True,0.9989237189292908
1852,vit_b16,1,1,1,False,True,0.9885002374649048
1871,vit_b16,1,1,1,False,True,0.3123911917209625
1877,vit_b16,5,5,4,True,False,0.7607856392860413
1884,vit_b16,7,7,7,False,True,0.9721625447273254
1927,vit_b16,7,7,7,False,True,0.9995471835136414
1954,vit_b16,8,8,0,True,False,0.6727924942970276
1956,vit_b16,7,7,3,True,False,0.6263139247894287
1960,vit_b16,4,5,4,True,True,0.9911162853240967
1977,vit_b16,0,0,0,False,True,0.9876910448074341
1986,vit_b16,1,1,1,False,True,0.9714644551277161
1993,vit_b16,1,1,1,False,True,0.9921791553497314
2003,vit_b16,6,6,6,False,True,0.9988734126091003
2011,vit_b16,9,9,9,False,True,0.6150439381599426
2024,vit_b16,0,0,0,False,True,0.9973727464675903
2028,vit_b16,3,3,3,False,True,0.9918698072433472
2062,vit_b16,9,9,9,False,True,0.9938621520996094
2070,vit_b16,1,1,1,False,True,0.9356269836425781
2082,vit_b16,2,2,2,False,True,0.9587129354476929
2095,vit_b16,1,1,1,False,True,0.8920297622680664
2109,vit_b16,8,8,8,False,True,0.9982298016548157
2114,vit_b16,9,9,9,False,True,0.9949467778205872
2116,vit_b16,1,3,3,False,False,0.9282714128494263
2157,vit_b16,1,1,1,False,True,0.9928727149963379
2167,vit_b16,9,9,9,False,True,0.978817880153656
2178,vit_b16,1,1,1,False,True,0.9995189905166626
2191,vit_b16,8,8,8,False,True,0.8025879859924316
2230,vit_b16,8,8,8,False,True,0.9884210824966431
2242,vit_b16,0,0,0,False,True,0.9985264539718628
2265,vit_b16,5,5,5,False,True,0.9672141671180725
2268,vit_b16,5,5,5,False,True,0.9824046492576599
2291,vit_b16,3,3,7,True,False,0.4146589934825897
2334,vit_b16,5,5,5,False,True,0.9874922037124634
2340,vit_b16,8,8,8,False,True,0.9996157884597778
2342,vit_b16,8,8,8,False,True,0.9554177522659302
2351,vit_b16,9,9,9,False,True,0.9594637751579285
2391,vit_b16,5,5,1,True,False,0.3414191007614136
2392,vit_b16,2,2,2,False,True,0.9882550239562988
2399,vit_b16,4,4,4,False,True,0.6539814472198486
2414,vit_b16,9,9,8,True,False,0.3477073609828949
2427,vit_b16,5,5,4,True,False,0.510450005531311
2458,vit_b16,5,5,5,False,True,0.9071934223175049
2501,vit_b16,7,7,7,False,True,0.9241094589233398
2502,vit_b16,2,2,2,False,True,0.9911383986473083
2536,vit_b16,3,3,3,False,True,0.9987119436264038
2539,vit_b16,3,3,3,False,True,0.9958964586257935
2610,vit_b16,6,6,6,False,True,0.6882518529891968
2623,vit_b16,5,5,5,False,True,0.7565159797668457
2655,vit_b16,9,9,9,False,True,0.9829328060150146
2668,vit_b16,7,7,7,False,True,0.9921642541885376
2676,vit_b16,6,6,9,True,False,0.34127944707870483
2687,vit_b16,1,1,1,False,True,0.9566502571105957
2690,vit_b16,1,1,1,False,True,0.9886899590492249
2704,vit_b16,4,4,4,False,True,0.9976401329040527
2745,vit_b16,8,8,8,False,True,0.9998000264167786
2746,vit_b16,7,7,7,False,True,0.9026532173156738
2750,vit_b16,0,0,0,False,True,0.9965992569923401
2754,vit_b16,3,3,3,False,True,0.9986597299575806
2757,vit_b16,4,4,4,False,True,0.9970169067382812
2766,vit_b16,5,5,5,False,True,0.8285586833953857
2807,vit_b16,5,4,3,True,False,0.4725397527217865
2844,vit_b16,8,8,8,False,True,0.9984500408172607
2854,vit_b16,7,7,7,False,True,0.9781960248947144
2861,vit_b16,3,3,3,False,True,0.9991453886032104
2888,vit_b16,0,0,0,False,True,0.9339181780815125
2898,vit_b16,4,4,4,False,True,0.989412248134613
2950,vit_b16,5,5,5,False,True,0.9656559824943542
2958,vit_b16,6,6,6,False,True,0.9977217316627502
3015,vit_b16,8,8,8,False,True,0.9986949563026428
3024,vit_b16,2,2,2,False,True,0.9470756649971008
3025,vit_b16,0,0,0,False,True,0.8878147006034851
3034,vit_b16,4,4,4,False,True,0.9611577391624451
3067,vit_b16,2,2,2,False,True,0.9797056317329407
3078,vit_b16,4,4,4,False,True,0.9737856388092041
3079,vit_b16,1,1,1,False,True,0.9980364441871643
3083,vit_b16,0,0,0,False,True,0.9966674447059631
3122,vit_b16,4,4,4,False,True,0.9885351061820984
3153,vit_b16,7,7,7,False,True,0.8356043696403503
3157,vit_b16,8,8,8,False,True,0.9989795088768005
3163,vit_b16,2,2,2,False,True,0.9978356957435608
3179,vit_b16,4,4,4,False,True,0.9921482801437378
3191,vit_b16,6,6,6,False,True,0.9913153648376465
3276,vit_b16,3,3,7,True,False,0.7558228969573975
3287,vit_b16,4,4,4,False,True,0.991845428943634
3288,vit_b16,7,7,7,False,True,0.996493399143219
3292,vit_b16,6,6,6,False,True,0.5960597991943359
3318,vit_b16,9,9,9,False,True,0.8955233097076416
3347,vit_b16,0,0,0,False,True,0.9988988637924194
3353,vit_b16,5,5,5,False,True,0.390877902507782
3362,vit_b16,2,2,2,False,True,0.9949488639831543
3365,vit_b16,4,4,4,False,True,0.9785282015800476
3375,vit_b16,3,3,3,False,True,0.932151734828949
3383,vit_b16,3,3,3,False,True,0.9984703660011292
3404,vit_b16,7,7,7,False,True,0.99896240234375
3412,vit_b16,8,8,8,False,True,0.9872782230377197
3413,vit_b16,1,1,1,False,True,0.9634815454483032
3418,vit_b16,6,6,6,False,True,0.996505618095398
3437,vit_b16,0,0,0,False,True,0.8838870525360107
3446,vit_b16,7,7,7,False,True,0.9932538866996765
3454,vit_b16,2,2,2,False,True,0.9907513856887817
3455,vit_b16,0,0,0,False,True,0.9951270818710327
3458,vit_b16,4,4,4,False,True,0.9906484484672546
3467,vit_b16,7,7,7,False,True,0.5966753959655762
3491,vit_b16,1,1,1,False,True,0.9960488677024841
3494,vit_b16,6,6,6,False,True,0.9999016523361206
3512,vit_b16,4,4,4,False,True,0.7563562989234924
3515,vit_b16,6,4,4,False,False,0.7947378158569336
3542,vit_b16,7,7,7,False,True,0.9666642546653748
3550,vit_b16,1,1,1,False,True,0.9423013925552368
3562,vit_b16,3,3,3,False,True,0.7405757308006287
3755,vit_b16,2,2,2,False,True,0.9947695136070251
3763,vit_b16,4,4,4,False,True,0.9847365021705627
3777,vit_b16,6,6,6,False,True,0.9982320666313171
3778,vit_b16,3,3,3,False,True,0.9619184732437134
3779,vit_b16,6,6,6,False,True,0.6258870959281921
3844,vit_b16,6,6,6,False,True,0.9969679713249207
3851,vit_b16,3,3,5,True,False,0.6593648195266724
3852,vit_b16,5,5,5,False,True,0.9610023498535156
3863,vit_b16,5,5,5,False,True,0.9895800948143005
3867,vit_b16,7,7,5,True,False,0.32579752802848816
3876,vit_b16,0,0,0,False,True,0.9980869293212891
3889,vit_b16,5,5,7,True,False,0.7991988062858582
3891,vit_b16,4,4,3,True,False,0.9936656355857849
3893,vit_b16,9,9,9,False,True,0.9983170032501221
3905,vit_b16,8,8,8,False,True,0.9860066175460815
3914,vit_b16,3,3,3,False,True,0.9998992681503296
3937,vit_b16,1,1,1,False,True,0.9670009016990662
3942,vit_b16,9,9,9,False,True,0.9647273421287537
3948,vit_b16,8,8,8,False,True,0.9968364238739014
3962,vit_b16,6,6,6,False,True,0.9939562678337097
3965,vit_b16,0,0,0,False,True,0.9976855516433716
3994,vit_b16,4,4,4,False,True,0.9889652729034424
3996,vit_b16,9,9,0,True,False,0.41831570863723755
4011,vit_b16,6,6,6,False,True,0.9991316199302673
4023,vit_b16,3,3,3,False,True,0.9608393311500549
4054,vit_b16,4,4,4,False,True,0.9424862265586853
4065,vit_b16,2,2,2,False,True,0.9651040434837341
4069,vit_b16,8,8,6,True,False,0.4775109589099884
4093,vit_b16,6,6,6,False,True,0.9905471205711365
4094,vit_b16,9,9,9,False,True,0.4792214334011078
4106,vit_b16,5,5,5,False,True,0.9362308979034424
4130,vit_b16,0,0,0,False,True,0.9938043355941772
4168,vit_b16,3,3,3,False,True,0.9306880831718445
4170,vit_b16,8,8,8,False,True,0.9988131523132324
4172,vit_b16,7,7,7,False,True,0.9753780364990234
4177,vit_b16,8,8,8,False,True,0.9982435703277588
4215,vit_b16,3,3,7,True,False,0.8736491799354553
4229,vit_b16,3,3,3,False,True,0.9997969269752502
4236,vit_b16,7,7,7,False,True,0.9907066226005554
4242,vit_b16,8,8,8,False,True,0.9986820816993713
4254,vit_b16,6,6,6,False,True,0.914350688457489
4290,vit_b16,5,1,4,True,False,0.7552377581596375
4298,vit_b16,1,1,1,False,True,0.9998806715011597
4308,vit_b16,7,7,7,False,True,0.9961147308349609
4311,vit_b16,8,8,8,False,True,0.9989364743232727
4323,vit_b16,3,3,5,True,False,0.995020866394043
4330,vit_b16,3,3,3,False,True,0.9976752400398254
4341,vit_b16,6,6,6,False,True,0.9986416697502136
4355,vit_b16,8,8,0,True,False,0.9457477927207947
4399,vit_b16,0,0,0,False,True,0.9907510876655579
4403,vit_b16,7,7,7,False,True,0.9825252294540405
4411,vit_b16,6,6,6,False,True,0.6433388590812683
4449,vit_b16,9,9,8,True,False,0.7263193130493164
4463,vit_b16,3,3,3,False,True,0.9988808035850525
4531,vit_b16,3,3,3,False,True,0.8988535404205322
4539,vit_b16,0,0,0,False,True,0.9857024550437927
4547,vit_b16,5,5,5,False,True,0.9573555588722229
4552,vit_b16,8,8,8,False,True,0.9988743662834167
4570,vit_b16,5,5,5,False,True,0.7320900559425354
4590,vit_b16,3,3,3,False,True,0.9965841770172119
4609,vit_b16,3,3,3,False,True,0.9535604119300842
4615,vit_b16,0,0,0,False,True,0.9976972937583923
4617,vit_b16,0,0,0,False,True,0.99940025806427
4620,vit_b16,6,6,6,False,True,0.9834790229797363
4629,vit_b16,4,4,4,False,True,0.8771821856498718
4640,vit_b16,1,1,1,False,True,0.6414471864700317
4642,vit_b16,4,4,4,False,True,0.9981246590614319
4661,vit_b16,7,7,7,False,True,0.8735660314559937
4662,vit_b16,8,8,8,False,True,0.9989727735519409
4675,vit_b16,0,0,0,False,True,0.9922788143157959
4676,vit_b16,8,8,8,False,True,0.9996788501739502
4704,vit_b16,7,7,7,False,True,0.9108566641807556
4723,vit_b16,9,9,9,False,True,0.4191395938396454
4731,vit_b16,6,6,6,False,True,0.9990363121032715
4735,vit_b16,2,2,2,False,True,0.9989249110221863
4740,vit_b16,4,4,4,False,True,0.9222645163536072
4746,vit_b16,6,6,6,False,True,0.9936364889144897
4748,vit_b16,7,7,7,False,True,0.9971816539764404
4754,vit_b16,6,6,6,False,True,0.9998302459716797
4785,vit_b16,0,0,0,False,True,0.9916800856590271
4791,vit_b16,7,7,7,False,True,0.9971107244491577
4819,vit_b16,0,0,0,False,True,0.9833610653877258
4821,vit_b16,3,3,3,False,True,0.9982008934020996
4827,vit_b16,6,6,6,False,True,0.9932681918144226
4850,vit_b16,5,5,5,False,True,0.9982346296310425
4881,vit_b16,3,3,7,True,False,0.5649937987327576
4893,vit_b16,0,0,0,False,True,0.9975475668907166
4908,vit_b16,3,3,3,False,True,0.9999709129333496
4913,vit_b16,2,2,2,False,True,0.9993606209754944
4921,vit_b16,2,2,2,False,True,0.9984122514724731
4953,vit_b16,5,5,3,True,False,0.479272723197937
4966,vit_b16,5,5,5,False,True,0.8882801532745361
4990,vit_b16,8,8,8,False,True,0.9919740557670593
5000,vit_b16,8,8,8,False,True,0.9875605702400208
5030,vit_b16,2,2,2,False,True,0.9986215829849243
5062,vit_b16,4,4,4,False,True,0.8035433888435364
5077,vit_b16,4,4,4,False,True,0.9972479939460754
5082,vit_b16,6,6,6,False,True,0.9984845519065857
5092,vit_b16,1,1,1,False,True,0.9972969889640808
5101,vit_b16,5,2,5,True,True,0.7838425040245056
5117,vit_b16,0,0,0,False,True,0.9921676516532898
5123,vit_b16,1,1,1,False,True,0.9262611269950867
5135,vit_b16,4,3,4,True,True,0.8363346457481384
5183,vit_b16,2,2,2,False,True,0.9949572682380676
5213,vit_b16,4,4,4,False,True,0.9930875897407532
5218,vit_b16,2,2,2,False,True,0.9984908103942871
5220,vit_b16,1,1,1,False,True,0.5768409371376038
5237,vit_b16,2,2,2,False,True,0.9391440153121948
5256,vit_b16,1,1,1,False,True,0.9820755124092102
5284,vit_b16,9,9,9,False,True,0.9561406373977661
5301,vit_b16,9,9,9,False,True,0.4675828218460083
5318,vit_b16,2,2,2,False,True,0.9584329724311829
5332,vit_b16,5,5,6,True,False,0.7225139737129211
5333,vit_b16,2,2,2,False,True,0.9830137491226196
5360,vit_b16,9,9,9,False,True,0.9767539501190186
5381,vit_b16,5,5,4,True,False,0.7555140852928162
5382,vit_b16,6,6,6,False,True,0.9949493408203125
5395,vit_b16,2,2,2,False,True,0.9996297359466553
5402,vit_b16,4,4,4,False,True,0.9962713718414307
5408,vit_b16,6,6,6,False,True,0.6125686168670654
5436,vit_b16,7,7,7,False,True,0.9313549399375916
5447,vit_b16,9,9,9,False,True,0.9648275375366211
5450,vit_b16,7,7,7,False,True,0.9762865900993347
5451,vit_b16,8,8,8,False,True,0.9248420000076294
5452,vit_b16,9,9,9,False,True,0.9490936398506165
5467,vit_b16,4,4,4,False,True,0.9639739990234375
5478,vit_b16,0,0,0,False,True,0.9604153037071228
5488,vit_b16,1,1,7,True,False,0.3831205368041992
5496,vit_b16,5,5,5,False,True,0.9943335056304932
5508,vit_b16,9,9,9,False,True,0.8629743456840515
5512,vit_b16,2,9,9,False,False,0.9758391380310059
5525,vit_b16,8,8,8,False,True,0.9921276569366455
5528,vit_b16,3,3,3,False,True,0.557155966758728
5556,vit_b16,4,4,4,False,True,0.9498988389968872
5560,vit_b16,1,1,1,False,True,0.8743757605552673
5572,vit_b16,9,9,9,False,True,0.7275305390357971
5580,vit_b16,6,5,6,True,True,0.7810759544372559
5590,vit_b16,9,9,0,True,False,0.5203484296798706
5623,vit_b16,4,4,4,False,True,0.996803879737854
5677,vit_b16,2,2,2,False,True,0.998492956161499
5694,vit_b16,8,8,8,False,True,0.9960017800331116
5701,vit_b16,5,5,5,False,True,0.9817919135093689
5705,vit_b16,8,8,8,False,True,0.9988158941268921
5719,vit_b16,7,7,7,False,True,0.9957006573677063
5729,vit_b16,6,6,6,False,True,0.9994906187057495
5756,vit_b16,2,2,2,False,True,0.9974169731140137
5788,vit_b16,9,9,9,False,True,0.9999003410339355
5789,vit_b16,4,4,4,False,True,0.9949513673782349
5824,vit_b16,2,2,2,False,True,0.9514160752296448
5848,vit_b16,7,7,7,False,True,0.9991076588630676
5851,vit_b16,9,9,9,False,True,0.9736993908882141
5857,vit_b16,6,4,4,False,False,0.4992321729660034
5858,vit_b16,6,6,6,False,True,0.8742296695709229
5912,vit_b16,0,0,0,False,True,0.9928836822509766
5915,vit_b16,9,9,9,False,True,0.9893286824226379
5918,vit_b16,0,0,0,False,True,0.9975908994674683
5924,vit_b16,5,5,5,False,True,0.7843648791313171
5977,vit_b16,7,7,7,False,True,0.9962890148162842
5981,vit_b16,9,9,9,False,True,0.994026780128479
5999,vit_b16,0,0,0,False,True,0.9385054707527161
6028,vit_b16,2,2,2,False,True,0.8666572570800781
6033,vit_b16,4,4,4,False,True,0.9865244626998901
6076,vit_b16,1,1,1,False,True,0.9900312423706055
6084,vit_b16,7,7,7,False,True,0.9988805651664734
6097,vit_b16,4,4,4,False,True,0.6069571375846863
6169,vit_b16,1,1,5,True,False,0.5913769006729126
6190,vit_b16,7,7,7,False,True,0.9874163866043091
6224,vit_b16,5,5,5,False,True,0.7782684564590454
6244,vit_b16,2,2,2,False,True,0.9803135991096497
6264,vit_b16,2,2,2,False,True,0.9990532994270325
6271,vit_b16,2,2,2,False,True,0.9330863952636719
6288,vit_b16,4,4,4,False,True,0.9975615739822388
6332,vit_b16,2,2,2,False,True,0.4999397397041321
6349,vit_b16,1,1,1,False,True,0.9596243500709534
6354,vit_b16,2,2,2,False,True,0.7982153296470642
6358,vit_b16,5,5,5,False,True,0.9901109337806702
6381,vit_b16,6,6,6,False,True,0.9937573671340942
6414,vit_b16,5,5,5,False,True,0.8689014315605164
6426,vit_b16,2,2,2,False,True,0.9980334639549255
6434,vit_b16,8,8,8,False,True,0.9993448853492737
6437,vit_b16,0,0,0,False,True,0.9985290765762329
6455,vit_b16,0,0,0,False,True,0.997771143913269
6490,vit_b16,3,3,3,False,True,0.9756249785423279
6503,vit_b16,2,2,2,False,True,0.9718962907791138
6508,vit_b16,4,4,4,False,True,0.9970864653587341
6528,vit_b16,4,4,4,False,True,0.9870486855506897
6594,vit_b16,1,1,1,False,True,0.9971768856048584
6609,vit_b16,0,0,0,False,True,0.9884660243988037
6616,vit_b16,2,2,2,False,True,0.9925091862678528
6650,vit_b16,7,7,7,False,True,0.9960296154022217
6689,vit_b16,8,8,8,False,True,0.9905245900154114
6692,vit_b16,2,2,2,False,True,0.9742642641067505
6713,vit_b16,6,6,6,False,True,0.993851900100708
6716,vit_b16,5,6,9,True,False,0.39037421345710754
6726,vit_b16,7,7,7,False,True,0.8024566173553467
6733,vit_b16,1,1,1,False,True,0.9377010464668274
6772,vit_b16,7,7,7,False,True,0.9916810393333435
6805,vit_b16,1,1,1,False,True,0.9183893799781799
6836,vit_b16,1,1,1,False,True,0.9682456254959106
6844,vit_b16,0,0,0,False,True,0.9992944002151489
6922,vit_b16,5,5,5,False,True,0.9962576627731323
6931,vit_b16,9,9,9,False,True,0.6417983770370483
6938,vit_b16,1,1,1,False,True,0.9999080896377563
6952,vit_b16,3,3,3,False,True,0.998994767665863
6954,vit_b16,1,1,1,False,True,0.6739095449447632
6986,vit_b16,0,0,0,False,True,0.9432121515274048
6989,vit_b16,5,5,5,False,True,0.9862462282180786
7009,vit_b16,0,0,0,False,True,0.9962496161460876
7029,vit_b16,1,1,1,False,True,0.9759959578514099
7033,vit_b16,1,1,1,False,True,0.9890426993370056
7041,vit_b16,5,5,5,False,True,0.991236686706543
7047,vit_b16,9,9,9,False,True,0.9987077713012695
7081,vit_b16,7,7,7,False,True,0.9900227189064026
7084,vit_b16,2,2,2,False,True,0.9976840019226074
7108,vit_b16,6,6,6,False,True,0.9897571802139282
7130,vit_b16,5,5,5,False,True,0.9609660506248474
7138,vit_b16,8,8,8,False,True,0.9969133138656616
7150,vit_b16,0,0,0,False,True,0.9915847778320312
7202,vit_b16,1,1,1,False,True,0.9121057391166687
7262,vit_b16,0,0,0,False,True,0.9994389414787292
7266,vit_b16,9,9,9,False,True,0.9506451487541199
7270,vit_b16,7,7,7,False,True,0.9855605959892273
7309,vit_b16,0,0,0,False,True,0.9943958520889282
7320,vit_b16,0,0,0,False,True,0.9987382292747498
7338,vit_b16,6,6,6,False,True,0.9861694574356079
7372,vit_b16,0,0,0,False,True,0.9952090382575989
7373,vit_b16,0,0,0,False,True,0.9982445240020752
7380,vit_b16,9,9,9,False,True,0.9017937183380127
7390,vit_b16,1,1,1,False,True,0.9993392825126648
7413,vit_b16,5,5,6,True,False,0.9098688960075378
7416,vit_b16,3,3,5,True,False,0.982864499092102
7425,vit_b16,2,2,2,False,True,0.997687578201294
7446,vit_b16,8,8,8,False,True,0.9991111159324646
7460,vit_b16,8,8,8,False,True,0.986531674861908
7465,vit_b16,0,0,0,False,True,0.98414546251297
7474,vit_b16,5,5,5,False,True,0.9942031502723694
7475,vit_b16,4,4,4,False,True,0.9739983081817627
7476,vit_b16,8,8,0,True,False,0.8603946566581726
7544,vit_b16,9,9,9,False,True,0.9857653975486755
7555,vit_b16,6,6,6,False,True,0.9860806465148926
7600,vit_b16,6,6,6,False,True,0.999847412109375
7610,vit_b16,4,4,4,False,True,0.9989879727363586
7634,vit_b16,0,0,0,False,True,0.9850957989692688
7692,vit_b16,4,4,4,False,True,0.9938733577728271
7706,vit_b16,5,5,5,False,True,0.686376690864563
7726,vit_b16,6,6,6,False,True,0.9758754968643188
7744,vit_b16,3,3,3,False,True,0.3835395276546478
7752,vit_b16,9,9,9,False,True,0.9956835508346558
7776,vit_b16,5,5,5,False,True,0.9979768395423889
7779,vit_b16,6,6,6,False,True,0.9293981194496155
7781,vit_b16,6,6,6,False,True,0.9982561469078064
7793,vit_b16,3,3,3,False,True,0.5967821478843689
7797,vit_b16,3,3,3,False,True,0.9606235027313232
7810,vit_b16,8,8,8,False,True,0.9987504482269287
7818,vit_b16,8,8,8,False,True,0.9964295029640198
7835,vit_b16,7,7,7,False,True,0.8724491596221924
7864,vit_b16,4,4,4,False,True,0.9219042062759399
7875,vit_b16,8,8,8,False,True,0.9992480874061584
7938,vit_b16,9,9,9,False,True,0.9791378974914551
7940,vit_b16,4,4,4,False,True,0.9950709342956543
7944,vit_b16,4,4,4,False,True,0.7024041414260864
7955,vit_b16,1,1,1,False,True,0.8899618983268738
7995,vit_b16,9,2,2,False,False,0.89308762550354
7996,vit_b16,6,6,6,False,True,0.9971042275428772
7999,vit_b16,8,8,8,False,True,0.9909586906433105
3,clip_b32,0,0,0,False,True,0.22032545506954193
29,clip_b32,7,7,3,True,False,0.11979774385690689
35,clip_b32,2,2,2,False,True,0.15414778888225555
42,clip_b32,0,0,0,False,True,0.19515125453472137
49,clip_b32,2,2,2,False,True,0.18099094927310944
81,clip_b32,0,0,9,True,False,0.11046043783426285
95,clip_b32,1,1,1,False,True,0.1918794810771942
97,clip_b32,5,5,7,True,False,0.16997553408145905
116,clip_b32,1,1,1,False,True,0.18668301403522491
131,clip_b32,9,9,9,False,True,0.18899545073509216
151,clip_b32,8,8,8,False,True,0.16863565146923065
171,clip_b32,4,4,4,False,True,0.12957622110843658
176,clip_b32,3,3,3,False,True,0.20999225974082947
191,clip_b32,9,9,2,True,False,0.15182983875274658
194,clip_b32,8,8,8,False,True,0.18420889973640442
198,clip_b32,1,1,1,False,True,0.17193283140659332
239,clip_b32,9,9,9,False,True,0.19162684679031372
261,clip_b32,1,1,1,False,True,0.1815859079360962
269,clip_b32,7,7,7,False,True,0.16097640991210938
276,clip_b32,9,9,7,True,False,0.12165600806474686
303,clip_b32,9,9,9,False,True,0.20906642079353333
304,clip_b32,1,1,1,False,True,0.13908720016479492
317,clip_b32,2,2,2,False,True,0.1500469148159027
319,clip_b32,5,5,5,False,True,0.1699991226196289
323,clip_b32,7,7,7,False,True,0.13379046320915222
365,clip_b32,3,3,3,False,True,0.21801351010799408
370,clip_b32,7,7,7,False,True,0.1422116905450821
372,clip_b32,3,3,3,False,True,0.15271194279193878
378,clip_b32,5,5,5,False,True,0.19879469275474548
391,clip_b32,3,3,3,False,True,0.14259515702724457
409,clip_b32,2,2,2,False,True,0.15965579450130463
419,clip_b32,9,9,9,False,True,0.18253472447395325
449,clip_b32,6,6,6,False,True,0.17205053567886353
470,clip_b32,2,2,2,False,True,0.19948478043079376
483,clip_b32,2,2,2,False,True,0.12592709064483643
484,clip_b32,0,0,0,False,True,0.2183639109134674
506,clip_b32,4,4,4,False,True,0.12774710357189178
545,clip_b32,6,6,9,True,False,0.11347893625497818
562,clip_b32,0,0,0,False,True,0.15658444166183472
568,clip_b32,5,5,3,True,False,0.1690254658460617
603,clip_b32,9,9,9,False,True,0.12320603430271149
632,clip_b32,3,3,3,False,True,0.16809412837028503
645,clip_b32,5,5,5,False,True,0.15258252620697021
667,clip_b32,8,8,8,False,True,0.22948463261127472
672,clip_b32,3,3,3,False,True,0.1607692390680313
677,clip_b32,3,3,3,False,True,0.21946217119693756
685,clip_b32,5,5,5,False,True,0.19133399426937103
691,clip_b32,4,4,7,True,False,0.14067870378494263
706,clip_b32,8,8,0,True,False,0.12011922895908356
714,clip_b32,2,2,2,False,True,0.14850765466690063
716,clip_b32,8,8,8,False,True,0.18828348815441132
738,clip_b32,3,3,3,False,True,0.1378566026687622
739,clip_b32,8,8,8,False,True,0.18127404153347015
766,clip_b32,4,6,5,True,False,0.12412256747484207
791,clip_b32,3,3,3,False,True,0.216401144862175
805,clip_b32,9,9,9,False,True,0.15748311579227448
825,clip_b32,1,1,1,False,True,0.20597635209560394
852,clip_b32,9,9,9,False,True,0.1251916140317917
855,clip_b32,4,4,1,True,False,0.11829418689012527
873,clip_b32,6,4,4,False,False,0.1447443664073944
890,clip_b32,6,6,6,False,True,0.20313841104507446
920,clip_b32,6,6,6,False,True,0.23572145402431488
929,clip_b32,6,6,6,False,True,0.17310839891433716
962,clip_b32,8,8,8,False,True,0.1467200517654419
964,clip_b32,6,6,3,True,False,0.12277700006961823
977,clip_b32,6,6,6,False,True,0.22250357270240784
979,clip_b32,3,3,3,False,True,0.21405445039272308
981,clip_b32,2,2,2,False,True,0.13921616971492767
1022,clip_b32,9,9,9,False,True,0.1363920420408249
1032,clip_b32,7,7,1,True,False,0.1405998319387436
1048,clip_b32,7,7,1,True,False,0.1386314034461975
1090,clip_b32,1,1,1,False,True,0.18373030424118042
1095,clip_b32,5,5,5,False,True,0.19154684245586395
1109,clip_b32,1,1,1,False,True,0.18666048347949982
1111,clip_b32,4,4,4,False,True,0.27887675166130066
1115,clip_b32,1,1,3,True,False,0.12126387655735016
1124,clip_b32,4,4,4,False,True,0.12559562921524048
1129,clip_b32,8,8,0,True,False,0.13138556480407715
1175,clip_b32,0,0,0,False,True,0.14533254504203796
1202,clip_b32,2,2,2,False,True,0.15270254015922546
1204,clip_b32,3,3,1,True,False,0.15010182559490204
1211,clip_b32,4,4,4,False,True,0.14105375111103058
1220,clip_b32,7,7,7,False,True,0.1825421154499054
1230,clip_b32,1,7,1,True,True,0.18186014890670776
1247,clip_b32,8,8,8,False,True,0.21775485575199127
1263,clip_b32,3,3,6,True,False,0.1445426493883133
1266,clip_b32,4,4,4,False,True,0.21915104985237122
1287,clip_b32,7,7,7,False,True,0.1603538691997528
1296,clip_b32,7,7,7,False,True,0.16849385201931
1370,clip_b32,3,3,3,False,True,0.19631095230579376
1389,clip_b32,0,0,0,False,True,0.21746869385242462
1401,clip_b32,3,3,3,False,True,0.15662723779678345
1403,clip_b32,2,2,2,False,True,0.18017449975013733
1411,clip_b32,9,9,9,False,True,0.15109068155288696
1429,clip_b32,4,4,1,True,False,0.12533150613307953
1430,clip_b32,9,9,9,False,True,0.16245324909687042
1431,clip_b32,3,3,3,False,True,0.17273029685020447
1436,clip_b32,1,1,1,False,True,0.2235804796218872
1440,clip_b32,7,7,7,False,True,0.14892670512199402
1468,clip_b32,9,9,9,False,True,0.1634918451309204
1473,clip_b32,7,7,7,False,True,0.2054557502269745
1515,clip_b32,9,9,9,False,True,0.14427483081817627
1520,clip_b32,2,2,2,False,True,0.1256382167339325
1531,clip_b32,3,3,5,True,False,0.20067839324474335
1534,clip_b32,6,6,7,True,False,0.13222190737724304
1552,clip_b32,5,5,7,True,False,0.17721877992153168
1553,clip_b32,0,0,0,False,True,0.21100454032421112
1563,clip_b32,3,7,7,False,False,0.13778293132781982
1568,clip_b32,1,1,1,False,True,0.15782375633716583
1579,clip_b32,7,7,7,False,True,0.17807208001613617
1586,clip_b32,2,2,2,False,True,0.18864025175571442
1596,clip_b32,0,0,0,False,True,0.16843461990356445
1626,clip_b32,5,5,5,False,True,0.17379236221313477
1640,clip_b32,8,8,8,False,True,0.17994311451911926
1644,clip_b32,5,5,5,False,True,0.16736319661140442
1648,clip_b32,0,0,0,False,True,0.2270277738571167
1654,clip_b32,9,9,9,False,True,0.1962275505065918
1667,clip_b32,6,6,6,False,True,0.142008438706398
1703,clip_b32,7,7,3,True,False,0.1452915519475937
1711,clip_b32,7,7,7,False,True,0.1671251654624939
1771,clip_b32,7,7,3,True,False,0.11133520305156708
1783,clip_b32,8,8,8,False,True,0.2305813878774643
1814,clip_b32,2,2,2,False,True,0.18185903131961823
1833,clip_b32,8,8,8,False,True,0.16927237808704376
1836,clip_b32,9,9,9,False,True,0.14242681860923767
1839,clip_b32,2,2,2,False,True,0.19045954942703247
1852,clip_b32,1,1,1,False,True,0.20350132882595062
1871,clip_b32,1,1,1,False,True,0.1737525761127472
1877,clip_b32,5,5,4,True,False,0.13799375295639038
1884,clip_b32,7,7,1,True,False,0.14376291632652283
1927,clip_b32,7,7,7,False,True,0.2107847034931183
1954,clip_b32,8,8,0,True,False,0.13079461455345154
1956,clip_b32,7,7,5,True,False,0.1287003457546234
1960,clip_b32,4,4,4,False,True,0.13997793197631836
1977,clip_b32,0,0,0,False,True,0.1928142011165619
1986,clip_b32,1,1,1,False,True,0.2049809992313385
1993,clip_b32,1,1,1,False,True,0.2678584158420563
2003,clip_b32,6,6,6,False,True,0.2471066564321518
2011,clip_b32,9,9,9,False,True,0.12969937920570374
2024,clip_b32,0,0,0,False,True,0.16567553579807281
2028,clip_b32,3,3,3,False,True,0.1403280794620514
2062,clip_b32,9,9,9,False,True,0.2187829166650772
2070,clip_b32,1,1,1,False,True,0.1740172654390335
2082,clip_b32,2,2,2,False,True,0.15642763674259186
2095,clip_b32,1,1,1,False,True,0.2090584635734558
2109,clip_b32,8,8,8,False,True,0.18116188049316406
2114,clip_b32,9,9,9,False,True,0.18275049328804016
2116,clip_b32,1,1,1,False,True,0.19473741948604584
2157,clip_b32,1,1,1,False,True,0.17328287661075592
2167,clip_b32,9,9,9,False,True,0.18091455101966858
2178,clip_b32,1,1,1,False,True,0.21501784026622772
2191,clip_b32,8,8,0,True,False,0.1814148873090744
2230,clip_b32,8,8,8,False,True,0.20547497272491455
2242,clip_b32,0,0,0,False,True,0.2367856800556183
2265,clip_b32,5,5,5,False,True,0.21873705089092255
2268,clip_b32,5,5,5,False,True,0.16847994923591614
2291,clip_b32,3,3,1,True,False,0.12826116383075714
2334,clip_b32,5,5,5,False,True,0.2017587572336197
2340,clip_b32,8,8,8,False,True,0.22398410737514496
2342,clip_b32,8,8,8,False,True,0.13814511895179749
2351,clip_b32,9,9,9,False,True,0.14389491081237793
2391,clip_b32,5,5,5,False,True,0.17228969931602478
2392,clip_b32,2,2,2,False,True,0.2096126824617386
2399,clip_b32,4,4,4,False,True,0.1294393688440323
2414,clip_b32,9,9,9,False,True,0.1353791207075119
2427,clip_b32,5,5,5,False,True,0.16187573969364166
2458,clip_b32,5,5,5,False,True,0.18526053428649902
2501,clip_b32,7,7,7,False,True,0.17832155525684357
2502,clip_b32,2,2,2,False,True,0.175778329372406
2536,clip_b32,3,3,3,False,True,0.1875782310962677
2539,clip_b32,3,3,3,False,True,0.14567363262176514
2610,clip_b32,6,6,1,True,False,0.12128090113401413
2623,clip_b32,5,5,5,False,True,0.1157701164484024
2655,clip_b32,9,9,9,False,True,0.18542684614658356
2668,clip_b32,7,7,7,False,True,0.18666154146194458
2676,clip_b32,6,6,5,True,False,0.12635567784309387
2687,clip_b32,1,1,1,False,True,0.1358536332845688
2690,clip_b32,1,1,1,False,True,0.22367025911808014
2704,clip_b32,4,4,4,False,True,0.21794094145298004
2745,clip_b32,8,8,8,False,True,0.24044233560562134
2746,clip_b32,7,7,7,False,True,0.15923117101192474
2750,clip_b32,0,0,0,False,True,0.1411910355091095
2754,clip_b32,3,3,3,False,True,0.20306704938411713
2757,clip_b32,4,4,4,False,True,0.20404018461704254
2766,clip_b32,5,5,5,False,True,0.13473471999168396
2807,clip_b32,5,5,1,True,False,0.12629334628582
2844,clip_b32,8,8,8,False,True,0.16443584859371185
2854,clip_b32,7,7,1,True,False,0.14394019544124603
2861,clip_b32,3,3,3,False,True,0.21146295964717865
2888,clip_b32,0,0,0,False,True,0.2381608784198761
2898,clip_b32,4,4,4,False,True,0.22873938083648682
2950,clip_b32,5,5,5,False,True,0.16640669107437134
2958,clip_b32,6,6,6,False,True,0.21830745041370392
3015,clip_b32,8,8,8,False,True,0.2369086891412735
3024,clip_b32,2,2,2,False,True,0.1140129566192627
3025,clip_b32,0,0,2,True,False,0.11740384250879288
3034,clip_b32,4,4,4,False,True,0.18697874248027802
3067,clip_b32,2,2,2,False,True,0.16582529246807098
3078,clip_b32,4,4,4,False,True,0.11164175719022751
3079,clip_b32,1,1,1,False,True,0.2140146642923355
3083,clip_b32,0,0,0,False,True,0.18653139472007751
3122,clip_b32,4,4,4,False,True,0.16551683843135834
3153,clip_b32,7,7,1,True,False,0.1579071283340454
3157,clip_b32,8,8,8,False,True,0.141156405210495
3163,clip_b32,2,2,2,False,True,0.18377241492271423
3179,clip_b32,4,4,4,False,True,0.22894404828548431
3191,clip_b32,6,6,5,True,False,0.13246141374111176
3276,clip_b32,3,7,3,True,True,0.1437349170446396
3287,clip_b32,4,4,4,False,True,0.15680842101573944
3288,clip_b32,7,7,7,False,True,0.264864057302475
3292,clip_b32,6,6,6,False,True,0.11867228895425797
3318,clip_b32,9,9,9,False,True,0.13881713151931763
3347,clip_b32,0,0,0,False,True,0.18290245532989502
3353,clip_b32,5,5,1,True,False,0.13843826949596405
3362,clip_b32,2,2,2,False,True,0.18648089468479156
3365,clip_b32,4,4,7,True,False,0.1191760003566742
3375,clip_b32,3,3,5,True,False,0.17463907599449158
3383,clip_b32,3,3,3,False,True,0.14742520451545715
3404,clip_b32,7,7,7,False,True,0.15143361687660217
3412,clip_b32,8,8,8,False,True,0.19956046342849731
3413,clip_b32,1,1,1,False,True,0.24354994297027588
3418,clip_b32,6,6,6,False,True,0.230709508061409
3437,clip_b32,0,0,0,False,True,0.12250524014234543
3446,clip_b32,7,7,1,True,False,0.1499498039484024
3454,clip_b32,2,2,2,False,True,0.1847240924835205
3455,clip_b32,0,0,0,False,True,0.15415306389331818
3458,clip_b32,4,4,4,False,True,0.1461813747882843
3467,clip_b32,7,7,7,False,True,0.11832138895988464
3491,clip_b32,1,1,1,False,True,0.23987798392772675
3494,clip_b32,6,6,6,False,True,0.2474254071712494
3512,clip_b32,4,4,3,True,False,0.14532150328159332
3515,clip_b32,6,6,6,False,True,0.1513766199350357
3542,clip_b32,7,7,7,False,True,0.14530833065509796
3550,clip_b32,1,1,1,False,True,0.15658554434776306
3562,clip_b32,3,3,7,True,False,0.14623969793319702
3755,clip_b32,2,2,2,False,True,0.16588371992111206
3763,clip_b32,4,4,4,False,True,0.23895014822483063
3777,clip_b32,6,6,6,False,True,0.21941496431827545
3778,clip_b32,3,3,3,False,True,0.20515647530555725
3779,clip_b32,6,6,6,False,True,0.1781388521194458
3844,clip_b32,6,6,6,False,True,0.21803343296051025
3851,clip_b32,3,3,3,False,True,0.1645408719778061
3852,clip_b32,5,5,1,True,False,0.11483452469110489
3863,clip_b32,5,5,6,True,False,0.15734660625457764
3867,clip_b32,7,7,7,False,True,0.19945493340492249
3876,clip_b32,0,0,0,False,True,0.17915138602256775
3889,clip_b32,5,5,3,True,False,0.1291716992855072
3891,clip_b32,4,4,3,True,False,0.18442924320697784
3893,clip_b32,9,9,9,False,True,0.1753380298614502
3905,clip_b32,8,8,8,False,True,0.18485359847545624
3914,clip_b32,3,3,3,False,True,0.2007485032081604
3937,clip_b32,1,1,1,False,True,0.18376374244689941
3942,clip_b32,9,9,9,False,True,0.15198440849781036
3948,clip_b32,8,8,8,False,True,0.13430143892765045
3962,clip_b32,6,6,6,False,True,0.16475391387939453
3965,clip_b32,0,0,0,False,True,0.20243985950946808
3994,clip_b32,4,4,4,False,True,0.1579095870256424
3996,clip_b32,9,9,9,False,True,0.1263812780380249
4011,clip_b32,6,6,6,False,True,0.2237461656332016
4023,clip_b32,3,3,3,False,True,0.16099075973033905
4054,clip_b32,4,4,4,False,True,0.1743016093969345
4065,clip_b32,2,2,2,False,True,0.12118704617023468
4069,clip_b32,8,8,9,True,False,0.11615129560232162
4093,clip_b32,6,6,6,False,True,0.10791168361902237
4094,clip_b32,9,9,9,False,True,0.1213696077466011
4106,clip_b32,5,5,3,True,False,0.16617800295352936
4130,clip_b32,0,0,0,False,True,0.21028131246566772
4168,clip_b32,3,3,1,True,False,0.1333005726337433
4170,clip_b32,8,8,8,False,True,0.15658216178417206
4172,clip_b32,7,7,7,False,True,0.1519457846879959
4177,clip_b32,8,8,8,False,True,0.20753823220729828
4215,clip_b32,3,3,3,False,True,0.14063511788845062
4229,clip_b32,3,3,3,False,True,0.18421834707260132
4236,clip_b32,7,7,7,False,True,0.25888925790786743
4242,clip_b32,8,8,8,False,True,0.13400539755821228
4254,clip_b32,6,6,4,True,False,0.1337621659040451
4290,clip_b32,5,4,5,True,True,0.15853504836559296
4298,clip_b32,1,1,1,False,True,0.24617569148540497
4308,clip_b32,7,7,7,False,True,0.18546591699123383
4311,clip_b32,8,8,8,False,True,0.20166583359241486
4323,clip_b32,3,3,2,True,False,0.11150679737329483
4330,clip_b32,3,5,1,True,False,0.16312852501869202
4341,clip_b32,6,6,6,False,True,0.22519899904727936
4355,clip_b32,8,8,0,True,False,0.14172376692295074
4399,clip_b32,0,0,0,False,True,0.16066670417785645
4403,clip_b32,7,7,7,False,True,0.17888933420181274
4411,clip_b32,6,6,3,True,False,0.11221324652433395
4449,clip_b32,9,9,9,False,True,0.14111725986003876
4463,clip_b32,3,3,7,True,False,0.11665548384189606
4531,clip_b32,3,3,7,True,False,0.18651220202445984
4539,clip_b32,0,0,0,False,True,0.18175458908081055
4547,clip_b32,5,5,5,False,True,0.18326428532600403
4552,clip_b32,8,8,0,True,False,0.13551339507102966
4570,clip_b32,5,5,6,True,False,0.14393183588981628
4590,clip_b32,3,3,3,False,True,0.20233173668384552
4609,clip_b32,3,3,1,True,False,0.1414949744939804
4615,clip_b32,0,0,0,False,True,0.20758934319019318
4617,clip_b32,0,0,0,False,True,0.1815829575061798
4620,clip_b32,6,6,6,False,True,0.18132992088794708
4629,clip_b32,4,4,4,False,True,0.18383635580539703
4640,clip_b32,1,1,1,False,True,0.2419148087501526
4642,clip_b32,4,4,4,False,True,0.19019411504268646
4661,clip_b32,7,7,3,True,False,0.16506648063659668
4662,clip_b32,8,8,8,False,True,0.22100381553173065
4675,clip_b32,0,0,0,False,True,0.13944998383522034
4676,clip_b32,8,8,8,False,True,0.16477856040000916
4704,clip_b32,7,7,7,False,True,0.17060109972953796
4723,clip_b32,9,9,9,False,True,0.15363335609436035
4731,clip_b32,6,6,6,False,True,0.1450732946395874
4735,clip_b32,2,2,2,False,True,0.15924072265625
4740,clip_b32,4,4,4,False,True,0.15271513164043427
4746,clip_b32,6,6,6,False,True,0.17877627909183502
4748,clip_b32,7,7,7,False,True,0.22391410171985626
4754,clip_b32,6,6,6,False,True,0.21190138161182404
4785,clip_b32,0,0,0,False,True,0.2000323086977005
4791,clip_b32,7,7,7,False,True,0.13487589359283447
4819,clip_b32,0,0,0,False,True,0.14175844192504883
4821,clip_b32,3,3,3,False,True,0.15552300214767456
4827,clip_b32,6,6,6,False,True,0.16308040916919708
4850,clip_b32,5,5,5,False,True,0.19786523282527924
4881,clip_b32,3,3,1,True,False,0.14610865712165833
4893,clip_b32,0,0,0,False,True,0.2391584813594818
4908,clip_b32,3,3,3,False,True,0.13350626826286316
4913,clip_b32,2,2,2,False,True,0.18643726408481598
4921,clip_b32,2,2,2,False,True,0.15828093886375427
4953,clip_b32,5,5,5,False,True,0.1648665815591812
4966,clip_b32,5,5,5,False,True,0.16614706814289093
4990,clip_b32,8,8,0,True,False,0.12473756074905396
5000,clip_b32,8,8,8,False,True,0.1568903625011444
5030,clip_b32,2,2,2,False,True,0.2123134732246399
5062,clip_b32,4,4,4,False,True,0.14283648133277893
5077,clip_b32,4,4,4,False,True,0.23229430615901947
5082,clip_b32,6,6,6,False,True,0.20974506437778473
5092,clip_b32,1,1,1,False,True,0.19869539141654968
5101,clip_b32,5,5,5,False,True,0.16434314846992493
5117,clip_b32,0,0,0,False,True,0.1810332089662552
5123,clip_b32,1,1,1,False,True,0.2027311474084854
5135,clip_b32,4,4,6,True,False,0.13069765269756317
5183,clip_b32,2,2,2,False,True,0.14760704338550568
5213,clip_b32,4,4,4,False,True,0.16957363486289978
5218,clip_b32,2,2,2,False,True,0.1824357658624649
5220,clip_b32,1,3,3,False,False,0.11910445988178253
5237,clip_b32,2,2,2,False,True,0.18964636325836182
5256,clip_b32,1,1,1,False,True,0.19249072670936584
5284,clip_b32,9,9,9,False,True,0.1758657991886139
5301,clip_b32,9,9,2,True,False,0.11244593560695648
5318,clip_b32,2,2,2,False,True,0.13289381563663483
5332,clip_b32,5,5,0,True,False,0.10893736779689789
5333,clip_b32,2,2,2,False,True,0.19648396968841553
5360,clip_b32,9,9,9,False,True,0.1652790755033493
5381,clip_b32,5,5,5,False,True,0.12982580065727234
5382,clip_b32,6,6,6,False,True,0.1774892508983612
5395,clip_b32,2,2,2,False,True,0.18671473860740662
5402,clip_b32,4,4,4,False,True,0.2840563952922821
5408,clip_b32,6,6,5,True,False,0.14819484949111938
5436,clip_b32,7,7,7,False,True,0.17957139015197754
5447,clip_b32,9,9,9,False,True,0.1885981261730194
5450,clip_b32,7,7,7,False,True,0.15831801295280457
5451,clip_b32,8,8,8,False,True,0.19386449456214905
5452,clip_b32,9,9,2,True,False,0.11189597100019455
5467,clip_b32,4,4,4,False,True,0.23786918818950653
5478,clip_b32,0,0,0,False,True,0.15378616750240326
5488,clip_b32,1,1,7,True,False,0.1750638335943222
5496,clip_b32,5,5,5,False,True,0.17642638087272644
5508,clip_b32,9,9,9,False,True,0.19046053290367126
5512,clip_b32,2,9,9,False,False,0.11345349252223969
5525,clip_b32,8,8,8,False,True,0.17886334657669067
5528,clip_b32,3,3,3,False,True,0.18463680148124695
5556,clip_b32,4,4,4,False,True,0.21373867988586426
5560,clip_b32,1,1,1,False,True,0.19500726461410522
5572,clip_b32,9,9,9,False,True,0.12958458065986633
5580,clip_b32,6,6,6,False,True,0.14415250718593597
5590,clip_b32,9,9,0,True,False,0.12398655712604523
5623,clip_b32,4,4,4,False,True,0.21050995588302612
5677,clip_b32,2,2,2,False,True,0.1715136617422104
5694,clip_b32,8,8,8,False,True,0.18168863654136658
5701,clip_b32,5,5,3,True,False,0.17528174817562103
5705,clip_b32,8,8,8,False,True,0.2536984086036682
5719,clip_b32,7,7,7,False,True,0.17424079775810242
5729,clip_b32,6,6,6,False,True,0.24071145057678223
5756,clip_b32,2,2,2,False,True,0.19334442913532257
5788,clip_b32,9,9,9,False,True,0.17095357179641724
5789,clip_b32,4,4,4,False,True,0.1892474740743637
5824,clip_b32,2,2,2,False,True,0.1536906510591507
5848,clip_b32,7,7,7,False,True,0.19635064899921417
5851,clip_b32,9,9,9,False,True,0.15944941341876984
5857,clip_b32,6,6,3,True,False,0.1264791190624237
5858,clip_b32,6,6,4,True,False,0.14479926228523254
5912,clip_b32,0,0,0,False,True,0.13264867663383484
5915,clip_b32,9,9,9,False,True,0.17170947790145874
5918,clip_b32,0,0,0,False,True,0.21514803171157837
5924,clip_b32,5,5,5,False,True,0.1889210045337677
5977,clip_b32,7,7,7,False,True,0.1750362068414688
5981,clip_b32,9,9,9,False,True,0.11811584234237671
5999,clip_b32,0,0,0,False,True,0.12961599230766296
6028,clip_b32,2,2,2,False,True,0.19593185186386108
6033,clip_b32,4,4,4,False,True,0.12033870816230774
6076,clip_b32,1,1,1,False,True,0.23857589066028595
6084,clip_b32,7,7,7,False,True,0.23041410744190216
6097,clip_b32,4,4,4,False,True,0.21493598818778992
6169,clip_b32,1,1,1,False,True,0.16288422048091888
6190,clip_b32,7,7,7,False,True,0.17375631630420685
6224,clip_b32,5,5,7,True,False,0.1414618045091629
6244,clip_b32,2,2,2,False,True,0.12634915113449097
6264,clip_b32,2,2,2,False,True,0.18950729072093964
6271,clip_b32,2,2,2,False,True,0.18552573025226593
6288,clip_b32,4,4,3,True,False,0.12368924915790558
6332,clip_b32,2,2,2,False,True,0.14536549150943756
6349,clip_b32,1,1,1,False,True,0.17583221197128296
6354,clip_b32,2,2,2,False,True,0.14754781126976013
6358,clip_b32,5,5,5,False,True,0.20632927119731903
6381,clip_b32,6,6,6,False,True,0.18852339684963226
6414,clip_b32,5,5,3,True,False,0.1352459192276001
6426,clip_b32,2,2,2,False,True,0.22290711104869843
6434,clip_b32,8,8,0,True,False,0.13704130053520203
6437,clip_b32,0,0,0,False,True,0.2354954481124878
6455,clip_b32,0,0,0,False,True,0.2030966728925705
6490,clip_b32,3,3,1,True,False,0.1396666169166565
6503,clip_b32,2,2,2,False,True,0.1785767376422882
6508,clip_b32,4,4,4,False,True,0.15571856498718262
6528,clip_b32,4,4,4,False,True,0.13542477786540985
6594,clip_b32,1,1,1,False,True,0.19158925116062164
6609,clip_b32,0,0,0,False,True,0.22606953978538513
6616,clip_b32,2,2,2,False,True,0.181299090385437
6650,clip_b32,7,7,7,False,True,0.12143968045711517
6689,clip_b32,8,8,8,False,True,0.14582237601280212
6692,clip_b32,2,2,2,False,True,0.15708133578300476
6713,clip_b32,6,6,5,True,False,0.13447123765945435
6716,clip_b32,5,5,5,False,True,0.1424875557422638
6726,clip_b32,7,7,1,True,False,0.1358007788658142
6733,clip_b32,1,1,1,False,True,0.19124317169189453
6772,clip_b32,7,7,7,False,True,0.16242733597755432
6805,clip_b32,1,1,1,False,True,0.19337299466133118
6836,clip_b32,1,1,1,False,True,0.22509516775608063
6844,clip_b32,0,0,0,False,True,0.23450280725955963
6922,clip_b32,5,5,5,False,True,0.1635245978832245
6931,clip_b32,9,9,9,False,True,0.1489982008934021
6938,clip_b32,1,1,1,False,True,0.24632646143436432
6952,clip_b32,3,3,3,False,True,0.19916069507598877
6954,clip_b32,1,1,1,False,True,0.2134505808353424
6986,clip_b32,0,0,0,False,True,0.20794254541397095
6989,clip_b32,5,5,7,True,False,0.1852831244468689
7009,clip_b32,0,0,0,False,True,0.15518175065517426
7029,clip_b32,1,1,1,False,True,0.23954135179519653
7033,clip_b32,1,1,1,False,True,0.20229490101337433
7041,clip_b32,5,5,5,False,True,0.15248467028141022
7047,clip_b32,9,9,9,False,True,0.17951600253582
7081,clip_b32,7,7,3,True,False,0.14118240773677826
7084,clip_b32,2,2,2,False,True,0.186149001121521
7108,clip_b32,6,6,6,False,True,0.21561267971992493
7130,clip_b32,5,5,5,False,True,0.12737876176834106
7138,clip_b32,8,8,8,False,True,0.16365760564804077
7150,clip_b32,0,0,0,False,True,0.23762181401252747
7202,clip_b32,1,1,1,False,True,0.13591672480106354
7262,clip_b32,0,0,0,False,True,0.18882106244564056
7266,clip_b32,9,9,9,False,True,0.14852039515972137
7270,clip_b32,7,7,7,False,True,0.14252406358718872
7309,clip_b32,0,0,0,False,True,0.17017152905464172
7320,clip_b32,0,0,0,False,True,0.12772659957408905
7338,clip_b32,6,6,6,False,True,0.14027902483940125
7372,clip_b32,0,0,0,False,True,0.20902541279792786
7373,clip_b32,0,0,0,False,True,0.19631554186344147
7380,clip_b32,9,9,9,False,True,0.16723470389842987
7390,clip_b32,1,1,1,False,True,0.18763300776481628
7413,clip_b32,5,3,3,False,False,0.16155792772769928
7416,clip_b32,3,3,1,True,False,0.10646087676286697
7425,clip_b32,2,2,2,False,True,0.16388238966464996
7446,clip_b32,8,8,8,False,True,0.1784326434135437
7460,clip_b32,8,8,9,True,False,0.12811464071273804
7465,clip_b32,0,0,0,False,True,0.2455446869134903
7474,clip_b32,5,5,5,False,True,0.16090497374534607
7475,clip_b32,4,4,4,False,True,0.15356868505477905
7476,clip_b32,8,8,8,False,True,0.16075681149959564
7544,clip_b32,9,9,9,False,True,0.17473503947257996
7555,clip_b32,6,6,6,False,True,0.1965048611164093
7600,clip_b32,6,6,6,False,True,0.2119346410036087
7610,clip_b32,4,4,4,False,True,0.22782810032367706
7634,clip_b32,0,0,0,False,True,0.19640067219734192
7692,clip_b32,4,4,4,False,True,0.1605204939842224
7706,clip_b32,5,5,5,False,True,0.15378150343894958
7726,clip_b32,6,6,6,False,True,0.22048313915729523
7744,clip_b32,3,3,3,False,True,0.12558695673942566
7752,clip_b32,9,9,9,False,True,0.16301171481609344
7776,clip_b32,5,5,6,True,False,0.11594601720571518
7779,clip_b32,6,6,4,True,False,0.13187788426876068
7781,clip_b32,6,6,6,False,True,0.20752014219760895
7793,clip_b32,3,3,3,False,True,0.18587957322597504
7797,clip_b32,3,3,1,True,False,0.2130831927061081
7810,clip_b32,8,8,8,False,True,0.2094699591398239
7818,clip_b32,8,8,0,True,False,0.11396744847297668
7835,clip_b32,7,7,7,False,True,0.18316000699996948
7864,clip_b32,4,4,4,False,True,0.16021379828453064
7875,clip_b32,8,8,8,False,True,0.15763886272907257
7938,clip_b32,9,9,9,False,True,0.15338727831840515
7940,clip_b32,4,4,4,False,True,0.1556166261434555
7944,clip_b32,4,4,3,True,False,0.14495527744293213
7955,clip_b32,1,1,1,False,True,0.15444593131542206
7995,clip_b32,9,9,2,True,False,0.15411947667598724
7996,clip_b32,6,6,6,False,True,0.22823350131511688
7999,clip_b32,8,8,8,False,True,0.19189131259918213
3,clip_zero_shot,0,0,0,False,True,0.9203758239746094
29,clip_zero_shot,7,7,7,False,True,0.4392258822917938
35,clip_zero_shot,2,2,2,False,True,0.8680135607719421
42,clip_zero_shot,0,0,0,False,True,0.8830913305282593
49,clip_zero_shot,2,2,2,False,True,0.9513344168663025
81,clip_zero_shot,0,0,2,True,False,0.25755998492240906
95,clip_zero_shot,1,1,1,False,True,0.9768721461296082
97,clip_zero_shot,5,5,7,True,False,0.7943299412727356
116,clip_zero_shot,1,1,1,False,True,0.9915297031402588
131,clip_zero_shot,9,9,9,False,True,0.9430167078971863
151,clip_zero_shot,8,8,8,False,True,0.9292628169059753
171,clip_zero_shot,4,4,4,False,True,0.750217854976654
176,clip_zero_shot,3,3,3,False,True,0.7906515598297119
191,clip_zero_shot,9,9,2,True,False,0.5855897665023804
194,clip_zero_shot,8,8,8,False,True,0.9757726192474365
198,clip_zero_shot,1,1,1,False,True,0.9150300025939941
239,clip_zero_shot,9,9,9,False,True,0.9457111358642578
261,clip_zero_shot,1,1,1,False,True,0.9682552218437195
269,clip_zero_shot,7,7,7,False,True,0.9238397479057312
276,clip_zero_shot,9,9,1,True,False,0.3666880130767822
303,clip_zero_shot,9,9,9,False,True,0.8823612928390503
304,clip_zero_shot,1,1,1,False,True,0.8804836273193359
317,clip_zero_shot,2,2,2,False,True,0.8332032561302185
319,clip_zero_shot,5,5,5,False,True,0.8525190949440002
323,clip_zero_shot,7,7,7,False,True,0.5718359351158142
365,clip_zero_shot,3,3,3,False,True,0.9750780463218689
370,clip_zero_shot,7,7,7,False,True,0.7136991024017334
372,clip_zero_shot,3,3,3,False,True,0.5470985174179077
378,clip_zero_shot,5,5,5,False,True,0.9725661873817444
391,clip_zero_shot,3,4,3,True,True,0.48003336787223816
409,clip_zero_shot,2,2,2,False,True,0.8903383016586304
419,clip_zero_shot,9,9,9,False,True,0.9734506607055664
449,clip_zero_shot,6,6,6,False,True,0.9803454279899597
470,clip_zero_shot,2,2,2,False,True,0.9606454968452454
483,clip_zero_shot,2,2,2,False,True,0.584719717502594
484,clip_zero_shot,0,0,0,False,True,0.8179534077644348
506,clip_zero_shot,4,4,4,False,True,0.8264867067337036
545,clip_zero_shot,6,6,2,True,False,0.4208475947380066
562,clip_zero_shot,0,0,0,False,True,0.8768337368965149
568,clip_zero_shot,5,5,5,False,True,0.501115620136261
603,clip_zero_shot,9,9,9,False,True,0.2668316662311554
632,clip_zero_shot,3,3,7,True,False,0.3828265070915222
645,clip_zero_shot,5,5,5,False,True,0.7038514614105225
667,clip_zero_shot,8,8,8,False,True,0.99518883228302
672,clip_zero_shot,3,3,3,False,True,0.4742046296596527
677,clip_zero_shot,3,3,3,False,True,0.9816809296607971
685,clip_zero_shot,5,5,5,False,True,0.971699595451355
691,clip_zero_shot,4,4,7,True,False,0.4707176685333252
706,clip_zero_shot,8,8,8,False,True,0.4318505525588989
714,clip_zero_shot,2,2,2,False,True,0.7051358222961426
716,clip_zero_shot,8,8,8,False,True,0.9627612233161926
738,clip_zero_shot,3,3,1,True,False,0.6600891351699829
739,clip_zero_shot,8,8,8,False,True,0.9702346324920654
766,clip_zero_shot,4,6,5,True,False,0.5180172920227051
791,clip_zero_shot,3,3,3,False,True,0.9827218651771545
805,clip_zero_shot,9,9,9,False,True,0.8119438290596008
825,clip_zero_shot,1,1,1,False,True,0.9644030332565308
852,clip_zero_shot,9,9,9,False,True,0.7004538178443909
855,clip_zero_shot,4,4,1,True,False,0.4660029709339142
873,clip_zero_shot,6,6,4,True,False,0.6265391111373901
890,clip_zero_shot,6,6,6,False,True,0.986842930316925
920,clip_zero_shot,6,6,6,False,True,0.9982240796089172
929,clip_zero_shot,6,6,6,False,True,0.8598325252532959
962,clip_zero_shot,8,8,8,False,True,0.8778476119041443
964,clip_zero_shot,6,6,3,True,False,0.28171783685684204
977,clip_zero_shot,6,6,6,False,True,0.9957303404808044
979,clip_zero_shot,3,3,3,False,True,0.971642017364502
981,clip_zero_shot,2,2,2,False,True,0.7952115535736084
1022,clip_zero_shot,9,9,9,False,True,0.7777448296546936
1032,clip_zero_shot,7,7,1,True,False,0.6246327757835388
1048,clip_zero_shot,7,7,1,True,False,0.7710057497024536
1090,clip_zero_shot,1,1,1,False,True,0.9801698327064514
1095,clip_zero_shot,5,5,5,False,True,0.700218677520752
1109,clip_zero_shot,1,1,1,False,True,0.9861010909080505
1111,clip_zero_shot,4,4,4,False,True,0.9973764419555664
1115,clip_zero_shot,1,1,1,False,True,0.33014750480651855
1124,clip_zero_shot,4,4,6,True,False,0.30205366015434265
1129,clip_zero_shot,8,8,8,False,True,0.7296852469444275
1175,clip_zero_shot,0,0,1,True,False,0.5718735456466675
1202,clip_zero_shot,2,2,2,False,True,0.8375645875930786
1204,clip_zero_shot,3,3,1,True,False,0.8571037650108337
1211,clip_zero_shot,4,4,4,False,True,0.5331055521965027
1220,clip_zero_shot,7,7,4,True,False,0.5089696645736694
1230,clip_zero_shot,1,1,1,False,True,0.9171444773674011
1247,clip_zero_shot,8,8,8,False,True,0.9807182550430298
1263,clip_zero_shot,3,4,6,True,False,0.7171410918235779
1266,clip_zero_shot,4,4,4,False,True,0.997370719909668
1287,clip_zero_shot,7,7,7,False,True,0.45792293548583984
1296,clip_zero_shot,7,7,7,False,True,0.7422512769699097
1370,clip_zero_shot,3,3,3,False,True,0.9597486257553101
1389,clip_zero_shot,0,0,0,False,True,0.8826672434806824
1401,clip_zero_shot,3,3,3,False,True,0.7781524658203125
1403,clip_zero_shot,2,2,2,False,True,0.9270954132080078
1411,clip_zero_shot,9,9,9,False,True,0.750421941280365
1429,clip_zero_shot,4,4,1,True,False,0.4230046272277832
1430,clip_zero_shot,9,9,9,False,True,0.8176860809326172
1431,clip_zero_shot,3,3,3,False,True,0.8935617208480835
1436,clip_zero_shot,1,1,1,False,True,0.9968254566192627
1440,clip_zero_shot,7,7,7,False,True,0.6530562043190002
1468,clip_zero_shot,9,9,9,False,True,0.7431652545928955
1473,clip_zero_shot,7,7,7,False,True,0.9721434116363525
1515,clip_zero_shot,9,9,9,False,True,0.806302547454834
1520,clip_zero_shot,2,2,2,False,True,0.7026457190513611
1531,clip_zero_shot,3,4,5,True,False,0.8054303526878357
1534,clip_zero_shot,6,6,7,True,False,0.4493319094181061
1552,clip_zero_shot,5,5,7,True,False,0.9185351729393005
1553,clip_zero_shot,0,0,0,False,True,0.9782619476318359
1563,clip_zero_shot,3,7,7,False,False,0.3087010085582733
1568,clip_zero_shot,1,1,1,False,True,0.7093139290809631
1579,clip_zero_shot,7,7,7,False,True,0.9902536273002625
1586,clip_zero_shot,2,2,2,False,True,0.9136334657669067
1596,clip_zero_shot,0,0,0,False,True,0.460605651140213
1626,clip_zero_shot,5,5,5,False,True,0.9728624820709229
1640,clip_zero_shot,8,8,8,False,True,0.9643871784210205
1644,clip_zero_shot,5,5,5,False,True,0.9129969477653503
1648,clip_zero_shot,0,0,0,False,True,0.9516686797142029
1654,clip_zero_shot,9,9,9,False,True,0.9323904514312744
1667,clip_zero_shot,6,6,6,False,True,0.8938415050506592
1703,clip_zero_shot,7,7,5,True,False,0.32175150513648987
1711,clip_zero_shot,7,7,7,False,True,0.9415420889854431
1771,clip_zero_shot,7,7,7,False,True,0.3150906562805176
1783,clip_zero_shot,8,8,8,False,True,0.9884524941444397
1814,clip_zero_shot,2,2,2,False,True,0.909692645072937
1833,clip_zero_shot,8,8,8,False,True,0.9574939012527466
1836,clip_zero_shot,9,9,9,False,True,0.608597993850708
1839,clip_zero_shot,2,2,2,False,True,0.9654720425605774
1852,clip_zero_shot,1,1,1,False,True,0.9795079827308655
1871,clip_zero_shot,1,1,1,False,True,0.9233987927436829
1877,clip_zero_shot,5,5,4,True,False,0.5857937932014465
1884,clip_zero_shot,7,7,1,True,False,0.8363164663314819
1927,clip_zero_shot,7,7,7,False,True,0.9917523264884949
1954,clip_zero_shot,8,8,8,False,True,0.6997829079627991
1956,clip_zero_shot,7,7,5,True,False,0.5028862357139587
1960,clip_zero_shot,4,4,4,False,True,0.6230356693267822
1977,clip_zero_shot,0,0,0,False,True,0.8242403268814087
1986,clip_zero_shot,1,1,1,False,True,0.9869391918182373
1993,clip_zero_shot,1,1,1,False,True,0.9970097541809082
2003,clip_zero_shot,6,6,6,False,True,0.9967148303985596
2011,clip_zero_shot,9,9,8,True,False,0.38887909054756165
2024,clip_zero_shot,0,0,0,False,True,0.8001850843429565
2028,clip_zero_shot,3,3,5,True,False,0.3787837326526642
2062,clip_zero_shot,9,9,9,False,True,0.9667659401893616
2070,clip_zero_shot,1,1,1,False,True,0.9603937268257141
2082,clip_zero_shot,2,2,2,False,True,0.7971397042274475
2095,clip_zero_shot,1,1,1,False,True,0.9693183302879333
2109,clip_zero_shot,8,8,8,False,True,0.9775208830833435
2114,clip_zero_shot,9,9,9,False,True,0.8438555002212524
2116,clip_zero_shot,1,1,1,False,True,0.9436041712760925
2157,clip_zero_shot,1,1,1,False,True,0.9420472979545593
2167,clip_zero_shot,9,9,9,False,True,0.8647899627685547
2178,clip_zero_shot,1,1,1,False,True,0.996601939201355
2191,clip_zero_shot,8,8,0,True,False,0.468601256608963
2230,clip_zero_shot,8,8,8,False,True,0.9895562529563904
2242,clip_zero_shot,0,0,0,False,True,0.9660604596138
2265,clip_zero_shot,5,5,5,False,True,0.9807026982307434
2268,clip_zero_shot,5,5,5,False,True,0.5015417337417603
2291,clip_zero_shot,3,3,1,True,False,0.4190535843372345
2334,clip_zero_shot,5,5,5,False,True,0.9500650763511658
2340,clip_zero_shot,8,8,8,False,True,0.9775776863098145
2342,clip_zero_shot,8,8,8,False,True,0.8143800497055054
2351,clip_zero_shot,9,9,9,False,True,0.8663339614868164
2391,clip_zero_shot,5,5,5,False,True,0.8147456049919128
2392,clip_zero_shot,2,2,2,False,True,0.8782691955566406
2399,clip_zero_shot,4,4,4,False,True,0.5439817905426025
2414,clip_zero_shot,9,9,9,False,True,0.5824220776557922
2427,clip_zero_shot,5,5,5,False,True,0.8620074391365051
2458,clip_zero_shot,5,5,5,False,True,0.9605123996734619
2501,clip_zero_shot,7,7,7,False,True,0.8309798836708069
2502,clip_zero_shot,2,2,2,False,True,0.7784219980239868
2536,clip_zero_shot,3,3,3,False,True,0.31586116552352905
2539,clip_zero_shot,3,3,3,False,True,0.5081185102462769
2610,clip_zero_shot,6,6,1,True,False,0.5997385382652283
2623,clip_zero_shot,5,5,5,False,True,0.4744030833244324
2655,clip_zero_shot,9,9,9,False,True,0.9545384645462036
2668,clip_zero_shot,7,7,7,False,True,0.9608194231987
2676,clip_zero_shot,6,6,5,True,False,0.47560060024261475
2687,clip_zero_shot,1,1,1,False,True,0.5983347296714783
2690,clip_zero_shot,1,1,1,False,True,0.9960087537765503
2704,clip_zero_shot,4,4,4,False,True,0.9986244440078735
2745,clip_zero_shot,8,8,8,False,True,0.9899762272834778
2746,clip_zero_shot,7,7,7,False,True,0.8303126692771912
2750,clip_zero_shot,0,0,8,True,False,0.5611328482627869
2754,clip_zero_shot,3,3,3,False,True,0.929407000541687
2757,clip_zero_shot,4,4,4,False,True,0.9821599125862122
2766,clip_zero_shot,5,5,5,False,True,0.5529306530952454
2807,clip_zero_shot,5,4,1,True,False,0.5602620244026184
2844,clip_zero_shot,8,8,8,False,True,0.9370139241218567
2854,clip_zero_shot,7,7,1,True,False,0.48043888807296753
2861,clip_zero_shot,3,3,3,False,True,0.9695698618888855
2888,clip_zero_shot,0,0,0,False,True,0.9407070875167847
2898,clip_zero_shot,4,4,4,False,True,0.9967131614685059
2950,clip_zero_shot,5,5,5,False,True,0.8839905261993408
2958,clip_zero_shot,6,6,6,False,True,0.9943612813949585
3015,clip_zero_shot,8,8,8,False,True,0.9918787479400635
3024,clip_zero_shot,2,2,2,False,True,0.3421538174152374
3025,clip_zero_shot,0,0,2,True,False,0.3913479745388031
3034,clip_zero_shot,4,4,4,False,True,0.985706627368927
3067,clip_zero_shot,2,2,2,False,True,0.8626718521118164
3078,clip_zero_shot,4,4,1,True,False,0.4301418662071228
3079,clip_zero_shot,1,1,1,False,True,0.9910148978233337
3083,clip_zero_shot,0,0,0,False,True,0.7016164064407349
3122,clip_zero_shot,4,4,4,False,True,0.8824713230133057
3153,clip_zero_shot,7,7,1,True,False,0.6443111896514893
3157,clip_zero_shot,8,8,8,False,True,0.8997402787208557
3163,clip_zero_shot,2,2,2,False,True,0.9299868941307068
3179,clip_zero_shot,4,4,4,False,True,0.9966615438461304
3191,clip_zero_shot,6,6,5,True,False,0.5008133053779602
3276,clip_zero_shot,3,7,5,True,False,0.384268581867218
3287,clip_zero_shot,4,4,4,False,True,0.6530435085296631
3288,clip_zero_shot,7,7,7,False,True,0.9988017082214355
3292,clip_zero_shot,6,6,5,True,False,0.30436161160469055
3318,clip_zero_shot,9,9,9,False,True,0.47490015625953674
3347,clip_zero_shot,0,0,0,False,True,0.8173990845680237
3353,clip_zero_shot,5,5,1,True,False,0.9536172747612
3362,clip_zero_shot,2,2,2,False,True,0.9610711932182312
3365,clip_zero_shot,4,4,5,True,False,0.41484561562538147
3375,clip_zero_shot,3,3,5,True,False,0.8660673499107361
3383,clip_zero_shot,3,3,1,True,False,0.33112844824790955
3404,clip_zero_shot,7,7,7,False,True,0.5373478531837463
3412,clip_zero_shot,8,8,8,False,True,0.9783254861831665
3413,clip_zero_shot,1,1,1,False,True,0.9965813755989075
3418,clip_zero_shot,6,6,6,False,True,0.9980098605155945
3437,clip_zero_shot,0,0,1,True,False,0.6657464504241943
3446,clip_zero_shot,7,7,1,True,False,0.5364503860473633
3454,clip_zero_shot,2,2,2,False,True,0.9518024325370789
3455,clip_zero_shot,0,0,0,False,True,0.551275908946991
3458,clip_zero_shot,4,4,4,False,True,0.48642995953559875
3467,clip_zero_shot,7,7,1,True,False,0.5828893780708313
3491,clip_zero_shot,1,1,1,False,True,0.9946185350418091
3494,clip_zero_shot,6,6,6,False,True,0.9979696869850159
3512,clip_zero_shot,4,4,4,False,True,0.3278922438621521
3515,clip_zero_shot,6,6,6,False,True,0.9134010076522827
3542,clip_zero_shot,7,7,7,False,True,0.714857280254364
3550,clip_zero_shot,1,1,1,False,True,0.9370601177215576
3562,clip_zero_shot,3,4,7,True,False,0.5625304579734802
3755,clip_zero_shot,2,2,2,False,True,0.8478789329528809
3763,clip_zero_shot,4,4,4,False,True,0.9924276471138
3777,clip_zero_shot,6,6,6,False,True,0.9874677658081055
3778,clip_zero_shot,3,3,3,False,True,0.9539906978607178
3779,clip_zero_shot,6,6,6,False,True,0.9898684024810791
3844,clip_zero_shot,6,6,6,False,True,0.9958720803260803
3851,clip_zero_shot,3,3,3,False,True,0.6935601830482483
3852,clip_zero_shot,5,5,5,False,True,0.479228138923645
3863,clip_zero_shot,5,5,6,True,False,0.9118676781654358
3867,clip_zero_shot,7,7,7,False,True,0.9689313173294067
3876,clip_zero_shot,0,0,0,False,True,0.4550231397151947
3889,clip_zero_shot,5,5,7,True,False,0.2803233861923218
3891,clip_zero_shot,4,4,4,False,True,0.620479941368103
3893,clip_zero_shot,9,9,9,False,True,0.9015785455703735
3905,clip_zero_shot,8,8,8,False,True,0.9741715788841248
3914,clip_zero_shot,3,3,3,False,True,0.685535192489624
3937,clip_zero_shot,1,1,1,False,True,0.9941458702087402
3942,clip_zero_shot,9,9,9,False,True,0.6896750926971436
3948,clip_zero_shot,8,8,8,False,True,0.577994704246521
3962,clip_zero_shot,6,6,6,False,True,0.9344466328620911
3965,clip_zero_shot,0,0,0,False,True,0.9110228419303894
3994,clip_zero_shot,4,4,4,False,True,0.9281901717185974
3996,clip_zero_shot,9,9,9,False,True,0.6506330370903015
4011,clip_zero_shot,6,6,6,False,True,0.9919952154159546
4023,clip_zero_shot,3,3,5,True,False,0.45248571038246155
4054,clip_zero_shot,4,4,4,False,True,0.913889467716217
4065,clip_zero_shot,2,2,2,False,True,0.5428798794746399
4069,clip_zero_shot,8,8,1,True,False,0.3050827383995056
4093,clip_zero_shot,6,6,1,True,False,0.42413413524627686
4094,clip_zero_shot,9,9,9,False,True,0.5916334986686707
4106,clip_zero_shot,5,5,3,True,False,0.6241995096206665
4130,clip_zero_shot,0,0,0,False,True,0.8814133405685425
4168,clip_zero_shot,3,3,1,True,False,0.6487737894058228
4170,clip_zero_shot,8,8,8,False,True,0.7365382313728333
4172,clip_zero_shot,7,7,7,False,True,0.480192095041275
4177,clip_zero_shot,8,8,8,False,True,0.9779825210571289
4215,clip_zero_shot,3,3,3,False,True,0.7746894955635071
4229,clip_zero_shot,3,3,7,True,False,0.47187528014183044
4236,clip_zero_shot,7,7,7,False,True,0.9974702596664429
4242,clip_zero_shot,8,8,8,False,True,0.766979455947876
4254,clip_zero_shot,6,6,6,False,True,0.6261883974075317
4290,clip_zero_shot,5,4,5,True,True,0.4867389500141144
4298,clip_zero_shot,1,1,1,False,True,0.99664705991745
4308,clip_zero_shot,7,7,7,False,True,0.9500715136528015
4311,clip_zero_shot,8,8,8,False,True,0.9900906085968018
4323,clip_zero_shot,3,3,1,True,False,0.5006558299064636
4330,clip_zero_shot,3,5,1,True,False,0.8403627872467041
4341,clip_zero_shot,6,6,6,False,True,0.9956479668617249
4355,clip_zero_shot,8,8,0,True,False,0.359835147857666
4399,clip_zero_shot,0,0,0,False,True,0.8569879531860352
4403,clip_zero_shot,7,7,7,False,True,0.9791828989982605
4411,clip_zero_shot,6,6,6,False,True,0.3068317770957947
4449,clip_zero_shot,9,9,9,False,True,0.39574819803237915
4463,clip_zero_shot,3,3,7,True,False,0.25832223892211914
4531,clip_zero_shot,3,3,7,True,False,0.9204422831535339
4539,clip_zero_shot,0,0,0,False,True,0.6442562937736511
4547,clip_zero_shot,5,5,5,False,True,0.9604048132896423
4552,clip_zero_shot,8,8,8,False,True,0.6559375524520874
4570,clip_zero_shot,5,5,5,False,True,0.41998469829559326
4590,clip_zero_shot,3,3,3,False,True,0.9646889567375183
4609,clip_zero_shot,3,7,1,True,False,0.7384387254714966
4615,clip_zero_shot,0,0,0,False,True,0.7787753343582153
4617,clip_zero_shot,0,0,0,False,True,0.577592670917511
4620,clip_zero_shot,6,6,6,False,True,0.9873204231262207
4629,clip_zero_shot,4,4,4,False,True,0.9906055331230164
4640,clip_zero_shot,1,1,1,False,True,0.9914039373397827
4642,clip_zero_shot,4,4,4,False,True,0.9931682348251343
4661,clip_zero_shot,7,7,1,True,False,0.7218574285507202
4662,clip_zero_shot,8,8,8,False,True,0.9880661964416504
4675,clip_zero_shot,0,0,0,False,True,0.4593978822231293
4676,clip_zero_shot,8,8,8,False,True,0.9305693507194519
4704,clip_zero_shot,7,7,7,False,True,0.640879213809967
4723,clip_zero_shot,9,9,9,False,True,0.743554949760437
4731,clip_zero_shot,6,6,6,False,True,0.9213537573814392
4735,clip_zero_shot,2,2,2,False,True,0.7457923293113708
4740,clip_zero_shot,4,4,6,True,False,0.6835885643959045
4746,clip_zero_shot,6,6,6,False,True,0.9776585102081299
4748,clip_zero_shot,7,7,7,False,True,0.7569381594657898
4754,clip_zero_shot,6,6,6,False,True,0.987649142742157
4785,clip_zero_shot,0,0,0,False,True,0.9702492356300354
4791,clip_zero_shot,7,7,5,True,False,0.5364104509353638
4819,clip_zero_shot,0,0,1,True,False,0.5202500820159912
4821,clip_zero_shot,3,3,1,True,False,0.4917694926261902
4827,clip_zero_shot,6,6,6,False,True,0.9310537576675415
4850,clip_zero_shot,5,5,5,False,True,0.9623889923095703
4881,clip_zero_shot,3,7,7,False,False,0.4320372939109802
4893,clip_zero_shot,0,0,0,False,True,0.9399875998497009
4908,clip_zero_shot,3,3,5,True,False,0.43897178769111633
4913,clip_zero_shot,2,2,2,False,True,0.9036390781402588
4921,clip_zero_shot,2,2,2,False,True,0.8762845396995544
4953,clip_zero_shot,5,5,5,False,True,0.8576863408088684
4966,clip_zero_shot,5,5,5,False,True,0.9207322001457214
4990,clip_zero_shot,8,8,8,False,True,0.49052590131759644
5000,clip_zero_shot,8,8,8,False,True,0.966623067855835
5030,clip_zero_shot,2,2,2,False,True,0.9504658579826355
5062,clip_zero_shot,4,4,4,False,True,0.5989647507667542
5077,clip_zero_shot,4,4,4,False,True,0.9783017635345459
5082,clip_zero_shot,6,6,6,False,True,0.9926519989967346
5092,clip_zero_shot,1,1,1,False,True,0.9800611734390259
5101,clip_zero_shot,5,5,5,False,True,0.8939157128334045
5117,clip_zero_shot,0,0,0,False,True,0.8936796188354492
5123,clip_zero_shot,1,1,1,False,True,0.9935298562049866
5135,clip_zero_shot,4,4,6,True,False,0.4535372257232666
5183,clip_zero_shot,2,2,2,False,True,0.8291627764701843
5213,clip_zero_shot,4,4,4,False,True,0.7577403783798218
5218,clip_zero_shot,2,2,2,False,True,0.8982857465744019
5220,clip_zero_shot,1,5,1,True,True,0.5923070907592773
5237,clip_zero_shot,2,2,2,False,True,0.7849050760269165
5256,clip_zero_shot,1,1,1,False,True,0.9879195690155029
5284,clip_zero_shot,9,9,9,False,True,0.9236392378807068
5301,clip_zero_shot,9,9,2,True,False,0.20360663533210754
5318,clip_zero_shot,2,2,2,False,True,0.6031424403190613
5332,clip_zero_shot,5,5,5,False,True,0.44917604327201843
5333,clip_zero_shot,2,2,2,False,True,0.9260427951812744
5360,clip_zero_shot,9,9,9,False,True,0.8754907846450806
5381,clip_zero_shot,5,5,5,False,True,0.4378516376018524
5382,clip_zero_shot,6,6,6,False,True,0.9781146049499512
5395,clip_zero_shot,2,2,2,False,True,0.8892991542816162
5402,clip_zero_shot,4,4,4,False,True,0.9988359808921814
5408,clip_zero_shot,6,6,6,False,True,0.4151482582092285
5436,clip_zero_shot,7,7,7,False,True,0.8643665909767151
5447,clip_zero_shot,9,9,9,False,True,0.973939836025238
5450,clip_zero_shot,7,7,1,True,False,0.8226971626281738
5451,clip_zero_shot,8,8,8,False,True,0.9834745526313782
5452,clip_zero_shot,9,9,2,True,False,0.2413633167743683
5467,clip_zero_shot,4,4,4,False,True,0.9979840517044067
5478,clip_zero_shot,0,0,0,False,True,0.4445921778678894
5488,clip_zero_shot,1,1,7,True,False,0.857119083404541
5496,clip_zero_shot,5,5,5,False,True,0.9782702922821045
5508,clip_zero_shot,9,9,9,False,True,0.9458112716674805
5512,clip_zero_shot,2,9,9,False,False,0.22858154773712158
5525,clip_zero_shot,8,8,8,False,True,0.8851146697998047
5528,clip_zero_shot,3,3,3,False,True,0.9142771363258362
5556,clip_zero_shot,4,4,4,False,True,0.9006816744804382
5560,clip_zero_shot,1,1,1,False,True,0.9912106990814209
5572,clip_zero_shot,9,9,9,False,True,0.38352537155151367
5580,clip_zero_shot,6,6,6,False,True,0.5617667436599731
5590,clip_zero_shot,9,9,0,True,False,0.2977445721626282
5623,clip_zero_shot,4,4,4,False,True,0.992782473564148
5677,clip_zero_shot,2,2,2,False,True,0.9453610181808472
5694,clip_zero_shot,8,8,8,False,True,0.9806312322616577
5701,clip_zero_shot,5,5,5,False,True,0.5544456243515015
5705,clip_zero_shot,8,8,8,False,True,0.9953073859214783
5719,clip_zero_shot,7,7,7,False,True,0.513441264629364
5729,clip_zero_shot,6,6,6,False,True,0.998267650604248
5756,clip_zero_shot,2,2,2,False,True,0.9538598656654358
5788,clip_zero_shot,9,9,9,False,True,0.9050431847572327
5789,clip_zero_shot,4,4,4,False,True,0.9296742677688599
5824,clip_zero_shot,2,2,2,False,True,0.8682347536087036
5848,clip_zero_shot,7,7,7,False,True,0.9404541254043579
5851,clip_zero_shot,9,9,9,False,True,0.8514752388000488
5857,clip_zero_shot,6,6,6,False,True,0.5606106519699097
5858,clip_zero_shot,6,6,6,False,True,0.8139961361885071
5912,clip_zero_shot,0,0,2,True,False,0.3554496765136719
5915,clip_zero_shot,9,9,9,False,True,0.5051353573799133
5918,clip_zero_shot,0,0,0,False,True,0.9315930604934692
5924,clip_zero_shot,5,6,5,True,True,0.7925408482551575
5977,clip_zero_shot,7,7,7,False,True,0.8357605338096619
5981,clip_zero_shot,9,9,2,True,False,0.3316231667995453
5999,clip_zero_shot,0,0,0,False,True,0.47589176893234253
6028,clip_zero_shot,2,2,2,False,True,0.9544520974159241
6033,clip_zero_shot,4,4,4,False,True,0.3920033276081085
6076,clip_zero_shot,1,1,1,False,True,0.9936903715133667
6084,clip_zero_shot,7,7,7,False,True,0.9813967943191528
6097,clip_zero_shot,4,4,4,False,True,0.8696943521499634
6169,clip_zero_shot,1,1,1,False,True,0.9704716205596924
6190,clip_zero_shot,7,7,7,False,True,0.940400242805481
6224,clip_zero_shot,5,5,5,False,True,0.4420143663883209
6244,clip_zero_shot,2,2,2,False,True,0.5310947895050049
6264,clip_zero_shot,2,2,2,False,True,0.9582763910293579
6271,clip_zero_shot,2,2,2,False,True,0.9418287873268127
6288,clip_zero_shot,4,4,4,False,True,0.7531298398971558
6332,clip_zero_shot,2,2,2,False,True,0.6131590604782104
6349,clip_zero_shot,1,1,1,False,True,0.8742449879646301
6354,clip_zero_shot,2,2,2,False,True,0.8842234015464783
6358,clip_zero_shot,5,5,5,False,True,0.9809221625328064
6381,clip_zero_shot,6,6,6,False,True,0.9797233939170837
6414,clip_zero_shot,5,5,3,True,False,0.47620001435279846
6426,clip_zero_shot,2,2,2,False,True,0.9550760984420776
6434,clip_zero_shot,8,8,8,False,True,0.615267813205719
6437,clip_zero_shot,0,0,0,False,True,0.968913733959198
6455,clip_zero_shot,0,0,0,False,True,0.9148952960968018
6490,clip_zero_shot,3,3,1,True,False,0.8346177935600281
6503,clip_zero_shot,2,2,2,False,True,0.8767744302749634
6508,clip_zero_shot,4,4,6,True,False,0.5700877904891968
6528,clip_zero_shot,4,4,4,False,True,0.863647997379303
6594,clip_zero_shot,1,1,1,False,True,0.9625397324562073
6609,clip_zero_shot,0,0,0,False,True,0.9209475517272949
6616,clip_zero_shot,2,2,2,False,True,0.8105098009109497
6650,clip_zero_shot,7,7,1,True,False,0.34308651089668274
6689,clip_zero_shot,8,8,8,False,True,0.6585810780525208
6692,clip_zero_shot,2,2,2,False,True,0.749882161617279
6713,clip_zero_shot,6,6,5,True,False,0.8365077972412109
6716,clip_zero_shot,5,5,5,False,True,0.7314021587371826
6726,clip_zero_shot,7,7,1,True,False,0.4889441728591919
6733,clip_zero_shot,1,1,1,False,True,0.9586915969848633
6772,clip_zero_shot,7,7,7,False,True,0.9279780387878418
6805,clip_zero_shot,1,1,1,False,True,0.983105480670929
6836,clip_zero_shot,1,1,1,False,True,0.9905965328216553
6844,clip_zero_shot,0,0,0,False,True,0.8350821137428284
6922,clip_zero_shot,5,5,5,False,True,0.9308536052703857
6931,clip_zero_shot,9,9,9,False,True,0.5393255949020386
6938,clip_zero_shot,1,1,1,False,True,0.9977018237113953
6952,clip_zero_shot,3,3,3,False,True,0.9250422716140747
6954,clip_zero_shot,1,1,1,False,True,0.9765139222145081
6986,clip_zero_shot,0,0,0,False,True,0.7768714427947998
6989,clip_zero_shot,5,5,7,True,False,0.8103155493736267
7009,clip_zero_shot,0,0,0,False,True,0.8137060403823853
7029,clip_zero_shot,1,1,1,False,True,0.9965512752532959
7033,clip_zero_shot,1,1,1,False,True,0.9583144187927246
7041,clip_zero_shot,5,5,5,False,True,0.5771649479866028
7047,clip_zero_shot,9,9,9,False,True,0.9263608455657959
7081,clip_zero_shot,7,7,7,False,True,0.5117226243019104
7084,clip_zero_shot,2,2,2,False,True,0.9419084191322327
7108,clip_zero_shot,6,6,6,False,True,0.9954777359962463
7130,clip_zero_shot,5,5,5,False,True,0.35788780450820923
7138,clip_zero_shot,8,8,8,False,True,0.958855390548706
7150,clip_zero_shot,0,0,0,False,True,0.9667642116546631
7202,clip_zero_shot,1,1,1,False,True,0.7266958355903625
7262,clip_zero_shot,0,0,0,False,True,0.6280872225761414
7266,clip_zero_shot,9,9,9,False,True,0.5507546067237854
7270,clip_zero_shot,7,7,7,False,True,0.45160189270973206
7309,clip_zero_shot,0,0,0,False,True,0.8728678226470947
7320,clip_zero_shot,0,0,0,False,True,0.5873138904571533
7338,clip_zero_shot,6,6,6,False,True,0.9010395407676697
7372,clip_zero_shot,0,0,0,False,True,0.8217446208000183
7373,clip_zero_shot,0,0,0,False,True,0.8972810506820679
7380,clip_zero_shot,9,9,9,False,True,0.8669841289520264
7390,clip_zero_shot,1,1,1,False,True,0.9909551739692688
7413,clip_zero_shot,5,3,3,False,False,0.6007741093635559
7416,clip_zero_shot,3,3,1,True,False,0.3767191767692566
7425,clip_zero_shot,2,2,2,False,True,0.8987618088722229
7446,clip_zero_shot,8,8,8,False,True,0.9642012715339661
7460,clip_zero_shot,8,8,9,True,False,0.4846847653388977
7465,clip_zero_shot,0,0,0,False,True,0.9568569660186768
7474,clip_zero_shot,5,5,5,False,True,0.8276993632316589
7475,clip_zero_shot,4,4,4,False,True,0.8344119787216187
7476,clip_zero_shot,8,8,8,False,True,0.9627172350883484
7544,clip_zero_shot,9,9,9,False,True,0.738254964351654
7555,clip_zero_shot,6,6,6,False,True,0.9624718427658081
7600,clip_zero_shot,6,6,6,False,True,0.987672746181488
7610,clip_zero_shot,4,4,4,False,True,0.9975080490112305
7634,clip_zero_shot,0,0,0,False,True,0.7222607731819153
7692,clip_zero_shot,4,4,4,False,True,0.7775521874427795
7706,clip_zero_shot,5,5,5,False,True,0.9245769381523132
7726,clip_zero_shot,6,6,6,False,True,0.9970421195030212
7744,clip_zero_shot,3,3,3,False,True,0.5561964511871338
7752,clip_zero_shot,9,9,9,False,True,0.7041153907775879
7776,clip_zero_shot,5,5,6,True,False,0.4107694625854492
7779,clip_zero_shot,6,6,1,True,False,0.3374873697757721
7781,clip_zero_shot,6,6,6,False,True,0.9979081153869629
7793,clip_zero_shot,3,3,3,False,True,0.9000032544136047
7797,clip_zero_shot,3,3,1,True,False,0.948270857334137
7810,clip_zero_shot,8,8,8,False,True,0.9784422516822815
7818,clip_zero_shot,8,8,8,False,True,0.292084276676178
7835,clip_zero_shot,7,7,7,False,True,0.9063023924827576
7864,clip_zero_shot,4,4,4,False,True,0.6000713109970093
7875,clip_zero_shot,8,8,8,False,True,0.9461426734924316
7938,clip_zero_shot,9,9,9,False,True,0.5097840428352356
7940,clip_zero_shot,4,4,4,False,True,0.7589902281761169
7944,clip_zero_shot,4,4,4,False,True,0.7640422582626343
7955,clip_zero_shot,1,1,1,False,True,0.8826446533203125
7995,clip_zero_shot,9,9,2,True,False,0.7304570078849792
7996,clip_zero_shot,6,6,6,False,True,0.9963200092315674
7999,clip_zero_shot,8,8,8,False,True,0.9629657864570618
