hf_index,image_id,domain,label,label_name,relative_path,sha256
0,hf_00000,art_painting,0,dog,images/art_painting/hf_00000.jpg,2811e31bea0a32efbf79c1f1f2717b2e014594dd6504fc2527c4507c8ccbc002
1,hf_00001,art_painting,0,dog,images/art_painting/hf_00001.jpg,7421818367e9c316cb3fac1ca3af0bfe3e9e9c7e2b8f2e950ace0b32ad399878
2,hf_00002,art_painting,0,dog,images/art_painting/hf_00002.jpg,c37b1bb4d29bc534f3e9ee30d733dc3953fea66a463e19a126599ff4ceb6e199
3,hf_00003,art_painting,0,dog,images/art_painting/hf_00003.jpg,56e74dc062a6c151dba0dc908ac6001a50ce6ff6096e19c91042ff1d3eab85bb
4,hf_00004,art_painting,0,dog,images/art_painting/hf_00004.jpg,70ba2e891d943a45def9cf8ed01987c26e90ee5ea841170157a6be09f034da0f
5,hf_00005,art_painting,0,dog,images/art_painting/hf_00005.jpg,9e4a5798da2226cc6261fe372401334aefe4835f6665a8b9c0f6f8715e5f7bf7
6,hf_00006,art_painting,0,dog,images/art_painting/hf_00006.jpg,975b0fb2793c58d40e5a6b4b738d5e01439c2617be11d711e244a9f0b958783a
7,hf_00007,art_painting,0,dog,images/art_painting/hf_00007.jpg,8cab8af5a072d034f0de38d0f7f7422ed985c20f6cf81131df465b9e05775043
8,hf_00008,art_painting,0,dog,images/art_painting/hf_00008.jpg,9b54aa40242c11193e15e8bffb5abee08d62e1e157e1783c6c1cf887e08b3359
9,hf_00009,art_painting,0,dog,images/art_painting/hf_00009.jpg,993e6d48db7695ff7b432759b50b2ec69739966c3d5640de054adc92817017ec
10,hf_00010,art_painting,0,dog,images/art_painting/hf_00010.jpg,e16714f5f6b6e16d952eb095f314d440d353d2b4110da6e7fb53aeccdf89f5f6
11,hf_00011,art_painting,0,dog,images/art_painting/hf_00011.jpg,a66b0a37ae36d172a80d96c2d8e48fbeed6ca70619f87ef0d8784d266565795e
12,hf_00012,art_painting,0,dog,images/art_painting/hf_00012.jpg,4f6f2c872880347d38dd00a7f2d3575862b3b5b4c56db3fa9e6e17253bdc179a
13,hf_00013,art_painting,0,dog,images/art_painting/hf_00013.jpg,64643e3bece8677311a729aeb80f70eac6d0a801138e0386913e288e5ebdcfe6
14,hf_00014,art_painting,0,dog,images/art_painting/hf_00014.jpg,44b28ac413541d9f30ee926618a4a7ff2161211c62059d4c005b52b5a8e9509b
15,hf_00015,art_painting,0,dog,images/art_painting/hf_00015.jpg,9d2a69ce83387638bd1e6036e99da00a96057a82cf9ef975f5edc95480c19ddc
16,hf_00016,art_painting,0,dog,images/art_painting/hf_00016.jpg,68464ebb40cce138eacd7cb3e45710f5a69eb491b8dc406e4908bf0eb1191e75
17,hf_00017,art_painting,0,dog,images/art_painting/hf_00017.jpg,c2c6b92b7a0c81622aa1eb13255d16efd2621dc83fb6961626866330ae73052f
18,hf_00018,art_painting,0,dog,images/art_painting/hf_00018.jpg,e1ac44f76d19687da9cb633653724d754f872bdad4de6757554035fd06321790
19,hf_00019,art_painting,0,dog,images/art_painting/hf_00019.jpg,a089ac8dfb9c7cbb1eb0691850c1ff9a899d0b44f36437aa4c9b44481d4b2b62
20,hf_00020,art_painting,0,dog,images/art_painting/hf_00020.jpg,c46e1d883ff7a0ea45f40f314f9004017ecd179a1772159ffe2215e03f200f7c
21,hf_00021,art_painting,0,dog,images/art_painting/hf_00021.jpg,c30f49abdc6ff9c3cd78224258af93eeedbd6307131f8c6f8298c6c9f972b5aa
22,hf_00022,art_painting,0,dog,images/art_painting/hf_00022.jpg,5f1f650b1914c5cef47b246a7546e25adfc6d8c4d5abc4dcac797f7512fa52aa
23,hf_00023,art_painting,0,dog,images/art_painting/hf_00023.jpg,cb63ba6c309f8647ecdcb97cb73d7c5db1db67b7036e2dd5b9563d4055e4ae61
24,hf_00024,art_painting,0,dog,images/art_painting/hf_00024.jpg,c0ef72a5b594dc9d751920ed40c93693143e260c1477b622eebe77ce92dfd180
25,hf_00025,art_painting,0,dog,images/art_painting/hf_00025.jpg,39341b02e33b674b80ec858545239c47d28306a6d573f021a08c513719aaedf2
26,hf_00026,art_painting,0,dog,images/art_painting/hf_00026.jpg,1be5a5f61bde548ed6680254c368fcdaf02b3500c36eb5fd92273c76b7ddd685
27,hf_00027,art_painting,0,dog,images/art_painting/hf_00027.jpg,2b523b76ad18e174c5062ce52fed18bf8af27a365cc494469279ccf298072729
28,hf_00028,art_painting,0,dog,images/art_painting/hf_00028.jpg,dfe5dd7c9620ac6feb194af16deceafc8ba1511d84143efa58821093973dbb52
29,hf_00029,art_painting,0,dog,images/art_painting/hf_00029.jpg,1d957c9b6940c3b381bb57a8fd1789e74973c1ab6ba1e692a57fb2043c0ec2fb
30,hf_00030,art_painting,0,dog,images/art_painting/hf_00030.jpg,e33ed911c8dca74bedc0344340a4a4c187373def401df82eabe13b0eae965624
31,hf_00031,art_painting,0,dog,images/art_painting/hf_00031.jpg,8d31ae1065bfa17edb3f4ca50f9ef7048b2c353995faf1ba1573185772f3a85d
32,hf_00032,art_painting,0,dog,images/art_painting/hf_00032.jpg,29ab7b6a52faffc35f0df27c91b20e1bfbc05e0d9a283d34c6b7bcb4adf10dd5
33,hf_00033,art_painting,0,dog,images/art_painting/hf_00033.jpg,d8ee60256c2305a5b53e3bcb648efd60dfc2fb9da0db8062f174ea34414bcaab
34,hf_00034,art_painting,0,dog,images/art_painting/hf_00034.jpg,d4a30200301d178bc4e053621ecb94b4b4753dd2eeb3c7ee5d7aac89beb62f50
35,hf_00035,art_painting,0,dog,images/art_painting/hf_00035.jpg,25d2efce98b763b262d6d377155192de5f08b4d963a6579bf2d398f7e5f5ae95
36,hf_00036,art_painting,0,dog,images/art_painting/hf_00036.jpg,859ca0214bc07717d2f6cbafcf9c190c56aed2970ce5ed95876e6ae63ffbf4c1
37,hf_00037,art_painting,0,dog,images/art_painting/hf_00037.jpg,5049ccebf5447fd224f45c0a4407d22bc5e8696641f09079343b8719e41e61db
38,hf_00038,art_painting,0,dog,images/art_painting/hf_00038.jpg,afd39a00c02ee62faf3e33a543cb132b0bf9617d3f744783ba609d352f0156f7
39,hf_00039,art_painting,0,dog,images/art_painting/hf_00039.jpg,e1a818e2502c4e4061d40bbdba3fbf78d8cff60136c38d555884764ae1bd8e68
40,hf_00040,art_painting,0,dog,images/art_painting/hf_00040.jpg,b53adb1447f88e2660ef80603e0dc7fbb9f4da7db68ba65ac36784708c0481f9
41,hf_00041,art_painting,0,dog,images/art_painting/hf_00041.jpg,9c18b0b200852e98ac3f894208d4db207408d3794c293905e9fceb4417aa2846
42,hf_00042,art_painting,0,dog,images/art_painting/hf_00042.jpg,1954b069f53095b018bde6de725bfb08e0f1ba31cb6fe1900592cd62cf68e926
43,hf_00043,art_painting,0,dog,images/art_painting/hf_00043.jpg,478723fc1d1fff1534ca912b13cfd227976838e13434584d57f7fa756c7ce086
44,hf_00044,art_painting,0,dog,images/art_painting/hf_00044.jpg,b1fed2a616f382b4245ebaa77549787ced177c19d56b54cf89c49e9646817667
45,hf_00045,art_painting,0,dog,images/art_painting/hf_00045.jpg,58c9036f1cf6cbfe52eb51e4739b7378c34ea88f60e7f23c720077d961dc6a58
46,hf_00046,art_painting,0,dog,images/art_painting/hf_00046.jpg,8b90c5740e89d6dd091834979cf4202523bf98dace0cf1c478cc733217130d3e
47,hf_00047,art_painting,0,dog,images/art_painting/hf_00047.jpg,511f1c54c4587f9183f45afd05885ca9737e4d3284d0e5321424b9f79449aed8
48,hf_00048,art_painting,0,dog,images/art_painting/hf_00048.jpg,d04290d1c4717f18187c516a32faad6653cf3d5e60c2a15ea6fed9a4282ffcce
49,hf_00049,art_painting,0,dog,images/art_painting/hf_00049.jpg,80940286c112fd7aba94413c06c4854cb08841a5bb88592aa261f4e4feaadf76
50,hf_00050,art_painting,0,dog,images/art_painting/hf_00050.jpg,afa7020cc59e1a2744d846fd93d414f608cb6fcea997edfe8fb2b1f35ef04e89
51,hf_00051,art_painting,0,dog,images/art_painting/hf_00051.jpg,b06d716f5907ca583d768a85c18ed3ea743dbfa56514563f297f5e2aeb00f425
52,hf_00052,art_painting,0,dog,images/art_painting/hf_00052.jpg,faa6e28dd6be0dd14069d09645be449829bca2336909c9af7547e43141d00b91
53,hf_00053,art_painting,0,dog,images/art_painting/hf_00053.jpg,0cddac5031f233fde95171f7adcb84244bc5d61f85f60c99af4667f0a84557fc
54,hf_00054,art_painting,0,dog,images/art_painting/hf_00054.jpg,55e7a21db688d1a0078567c3f1af9a7ee0c4c24a61598172468aa51989bd5aa4
55,hf_00055,art_painting,0,dog,images/art_painting/hf_00055.jpg,c5e886ae4344c439c26c8d518cb5eb004a3020ea04360dfeb39f3c31f23a25ea
56,hf_00056,art_painting,0,dog,images/art_painting/hf_00056.jpg,48d6041bd90dfa862052a83562a5516978e207cb0de0f2648eb22c8accda4db8
57,hf_00057,art_painting,0,dog,images/art_painting/hf_00057.jpg,e85f2d6ee8c55f7c5c99a897befcadeaa8f20734b63d420bf0a69255c46c1f46
58,hf_00058,art_painting,0,dog,images/art_painting/hf_00058.jpg,e04b4cd09b77a357769d64de5a630f99a9d347243b12d6a3ebab439bdc88e8fe
59,hf_00059,art_painting,0,dog,images/art_painting/hf_00059.jpg,b1f5e922b1018b8caec316c522cf93e589c7dffba8a890bfbad4c9b9048e3eda
60,hf_00060,art_painting,0,dog,images/art_painting/hf_00060.jpg,7ae1d6bd7bbc42fe24a1091cf0f6b73a745e01e40028bdb70a792a05b4dc6a74
61,hf_00061,art_painting,0,dog,images/art_painting/hf_00061.jpg,08b2cfd93058e2bf6d85637350486df6a59f2b8b3b8e50bde8a0154d6a376232
62,hf_00062,art_painting,0,dog,images/art_painting/hf_00062.jpg,997bc26679e9024036b04b969bed55a42fcceea41c0cd5c3bb18e6a9b18699b2
63,hf_00063,art_painting,0,dog,images/art_painting/hf_00063.jpg,2fd3c5de4102c3b16f24c5d8da59884a47f47a944c37cfc3b9c62ba836a92ad7
64,hf_00064,art_painting,0,dog,images/art_painting/hf_00064.jpg,7b54ddcb4b16226bdd17baea5b5e74b1062050b8221b64f2e002728470300f1e
65,hf_00065,art_painting,0,dog,images/art_painting/hf_00065.jpg,169d1e4a330a36b169e266e69e695779dad007c3a569012f805ad896a348975a
66,hf_00066,art_painting,0,dog,images/art_painting/hf_00066.jpg,050ffc5d6b13024cc831721072b0e6f6940746c044519df12e445f9476751d52
67,hf_00067,art_painting,0,dog,images/art_painting/hf_00067.jpg,7c0fbf913e65ba5cb24ccfb3dc380d411f8857b02b852d55adecf3487c8fc080
68,hf_00068,art_painting,0,dog,images/art_painting/hf_00068.jpg,dcbaa97383014b3dfbd398bb8f0efa96bdd0a34a8458c92338ff648ffb8c9cef
69,hf_00069,art_painting,0,dog,images/art_painting/hf_00069.jpg,7328d1875a4d968bd530ba05fe6544a8967d27d10c544213e712df30e0b52b66
70,hf_00070,art_painting,0,dog,images/art_painting/hf_00070.jpg,d302bcfa31cda05dbec63f0a8c18540792c851bcb24ec21c9fc46aecce42e786
71,hf_00071,art_painting,0,dog,images/art_painting/hf_00071.jpg,99593cb5b15ee4808be566948ada7627916cf4997ba3b154e2f002c871399ff2
72,hf_00072,art_painting,0,dog,images/art_painting/hf_00072.jpg,c3e8467645c4300af66a21919299348ba4b7f2aa6507b94491ad71e4e571b996
73,hf_00073,art_painting,0,dog,images/art_painting/hf_00073.jpg,eff10c937aeb8508a962644ac9118db77d1cb07332c38bc7fc77873e1fa941c8
74,hf_00074,art_painting,0,dog,images/art_painting/hf_00074.jpg,f635dcdf3542bbcc10ae859594aec2ae53672bd2b8bda92380db50371d6abfef
75,hf_00075,art_painting,0,dog,images/art_painting/hf_00075.jpg,e1c8ee74df0436ab8787336041dc0d3617328b17b0ffb54a3e89799587059b61
76,hf_00076,art_painting,0,dog,images/art_painting/hf_00076.jpg,ddca07e4874c59919527fcaea874ece3d1faf906fb121fad0d01209ad69beee8
77,hf_00077,art_painting,0,dog,images/art_painting/hf_00077.jpg,280ec831c280a5d721aafaafdb55db79a60a9bbda794140f6919505aa149f597
78,hf_00078,art_painting,0,dog,images/art_painting/hf_00078.jpg,3d9288241d95ba95070162a5378171048032603b461a7ef862f3405dc68d591f
79,hf_00079,art_painting,0,dog,images/art_painting/hf_00079.jpg,a9c0fc018af8f04daa820585ec4f786ddc821162f6ab108293714f0afa9b4487
80,hf_00080,art_painting,0,dog,images/art_painting/hf_00080.jpg,8e5db1e2c23de3d1251cd003fcccd0b07db5bd9e830428ebad84d96d93899d74
81,hf_00081,art_painting,0,dog,images/art_painting/hf_00081.jpg,739aed2916a8707ad769cf38434ae26aa48f374ccda44eb857cbb829e061e16a
82,hf_00082,art_painting,0,dog,images/art_painting/hf_00082.jpg,1c426739372dd8c8d868383486ce67cca201dafb19bc36bc5043c70806e49598
83,hf_00083,art_painting,0,dog,images/art_painting/hf_00083.jpg,18b5c0d3290b6162e81a8f77538d7ce7b671bd6c377004c7bd0d45d9558eb354
84,hf_00084,art_painting,0,dog,images/art_painting/hf_00084.jpg,a493379034b7efc4829e506767d276c6d81bf695d65db24cc339a7f48512fd31
85,hf_00085,art_painting,0,dog,images/art_painting/hf_00085.jpg,659022ec8ab58de3d5f0a9bafe715fb5a183a01e09883bc024b14be72552138c
86,hf_00086,art_painting,0,dog,images/art_painting/hf_00086.jpg,6d0132081492851549fa164c9ed740d0774c2709e8e1a2e332a1c8633817b8df
87,hf_00087,art_painting,0,dog,images/art_painting/hf_00087.jpg,5ddcb4fc2d3e2297112b22bb931985eca7f8810974729339b15489be202af61a
88,hf_00088,art_painting,0,dog,images/art_painting/hf_00088.jpg,7bbce9587f2b317654885166a45f8abb101eb08561deb9d7c62811bc5920cac6
89,hf_00089,art_painting,0,dog,images/art_painting/hf_00089.jpg,01064f3c5f73ffa44235b5c9b205af461a6416db15ca02bfaec21f0fc4fe607f
90,hf_00090,art_painting,0,dog,images/art_painting/hf_00090.jpg,a9ec9f9ec3bcc1b91fd00598c8957a8f31a0ffb507bf108ae6d910e13629f618
91,hf_00091,art_painting,0,dog,images/art_painting/hf_00091.jpg,2d1c70f6d2b58fc84655c46fb3d946da9ffd185891c05c46c5f164ee7957e0cc
92,hf_00092,art_painting,0,dog,images/art_painting/hf_00092.jpg,c5f55db22df859fb06cd73900e30a55d3254b2aebaf397d2569d9f5c80e1863c
93,hf_00093,art_painting,0,dog,images/art_painting/hf_00093.jpg,1c0adbaa1a929963407cf258eaee7a17799aaade68a3c289c49f71c641846b30
94,hf_00094,art_painting,0,dog,images/art_painting/hf_00094.jpg,506df59429455fcbdecb5b52d579a5ee603aa6d276ee004bdddc8aaf216b7809
95,hf_00095,art_painting,0,dog,images/art_painting/hf_00095.jpg,88b0eedec8ee43b1199b0b07952c8416f9e8ae89e8306b8049c23cd0dbfbc46f
96,hf_00096,art_painting,0,dog,images/art_painting/hf_00096.jpg,0dcf39c560fb60eedc9ddadde8c5e590bc0d781a6c7ce162d8bde128910d1c17
97,hf_00097,art_painting,0,dog,images/art_painting/hf_00097.jpg,47580b6b1b0cb6dc7e7158bf79083b87f1d5ec70638b1fa7d372fa1db3b58256
98,hf_00098,art_painting,0,dog,images/art_painting/hf_00098.jpg,96d2632907cb53dd2ea4e56290a1dc17970c9ded693841aa4830491c721a06c5
99,hf_00099,art_painting,0,dog,images/art_painting/hf_00099.jpg,e08a8678c8c3bbfee5aff427eb291d0a5b97c395acc0a40cdf54b0b7f99b03f3
100,hf_00100,art_painting,0,dog,images/art_painting/hf_00100.jpg,d65d691e516235fe061b5a76bf7d6b73cc28f76548492a37efa2cee29e3aac91
101,hf_00101,art_painting,0,dog,images/art_painting/hf_00101.jpg,45829332cbeee8af75e36932ed1f6477f5853a397bad7967af50e37fecb54c5b
102,hf_00102,art_painting,0,dog,images/art_painting/hf_00102.jpg,4ef8e2d527fbe8a626340768b661ddc9ae1c08b6f60ab62526533470263f02a0
103,hf_00103,art_painting,0,dog,images/art_painting/hf_00103.jpg,0053d6763a14fcc1a55e17de3954d6e7cf6d0eb0678b4c009ece8f40d92c863a
104,hf_00104,art_painting,0,dog,images/art_painting/hf_00104.jpg,bb0e4abbaeb693618e40f28a064760bd701d651e1c2797636b2d1b8222a75b41
105,hf_00105,art_painting,0,dog,images/art_painting/hf_00105.jpg,bed923da6f1d15183dccb718e9b3a78f4986276712a57b696ca76c513c12cff4
106,hf_00106,art_painting,0,dog,images/art_painting/hf_00106.jpg,09f8c277998cf948d9fc62fec31780aaf058a359338dca8bbdb9644d9410aa4e
107,hf_00107,art_painting,0,dog,images/art_painting/hf_00107.jpg,49f0beb4b04768d3f9fe3071b23689e106ec5fa0263282ff0b146ecb316c0574
108,hf_00108,art_painting,0,dog,images/art_painting/hf_00108.jpg,5e614d492c58d41a0537270da76ef6220adb65c057daa1caa13916ae83e600b7
109,hf_00109,art_painting,0,dog,images/art_painting/hf_00109.jpg,1e528fd11b4bf03bd2d24ab9f010aef1082029d4b63c3a4f3b271772a5d1d54c
110,hf_00110,art_painting,0,dog,images/art_painting/hf_00110.jpg,ef961ea4f88bcabe51c0c0b114a6dbdabd0770f7b628f62cb3623c3428ce95b9
111,hf_00111,art_painting,0,dog,images/art_painting/hf_00111.jpg,202d88175dc0d7b3ea6944157fc4c7a5a35ea130034285d9847bdd66f8b7d27a
112,hf_00112,art_painting,0,dog,images/art_painting/hf_00112.jpg,9aff821433e7c4f0fe21cf81472f4e3b4cd348b63a85f499e49ccf2f55d956a7
113,hf_00113,art_painting,0,dog,images/art_painting/hf_00113.jpg,484441db7778d3c85dd047a6c649ff23c32f1a6a98f421789ec19b9b1cca95d3
114,hf_00114,art_painting,0,dog,images/art_painting/hf_00114.jpg,084e911753518c1f172d6bdf5bea891314e73962215b8f7c6253681fb102282e
115,hf_00115,art_painting,0,dog,images/art_painting/hf_00115.jpg,d6519d5c55a6cf087b4f9c2b1f4d760303f54dfee643ad2fcdf316595e7f4312
116,hf_00116,art_painting,0,dog,images/art_painting/hf_00116.jpg,cd5349caaad6571e3c96334b499a30fa7b5508182076ef4e61ebc3a480c6df6c
117,hf_00117,art_painting,0,dog,images/art_painting/hf_00117.jpg,4a65d280dbd10ad392b6255c4376cc67a32aaee686f75c72d94d1e79791fcec5
118,hf_00118,art_painting,0,dog,images/art_painting/hf_00118.jpg,f952ad638c0fe8ba99aaa53565bbe8195a1ccf8091b617003824d7df20d86f46
119,hf_00119,art_painting,0,dog,images/art_painting/hf_00119.jpg,9bd584dda2a9a2a89cdb3579f6503ea695282555e1ae064824868ece67910b4c
120,hf_00120,art_painting,0,dog,images/art_painting/hf_00120.jpg,c580a0239d650bf12cee10084ee730899a3782e03d19fba4bc66aed76bf3590a
121,hf_00121,art_painting,0,dog,images/art_painting/hf_00121.jpg,ebcfece5fb05f917aaf6d259118b0be409005f241dfe1641714c8f6e1e45e804
122,hf_00122,art_painting,0,dog,images/art_painting/hf_00122.jpg,b5263849c3f1863949b4b158dfaa84824dd560a7aa3fe805e2f7c4d8a73b98a8
123,hf_00123,art_painting,0,dog,images/art_painting/hf_00123.jpg,fed793ef4328e4ac7f3ed722668a1dda0842566dc0e4c6c85854991c34b9343d
124,hf_00124,art_painting,0,dog,images/art_painting/hf_00124.jpg,879a3acff182364f3121c7ebfe9b3cb31775ef02c36b988f93d0b4a73fca2c0f
125,hf_00125,art_painting,0,dog,images/art_painting/hf_00125.jpg,d9c2a1f9fef98264a8a70e2b18cdc9b031d51ba2f9d8a60dc3ea53f95f465843
126,hf_00126,art_painting,0,dog,images/art_painting/hf_00126.jpg,904d16f4f4646436360395a524fcfab495edebfbcafc468fcbe252fa34142ead
127,hf_00127,art_painting,0,dog,images/art_painting/hf_00127.jpg,05a9d23ea21c399f6faf50fae3ec8aae532a60c1cedf33961d8b9691471efb36
128,hf_00128,art_painting,0,dog,images/art_painting/hf_00128.jpg,bbd6d2a97e92b1d5631c93480726c22505f7dca2c405f2291bd73b12618f289d
129,hf_00129,art_painting,0,dog,images/art_painting/hf_00129.jpg,1627190781ddae21bd6d675ef14a86665fd88a9f546facc938b2796d4db3bd17
130,hf_00130,art_painting,0,dog,images/art_painting/hf_00130.jpg,20b4e61af4e4fc5712fb5f2c56fae294555052631e9a42ccfe3dff30539da680
131,hf_00131,art_painting,0,dog,images/art_painting/hf_00131.jpg,bdb9037beaf86d2b3c64416e3837eeabeb0a66544c744e632be3317baab780b7
132,hf_00132,art_painting,0,dog,images/art_painting/hf_00132.jpg,90896e596dcf79fb3646ff7180d6b9b8cd679014badd770bbd6f5e7f45dd8ed2
133,hf_00133,art_painting,0,dog,images/art_painting/hf_00133.jpg,56f6610ebb76e01f83244cb23ec73a2157539eb5ad5154eb1b96a22910f48033
134,hf_00134,art_painting,0,dog,images/art_painting/hf_00134.jpg,70858556695cabfc081c9a9b4cb8739d8a02d0fcdcdfab1f9e7ded1d6ceb8083
135,hf_00135,art_painting,0,dog,images/art_painting/hf_00135.jpg,3376a6da2ff6bd0f10a7959ffaaec72f951f994a32a094e0f242acc290d20e44
136,hf_00136,art_painting,0,dog,images/art_painting/hf_00136.jpg,7452d35e51422262f0a49221bd7e7b7a5baa583ef07aaf367de9a30c47c66695
137,hf_00137,art_painting,0,dog,images/art_painting/hf_00137.jpg,e9bc7a262360fb7da725bfa1d8641bd2b16c9ef30d38cc223a81b9f5c86d212a
138,hf_00138,art_painting,0,dog,images/art_painting/hf_00138.jpg,447bc1e2b2d06c74e7a48cf0cb4833f88e6348f3ba280279f78006b8c7414270
139,hf_00139,art_painting,0,dog,images/art_painting/hf_00139.jpg,3aefa2bce76bfb5abd234ff8df1de8ef35f21ae6b5e4362ea1a3b6e110c1036e
140,hf_00140,art_painting,0,dog,images/art_painting/hf_00140.jpg,d1614c4ab86302d044179443e7d4d4b6c09e0e0c927e5a4018460be5fd72de9a
141,hf_00141,art_painting,0,dog,images/art_painting/hf_00141.jpg,f08110878e371ec7acd9c0aedb602d3135537c09c3e507e8dfc5ae659076c0fc
142,hf_00142,art_painting,0,dog,images/art_painting/hf_00142.jpg,b91012f60bd8e5347e123912e583d06eecf69de28a211e3cf2707e659b8f85bf
143,hf_00143,art_painting,0,dog,images/art_painting/hf_00143.jpg,e080b2c44c29d8d1ef9271509710543f4bc832cd89557f9fb59791efeb906c4d
144,hf_00144,art_painting,0,dog,images/art_painting/hf_00144.jpg,91015fe4847dad735190c0e10cd85209872c28c3a65103c2471e5243a9306837
145,hf_00145,art_painting,0,dog,images/art_painting/hf_00145.jpg,a88398b4dbbb900eda32acf5426be1ddc7b2b5e1bb520f644c24a6cdaab2f01e
146,hf_00146,art_painting,0,dog,images/art_painting/hf_00146.jpg,d46fdb1d5365236007cdcc160170c482906201c6be0c9012a9d362a73df55ba4
147,hf_00147,art_painting,0,dog,images/art_painting/hf_00147.jpg,b47dac30bc7d056968b99d102d973606b2c6c145ba3743b584031ae90895ee81
148,hf_00148,art_painting,0,dog,images/art_painting/hf_00148.jpg,940ee346c94beed2605b4b4adcbc2b422c79103b70f15a74a83ef9b5a681f03c
149,hf_00149,art_painting,0,dog,images/art_painting/hf_00149.jpg,c2f4582dd9851af13928fc8a0554c350e9528394d7eb31915fb6ed9634f7d99f
150,hf_00150,art_painting,0,dog,images/art_painting/hf_00150.jpg,4a517abe381fff9926615d7482731a85420590cc623c7b10d8c647463f82858a
151,hf_00151,art_painting,0,dog,images/art_painting/hf_00151.jpg,4cac8781a76b235e71b92334127dcd2ebde14263c683983d3c72ba277a53ef72
152,hf_00152,art_painting,0,dog,images/art_painting/hf_00152.jpg,720dc4d4a3edae4e586776d3949c3fbf968fb0d7906f731113378dfe4f8c6059
153,hf_00153,art_painting,0,dog,images/art_painting/hf_00153.jpg,368ee344161511ea462c04575f6c63f0674fe329089f6a520d19b4b3fa89bf80
154,hf_00154,art_painting,0,dog,images/art_painting/hf_00154.jpg,ca2c90bdc66c95e16eb62e90afa61b2e20944e1465fef8c4ac079e5360296332
155,hf_00155,art_painting,0,dog,images/art_painting/hf_00155.jpg,ed79339e8fd39f27a831b0c192cf162c5a443fa8f72b5fc7ad6bb45cf2fd8a38
156,hf_00156,art_painting,0,dog,images/art_painting/hf_00156.jpg,d373055a71543544ef9442405332bed0edac0b499c3eda1eece16e34eab9483c
157,hf_00157,art_painting,0,dog,images/art_painting/hf_00157.jpg,4fb0bd79d8e6227634594dc5374a09d3b968f2e18e3ab623765b7757dac10479
158,hf_00158,art_painting,0,dog,images/art_painting/hf_00158.jpg,b9560717a8fd09e492a0402fd9c85e04f76a3bc7f8cf9c85469fb200916b4597
159,hf_00159,art_painting,0,dog,images/art_painting/hf_00159.jpg,22b27b0a6285b646dca75e9cb0771921f0b133836e6cc060f6ee65197fe85a7b
160,hf_00160,art_painting,0,dog,images/art_painting/hf_00160.jpg,b8028a3287d293aeddb6825145a295bbc5012a10bb1c1bb00d6d6e9d3394aa64
161,hf_00161,art_painting,0,dog,images/art_painting/hf_00161.jpg,8b8e0da7d2b9ad4c4fe112df185293d06c3731f7086fe3e7bb3d7437c792b849
162,hf_00162,art_painting,0,dog,images/art_painting/hf_00162.jpg,c4aedb113b6b4cc31da7a0fd3a9ba0908d34991fc2a90f33a5c555edb88d95a8
163,hf_00163,art_painting,0,dog,images/art_painting/hf_00163.jpg,26fccf6ec42adb012efa87d6eb7b19eccf90f6ae1da5b5005b998c34802999e1
164,hf_00164,art_painting,0,dog,images/art_painting/hf_00164.jpg,154b694645755391d37ce5963e548dde80833cb04abeab0fd6d26f721c12856c
165,hf_00165,art_painting,0,dog,images/art_painting/hf_00165.jpg,02f1c8eac420d2ebc8991accd4e80501ac897239b4b70d2a6e6fd2f0165aa5b6
166,hf_00166,art_painting,0,dog,images/art_painting/hf_00166.jpg,87939ee9813ac5c7a0bc14cc2919adf9e611a4de3905aa531fc433783017ac2e
167,hf_00167,art_painting,0,dog,images/art_painting/hf_00167.jpg,c2d8163adad7273eddfbf5bc9aa5c18e232c25d66f6f3aacf018820e0348d02d
168,hf_00168,art_painting,0,dog,images/art_painting/hf_00168.jpg,24962273eb637e7c264c87c019eccd9e0631c00f7546e0e11234057d775058af
169,hf_00169,art_painting,0,dog,images/art_painting/hf_00169.jpg,d29b527866fcd32d38886a641736769d31ab604581ee60a93c3516fd6853de40
170,hf_00170,art_painting,0,dog,images/art_painting/hf_00170.jpg,23a999afc15053c69824edb9cb2929aa11db8348573ddd88317c5ca3101e6010
171,hf_00171,art_painting,0,dog,images/art_painting/hf_00171.jpg,bbfaef669710b5c3549bad825b42535224f6c2b175d38fbf116daec78f439b5e
172,hf_00172,art_painting,0,dog,images/art_painting/hf_00172.jpg,f206eab8098a8375c512f3e420a2aaa4b1c5dcb5706492354b6a6e2e69ef71cc
173,hf_00173,art_painting,0,dog,images/art_painting/hf_00173.jpg,1f81ff7e78a5eb45538c0df6f348af2888b049975ef17473472f5f8351039f7b
174,hf_00174,art_painting,0,dog,images/art_painting/hf_00174.jpg,6d8462da3333523e9310f68015410c279b63096f92d4b3daee1bc769ac09edc6
175,hf_00175,art_painting,0,dog,images/art_painting/hf_00175.jpg,a6ba394ee69b29e67e5799d43cee27bd086fef8818d0aa89336560d923889302
176,hf_00176,art_painting,0,dog,images/art_painting/hf_00176.jpg,4bca78bf8b54f88211acf6696ebce5640f9192c3de646078b291417990185fbf
177,hf_00177,art_painting,0,dog,images/art_painting/hf_00177.jpg,5435c2b8bd98ae84b78aa806f22d0e8c7a4d6c4c90636e24b74fa183be0755f1
178,hf_00178,art_painting,0,dog,images/art_painting/hf_00178.jpg,88f34f11e458695761b0cb8751056ba8c85f5ba4bd561e717733b7c6f93665fc
179,hf_00179,art_painting,0,dog,images/art_painting/hf_00179.jpg,34f7c6358daf52855d793773e60a2a6838123e057972b1b8f4f560e5f03f95d0
180,hf_00180,art_painting,0,dog,images/art_painting/hf_00180.jpg,4e4c6485ff2fca112ed66fa58b6337821413e44971fbd303bee59ac7c1649373
181,hf_00181,art_painting,0,dog,images/art_painting/hf_00181.jpg,969f44e6d90db6bab9417f57cfa4d1cea38bbc580785225ab147a1b8c58c1659
182,hf_00182,art_painting,0,dog,images/art_painting/hf_00182.jpg,0bd9a1d00f49a255c493a4345e87fe146b723a028648adab0c995c4f0d74a805
183,hf_00183,art_painting,0,dog,images/art_painting/hf_00183.jpg,f3b3655b53e6e80eba37e1b2d7450ebe5e4a2f6f02d6b0e714a160c08938a6e4
184,hf_00184,art_painting,0,dog,images/art_painting/hf_00184.jpg,2d575bb28a00f1a7963593e5fae3ffcd82043b7dbc4b3ff2e5f87b36164c9574
185,hf_00185,art_painting,0,dog,images/art_painting/hf_00185.jpg,70908da53cb5ee40b3417091b3aa1a2cf83abfb067190426bb76234fa5ae06d5
186,hf_00186,art_painting,0,dog,images/art_painting/hf_00186.jpg,e496d2827b05688b8f8aaacef6f4624c3706b79ee64ce24b6ac7c4364d03340e
187,hf_00187,art_painting,0,dog,images/art_painting/hf_00187.jpg,f2dd06e1eb4de449f95833641668ecab255ecd99c9e67a50fdcb0c1e85b67758
188,hf_00188,art_painting,0,dog,images/art_painting/hf_00188.jpg,9191f0afaae76c323dd1bd7604049c239cbd6a5188b6a172953c20b340c7bc27
189,hf_00189,art_painting,0,dog,images/art_painting/hf_00189.jpg,8f3f618f504ace0211aaeaa334fe98bb533acbca152aab42d4c72894e6f451bc
190,hf_00190,art_painting,0,dog,images/art_painting/hf_00190.jpg,2049d6bce61413bb84b4ec402796b9cc52cb1c0650d36834e8e99fb541b70c2d
191,hf_00191,art_painting,0,dog,images/art_painting/hf_00191.jpg,e83d2874c4ff2e61fe79d6edf6d5236752d3087c3cab06c62fba64c9d0779883
192,hf_00192,art_painting,0,dog,images/art_painting/hf_00192.jpg,6df9d6fb50590e91550ccb35c64ba7fc234671e120dc53722839c4a330d1c2a0
193,hf_00193,art_painting,0,dog,images/art_painting/hf_00193.jpg,99f99d576c0c9e26861409e6644501b78dc20763ac850056f44a16411ebcd49c
194,hf_00194,art_painting,0,dog,images/art_painting/hf_00194.jpg,efa98a2cdab764bea3ef50386862c023491ac358c09a94af6ae8aa7e2ef49f6a
195,hf_00195,art_painting,0,dog,images/art_painting/hf_00195.jpg,c68e42878dbed6420d245331323a754a2a00d9b8e7bf723e25ef69336d968b44
196,hf_00196,art_painting,0,dog,images/art_painting/hf_00196.jpg,93ccca90b916cf4c51bbc66d2f86175f82e90555083e429d1ecf40a2b8eb2d1e
197,hf_00197,art_painting,0,dog,images/art_painting/hf_00197.jpg,15e2e21abf25d69a78fa98e7df64e613c6e415fd50426c0d0e490e0d3776cfdf
198,hf_00198,art_painting,0,dog,images/art_painting/hf_00198.jpg,5a98aa2b852a49e6532066dff496ac6e4224b7930337cd3b68576545e54c8c8e
199,hf_00199,art_painting,0,dog,images/art_painting/hf_00199.jpg,9dca90acbeee1d273c1f72860e153e916d3f52d79ee2c20eb2023e8170f82465
200,hf_00200,art_painting,0,dog,images/art_painting/hf_00200.jpg,46bad00506240d97b3531c8055f966f77918f66ccaaaa8f1c912ce5473ec6dc1
201,hf_00201,art_painting,0,dog,images/art_painting/hf_00201.jpg,af4dcd1cb87b975d6fa487a133131b526f7f95e7a4d8c4199c966609c58472c3
202,hf_00202,art_painting,0,dog,images/art_painting/hf_00202.jpg,acbf3eba1e825052e459860123961b5a991bc96f16b07f9213b808688fe97173
203,hf_00203,art_painting,0,dog,images/art_painting/hf_00203.jpg,1f25cfb3c50cd4aebf8636cad9f2c62617be138c1255d6e944fe5466c8d4b317
204,hf_00204,art_painting,0,dog,images/art_painting/hf_00204.jpg,6ea57f08e498e13840bd0aa85a5d12a5f382c6b2b7ca0dad39d8426fec3971cf
205,hf_00205,art_painting,0,dog,images/art_painting/hf_00205.jpg,eb18a8ea07433b50918882b293d2d42ad38643d67a9a578fcec6a7946a9ab5a1
206,hf_00206,art_painting,0,dog,images/art_painting/hf_00206.jpg,5f43cf1f48ec50e92fb83b329187303cb951942c05db1b0f003a4c947d0f714f
207,hf_00207,art_painting,0,dog,images/art_painting/hf_00207.jpg,a9b027b96c5ee53b76009ca2e7baf0d70912e064a3a1393b2875fbd98eac2537
208,hf_00208,art_painting,0,dog,images/art_painting/hf_00208.jpg,5bbe553dddffcda4b57deddda2cc8a8286b12fe2e69e62588c32aba2845b9650
209,hf_00209,art_painting,0,dog,images/art_painting/hf_00209.jpg,4f250aad79a288434bb28640fdfa08fd91f4f2da07496531c53d70048e22287d
210,hf_00210,art_painting,0,dog,images/art_painting/hf_00210.jpg,a88a4bda2633b479580b9471f0bee73b9023adf6bacb2634f9bd6676a733d642
211,hf_00211,art_painting,0,dog,images/art_painting/hf_00211.jpg,22441b9715fddbc2864385a2b2488c1c50596bf41e2af16090f6e0c3ed59a0dc
212,hf_00212,art_painting,0,dog,images/art_painting/hf_00212.jpg,4ba125fc5805382107b8ce0e1020d91f087e08fb92d62357ad0fc68ae677a2bf
213,hf_00213,art_painting,0,dog,images/art_painting/hf_00213.jpg,a80eddce2ce3feaafde3b450d9d6202cabcf35f86f183afbc127784a49ed078b
214,hf_00214,art_painting,0,dog,images/art_painting/hf_00214.jpg,30ff07f2b7d9f7a6e6ca98854984aaffeba553e2a43c66a84bd5c75eaad6014a
215,hf_00215,art_painting,0,dog,images/art_painting/hf_00215.jpg,2b79781ea4839f4c4bd8d6f8dec22917103a229d140b12849ba1192399307773
216,hf_00216,art_painting,0,dog,images/art_painting/hf_00216.jpg,0482201357f2f11b6e193c96ddfc025270f6346c711c824c57fc321e918b5b37
217,hf_00217,art_painting,0,dog,images/art_painting/hf_00217.jpg,3007440dcb9012ca0c26ef136724fac2ced1cb2a43c3e2b77556b0643c49993b
218,hf_00218,art_painting,0,dog,images/art_painting/hf_00218.jpg,a307e31d1f75b97a41dfb2251c2874a9606636294ba4bc2d30e4cdde1a04ee67
219,hf_00219,art_painting,0,dog,images/art_painting/hf_00219.jpg,f35d0aeb2d1fdb23d1eddb337885b195fda35800f24e28e03d32a9183cb9501d
220,hf_00220,art_painting,0,dog,images/art_painting/hf_00220.jpg,2e251c8afa4949fe53a88a4f505052dce0a8dbfc1df39b1dbac42ba4aa15cd5c
221,hf_00221,art_painting,0,dog,images/art_painting/hf_00221.jpg,81efddb6dafe07f062a4d4992cef9641cc0db228cfe3c552b9f82c7013e4737a
222,hf_00222,art_painting,0,dog,images/art_painting/hf_00222.jpg,1419586ae9e84ea8c92aa97801fd69ad7385417475d751de2457946b390d9bf1
223,hf_00223,art_painting,0,dog,images/art_painting/hf_00223.jpg,fe8043e399026dfad601bdf18c17eb834cfd1bca9fb74b07d23a5cdcc32528b3
224,hf_00224,art_painting,0,dog,images/art_painting/hf_00224.jpg,d2793a4dceef2ad812dabe122ff31b0966bd20a38f4a9ff4794438200aef58e0
225,hf_00225,art_painting,0,dog,images/art_painting/hf_00225.jpg,7943c126d827e08cb2adcd8044349525db77bb4fb43be76365860825eb047249
226,hf_00226,art_painting,0,dog,images/art_painting/hf_00226.jpg,d1971fbab526e88e4caba227d4e54c02fb8c2091fcfdcfa5b5ea81cfcc2eb573
227,hf_00227,art_painting,0,dog,images/art_painting/hf_00227.jpg,af7c2c450a1808d584cd195ac211d440757327c790600eaa16f9f57f332defb2
228,hf_00228,art_painting,0,dog,images/art_painting/hf_00228.jpg,9658b00d7507a52a104ebd488b3a50a55019542501e6148381ba15a5ce023fd4
229,hf_00229,art_painting,0,dog,images/art_painting/hf_00229.jpg,008a7e04059367d376a78b57a45da202b76198e1890d72f93dddc65536ba9b17
230,hf_00230,art_painting,0,dog,images/art_painting/hf_00230.jpg,5e16f1d4a98b92adf9c07c8199f45d8e349c63cb7610b777cad60e5c76487857
231,hf_00231,art_painting,0,dog,images/art_painting/hf_00231.jpg,91d2919046c7e1b6ada7aa9982af871828419d4968901c34bcbdaa5d3c6529da
232,hf_00232,art_painting,0,dog,images/art_painting/hf_00232.jpg,2aac84af806807c0019dda9d5276b178f971e41f67cf30e578e8945f72ed02fe
233,hf_00233,art_painting,0,dog,images/art_painting/hf_00233.jpg,ef49962adcc3f6e8969b8e531b3b59a43576a9cc9eeed8d3bb7b16a1fbbb515a
234,hf_00234,art_painting,0,dog,images/art_painting/hf_00234.jpg,268da1210567dc80e326d806077f968a19d6cff056f6256b649a63a9eab26b26
235,hf_00235,art_painting,0,dog,images/art_painting/hf_00235.jpg,e3f9ccdd7167bc1c3138bad279e8f7df48cea596f33cd8f528bc8ac72d43e1e3
236,hf_00236,art_painting,0,dog,images/art_painting/hf_00236.jpg,052fdc7d6f7b31857a375ba4a166ef27ba8c1cfff5692d1a183428b882dba28d
237,hf_00237,art_painting,0,dog,images/art_painting/hf_00237.jpg,b1c250f223f4d0bd72837328c3f1732df117693f9b7d42018a34acd37950fd21
238,hf_00238,art_painting,0,dog,images/art_painting/hf_00238.jpg,9c3590f3ca2377ba247713a9dff6a2d1276d6f2e7e258948f48e431a78d9b1fd
239,hf_00239,art_painting,0,dog,images/art_painting/hf_00239.jpg,a11370fe6826a2a305ea0762ffdc4875eaa6e90b11d37e2b535eb058d4bf355d
240,hf_00240,art_painting,0,dog,images/art_painting/hf_00240.jpg,5c2d2405e0593994d4a1207405531f262c61563c189f8f6b66e52a0359bbdcfc
241,hf_00241,art_painting,0,dog,images/art_painting/hf_00241.jpg,0b5649c0c944808def78d2fa19d012e772ed6e34ad3b6f12f4db8005479b55d0
242,hf_00242,art_painting,0,dog,images/art_painting/hf_00242.jpg,3a92f3a383850fab4d75d96631f29275bf779c100286d1430da268d15e66fa1f
243,hf_00243,art_painting,0,dog,images/art_painting/hf_00243.jpg,f34e733f4dee1d89f4bb8a487324da19bb24df456f1db4fad0b4aa955c5919fd
244,hf_00244,art_painting,0,dog,images/art_painting/hf_00244.jpg,922be64654cf4454199483458ae22ac469bb721a33bb3ef504489c3feb99760a
245,hf_00245,art_painting,0,dog,images/art_painting/hf_00245.jpg,a03edf51df658932fd5f4d6edaf2895fb1c2ce0f41330829c22c3b32049cf571
246,hf_00246,art_painting,0,dog,images/art_painting/hf_00246.jpg,b2cf5665a74d57b0b0dd7bb4f22526bdc186eef95722bd9ca9d4126a599f7209
247,hf_00247,art_painting,0,dog,images/art_painting/hf_00247.jpg,00fa9440dbf58756895747e289383b29fca4558bebe7df085ad0b85ecfaba5ec
248,hf_00248,art_painting,0,dog,images/art_painting/hf_00248.jpg,f6f9cb8c564344c1a7d0569dd304afd9e85dffe3ffc57303d1fa04ad3862c243
249,hf_00249,art_painting,0,dog,images/art_painting/hf_00249.jpg,af605ca83f4238e1ea6e469840bcb9f4d92742e55d7f6d2dd032cc50d0fce6f8
250,hf_00250,art_painting,0,dog,images/art_painting/hf_00250.jpg,db3bdb12ec39f031e75a49e50dce1567970b013bb748f6f9e2f4f507c0814a3e
251,hf_00251,art_painting,0,dog,images/art_painting/hf_00251.jpg,0ccd55f875023004d8b3181e0ecd6a86da8afaaef449440e0dbb1454fb281f2e
252,hf_00252,art_painting,0,dog,images/art_painting/hf_00252.jpg,dcc70ab84d4458f5e5d6a1fcf3223839216fe95d5840366c4a5a8dc62961377b
253,hf_00253,art_painting,0,dog,images/art_painting/hf_00253.jpg,79ec6b5a5ad24c950181e34d88ab8d96df8595f5598f3a62ce9a14b2e5b27111
254,hf_00254,art_painting,0,dog,images/art_painting/hf_00254.jpg,3e70c1aa987a6946d4947893e139793bb10770bb469e1dca230dd5d6d98b4f69
255,hf_00255,art_painting,0,dog,images/art_painting/hf_00255.jpg,373249d29381f5a5f7a485497a42a261c211785628119119b57179dc01135b37
256,hf_00256,art_painting,0,dog,images/art_painting/hf_00256.jpg,a589373b962112cd6c48cca43c478ca1120bf23adc19116235f1a45d94426b5f
257,hf_00257,art_painting,0,dog,images/art_painting/hf_00257.jpg,d17e617b3259e32bb08d4e8d7752c258db32b5bc70173467d71a19b84ed0fbdf
258,hf_00258,art_painting,0,dog,images/art_painting/hf_00258.jpg,33490e0ce46934d10af281ffe222f471f94fb58136df75c4415ed11fcd84a8d3
259,hf_00259,art_painting,0,dog,images/art_painting/hf_00259.jpg,98ba4736dbcc74e2bffcf78a0f562b78d1c03d85d274b8301865aa6eb2e7c9b6
260,hf_00260,art_painting,0,dog,images/art_painting/hf_00260.jpg,7663f5aa0763248a3df6ecc624d1af56df7af28512c73f5e6cbb23727ff668ce
261,hf_00261,art_painting,0,dog,images/art_painting/hf_00261.jpg,a1c3ff2746bcc9c4a4073f864fc46d339ea2db5e3b2adba104ac7e7ab8172ddd
262,hf_00262,art_painting,0,dog,images/art_painting/hf_00262.jpg,e3a66410ee8201096f3e937dd2b8eb16c90f730dea4e93d14c3490cd825c68e0
263,hf_00263,art_painting,0,dog,images/art_painting/hf_00263.jpg,58065b41f7212e9b7f6d5aa62f44098ee7d5b518ebda12817c99f292b05a1d6a
264,hf_00264,art_painting,0,dog,images/art_painting/hf_00264.jpg,ee78079791581b9b54548f6b6c1f1d2b7dd10f0356d0d79863a9274e152e4baa
265,hf_00265,art_painting,0,dog,images/art_painting/hf_00265.jpg,41808f029b83e33275d63ce8cc306dbe2a08d67f026921246658e1b800c0a521
266,hf_00266,art_painting,0,dog,images/art_painting/hf_00266.jpg,7847a6415c24688418dcb76f1a99394011461e585930a2f0a3f3a034b900ff28
267,hf_00267,art_painting,0,dog,images/art_painting/hf_00267.jpg,8e5eb4e0119452acc9b08d3f535df51aff177f200d562670ba8f3e4ffb3c3389
268,hf_00268,art_painting,0,dog,images/art_painting/hf_00268.jpg,9ed44401268e3bb639249dce800b6bb09415aa65b2e7f801666961113ed4458f
269,hf_00269,art_painting,0,dog,images/art_painting/hf_00269.jpg,cd4eae88b2214ccba29d2f94c420149df43cde516fb1c0adcfa552983985c5bf
270,hf_00270,art_painting,0,dog,images/art_painting/hf_00270.jpg,f71e4ec7124901005302530eadbab4f345d7b98a95b0bc57e779c1b2c657f5d0
271,hf_00271,art_painting,0,dog,images/art_painting/hf_00271.jpg,444d12d30c6efe9a6fb7f0ac19f5f6d445deb0182ebdf745045404cfff15f98e
272,hf_00272,art_painting,0,dog,images/art_painting/hf_00272.jpg,c406de9f59ffa02da9a08287df28a1d143928af37e54388624b385ceaea0b0e6
273,hf_00273,art_painting,0,dog,images/art_painting/hf_00273.jpg,3ffec4b9578825c431c6e10975aa63acedc0c56a237a10f4de57988f64732e48
274,hf_00274,art_painting,0,dog,images/art_painting/hf_00274.jpg,6d65b7032c6ef8f3e4ca4ac205f3e749795ea0d8f090fa20d4e089002449b948
275,hf_00275,art_painting,0,dog,images/art_painting/hf_00275.jpg,b10b7999917e8ca10e69d984c15184e06244106f0d48b756f5577c7604b1e14a
276,hf_00276,art_painting,0,dog,images/art_painting/hf_00276.jpg,2c356fae7e9138a25aac60cf4e5a417f517d6859c32c934624324d4222af41d9
277,hf_00277,art_painting,0,dog,images/art_painting/hf_00277.jpg,47feed7784add9e8ee1a7266630e64fe77c5673165d69df30480a587b2407af8
278,hf_00278,art_painting,0,dog,images/art_painting/hf_00278.jpg,06754fa34614c732a17ffdcfc8f61007dc383419dd126dcab558963c28ba4002
279,hf_00279,art_painting,0,dog,images/art_painting/hf_00279.jpg,5b4a67ab724088a7f3296f669ef6a0ebe6ea69218971dda29f8921491c0a2a39
280,hf_00280,art_painting,0,dog,images/art_painting/hf_00280.jpg,cd06a244dc227bd005142633286dbee2194ca282f3807388c0700dbe6e15ddc8
281,hf_00281,art_painting,0,dog,images/art_painting/hf_00281.jpg,da96814a58fdebfc3a08328df8e0fffe4d16cc985811f1fc849c15f90b4b5dcd
282,hf_00282,art_painting,0,dog,images/art_painting/hf_00282.jpg,c98998737f042b328f7c22e926e29b0c2eb1cbeaaf2d2e4bb0518fcbbcf74572
283,hf_00283,art_painting,0,dog,images/art_painting/hf_00283.jpg,2b29f468683610e17de82fe01bcae6aaad81942d993767c1d4a4088d869c4b65
284,hf_00284,art_painting,0,dog,images/art_painting/hf_00284.jpg,0077ded05921a9ffe98ee7d73a6b8438d2111982183d1aedb2b4a2f56565410f
285,hf_00285,art_painting,0,dog,images/art_painting/hf_00285.jpg,af1b1db8c58fca1b1e15db3479d06b189b704bbdd3c50e6c00d59acec7b88230
286,hf_00286,art_painting,0,dog,images/art_painting/hf_00286.jpg,6d59fa57cdc9e8aa51a544af9b82c50c13915e75c4348fa757a65585a7d923fe
287,hf_00287,art_painting,0,dog,images/art_painting/hf_00287.jpg,5abce7515638b1c84b7ae01e7f42f257b1687ddba50848cb0b0839b5c149d9c9
288,hf_00288,art_painting,0,dog,images/art_painting/hf_00288.jpg,4ae4df602ba9f4e7d1b6e4ecdac0d82d4abfa0a21069f9c8de77e7f477b943c7
289,hf_00289,art_painting,0,dog,images/art_painting/hf_00289.jpg,962053b52fdf7954c10cd9b303a0c7afb7aa57757865ca4842ead2c32a694aca
290,hf_00290,art_painting,0,dog,images/art_painting/hf_00290.jpg,5decee0954504ea493d9de5f7c97c085b798ff815a4bd5fbf89fb603e507a1ab
291,hf_00291,art_painting,0,dog,images/art_painting/hf_00291.jpg,3009aa4ea58ed21cb733f2d755c6bfd8489ce95d057439340a73dc90da452031
292,hf_00292,art_painting,0,dog,images/art_painting/hf_00292.jpg,e7b279847540184ac403de1425b10367527614eef5c2c15c6dee63e364d2a9c7
293,hf_00293,art_painting,0,dog,images/art_painting/hf_00293.jpg,ebdeecd8bd342dad27157886c24538e1e579c3d87e9214c9555fbf7f6819bbad
294,hf_00294,art_painting,0,dog,images/art_painting/hf_00294.jpg,0f20d8b7cb053a690d39a480a0db44502f743a8d28aac12a2a9a579c6a513c21
295,hf_00295,art_painting,0,dog,images/art_painting/hf_00295.jpg,980f919b9620a01e0ef3d60eabda3616d19137f969cba3988e90de83b711f0fd
296,hf_00296,art_painting,0,dog,images/art_painting/hf_00296.jpg,676e4c3d38214635b67c06300312a78c6d0f05d4addf2e41eac48bb4942f01d4
297,hf_00297,art_painting,0,dog,images/art_painting/hf_00297.jpg,457c89c9178449803bca5e17bfeecb055ea68660112179fb683cd4b8e8704b06
298,hf_00298,art_painting,0,dog,images/art_painting/hf_00298.jpg,4b0332e47f996da56a2f66f90065a6f97dff4761ddd857b58087579695d80026
299,hf_00299,art_painting,0,dog,images/art_painting/hf_00299.jpg,77159e7838958922c2efff8b24d9d551523ba08b3673474677c0aeae324a1511
300,hf_00300,art_painting,0,dog,images/art_painting/hf_00300.jpg,93a40e8a31752dcf0f709ee1cc06aa7e8ba78b217fc050d3e08fb9bd9b201cb6
301,hf_00301,art_painting,0,dog,images/art_painting/hf_00301.jpg,d6d8fef83faf255d1d867320923283cbc9ece82726e7a5cfe974348fc1539f0f
302,hf_00302,art_painting,0,dog,images/art_painting/hf_00302.jpg,c8857d4c316bc0c46ceb34b5f131d055fa984ec26a47020f2c15fce826042775
303,hf_00303,art_painting,0,dog,images/art_painting/hf_00303.jpg,5c824291262b27d3d31ae34a0425111e332d478d249418af8ae6010ece376d91
304,hf_00304,art_painting,0,dog,images/art_painting/hf_00304.jpg,06f29f7807326f352157dc5ba5eb054dfb51e7201f1cfac4155959d644469c07
305,hf_00305,art_painting,0,dog,images/art_painting/hf_00305.jpg,d867017b8c003e695531466d532bf2153e24e21612da4de9a5c66a189c036f95
306,hf_00306,art_painting,0,dog,images/art_painting/hf_00306.jpg,aa3bba0b06faf266244e77738066b3f6d8c0cf7dd12b0dfab740fd902850d9ec
307,hf_00307,art_painting,0,dog,images/art_painting/hf_00307.jpg,57a2bc909fe52e1275b2d4f235362b35def8994aefc9faa9af088a1be696b6b5
308,hf_00308,art_painting,0,dog,images/art_painting/hf_00308.jpg,dc8ccdc8094fc534702fd3503c0f0ad17649e64938ed137b579105b50c1c3b19
309,hf_00309,art_painting,0,dog,images/art_painting/hf_00309.jpg,7617f33499a142a915a6d8bbe535c497915daf9c8a6e533b71fb817a5bebf8ec
310,hf_00310,art_painting,0,dog,images/art_painting/hf_00310.jpg,70f600cdfef9011d15b163f8765d38b390821b665a5829a5be72843960d8579f
311,hf_00311,art_painting,0,dog,images/art_painting/hf_00311.jpg,5fb5ffad38aeaf576a7e56b36920e3ae36eb688b4b77f7ae4cb8c09c891737e5
312,hf_00312,art_painting,0,dog,images/art_painting/hf_00312.jpg,664e57e687b25f52134ac2a7e15917b0ee1dbca707e1a4667cd437888d558328
313,hf_00313,art_painting,0,dog,images/art_painting/hf_00313.jpg,7eda6674444c4166f82dd126bbd50a881034ebc8f2d274500f41f7f066a7424a
314,hf_00314,art_painting,0,dog,images/art_painting/hf_00314.jpg,00db71a1a74fe4614148753bedc8175092f3c4493a52fb21e780c1d41b90bf7f
315,hf_00315,art_painting,0,dog,images/art_painting/hf_00315.jpg,ae8af0743fb72c129794c063ccbfded2e107ebc7243969bd31ffb6b2989fe63a
316,hf_00316,art_painting,0,dog,images/art_painting/hf_00316.jpg,5f7ba757146bdd0d3c3a1f3f97d7e4fcbc7b0e09db0ff7b9d495e4fc28809d07
317,hf_00317,art_painting,0,dog,images/art_painting/hf_00317.jpg,06336e3b71f5af8c89b98539705b885317a846ff448d1c6a5baae6f81c43171a
318,hf_00318,art_painting,0,dog,images/art_painting/hf_00318.jpg,c968a3ec6441771b807d655257d407bb60c8cda9910e481e60c10343e1d91cf2
319,hf_00319,art_painting,0,dog,images/art_painting/hf_00319.jpg,ba1dcf5a0eefb20a936c37dd2b0a1bd4eec794b22a4824d7dda24941c9609ab7
320,hf_00320,art_painting,0,dog,images/art_painting/hf_00320.jpg,896b722117a988a5c533dbe5d10383574fdb24ce4221c2a690e3985f99d4cb91
321,hf_00321,art_painting,0,dog,images/art_painting/hf_00321.jpg,8209609d130db5a6d11bf4ad0b06219c1feb22874d3af1033723861099f1dd20
322,hf_00322,art_painting,0,dog,images/art_painting/hf_00322.jpg,28fcf228e99a7bcc54d5d315b063c6a765f9c880e9211e7a5f83740803725c0d
323,hf_00323,art_painting,0,dog,images/art_painting/hf_00323.jpg,693eac74e1f642766cf10ff4fb4e50a83736609e14a47bcb4e2d9fc5290cac7c
324,hf_00324,art_painting,0,dog,images/art_painting/hf_00324.jpg,425c0e4d6a0736cd97bdd9833d93657374fbbe82a7bb776dd0e5cc88c26c8c98
325,hf_00325,art_painting,0,dog,images/art_painting/hf_00325.jpg,e99016224b308c8b03238f023fc509763bd9848b9035e97d7ef62f80e621ab3d
326,hf_00326,art_painting,0,dog,images/art_painting/hf_00326.jpg,f3f0c7789579a83423a7a606e011d0c02c897b4e2d609e589d4134263863ab59
327,hf_00327,art_painting,0,dog,images/art_painting/hf_00327.jpg,860cffe0f924c4ea1fe824370f89d300ff9bda22719497756b662f31218b4454
328,hf_00328,art_painting,0,dog,images/art_painting/hf_00328.jpg,738c200738355d84fbaf9f111195d63a79347e29767ef3057df58f114cbe4001
329,hf_00329,art_painting,0,dog,images/art_painting/hf_00329.jpg,30ab2f690cf5f65d5f6b2666e9e9149cfbbde6f5e349e9960ea2e6874c916a57
330,hf_00330,art_painting,0,dog,images/art_painting/hf_00330.jpg,019ae761107764781343add80b8ac845c26fa7e8803f1dc6a7c565f774c541b4
331,hf_00331,art_painting,0,dog,images/art_painting/hf_00331.jpg,a7287f940ba08b0cf46b6f2c82871bbc4b0e02f6b06dc29cad28013dc865d6e7
332,hf_00332,art_painting,0,dog,images/art_painting/hf_00332.jpg,279441059bb29c50641a04e49727d5a76258bd8117a4a2305963b8c23c0be3c8
333,hf_00333,art_painting,0,dog,images/art_painting/hf_00333.jpg,d46fcd955353112010772ebef813fe7441419db5e053994ec95ec044c7ee7930
334,hf_00334,art_painting,0,dog,images/art_painting/hf_00334.jpg,387eba29c128e94f9ee275de4bc74be98120b1c7827a0fe9cf70d8f8074b1916
335,hf_00335,art_painting,0,dog,images/art_painting/hf_00335.jpg,5a9c1e276b79df6dadf743d715ed738513cae6e27e38f0764573fbe517688774
336,hf_00336,art_painting,0,dog,images/art_painting/hf_00336.jpg,9895adfe86800f5887423ba9af2e58d3c11e6fe93d50ec5ea1086794b0583b62
337,hf_00337,art_painting,0,dog,images/art_painting/hf_00337.jpg,3b53f42005e7608dec55e9ee83f03d573627e001558e27c373476e79bbe5a633
338,hf_00338,art_painting,0,dog,images/art_painting/hf_00338.jpg,1aee8438da5b820d8dde654a3177bd2cc10bfbfeb78084638936502b2db558b7
339,hf_00339,art_painting,0,dog,images/art_painting/hf_00339.jpg,a58bf43a9ad262b0e99351e14c3d8984890a2b1e30cdedec432da9af58b70683
340,hf_00340,art_painting,0,dog,images/art_painting/hf_00340.jpg,33c6cf5b67f8566959a6777b26391b8f02c6727d7ea49bb5b3fbc18ebc461635
341,hf_00341,art_painting,0,dog,images/art_painting/hf_00341.jpg,d2bd74e32fb73db7ac5e3d33dc7620ae11b326afc139be74206bce077ffa790e
342,hf_00342,art_painting,0,dog,images/art_painting/hf_00342.jpg,0325a7fab9ece0a40a5884fa680920090ee5df7bf8707323b2f17f0b3b285ff7
343,hf_00343,art_painting,0,dog,images/art_painting/hf_00343.jpg,b587ec399c6add4c6fc4f4e1c401d62e5a14fd60746eaed6e0fba608e0f908f7
344,hf_00344,art_painting,0,dog,images/art_painting/hf_00344.jpg,11272492d2418e99c99593eae0c590e9bf493008665115a7f813dd4b295e1b30
345,hf_00345,art_painting,0,dog,images/art_painting/hf_00345.jpg,54356c782b7fca02ffa9df9d61071f9b7369dbdab8f3b47912e5dc9afbed43a0
346,hf_00346,art_painting,0,dog,images/art_painting/hf_00346.jpg,99590450be8c9262ea0920a1f95d541912f70c53a36f6ae7c9b205ee6966fb12
347,hf_00347,art_painting,0,dog,images/art_painting/hf_00347.jpg,5cbc020ce736b99a3067f944f374fef2f2fccbdc9ebefeda02479b4ff6314252
348,hf_00348,art_painting,0,dog,images/art_painting/hf_00348.jpg,77782be26b62ba9e215a6a13b9d853cc7b50e76b138e01761bdfa0bf6ad6aa1f
349,hf_00349,art_painting,0,dog,images/art_painting/hf_00349.jpg,78647a162623b05e03fe8b0c254ba0e522b8636d7c43a3daf71159b453326d59
350,hf_00350,art_painting,0,dog,images/art_painting/hf_00350.jpg,46322ce64714e6a45163c4f9b0eeb237b64c600a613c00a212f99693da311278
351,hf_00351,art_painting,0,dog,images/art_painting/hf_00351.jpg,2238fc6c734aedf2bc0c2529b0ba8ce7e67d9d73be2781aba25c1aa7f96ac034
352,hf_00352,art_painting,0,dog,images/art_painting/hf_00352.jpg,b1ec7914968031ee3e28d42b07056d6a34faa99cd3e79ba10c58f42f61ae6064
353,hf_00353,art_painting,0,dog,images/art_painting/hf_00353.jpg,31dd14b02965437708305fedbacff7d1fbd280ac60221ea8374dc375faaf93a4
354,hf_00354,art_painting,0,dog,images/art_painting/hf_00354.jpg,2c67154118b915d3bdc66eb9bc156bd3c3bec77f943edb6a7a2cdf049a559823
355,hf_00355,art_painting,0,dog,images/art_painting/hf_00355.jpg,884571976f583bca0abf7a5bf1126144e7983c9f9d33bb2fc9ca65bd136e5209
356,hf_00356,art_painting,0,dog,images/art_painting/hf_00356.jpg,1f6f436edf33eb4a59dcd93b0fc3f589580963bfa1b1b580c42f2cc7b7b928be
357,hf_00357,art_painting,0,dog,images/art_painting/hf_00357.jpg,ba34c2abe168e42e573b969fc144d98119f62f736b77abdab1b6a9f01dc4e8bc
358,hf_00358,art_painting,0,dog,images/art_painting/hf_00358.jpg,db2fe2de40864b641cfd86da47cab8b555072c26bfd29ca46aacff820510c033
359,hf_00359,art_painting,0,dog,images/art_painting/hf_00359.jpg,ad821f41adda3762c1611ca61e25e5a952c42e61a6fd776c62b8280c1dab95f2
360,hf_00360,art_painting,0,dog,images/art_painting/hf_00360.jpg,3967aa93e14f45dc9c918be4024928c0048af0de60565b1e559e09f89e28fa13
361,hf_00361,art_painting,0,dog,images/art_painting/hf_00361.jpg,b8fee5a3de83079618c024668ed652812b5fd2825e34bc222a2004e85786fd22
362,hf_00362,art_painting,0,dog,images/art_painting/hf_00362.jpg,af1925566d2f8e736561a5516c9e634ed77f0723e713ee2b7af4f40706a598ac
363,hf_00363,art_painting,0,dog,images/art_painting/hf_00363.jpg,8d00a4fab7359c4e8faa0e3334dcf571f266e2a64a3f2acc326999307b605af8
364,hf_00364,art_painting,0,dog,images/art_painting/hf_00364.jpg,f05eb910f892b60b18861061fd79bf41dce158513325820f4379865a336125e1
365,hf_00365,art_painting,0,dog,images/art_painting/hf_00365.jpg,d521b5eebcf53fb0f470efddf392690ed043887ca413722e98a5be60c4b7d51a
366,hf_00366,art_painting,0,dog,images/art_painting/hf_00366.jpg,eb0615d7e4a844bc0afdf0c6b21740ea4aa211e8b53e1fb0907b61fc155d6907
367,hf_00367,art_painting,0,dog,images/art_painting/hf_00367.jpg,86fdffa77c263c93bfa3502b8a8420d70b107849d2581cd267078b98b3d34364
368,hf_00368,art_painting,0,dog,images/art_painting/hf_00368.jpg,6f298aeab83f213ebb7661cf9bf6886bdc290bb052f6c79a3a2e655e95adde93
369,hf_00369,art_painting,0,dog,images/art_painting/hf_00369.jpg,d52f667381b13ab84c12a351e9cadd91d11a8110184e0015cc81b79b04982965
370,hf_00370,art_painting,0,dog,images/art_painting/hf_00370.jpg,eb65571b56c083022047eb4df02216e57c8492622894b142f5263c4293686f8d
371,hf_00371,art_painting,0,dog,images/art_painting/hf_00371.jpg,d1a411195a8f68c7a50863e4da0f33914e4b8770a2681682b853259bae4cdc5a
372,hf_00372,art_painting,0,dog,images/art_painting/hf_00372.jpg,8ffdd484cb94f45c042af8f3ea63dd9ec65a6872fcd1cf54f84488826668a2d1
373,hf_00373,art_painting,0,dog,images/art_painting/hf_00373.jpg,83403d3ae261898e834c996b0628479e32fa9ec21ed0bb9eaf56d5bd60ae6336
374,hf_00374,art_painting,0,dog,images/art_painting/hf_00374.jpg,7f2432adbea54b3f318573dcb46e44f57f2252013728ec39729f7e74d896b50e
375,hf_00375,art_painting,0,dog,images/art_painting/hf_00375.jpg,50b97e16d84778ae313001ae6d52d0d534ffd13a5bec0c1149d0cc486662bf06
376,hf_00376,art_painting,0,dog,images/art_painting/hf_00376.jpg,50b38cd3ab7c227b9a937dd4413fa7df91c5433e0d41f0f5bcc97b82d4d9c281
377,hf_00377,art_painting,0,dog,images/art_painting/hf_00377.jpg,a621614351bf58a3b46b8575f56d6231c0a589381ff8cb76f21fffeefff64846
378,hf_00378,art_painting,0,dog,images/art_painting/hf_00378.jpg,7214cedd33f74dbbd1d2d93fa02a479e64ff37b69eec4f22c1db58239a47d19e
379,hf_00379,art_painting,1,elephant,images/art_painting/hf_00379.jpg,125c15776adbe7f769eb78afccc213babda35ddbae5b2301a8fcc04eb1acbceb
380,hf_00380,art_painting,1,elephant,images/art_painting/hf_00380.jpg,6f947c373023babc6a89a09dbcd05c5db580f4206daff16c5bc203d2150e3d9a
381,hf_00381,art_painting,1,elephant,images/art_painting/hf_00381.jpg,3e8501e7e80aeb4778284ca30189228e9a97bae9e762edc98663460774394816
382,hf_00382,art_painting,1,elephant,images/art_painting/hf_00382.jpg,64bb38e0a6c3f79d66b1b1204f9abd9b7d8eec283649f9b0c79a76f901117b23
383,hf_00383,art_painting,1,elephant,images/art_painting/hf_00383.jpg,f2459943285fe4e9f80feda90f008bd7bec37a087568b24e5cbc3a0d5e6ddb94
384,hf_00384,art_painting,1,elephant,images/art_painting/hf_00384.jpg,81c7dba62b9880313f3ba0498f74dbb2a74ffe6428dfb02cda9fe1eafe1e0eca
385,hf_00385,art_painting,1,elephant,images/art_painting/hf_00385.jpg,c83a5ec89395d25758b6cd2fe00ed8f801b554e47e77aaefc376629602ef5ca9
386,hf_00386,art_painting,1,elephant,images/art_painting/hf_00386.jpg,354c36dbabbc35eeb0d009fcbafb40014310e12c5f03cf6022cb1b69253183ff
387,hf_00387,art_painting,1,elephant,images/art_painting/hf_00387.jpg,009648d8b9038e88f319926b199f3414745a0a610453ac1364ff1bc77cfbc6a5
388,hf_00388,art_painting,1,elephant,images/art_painting/hf_00388.jpg,18831131de6917105b7cef2c6fb151a5e29a6c475f4687d6c508bbc1f283d0a1
389,hf_00389,art_painting,1,elephant,images/art_painting/hf_00389.jpg,650372f5fad41f603c0d7dab7b011c26a3be165e859f23b5bd598f964bcd9ac7
390,hf_00390,art_painting,1,elephant,images/art_painting/hf_00390.jpg,8712e7d06fdc72c6ac773304a28f54eccd481b4d1ae2f9dd99eb73cdf97e66ac
391,hf_00391,art_painting,1,elephant,images/art_painting/hf_00391.jpg,6c792804ce0bb2be8c9f98539b45f1828cbd7d9cd53745f5043bb4bb145cb790
392,hf_00392,art_painting,1,elephant,images/art_painting/hf_00392.jpg,75392a9e61882ea24f2e85eede250da28dbf163d576b81b8739c04624ad75d4a
393,hf_00393,art_painting,1,elephant,images/art_painting/hf_00393.jpg,56f7730e4bd1076cf3ce1ac056883d9e8b2f0c0c6b138b847e0b33409463ddfe
394,hf_00394,art_painting,1,elephant,images/art_painting/hf_00394.jpg,49171d694b6fc601de0619180975a863ef8f96900dee75070c158c0c39951c9b
395,hf_00395,art_painting,1,elephant,images/art_painting/hf_00395.jpg,0edc44bb87bbd3f1e842d4752d8f23ec2f1f22058166c515bf8d650aa9615961
396,hf_00396,art_painting,1,elephant,images/art_painting/hf_00396.jpg,d8ee33760ee8ee60180dbeb55e690f17a3a158da9e8d61100aff31aef0cea183
397,hf_00397,art_painting,1,elephant,images/art_painting/hf_00397.jpg,c4a13d9fcfc32c7040e018876991157280c92ae70a510113897d7d450376bf18
398,hf_00398,art_painting,1,elephant,images/art_painting/hf_00398.jpg,861bd40ed3f20b1cb68867c605bff8a26586717a621b65b11f62ddcc81f747af
399,hf_00399,art_painting,1,elephant,images/art_painting/hf_00399.jpg,0d7f2c21f3ca923865656b6d8e7b09f05d8145361da93e9cce06fd608c481e05
400,hf_00400,art_painting,1,elephant,images/art_painting/hf_00400.jpg,78afb658c7f236854065f062e93d43a2c452abb470a1c464df0a9311f0c52087
401,hf_00401,art_painting,1,elephant,images/art_painting/hf_00401.jpg,88054726211711d9f8a61e2ff5774f17e33ddcb951afdffad7c1a512ccc24027
402,hf_00402,art_painting,1,elephant,images/art_painting/hf_00402.jpg,d633c6dbbe5dd7d221ad3a29674b0fb9f92c1e2481e3c8bbb7c8d65e1153d482
403,hf_00403,art_painting,1,elephant,images/art_painting/hf_00403.jpg,2e21641b90b03d8167c8c62f908bd1f2f6076e4da8c8d0910af12d89a8eb394b
404,hf_00404,art_painting,1,elephant,images/art_painting/hf_00404.jpg,3372d848ab1a7a37b420f350240eac89dd73a8326568063461fe1f4acda20363
405,hf_00405,art_painting,1,elephant,images/art_painting/hf_00405.jpg,8dc04a16833b2a5e0712d0a410b30241011024ac317736aaf3a72030337e7745
406,hf_00406,art_painting,1,elephant,images/art_painting/hf_00406.jpg,0cd0823cc55994b9c4883eb5af3dd4d17e4f95f24a359d2245fc9940c6ba55c6
407,hf_00407,art_painting,1,elephant,images/art_painting/hf_00407.jpg,a5232a24c353a12226b6f7e0474dbbdd5de877d9ff81577b83a68ef48e64cd57
408,hf_00408,art_painting,1,elephant,images/art_painting/hf_00408.jpg,c906ba675c2a1ebca940042e8db338edfed70f6d487511d0aab2f2064ba184f5
409,hf_00409,art_painting,1,elephant,images/art_painting/hf_00409.jpg,e00bd69db1bed288a003a7be3253980dfd5877271f838799da9264294a903e3c
410,hf_00410,art_painting,1,elephant,images/art_painting/hf_00410.jpg,2faccc36ec0559d0cd71fb8af2298689cf5a098a3dbcf0a8313c6da406cb2870
411,hf_00411,art_painting,1,elephant,images/art_painting/hf_00411.jpg,d51f50517978e9e218286dbd9487964ddc218f6ee59abdd7c90ac6e28cf6970e
412,hf_00412,art_painting,1,elephant,images/art_painting/hf_00412.jpg,4dd58d4c7d1b82de12c663e3eaad3eadc2a6d50e0ead567b6f774e6b1301bc77
413,hf_00413,art_painting,1,elephant,images/art_painting/hf_00413.jpg,9f1402710e5151b787cd8dd98ecc5f12852741a91c122be6cc2bdbe9d4a53f5e
414,hf_00414,art_painting,1,elephant,images/art_painting/hf_00414.jpg,398ad374ddc58f9df18331465b19c700cc8874daa8d1e15fefec529f0580903a
415,hf_00415,art_painting,1,elephant,images/art_painting/hf_00415.jpg,0b99be6e9fafa4a700982fd5a242c9e5c9aad9fdffc0bd600c43dd25e3ad60b1
416,hf_00416,art_painting,1,elephant,images/art_painting/hf_00416.jpg,3d894e6f4629860981bf07576c1d10fff33038a465afcafb8ad190adf042bcb6
417,hf_00417,art_painting,1,elephant,images/art_painting/hf_00417.jpg,234e9d46e30ac5068affb0ac3bfaa6dac1f638642d5ef4d52d0d6981bc7f3d2d
418,hf_00418,art_painting,1,elephant,images/art_painting/hf_00418.jpg,b5325a96ffd997988b3f1268088e900e0bc5fdd2ce270cb0b3e5768cda14be5b
419,hf_00419,art_painting,1,elephant,images/art_painting/hf_00419.jpg,00f38f72cc81c599ae8847e941ee21ace0c873fb32ad8a7ed9daa6bdef1034d1
420,hf_00420,art_painting,1,elephant,images/art_painting/hf_00420.jpg,69b009362d1b7ea2bdd33db4c1a08aae92f463ac50ccf62ba666a3b5492c1bf0
421,hf_00421,art_painting,1,elephant,images/art_painting/hf_00421.jpg,d1691b48de3af388608b32658b0288ff7308d7844e9703277b52e3bdfc8307f0
422,hf_00422,art_painting,1,elephant,images/art_painting/hf_00422.jpg,0666049ac4f4f790777d2a3efb0441c54ff64ba2d8f799ac0494f62b9a96f083
423,hf_00423,art_painting,1,elephant,images/art_painting/hf_00423.jpg,154c5072ac35999dc9be44abbd75d1be7f96cc1e6c35c3c643819a6f2a47484b
424,hf_00424,art_painting,1,elephant,images/art_painting/hf_00424.jpg,9f21a60b6d5c84113d658b428b4b44626209f91396636176b5f33bd2a6a39f89
425,hf_00425,art_painting,1,elephant,images/art_painting/hf_00425.jpg,6e704986f5237410c8d77c031b3324ff2342e2fe8bcde7843d0500b852339f62
426,hf_00426,art_painting,1,elephant,images/art_painting/hf_00426.jpg,9a277bd30e656a96871591475346748b5d327a573527d0e58e9e7776a501a270
427,hf_00427,art_painting,1,elephant,images/art_painting/hf_00427.jpg,a87af52b5a49c1b97db2a7e70a16f93db09eeae5cf1d7b6aa88f51fe6067f8a0
428,hf_00428,art_painting,1,elephant,images/art_painting/hf_00428.jpg,09afcf38f13c86e178de68ffdab45b178521c6e73d1f2809a6ec27b8032fa0d4
429,hf_00429,art_painting,1,elephant,images/art_painting/hf_00429.jpg,39843dc3b4b4b9082a691492c41e8063376811c6851d9736589e7a3f60d219f6
430,hf_00430,art_painting,1,elephant,images/art_painting/hf_00430.jpg,e62310c7f857e47a9352f35b9dc5386b53f97f0b579c5c3aa5159a70bb6c74e2
431,hf_00431,art_painting,1,elephant,images/art_painting/hf_00431.jpg,aaa654a4abd1be4cb19f71a65a17692fa30921efc80c56d70def2a98710d7d0b
432,hf_00432,art_painting,1,elephant,images/art_painting/hf_00432.jpg,00d35d0e97dddbd09bde54d70103f336e165fd51366d8f21b92c9c7586950e56
433,hf_00433,art_painting,1,elephant,images/art_painting/hf_00433.jpg,e36195394ea53b83c6898f0d0309522148da50c3c83a5eca33bbf481503a8f14
434,hf_00434,art_painting,1,elephant,images/art_painting/hf_00434.jpg,51c80157bba7515ff495d5b7bce27a53d4364fa056d6101999800f84bd29424e
435,hf_00435,art_painting,1,elephant,images/art_painting/hf_00435.jpg,d273f944dd5af2397d4d294072d6f160b5fa7f10bf450e2cb0232542ffc0a9c0
436,hf_00436,art_painting,1,elephant,images/art_painting/hf_00436.jpg,4e6de8548b75e2d9e3fbcd05a56633759bf0c70d10111f9fbe7165e91545f908
437,hf_00437,art_painting,1,elephant,images/art_painting/hf_00437.jpg,0fde9fc503d6f0cb9d12703b106275ccf27243c18e5483fdc7569426e9ed1290
438,hf_00438,art_painting,1,elephant,images/art_painting/hf_00438.jpg,baae6bb8878fc88baca812eb4574335db9587f128933240661b88611ac5401a6
439,hf_00439,art_painting,1,elephant,images/art_painting/hf_00439.jpg,a053c3bf70b9a24f0594a04ab1ed7c7ec797924b761bf16986e36f0d8a62041c
440,hf_00440,art_painting,1,elephant,images/art_painting/hf_00440.jpg,61a87380ddcba71b46f2d271904215b1cffe4051b0e88c12460f6008736020f5
441,hf_00441,art_painting,1,elephant,images/art_painting/hf_00441.jpg,bb2f0970329726307ef9dc52d68ef27d699067cd3f6526468b16c9543bc933d0
442,hf_00442,art_painting,1,elephant,images/art_painting/hf_00442.jpg,fea216be5ce30215600e3567b13afcea7124a50dab1e46bb1d53884d21d823f2
443,hf_00443,art_painting,1,elephant,images/art_painting/hf_00443.jpg,f7292a5302a238c1d55fe19ea4eb0621206c30d6e825b8d7c530b872d1520c0d
444,hf_00444,art_painting,1,elephant,images/art_painting/hf_00444.jpg,346dd57cd9c3711ff3aa7db26542c042e1191c7b3a1f129ddb255863ba04bfb4
445,hf_00445,art_painting,1,elephant,images/art_painting/hf_00445.jpg,5a142320062d6369b853b908ca2cefb25db510dcd6a70272ff9e226da5ffcdd9
446,hf_00446,art_painting,1,elephant,images/art_painting/hf_00446.jpg,07bb2b8669bacbf0ca9073f7c6c85e5bd5ce46601948cf8f78599641d9c4a26f
447,hf_00447,art_painting,1,elephant,images/art_painting/hf_00447.jpg,8d9b21ca7beb806c20c82ceae4806c13b58f5b874a6afd4d11f73ff606f58da9
448,hf_00448,art_painting,1,elephant,images/art_painting/hf_00448.jpg,c9e94bea95f7db668440b7980d29b1f9bb15fd29de0ff3fab85fdd1825c64f2b
449,hf_00449,art_painting,1,elephant,images/art_painting/hf_00449.jpg,dde55c4e5511a37715f08863c15068b337e82bca1e6c0d6e786152aa19531449
450,hf_00450,art_painting,1,elephant,images/art_painting/hf_00450.jpg,38ad5d829f62565c1f47e2fbc4f94fe915f58a0f3a87adf0a26e1f844041221a
451,hf_00451,art_painting,1,elephant,images/art_painting/hf_00451.jpg,3ff04612ab86748994ed265013d8762344b467a81ad8a60b143c8b1ff8b2006e
452,hf_00452,art_painting,1,elephant,images/art_painting/hf_00452.jpg,2fb7f1a284dde76723d1dbcd679af2836794f928358ceaf9bc829ca9df076476
453,hf_00453,art_painting,1,elephant,images/art_painting/hf_00453.jpg,94586d314cf0137bdd0dd0ee99fde44a48e0559b80e0e0721bb896417caa0324
454,hf_00454,art_painting,1,elephant,images/art_painting/hf_00454.jpg,ee1e67f362d877ea3a45813d7253adbd4962ecb753d935a3d3c25962ca04b85a
455,hf_00455,art_painting,1,elephant,images/art_painting/hf_00455.jpg,3bf6bd759f7fa5e95877257cf8a9c0ca17c8044ecf116a54ab24dba8bf789fe1
456,hf_00456,art_painting,1,elephant,images/art_painting/hf_00456.jpg,a3540ba55a7c4adcd5d22c94a8d728943cc7f56c2380fa9b13b40aade7035809
457,hf_00457,art_painting,1,elephant,images/art_painting/hf_00457.jpg,095b85ee0e4da3d815df00a618a60ffef8f94ce9d2bfcda39a83be9fa6887822
458,hf_00458,art_painting,1,elephant,images/art_painting/hf_00458.jpg,d94addb8571d7b0546df94706119139cc24ad86ad71aa95f4b1afa4a4b75f41f
459,hf_00459,art_painting,1,elephant,images/art_painting/hf_00459.jpg,565deee426961a87b02c4391aa1fea71e8802a73038eb4ddd8d4fc18d517657f
460,hf_00460,art_painting,1,elephant,images/art_painting/hf_00460.jpg,dd23cf26e06b93295b2997937ed406f95ce3d46d74d127cf7cb777a9aa0d7b6e
461,hf_00461,art_painting,1,elephant,images/art_painting/hf_00461.jpg,3ea8c107bc45c066fb136aae87794211511c5ba2755e76499cfa3089920b9bf2
462,hf_00462,art_painting,1,elephant,images/art_painting/hf_00462.jpg,409a4dbf6f099993e834dabc336e03e0203d105e9cdcdda6e321740f8c6202e5
463,hf_00463,art_painting,1,elephant,images/art_painting/hf_00463.jpg,35adcc9dc1ea5b180c0dfe2b373ec00335272f2563103a4998ba2da38a6c0fc2
464,hf_00464,art_painting,1,elephant,images/art_painting/hf_00464.jpg,e598a9c17078392b8524160dbd0561192d2e42c00e8061c45a4e2592964d9c93
465,hf_00465,art_painting,1,elephant,images/art_painting/hf_00465.jpg,6138835f8582ee11e74076f77f89c9ea2e925f6f45ec80c349d18f7c78cfa0dc
466,hf_00466,art_painting,1,elephant,images/art_painting/hf_00466.jpg,baaed0c383a9a3282f743724e5235269443787bb4172e63e2158cbc69f7812e7
467,hf_00467,art_painting,1,elephant,images/art_painting/hf_00467.jpg,abf1369d65e2197c457cb89163d0a6582c83c013e45eff7c1e1aadd0d69a15b6
468,hf_00468,art_painting,1,elephant,images/art_painting/hf_00468.jpg,e6219b6a7420b8b6768768b712fd1fc8501e9a8f69a252bff4588ee3920dba96
469,hf_00469,art_painting,1,elephant,images/art_painting/hf_00469.jpg,f1496aa49b42f5873143fd791387cbdde3110f68e8d047873b6bd65d26dbd546
470,hf_00470,art_painting,1,elephant,images/art_painting/hf_00470.jpg,bbdb7d08b91b840d7de1833cc611d2c715c2e116cc86d2c1241adfcc613fa5c3
471,hf_00471,art_painting,1,elephant,images/art_painting/hf_00471.jpg,fcc55fd6173e6e6af1216a5706e5a4fe6c35f451058e05808c6f6d88dd160a63
472,hf_00472,art_painting,1,elephant,images/art_painting/hf_00472.jpg,34922483cbd334301f7fb6dbf834057d7d0f62e9636363e6f82205d8b383fda3
473,hf_00473,art_painting,1,elephant,images/art_painting/hf_00473.jpg,b25002f9f52ad160ad65f351b03f2b7ff05fb39bdbbf424a98896f80a92a1d78
474,hf_00474,art_painting,1,elephant,images/art_painting/hf_00474.jpg,e751f9c5b43917101a89f7c18f2e5c74e3166513ed83a3acca7465593e936863
475,hf_00475,art_painting,1,elephant,images/art_painting/hf_00475.jpg,d8a6f2be1b76875730f52d3f67113d2958fa692ef7d1dc8eba372ff0a81c9e8b
476,hf_00476,art_painting,1,elephant,images/art_painting/hf_00476.jpg,7f233ae2f2cad3c6626fb0af13d3e6e5956cce980492fbe1c3d9b93bd598ec4e
477,hf_00477,art_painting,1,elephant,images/art_painting/hf_00477.jpg,2f2a54d70ad6172e723e4ac554cc544dac5c3202a979261b95add9dbfc8bc281
478,hf_00478,art_painting,1,elephant,images/art_painting/hf_00478.jpg,258fca2b2d9e129ed9f665ca0bf25545a32a2f279d8e393a946acd49a35220be
479,hf_00479,art_painting,1,elephant,images/art_painting/hf_00479.jpg,50f032709ca26f84dac8942f69396eb70ca1b428faba3d1721a336b9af528ae5
480,hf_00480,art_painting,1,elephant,images/art_painting/hf_00480.jpg,0965c8ad40eee71add8c99708003693e525d8349f0af9f8a4b4ac50cc5a50f64
481,hf_00481,art_painting,1,elephant,images/art_painting/hf_00481.jpg,08cc5442abd1cf780f7bf8c1305d0deb28c6bb50935e0302541280c286d4d199
482,hf_00482,art_painting,1,elephant,images/art_painting/hf_00482.jpg,a5947735577f984fde72269a0c3712b5043325eaeafcf1e8019132e05d1e873f
483,hf_00483,art_painting,1,elephant,images/art_painting/hf_00483.jpg,5fd17ce9eb00959051a15d3f90b119df4e80ee9799b623aebf5c6df29292514c
484,hf_00484,art_painting,1,elephant,images/art_painting/hf_00484.jpg,a4713c496664dc6f4ef632007cccb3692980f50b1917bc4bc093d1c7bc6065f5
485,hf_00485,art_painting,1,elephant,images/art_painting/hf_00485.jpg,367999cbec90075df7b70349313fba906305a9865c2a615ed61b7139d33435e6
486,hf_00486,art_painting,1,elephant,images/art_painting/hf_00486.jpg,abe0ca6fbd00d64d472a4588aa60536b9d4e399db4506cc7bf3be6c405d5197e
487,hf_00487,art_painting,1,elephant,images/art_painting/hf_00487.jpg,c61599df625114e0e9933636f9ce8c2bce67349352d29643dbaa7d02aa39be00
488,hf_00488,art_painting,1,elephant,images/art_painting/hf_00488.jpg,f56f968bcc169f0a3d84e8c7e90c0587f3bd349e12c2fa1ae5d604ef823bd3ca
489,hf_00489,art_painting,1,elephant,images/art_painting/hf_00489.jpg,287833a8a6c25c99be3a50b3ff9a7e394bed0aa73726e74fe824b5854a66a0b0
490,hf_00490,art_painting,1,elephant,images/art_painting/hf_00490.jpg,b469879b2286fd9129633393200becaeae6908dd568d6b115d7309959422a0ff
491,hf_00491,art_painting,1,elephant,images/art_painting/hf_00491.jpg,e3723ff586ceba56cf3525db576f96bbc63e6ff17463e66d4bc6e805b2359b70
492,hf_00492,art_painting,1,elephant,images/art_painting/hf_00492.jpg,15255f2248a4fd4fbaa476a1055edc4774d275845c9bef5026f8d0c353ee1157
493,hf_00493,art_painting,1,elephant,images/art_painting/hf_00493.jpg,18b052189cc9f6b08883c6575fe798289b2715081fca64f785d60f88554de448
494,hf_00494,art_painting,1,elephant,images/art_painting/hf_00494.jpg,c4a705d387f1ef80bdfceda4b0d303b16a88c420b103fd66be5bb67406d2f025
495,hf_00495,art_painting,1,elephant,images/art_painting/hf_00495.jpg,193e5b8e1306af18a2a58138b3427f09b8e2a400f43c0b24fcc5673fa6710365
496,hf_00496,art_painting,1,elephant,images/art_painting/hf_00496.jpg,79f4d4c5ec13de304a3fe1f1ae55ec111f23e9209ee303ed1e9a714cf1d6d40e
497,hf_00497,art_painting,1,elephant,images/art_painting/hf_00497.jpg,bd81798389ba6d30525972e75960d0001f99cc92b90f3f7ce9428adb3c0a4e73
498,hf_00498,art_painting,1,elephant,images/art_painting/hf_00498.jpg,6addecfe4b45ad36be8a694fea35af07340d1f4a15cee66d6946fd044f86d6fb
499,hf_00499,art_painting,1,elephant,images/art_painting/hf_00499.jpg,9992dd24d7374499b7ccb35197b3bc4d5f5c26dba2eabf56abd503bd99959ee3
500,hf_00500,art_painting,1,elephant,images/art_painting/hf_00500.jpg,c85616f18c97463b71a52d8c694dc65df3323c7935df74b699004eabb161873f
501,hf_00501,art_painting,1,elephant,images/art_painting/hf_00501.jpg,3d0a278acdbc82d2411ccf4bf749ce7a11b23d2d663f4e477c6437bf33016016
502,hf_00502,art_painting,1,elephant,images/art_painting/hf_00502.jpg,9f64c88d8adc9661f1af4fa92abc1a1d97c669d5328b2a205469326215bbb3dd
503,hf_00503,art_painting,1,elephant,images/art_painting/hf_00503.jpg,93128c28d948218854bc5c3ad4f0ef9429834db720f77a4a40d6688e4aaecdc2
504,hf_00504,art_painting,1,elephant,images/art_painting/hf_00504.jpg,72ecc9eae7882450b8f7abb8a3a2c93c4b1db9b37659430e4f0e4749a3c6d389
505,hf_00505,art_painting,1,elephant,images/art_painting/hf_00505.jpg,2b77107d81ec61820bb7d63c8cb8151237749486d9d9faced81e7cbec62003db
506,hf_00506,art_painting,1,elephant,images/art_painting/hf_00506.jpg,f621d642093f0d421f8991535460da068a16eefd9ad1a103e718a95ecb0ed365
507,hf_00507,art_painting,1,elephant,images/art_painting/hf_00507.jpg,3fe8c88abea5cfab8391a0af0ae22aed09c6248edee8f15cc5dc462c29be8f60
508,hf_00508,art_painting,1,elephant,images/art_painting/hf_00508.jpg,7bcf6d22c1bd503c24d6bb78bcefa08017c902355e44cea4bed8bb14e8bb93a2
509,hf_00509,art_painting,1,elephant,images/art_painting/hf_00509.jpg,71316d03b7c7e425e62787846b6cc8cfea2b9facf6d072a1c7efe61dc5c116ae
510,hf_00510,art_painting,1,elephant,images/art_painting/hf_00510.jpg,46d0d9b8d4a52bc83c70a180cdd8d31116cc4e10a1f840640fce113d63200bfc
511,hf_00511,art_painting,1,elephant,images/art_painting/hf_00511.jpg,700b9ed8c0ee75182ceeeb9319b7764ab6d38b5fe0abb431ec862f6113f66706
512,hf_00512,art_painting,1,elephant,images/art_painting/hf_00512.jpg,691c58df44fb8e19156b23c252ce3bb59a3e54366fbb614de42c001185b4a6dc
513,hf_00513,art_painting,1,elephant,images/art_painting/hf_00513.jpg,6efc35e209d8ea82b71182528ad92446376567a03d217054d06285c390611824
514,hf_00514,art_painting,1,elephant,images/art_painting/hf_00514.jpg,e4de9511601c63bb07f9cc97d103d3e646cbabeda1e97b380db72d995cccd6a7
515,hf_00515,art_painting,1,elephant,images/art_painting/hf_00515.jpg,d5bd4aadde7241ecafdf9f10da0daba19e6f9f9847ef634092ef5e39cc590f8e
516,hf_00516,art_painting,1,elephant,images/art_painting/hf_00516.jpg,10bf40e2db4b0b5211d14a1d72c002bfe8c90453ef198ecdde8fac8e6729f4ad
517,hf_00517,art_painting,1,elephant,images/art_painting/hf_00517.jpg,9e7fe5cc32ec0b12115f53f5a43707025f62be7f2e8d201bff5ce9af9e162d71
518,hf_00518,art_painting,1,elephant,images/art_painting/hf_00518.jpg,53d36623aa890bcf25183d16a9e46360c9802707405fd8dadd4fe68f5ed47105
519,hf_00519,art_painting,1,elephant,images/art_painting/hf_00519.jpg,6ecdb2ef3f622395ec73b3d80c4a8cbb270e85121ef20016eb06388a2681a375
520,hf_00520,art_painting,1,elephant,images/art_painting/hf_00520.jpg,4f7a3aab067ec79f97b31c0a58f1358372204b184f084c69c428d2d94efbd25b
521,hf_00521,art_painting,1,elephant,images/art_painting/hf_00521.jpg,75b49ac50d1a681afae8e8a128a74423d711c73c4b26dbb50e7042d89f0f8650
522,hf_00522,art_painting,1,elephant,images/art_painting/hf_00522.jpg,017a2c822b4ad5abfec4cb4fcbfc24a22b613d84f5f1d38a8a8ec84327b5579c
523,hf_00523,art_painting,1,elephant,images/art_painting/hf_00523.jpg,c12daf352f37dc200ab2228da38a6e9946b5f1279b85bc45240d8a9e2b1fc8a4
524,hf_00524,art_painting,1,elephant,images/art_painting/hf_00524.jpg,584a212ca671c4a32bb4f5af26cac0cd8d430580805f919f43d503ce3cd93d69
525,hf_00525,art_painting,1,elephant,images/art_painting/hf_00525.jpg,a8f07a2e5034cb35d71e599af45b940199223fff01f7634da004e5a1cefd5c4d
526,hf_00526,art_painting,1,elephant,images/art_painting/hf_00526.jpg,989bc3cce8637f1fde602b16126e7c8e7069cf6f784dc3041ec435f5c8a1893a
527,hf_00527,art_painting,1,elephant,images/art_painting/hf_00527.jpg,9b52333be8e4ecabb478729f821946815134c9fc7d40f5ab0400daa521b10548
528,hf_00528,art_painting,1,elephant,images/art_painting/hf_00528.jpg,6819a94926aff0d6b988367a824c7d36179d08ff9d8f779b8534eab3d308a06b
529,hf_00529,art_painting,1,elephant,images/art_painting/hf_00529.jpg,3eb85a0f0ea9463f0e152c11e63d18999ff3d0fc3e7b4b23de2cfa3edc49cd36
530,hf_00530,art_painting,1,elephant,images/art_painting/hf_00530.jpg,22f24c6eb78cc32661aa077753b46dfa37a959448578aedaffc4cb65637b8ecd
531,hf_00531,art_painting,1,elephant,images/art_painting/hf_00531.jpg,a8721871d410b4dd638dd6a76bf20755d24135f03a8e3bd083e0495393d9e29a
532,hf_00532,art_painting,1,elephant,images/art_painting/hf_00532.jpg,0b37e6b7aa602c047737a7ab901747b3671c24051985431aaf0e92d355250992
533,hf_00533,art_painting,1,elephant,images/art_painting/hf_00533.jpg,327d098169ba5789530ee7bad587b119c4466796002207ca94d6ea6ebcc98b9b
534,hf_00534,art_painting,1,elephant,images/art_painting/hf_00534.jpg,9c6aa2daf39378c58927e4cf608b356601128827198b10e0cf9211ee2a8982a2
535,hf_00535,art_painting,1,elephant,images/art_painting/hf_00535.jpg,a795606341608025b1aec18294bcbc630b38981189f29b4a03d177dfae9b487a
536,hf_00536,art_painting,1,elephant,images/art_painting/hf_00536.jpg,e11b48d59f5ccb595adfc4215808fc2b71cade7fb92baff418f2a7502a016d9a
537,hf_00537,art_painting,1,elephant,images/art_painting/hf_00537.jpg,d14c79dec2a74ffe228d206036b2ffbbf4d7b7658f8c05673fec34ebeb183400
538,hf_00538,art_painting,1,elephant,images/art_painting/hf_00538.jpg,c31dd606d55919d2824c060930be90de4bd65fa03e98249d84a3833eb810ab89
539,hf_00539,art_painting,1,elephant,images/art_painting/hf_00539.jpg,0f90de359bb1924874f9e8a6bed1f2f0b18235cb9b18da83f265de1eaedf9d37
540,hf_00540,art_painting,1,elephant,images/art_painting/hf_00540.jpg,14548510eeaedeecb0da2e7a683362ca069ebe937fa3b6f1ee4df01c8cc6ab4b
541,hf_00541,art_painting,1,elephant,images/art_painting/hf_00541.jpg,72a8cd27ca3245eda8b9f690be7fe700c02e7793c463f674ac9f8a17812830d7
542,hf_00542,art_painting,1,elephant,images/art_painting/hf_00542.jpg,771686d717116f8f8813f1b2236f9955e2cf4e6abbc3484f09de434afd60fdb8
543,hf_00543,art_painting,1,elephant,images/art_painting/hf_00543.jpg,53813e4f39b40c3cb35c29c5cd86d7f30396081a0a3ce14816685c70efc90cc2
544,hf_00544,art_painting,1,elephant,images/art_painting/hf_00544.jpg,2e44385321a6c05176ebd2a1774eee540546253d4397dd358cb1a0b3358aef75
545,hf_00545,art_painting,1,elephant,images/art_painting/hf_00545.jpg,4d8a22cc470ccac4b2c6b8d9535b9d39558af5a0253775e4fa6580019dfc790b
546,hf_00546,art_painting,1,elephant,images/art_painting/hf_00546.jpg,e39f2a7f1f07caa58626ec5f6df9c53552dce7adb3bec400fc4a0ea200ddcb35
547,hf_00547,art_painting,1,elephant,images/art_painting/hf_00547.jpg,8e8a30221e941ddc791d6ad17e9c2d36cab3ee9f4c292e038e0c160e01d70461
548,hf_00548,art_painting,1,elephant,images/art_painting/hf_00548.jpg,c28a61c2ccedb41b87c7fbaf2ecf935a729cc64b8bae42ffac4ac0f23b9964ca
549,hf_00549,art_painting,1,elephant,images/art_painting/hf_00549.jpg,8d746e92d7d978916ea94608cf69427bfde1a08cba41b59f612dd7367c22134d
550,hf_00550,art_painting,1,elephant,images/art_painting/hf_00550.jpg,d14b6f0135fc9e84e0b6c11fbe6e3862e7a72cb62bb5809d01bcdae6c68b51ea
551,hf_00551,art_painting,1,elephant,images/art_painting/hf_00551.jpg,bd866eaa4c95b9d1f0ae33026377840fd822f4990670a64ca129e87feedce6ce
552,hf_00552,art_painting,1,elephant,images/art_painting/hf_00552.jpg,bc65ef4a1d1d52997492501ecb5601a38456abe6e8e2a1ddafb9e0e9ee8f1571
553,hf_00553,art_painting,1,elephant,images/art_painting/hf_00553.jpg,ead4adb76a651502b047fd1f7269a74858bdae39e504eb98b8c036e7b5030746
554,hf_00554,art_painting,1,elephant,images/art_painting/hf_00554.jpg,429483c50f5263f263e3d5294cef21a4c37c25a781740514300bee3ced6f3645
555,hf_00555,art_painting,1,elephant,images/art_painting/hf_00555.jpg,5c8c488c75441f4f9188088bfadb81acdd94a4aeb04743ba8fba887b6b15b8e6
556,hf_00556,art_painting,1,elephant,images/art_painting/hf_00556.jpg,8084cc1252c8a6437859ced8a579676085b1d81798f1c5b8154ba5a3011adc9f
557,hf_00557,art_painting,1,elephant,images/art_painting/hf_00557.jpg,e824244b95a1b224118a77e9b825cd551f39ac2e11503834570d8f6cd92340a2
558,hf_00558,art_painting,1,elephant,images/art_painting/hf_00558.jpg,37e0c1f70aa9f88ec9fd242103f9e40d3a13a4c01e895fd5d0830c8b1b156248
559,hf_00559,art_painting,1,elephant,images/art_painting/hf_00559.jpg,e09a5af021884e1659cd746f7372e621f9283ebd4d655bdc60f04e68d7bf1205
560,hf_00560,art_painting,1,elephant,images/art_painting/hf_00560.jpg,97b011570a3092beeb7cc9f93c6259ce1d561b6fb515b85bdf30999a7a77d663
561,hf_00561,art_painting,1,elephant,images/art_painting/hf_00561.jpg,0b28a4ab4cc77dcb568e8ff96078d6ea0c31bdb8ccc8b3b2acc41f2d22b630b8
562,hf_00562,art_painting,1,elephant,images/art_painting/hf_00562.jpg,d328644d578c2950f3c264e24c851d41ec42c57368d82349ed0cd4b98c234f83
563,hf_00563,art_painting,1,elephant,images/art_painting/hf_00563.jpg,040642caf6f29f626c92c16a9b4bf527699c3751864196b109e3e1858821b13e
564,hf_00564,art_painting,1,elephant,images/art_painting/hf_00564.jpg,1fe6df342bf3d2af0b6dbfd1f345e121cfd575df9ad7d074dcf5ad99c4272c2d
565,hf_00565,art_painting,1,elephant,images/art_painting/hf_00565.jpg,3ab7eaaff752427be104456aadf126da6f6f73f10458e97bc6095a5c57302b67
566,hf_00566,art_painting,1,elephant,images/art_painting/hf_00566.jpg,daf1c0bee915bbf66a17f4c9e672121d055ac4d58a78dffcd9f7572cb0649135
567,hf_00567,art_painting,1,elephant,images/art_painting/hf_00567.jpg,f06def7b1e23d2890aab45737fce0208518bcd68f7548844f8a0b5c6a6df0e4a
568,hf_00568,art_painting,1,elephant,images/art_painting/hf_00568.jpg,d2570c26e02d7443db07a610cd7611bd9cd6f3bfc8b6daefe85b0c6cd7cca014
569,hf_00569,art_painting,1,elephant,images/art_painting/hf_00569.jpg,ade1d469242f63ce92f883cea788215ccb06c9e34b8d814ea31cba8d7b99c053
570,hf_00570,art_painting,1,elephant,images/art_painting/hf_00570.jpg,9e309e7dc953443cefe89102293577fd2d5b0263d044eefca49dfff103d19bd2
571,hf_00571,art_painting,1,elephant,images/art_painting/hf_00571.jpg,885b478fd6475cab55698a6bb136b4dedbaf75fd6790e703c89feffdf00ab27f
572,hf_00572,art_painting,1,elephant,images/art_painting/hf_00572.jpg,e15cf57a99859d224f8fab740abd71d9591a7d887c47ce4eb5ababf9e95d7766
573,hf_00573,art_painting,1,elephant,images/art_painting/hf_00573.jpg,c212b99f74d9d174b873cfbd2b5b145308ff78827cafb750153cfeab77483be7
574,hf_00574,art_painting,1,elephant,images/art_painting/hf_00574.jpg,8a22bc2bca21d5e2153a53754f19b59d0bac765a033431d639641f258328b314
575,hf_00575,art_painting,1,elephant,images/art_painting/hf_00575.jpg,fceb5afba44a9728b31a48d3a67222305560dc77615a0e4717a257e04ddb63e6
576,hf_00576,art_painting,1,elephant,images/art_painting/hf_00576.jpg,2963355c6889f9dee61e37450e2432b3c80698d8d5735e3b648eb9eba094f98a
577,hf_00577,art_painting,1,elephant,images/art_painting/hf_00577.jpg,8168922367f94f36e5542cde6b7493e04418dc7737767f7687ad5e9a5e14778d
578,hf_00578,art_painting,1,elephant,images/art_painting/hf_00578.jpg,32e5d727ec97d38a7bb3199877c1b5d1d469b918f527a41b32eb33cc2bf6c56c
579,hf_00579,art_painting,1,elephant,images/art_painting/hf_00579.jpg,a9ee1a73aaccb3db59fdc7bc388da255d5646b50dcd551bf7ba9be1f37223496
580,hf_00580,art_painting,1,elephant,images/art_painting/hf_00580.jpg,1542d93386f1cbc09947bc2ddcf1f7a00689f73f1afcc48fac73750b83c0bdb5
581,hf_00581,art_painting,1,elephant,images/art_painting/hf_00581.jpg,772f090239578a37991c7fdc826afc636c2dcadf2d5a936d064f7bb5553c36ac
582,hf_00582,art_painting,1,elephant,images/art_painting/hf_00582.jpg,d60bba5b18266c515ec275985f83f6b9860bf12ba129f1df72f294d8c4833fa8
583,hf_00583,art_painting,1,elephant,images/art_painting/hf_00583.jpg,4cbfebecef093525710d45b23d34048667d37352a498bbf63de6e8efa9eae57d
584,hf_00584,art_painting,1,elephant,images/art_painting/hf_00584.jpg,2722db04e053fadc8afb5a2b49bb1e4cb58fd115d9716bf2526d48d09992e463
585,hf_00585,art_painting,1,elephant,images/art_painting/hf_00585.jpg,21d88284cf09f43b946deb8b3f022734b6a70889d65620ee6686b77a06c14b08
586,hf_00586,art_painting,1,elephant,images/art_painting/hf_00586.jpg,c79813d52771be266747e15cdf8230e24cb8f8b857199721f94cfa96e85a63a6
587,hf_00587,art_painting,1,elephant,images/art_painting/hf_00587.jpg,6d0d4c3571846dabe9e092a08b5e1b4047077d1b2fd5ac4e6ebe258044b4d77c
588,hf_00588,art_painting,1,elephant,images/art_painting/hf_00588.jpg,01d74c7939fe7afbcaef9e77a832183e7b6e3a7bf66eaa1d081ea60e038d1a18
589,hf_00589,art_painting,1,elephant,images/art_painting/hf_00589.jpg,a52258ad66d83f1282992a92cd7ffc6f2534cf3d88c134e8733387e9339daf4d
590,hf_00590,art_painting,1,elephant,images/art_painting/hf_00590.jpg,bf19523ad22b02d40ec03bfa9c5c26dbd32403e0123a87ed3f27616df9aaaf5a
591,hf_00591,art_painting,1,elephant,images/art_painting/hf_00591.jpg,67df76b820216b491caa49462e3af16f625d6a68a82da1ae08bf3a7c22204c07
592,hf_00592,art_painting,1,elephant,images/art_painting/hf_00592.jpg,55f4c9114f140e5f19076996dba54efe1e74c5e0bc5892ff32a726368d337b9d
593,hf_00593,art_painting,1,elephant,images/art_painting/hf_00593.jpg,2cca1583d2f54f931aa86b7e73f123828999a6702fbe024b6c688722967ca7ff
594,hf_00594,art_painting,1,elephant,images/art_painting/hf_00594.jpg,70399bd52f2f1a09d30525b4f79f260ee254869fac503b772bcf869e5c6efe06
595,hf_00595,art_painting,1,elephant,images/art_painting/hf_00595.jpg,861f47c58e680c73856183c863fd389b5141ae0b3d6bf55916dcc29dae656ff0
596,hf_00596,art_painting,1,elephant,images/art_painting/hf_00596.jpg,3da140533f5b0762d85e0dfc264f24ef44c446a0ce1823945095d323b88e39e3
597,hf_00597,art_painting,1,elephant,images/art_painting/hf_00597.jpg,4cf2130df44d4d097f12ff1fa7957d22a79c31ce769c10a6dbffde68870eecd4
598,hf_00598,art_painting,1,elephant,images/art_painting/hf_00598.jpg,0f0ccc45b1066e04b29552011de8f5838880a4501263e64f6689eac28488f5ee
599,hf_00599,art_painting,1,elephant,images/art_painting/hf_00599.jpg,278a8913f4106ac6c9c14a94cadb59500920f0108d14eb86bbf0fa1c55584281
600,hf_00600,art_painting,1,elephant,images/art_painting/hf_00600.jpg,eaa6cc7f2c28585b4919125cc49e5c4a45eb040dfc76043351bbd05ab416b39d
601,hf_00601,art_painting,1,elephant,images/art_painting/hf_00601.jpg,1a572be219a48fd5351445590d6384cd494bf186f9b57c2a041fc8be51ab4685
602,hf_00602,art_painting,1,elephant,images/art_painting/hf_00602.jpg,da083463a7688fdd6c869ea3cda7af4a5a7546194ceb0c1c4f2c093a7321a9f8
603,hf_00603,art_painting,1,elephant,images/art_painting/hf_00603.jpg,1bc44b538a27aa02cb34ed3ef636c81d5d11fb0bf868351335681c93f619c2fb
604,hf_00604,art_painting,1,elephant,images/art_painting/hf_00604.jpg,bd45fc68b928e89c2b0c90ab8bf2b5d7e1694e29fee72fe2a9977d06bae42e14
605,hf_00605,art_painting,1,elephant,images/art_painting/hf_00605.jpg,68de63071b66ce4d59458f8e5bfa9ac2117fc7a7f442f087169284e385050bb7
606,hf_00606,art_painting,1,elephant,images/art_painting/hf_00606.jpg,c5d02af05fbb54b2578fb97f3f2b6d84417fe7f8d151f8ce81013a943c53b6d8
607,hf_00607,art_painting,1,elephant,images/art_painting/hf_00607.jpg,3d3432ec23f07f646539c6b001c92727d5884a855c8bbebd7f91c3e91e0e74f7
608,hf_00608,art_painting,1,elephant,images/art_painting/hf_00608.jpg,1946348e61907b1e9ed329a2f04327aabd24f04720ebd5950ae6dee83027cf51
609,hf_00609,art_painting,1,elephant,images/art_painting/hf_00609.jpg,93621edfa5ddc89cdff491362ebc18babcb676b40a032f9423304024ab046eb7
610,hf_00610,art_painting,1,elephant,images/art_painting/hf_00610.jpg,33b4551c4703d5ce326e7c1260ccb1cc2b91515f7681eb3975627e51ca0fda9c
611,hf_00611,art_painting,1,elephant,images/art_painting/hf_00611.jpg,0598d5743c178ad34b63616e3ed70fb82ee4cf8ebc00b3ec7b910638400e4485
612,hf_00612,art_painting,1,elephant,images/art_painting/hf_00612.jpg,49ffffc272c7ae8f9dc0bcb48ae1408d25898ffb1ea7672da391bac6c7640e45
613,hf_00613,art_painting,1,elephant,images/art_painting/hf_00613.jpg,abfa545ac0336710a8bc318ae4d411a35b9ffcd181b995c19d0a279195a3a26a
614,hf_00614,art_painting,1,elephant,images/art_painting/hf_00614.jpg,fa6d69c94351837c3ba26ed8b725d8b70e3128d41f868334f8efa4c258e3918e
615,hf_00615,art_painting,1,elephant,images/art_painting/hf_00615.jpg,3f2f25909c135a02db35b9c1e29aba6642e964dfa0fc14efecfcc9305878a7f8
616,hf_00616,art_painting,1,elephant,images/art_painting/hf_00616.jpg,7573c7c6f77c7ff0adc05f98e207a78725919165bbb4ba38727e5d33f0ae3d9f
617,hf_00617,art_painting,1,elephant,images/art_painting/hf_00617.jpg,42081663bb12f05425989c35ce11b288ee1daddf658cc9943091e6734b841045
618,hf_00618,art_painting,1,elephant,images/art_painting/hf_00618.jpg,e30b8bfdb16be60d483f90a0e2573117d3854f0e3caa735b542f7d26c389694d
619,hf_00619,art_painting,1,elephant,images/art_painting/hf_00619.jpg,337016f8be51ac15d8d3b82fcdd92ce4a5dbd3f8a2519427705d306e9466b32e
620,hf_00620,art_painting,1,elephant,images/art_painting/hf_00620.jpg,9c9f789732ceedbf0ba3958ea9578deb8a641992fc6e3f65f9415d409e003f2e
621,hf_00621,art_painting,1,elephant,images/art_painting/hf_00621.jpg,76e4a714fc7d46b9ec9fe7a1cf6a160d6cd7bc9c295dda67aa5b2a475a8229ca
622,hf_00622,art_painting,1,elephant,images/art_painting/hf_00622.jpg,c3c84aac1ddceec8c6b1f0b114e21d43c5523872c2d4fdf01a75408d431abd3b
623,hf_00623,art_painting,1,elephant,images/art_painting/hf_00623.jpg,0094c3205610154d8fe6ab74175de30f95420c9cfced18390ea241140aaaaf10
624,hf_00624,art_painting,1,elephant,images/art_painting/hf_00624.jpg,c2c4c8fa1ea0368e97de870fecbcb00eed45f15ee70083f4fb1167f43b6459e2
625,hf_00625,art_painting,1,elephant,images/art_painting/hf_00625.jpg,d047c23d0d335014d5e828312dfbc0c6d06b955420a44ff055ea01e1f7e4d03d
626,hf_00626,art_painting,1,elephant,images/art_painting/hf_00626.jpg,f2a0bbd71962f51a8956887bae27c11f5032e66c6e805fb399b5068e071fcbd6
627,hf_00627,art_painting,1,elephant,images/art_painting/hf_00627.jpg,2d35ef6e7ad4ae5dbb0e10e1644ae935325eb7fb9c81ebb9b2017fae051c592f
628,hf_00628,art_painting,1,elephant,images/art_painting/hf_00628.jpg,a87469943c69ddb73532229956dbd855682d611c8c1c233092d64d39bf78546f
629,hf_00629,art_painting,1,elephant,images/art_painting/hf_00629.jpg,e0ae9e4a17ac7cec514cea20859be82323b85f205cd2325a0b80a1aaf14d9bcb
630,hf_00630,art_painting,1,elephant,images/art_painting/hf_00630.jpg,d2282d08c8e68d0a1e3602614764916a2d79eba62f42a69d8ae609a42ee7e31d
631,hf_00631,art_painting,1,elephant,images/art_painting/hf_00631.jpg,8bc2211e8cc0fe7c38452e54936d370a5f25510ba1e73ad177f5bdaafc25472b
632,hf_00632,art_painting,1,elephant,images/art_painting/hf_00632.jpg,35144f2d3c3747cc908a4a4db62d444c1011bd9fa9437e0938d26b5583e6b8d9
633,hf_00633,art_painting,1,elephant,images/art_painting/hf_00633.jpg,c02ec34f7f52b6fb7828e932622840824df2bb039e5a6cb866cf93d7b0bec774
634,hf_00634,art_painting,2,giraffe,images/art_painting/hf_00634.jpg,3b4911716176d6a862aa8068e595ac1366541ed4bf7f8bbffa115c49af0daca2
635,hf_00635,art_painting,2,giraffe,images/art_painting/hf_00635.jpg,0cf08178beceed35bc874f01efc95b4145afc6c11ae43d3914117526420daf1b
636,hf_00636,art_painting,2,giraffe,images/art_painting/hf_00636.jpg,d4a1dd74782e573457b36d4eb87c2fcf36527d05599433bbc3ee9748a1ded9fa
637,hf_00637,art_painting,2,giraffe,images/art_painting/hf_00637.jpg,3471dd6d031c90f98cd5059f038d8a209c735900355b781a6c50624fa6be2fe0
638,hf_00638,art_painting,2,giraffe,images/art_painting/hf_00638.jpg,f286bce65c8c16f6804587193caab2a6ec946a3a098ef5643dcdd7edca9d02df
639,hf_00639,art_painting,2,giraffe,images/art_painting/hf_00639.jpg,53b2002749d5098064141ac293bd6fb2e2c149b725e2821a8a89bdbb1db77a2f
640,hf_00640,art_painting,2,giraffe,images/art_painting/hf_00640.jpg,c648e827e5e625fc39b83543de0586f33afb8adc5abf71830bb555472bdf338d
641,hf_00641,art_painting,2,giraffe,images/art_painting/hf_00641.jpg,badc3c57f5761c187f3f9b9c336b9b509aac1d2aecd5e61af560d917abc161bb
642,hf_00642,art_painting,2,giraffe,images/art_painting/hf_00642.jpg,37a47d169e465b3467734f926d1419ef9299e7502fc98cc6e9d6585ef51969c9
643,hf_00643,art_painting,2,giraffe,images/art_painting/hf_00643.jpg,a5145aa25c7d20022e4df4a4168c2aaa37330652e4c735176c45b764500a083b
644,hf_00644,art_painting,2,giraffe,images/art_painting/hf_00644.jpg,b08ce177baf546c3c2561e7088cb96d94beb5e1eb041b612af7be8969831f6b2
645,hf_00645,art_painting,2,giraffe,images/art_painting/hf_00645.jpg,fa1215dc17a5cd798135cdacabb355eddeda7d87a1b50b8045983262829410f8
646,hf_00646,art_painting,2,giraffe,images/art_painting/hf_00646.jpg,5a931542893296ae5d73d2e428877e9cb7960c8e6cc540cef20a9be0bf09b5bd
647,hf_00647,art_painting,2,giraffe,images/art_painting/hf_00647.jpg,28d12b92485d3ec628fb066ca458067443b82b4278f59858d3742eba6af4f165
648,hf_00648,art_painting,2,giraffe,images/art_painting/hf_00648.jpg,a271ca2cef3bb408dcf1e3f4a8d8007d89e9d11fbaecfbc00193b02765362c24
649,hf_00649,art_painting,2,giraffe,images/art_painting/hf_00649.jpg,b919e0b168dc12dfff7c9a4267bada80e5c24c3b75b4e06dc389dafd80a1943e
650,hf_00650,art_painting,2,giraffe,images/art_painting/hf_00650.jpg,badbc26eec9cbc962aef132a22a9f3a01d16b8bc3acaf01753d2b9694dccd3ef
651,hf_00651,art_painting,2,giraffe,images/art_painting/hf_00651.jpg,c5670eeb3d65e3259eb94671b16c544a31ab63b043025c940e79f0195c9ca896
652,hf_00652,art_painting,2,giraffe,images/art_painting/hf_00652.jpg,3e2314964bd3823000055541480b07bf87af80c2a3a5fbbb8b2964b8954057c1
653,hf_00653,art_painting,2,giraffe,images/art_painting/hf_00653.jpg,520f36129ede6d3f104b2d7067d69876a1f2887853b1ab164f48730cf03f3cec
654,hf_00654,art_painting,2,giraffe,images/art_painting/hf_00654.jpg,08761d52f1aba5befb719d44e3a5a4cc8b9478b946a6f73ab55ef1493372878b
655,hf_00655,art_painting,2,giraffe,images/art_painting/hf_00655.jpg,882bf4894ea8414b2e2821ab7141f1ea8c00d491c597eae05e0a88faca56b72d
656,hf_00656,art_painting,2,giraffe,images/art_painting/hf_00656.jpg,fceff52c5c6b5b5bb4ffc7019f2b9f2989e1191aa66f94563effaba42bb94879
657,hf_00657,art_painting,2,giraffe,images/art_painting/hf_00657.jpg,233651c5b973d58ecef788ee02b8571158ce8b29ed3c2ab839e36b0b9656be33
658,hf_00658,art_painting,2,giraffe,images/art_painting/hf_00658.jpg,6212d413152fcce3ab3b5f2608946d7c59a956ca664db7f3332ef65a2ece32fd
659,hf_00659,art_painting,2,giraffe,images/art_painting/hf_00659.jpg,59e52569bead34a2ddc970cc7c6f296c7abccb57677c70a5f1cdb657555f13c9
660,hf_00660,art_painting,2,giraffe,images/art_painting/hf_00660.jpg,52627e183efcdd9bc2f2d2151b002906d358a06441e88f0bdc0b1f167abe5c5a
661,hf_00661,art_painting,2,giraffe,images/art_painting/hf_00661.jpg,61e51ce6db7c9f3587f77d6aa8dfaaef41d4a31e7fe995a49016e5e6cb1345d9
662,hf_00662,art_painting,2,giraffe,images/art_painting/hf_00662.jpg,d53c84b9b6b1be714dd3e24d6b877b5decd1f2d16a0222fa1f8fa2aa077aa237
663,hf_00663,art_painting,2,giraffe,images/art_painting/hf_00663.jpg,1fd0de30cf2e592115bcdc3791e2df603bf6f114efc70bdb433a7263cce7963a
664,hf_00664,art_painting,2,giraffe,images/art_painting/hf_00664.jpg,56ba7fdf8139faa556608cbd49edb2f44bc276da96fbbfd2af7bbb1ba5f91711
665,hf_00665,art_painting,2,giraffe,images/art_painting/hf_00665.jpg,a3a6e58513bb17b60d1f194c686ebc258575f8585cdd0d3056433c6928144a49
666,hf_00666,art_painting,2,giraffe,images/art_painting/hf_00666.jpg,4ad883544ccaa4d91f8b6a8b7d4c9226439e276e6188dd95f4154be0f97243fd
667,hf_00667,art_painting,2,giraffe,images/art_painting/hf_00667.jpg,2b5d7031a38fceecfac880a105e77c0703d26aa4526f167693ecdb4bc3ea053c
668,hf_00668,art_painting,2,giraffe,images/art_painting/hf_00668.jpg,5d9b7f116c01ac7d8805d9322e9438ccfa50512da87bb1156fe669979e6c7727
669,hf_00669,art_painting,2,giraffe,images/art_painting/hf_00669.jpg,66dcea659280b8e949bc0c6934f5d0cf0b45690b3784855101f56685ae66fba0
670,hf_00670,art_painting,2,giraffe,images/art_painting/hf_00670.jpg,9d54cee9abd68c6307197b3116b8f71693d2a5e9493174e15d6b765bfa87e967
671,hf_00671,art_painting,2,giraffe,images/art_painting/hf_00671.jpg,aefa73de790aa929f792d5680e25ea260170716d1b44b1bf02a98751a2782e4c
672,hf_00672,art_painting,2,giraffe,images/art_painting/hf_00672.jpg,c405898c7f5f6be610d142df9d7e2cd6ef60424c262119e37da37e8d89a79b5c
673,hf_00673,art_painting,2,giraffe,images/art_painting/hf_00673.jpg,5f8a3b2da35665359478c3761f4e36f8bc555b78a1a1068ca42fb45616c74c02
674,hf_00674,art_painting,2,giraffe,images/art_painting/hf_00674.jpg,4881313a6f416975dcb0380f46de966bc0037c94fecce47a73cb0c5dfe449407
675,hf_00675,art_painting,2,giraffe,images/art_painting/hf_00675.jpg,2029936b34fb024b1927e403b515dd3fe91825d5bad03dce65474a20a8ec9f77
676,hf_00676,art_painting,2,giraffe,images/art_painting/hf_00676.jpg,c5c86c9af02be5a5444a9c2275cd0af1d66a7ef50f4d59c95a7d0c56065640aa
677,hf_00677,art_painting,2,giraffe,images/art_painting/hf_00677.jpg,9a2aad529c15ca5f01f2c707455144cd371c12ee91315d02decb7186387dd14d
678,hf_00678,art_painting,2,giraffe,images/art_painting/hf_00678.jpg,85fddc1c2557ac49fd98c5380f665f5c44ca97fcb837160bb8ffaae89a972822
679,hf_00679,art_painting,2,giraffe,images/art_painting/hf_00679.jpg,8826d7edcfa6cc795590a952f2460bd8441d83f771eb7a2239bb5fa3060d0ddb
680,hf_00680,art_painting,2,giraffe,images/art_painting/hf_00680.jpg,740036c89a96ad9949c32e8d2ed15aecf0d99791ae9305e1dd40928edcd765a4
681,hf_00681,art_painting,2,giraffe,images/art_painting/hf_00681.jpg,812a43d0133515d214d1a246a44535872799446776e8ae23dbb7f3129dd92e89
682,hf_00682,art_painting,2,giraffe,images/art_painting/hf_00682.jpg,9956a4cfa7d9b90bf7b55bbf25df587f9cee2c2bb37c20a9548b8e99b1bcf7c9
683,hf_00683,art_painting,2,giraffe,images/art_painting/hf_00683.jpg,27f751493f37cd2e96ad91e084a92a5a613419b359ca3c88eacb5e9ea68d0ffe
684,hf_00684,art_painting,2,giraffe,images/art_painting/hf_00684.jpg,c6d74c040726c08eb7453f0c2affc79793dc8adc3b0994c4ad3caa07fa6ed2f0
685,hf_00685,art_painting,2,giraffe,images/art_painting/hf_00685.jpg,b44f87feab535ff467b3f36a133f3e7f79841b5b57059b3f4c0362833d0c9b2a
686,hf_00686,art_painting,2,giraffe,images/art_painting/hf_00686.jpg,3277ad6e9ad0229a7f5b05f06bb84b738091844f6e9b7c73aee3332f15142549
687,hf_00687,art_painting,2,giraffe,images/art_painting/hf_00687.jpg,9243af7d5c7c90436717ddb2dd1ebd8c4211950ea62bd572170ba6ce3b460d70
688,hf_00688,art_painting,2,giraffe,images/art_painting/hf_00688.jpg,7c5be477bdfe726936a4b49420618bc56b099f5abfacb2d359fdbdea7c561bd5
689,hf_00689,art_painting,2,giraffe,images/art_painting/hf_00689.jpg,58c2a1c6f416374d9970df248e350f8e12a528eb81f40c985547ae394731fb57
690,hf_00690,art_painting,2,giraffe,images/art_painting/hf_00690.jpg,ae5eb1053a207f64e9ff0bc631c9707f74de8bc4304a366a1bbe4ca760825fbf
691,hf_00691,art_painting,2,giraffe,images/art_painting/hf_00691.jpg,e0b5971bac21c23d2a4d6d58dad3cad0253d80dcae4dc3f40d387c2fa49feecd
692,hf_00692,art_painting,2,giraffe,images/art_painting/hf_00692.jpg,020327c2a969a7f197a6b4347befa5b7cbbc16a6a972b5bae182bd53952d1fca
693,hf_00693,art_painting,2,giraffe,images/art_painting/hf_00693.jpg,32f9e0918ff195f6f055aaeb9d97a151779c80776b360dc5c5cece3617109b03
694,hf_00694,art_painting,2,giraffe,images/art_painting/hf_00694.jpg,2f1691f6b5ff2a93f129a809228ddd7e68326b15e71d8504233a810699bfe851
695,hf_00695,art_painting,2,giraffe,images/art_painting/hf_00695.jpg,43410b36c2ec083b751f5fe653dc6bddedba8e5548533bc697f2fb58b948732b
696,hf_00696,art_painting,2,giraffe,images/art_painting/hf_00696.jpg,682e4ef282e0fdac59936600a5aecabb41a520144d9b29ebfcc7e7aca483897d
697,hf_00697,art_painting,2,giraffe,images/art_painting/hf_00697.jpg,c485a3f4d2aeecad5271fcaeb5915da7923bc360678e8bdcf00360e8c4c96fdf
698,hf_00698,art_painting,2,giraffe,images/art_painting/hf_00698.jpg,c6f3d00a766f3af9642e798a441ecdc1503fc482b208ebbfd3ab067d7e40d3b3
699,hf_00699,art_painting,2,giraffe,images/art_painting/hf_00699.jpg,fc219b9ad6d022c3363d5147711544219ddd744ada4976d82d59d4df3aa19eab
700,hf_00700,art_painting,2,giraffe,images/art_painting/hf_00700.jpg,9df8d773c4cb0610cc878349ba0dae7136fc9abba17164b869116a430bcfdfd8
701,hf_00701,art_painting,2,giraffe,images/art_painting/hf_00701.jpg,f7dfb02f157dab4a4890aa0cddcefae5c74bfc40bafc721071ebc4dd1538abc2
702,hf_00702,art_painting,2,giraffe,images/art_painting/hf_00702.jpg,8284a065e80bd4f800d55fc1d5de99479e0ea5f91d2077fe7a9fed32e35ede01
703,hf_00703,art_painting,2,giraffe,images/art_painting/hf_00703.jpg,50a0faaef69d68ee37c6e30cc87d137e987dbbd7621e520cfda39674e04bc4a7
704,hf_00704,art_painting,2,giraffe,images/art_painting/hf_00704.jpg,c925f9430cc62473a9ae2a14c76648ea07477dfc9cdb40c5951266cdc1b9f782
705,hf_00705,art_painting,2,giraffe,images/art_painting/hf_00705.jpg,e9ee75372f676859aa45a82debb554c6c1722c5eeef149465842f80a15506470
706,hf_00706,art_painting,2,giraffe,images/art_painting/hf_00706.jpg,c98aaca92bb62bc3d0f2ef1c41bfaa93b054ec5d237e43360e76310ae297bd8e
707,hf_00707,art_painting,2,giraffe,images/art_painting/hf_00707.jpg,438edc7c94f561d7ba71345d7d2af4bdedc241f4f8dc389214292f38bc0089dc
708,hf_00708,art_painting,2,giraffe,images/art_painting/hf_00708.jpg,870894f84eb9ffc238f4aa8e50c354584fcd0773b8c4617c4f6342d605fdf94c
709,hf_00709,art_painting,2,giraffe,images/art_painting/hf_00709.jpg,e0f933c63048fdf12f6af97f819342fca0358f42127d2a648be97a7aee437092
710,hf_00710,art_painting,2,giraffe,images/art_painting/hf_00710.jpg,df440e6b4df2c99bf6af8705155acbacf7c836ac13965ec0e69af49fc917e794
711,hf_00711,art_painting,2,giraffe,images/art_painting/hf_00711.jpg,f78999833004803bd645a1a6069ad82cc8647d459706a5c43352c1efc8b34d80
712,hf_00712,art_painting,2,giraffe,images/art_painting/hf_00712.jpg,8c08d1124acdd7cc6bc97d345b16fc02a23b40cacf3c0387e0bbd0b54340dbe5
713,hf_00713,art_painting,2,giraffe,images/art_painting/hf_00713.jpg,2ebd1d75bdf4e64b871bd1b16820838b3a9a91dad64d89451c4707d730447bf7
714,hf_00714,art_painting,2,giraffe,images/art_painting/hf_00714.jpg,9e2755f520d15f26f16804197783f8c5689296c1ae62474a036adfccf9c05fb7
715,hf_00715,art_painting,2,giraffe,images/art_painting/hf_00715.jpg,7b3292fa7f398ba13cf0db0d78a06c45af644479f6c6fb0a98287f474f4abbfc
716,hf_00716,art_painting,2,giraffe,images/art_painting/hf_00716.jpg,93724bb1be71a0edbab4aa8c0180491035764adfa6e02f5a0f4d147385f1b8a0
717,hf_00717,art_painting,2,giraffe,images/art_painting/hf_00717.jpg,d85cf847fd8da067736cb42af31696cd45a38645c4ca6c15edc80788418313ff
718,hf_00718,art_painting,2,giraffe,images/art_painting/hf_00718.jpg,deeb678317ef73af5a74d7ffb7bf66b2534463b9e694240a16543c8037e8e53e
719,hf_00719,art_painting,2,giraffe,images/art_painting/hf_00719.jpg,0f8e1bd2b0732b8560aad2b40b3f073c70fd7614003a71ee4678b23edb039daa
720,hf_00720,art_painting,2,giraffe,images/art_painting/hf_00720.jpg,5cbc2f4115134001869016ba018230bd7fdaadbe6d729e03d509512343d88fa7
721,hf_00721,art_painting,2,giraffe,images/art_painting/hf_00721.jpg,eeebcfc830593ac095072ff042f649db8160d1d60b758800f8a91035785a0fa7
722,hf_00722,art_painting,2,giraffe,images/art_painting/hf_00722.jpg,c455c854ebd56f325fe7bf2da96d0930555259643d251cbe3a75c56438ea8407
723,hf_00723,art_painting,2,giraffe,images/art_painting/hf_00723.jpg,97e1cd40eeeb1325f12b600ed4280ed24af1e47eb2adcae65b09b470177eb00e
724,hf_00724,art_painting,2,giraffe,images/art_painting/hf_00724.jpg,3ed00d6c9be9373ead03198e61b4266d0817975a0c84736ca27604e2e88816ac
725,hf_00725,art_painting,2,giraffe,images/art_painting/hf_00725.jpg,9db4988d89c090d913fe4072cd552e7539a2ead0c5326893b36d4579949189b1
726,hf_00726,art_painting,2,giraffe,images/art_painting/hf_00726.jpg,81977b0e9a8ed3583b16c61b94e1d5a7c63a61964e2df2f05e8135df153b4c5e
727,hf_00727,art_painting,2,giraffe,images/art_painting/hf_00727.jpg,5de56f30be2f3b3acad85696c2b25f3900873df8588eb1ce0b80fa83519f26c3
728,hf_00728,art_painting,2,giraffe,images/art_painting/hf_00728.jpg,e12663dc4fd18decf6a47d41c6fb1f20bf8def0bd3293ec01362ce0774c78628
729,hf_00729,art_painting,2,giraffe,images/art_painting/hf_00729.jpg,80f0e33bc18b521a55f593f5780a00508945484e9222e08248c5d341f211c498
730,hf_00730,art_painting,2,giraffe,images/art_painting/hf_00730.jpg,cfe052bc236b506898b797cee34b03f39d60779a57e63a89db0fb98d34adb5c7
731,hf_00731,art_painting,2,giraffe,images/art_painting/hf_00731.jpg,8cbc78aa2a8dbaa45a242c850b69d8db876ea78861fbd70974d35f40ad348b72
732,hf_00732,art_painting,2,giraffe,images/art_painting/hf_00732.jpg,0dc272f44aec71376221d90277a02bee6506caed5dde250ac0a84aa11bc246ee
733,hf_00733,art_painting,2,giraffe,images/art_painting/hf_00733.jpg,e199dab7d6c9e32aeea043614853db1d1e8baddd0a8bbbfde52db0cabfd58466
734,hf_00734,art_painting,2,giraffe,images/art_painting/hf_00734.jpg,76d9ff80a2bf2fbbb13ccaf4c610a62ec75a7981eea16d72151da4370425e8cf
735,hf_00735,art_painting,2,giraffe,images/art_painting/hf_00735.jpg,cf391cefe98ba51ee922f12b2accde4cd346a45495f279b301045e3cadbbdcae
736,hf_00736,art_painting,2,giraffe,images/art_painting/hf_00736.jpg,33e21cf4367dc84c9f68befcc97646b62bff4c68353ce77c9e8389ff90dace6d
737,hf_00737,art_painting,2,giraffe,images/art_painting/hf_00737.jpg,578f58082d2c6fcbf8cf3720f5c01fae492aad44dea90f2f5839472e24ed6933
738,hf_00738,art_painting,2,giraffe,images/art_painting/hf_00738.jpg,45a8386ae0843f79dc79218e88bcce595c7625166a09237372b1c097fea61019
739,hf_00739,art_painting,2,giraffe,images/art_painting/hf_00739.jpg,7326cc0324d688b42ab2989e10738f24efb2f2adca2f7590ddc340b39819c786
740,hf_00740,art_painting,2,giraffe,images/art_painting/hf_00740.jpg,6acc3d3e51496d5284f3ce8997c738d2107f427997dfc27e3f00876dfccbbb22
741,hf_00741,art_painting,2,giraffe,images/art_painting/hf_00741.jpg,94ef176d6db268691ce69ee321f31ebec5e750d5b5b63746987f9ca8e72a800c
742,hf_00742,art_painting,2,giraffe,images/art_painting/hf_00742.jpg,35bd0529778aea3135967890e4df88c70cdabcf32500964d6e9eeb95119651bf
743,hf_00743,art_painting,2,giraffe,images/art_painting/hf_00743.jpg,9c82111196b5aa8371590c4a8ef635820c54c69b44119d47babfd6396a397c57
744,hf_00744,art_painting,2,giraffe,images/art_painting/hf_00744.jpg,722bdd55c6c3464c68359bfa98d960fc46b68a6a949270c06651dad9914b867d
745,hf_00745,art_painting,2,giraffe,images/art_painting/hf_00745.jpg,12a42b3e10fd3011b954c21e0a8ef9b028d5371f66d6695bafb5489e4b29a881
746,hf_00746,art_painting,2,giraffe,images/art_painting/hf_00746.jpg,af77fed937a35ee248c10c113e4b79b07097ee53990bbbf6655df015f107cee0
747,hf_00747,art_painting,2,giraffe,images/art_painting/hf_00747.jpg,c53ea386b7e1dde51e3b278e2721c6b03bdffd8ccb4f1d2d8c83106ff134fb15
748,hf_00748,art_painting,2,giraffe,images/art_painting/hf_00748.jpg,faa293127489b69be49a9f46edfc5d9f675c6e14eb2954ecefc4cc80ecb8273c
749,hf_00749,art_painting,2,giraffe,images/art_painting/hf_00749.jpg,65dc91bf1645faad544e16ed9a2e037e6ace22df16be52bce14e68d682d6371e
750,hf_00750,art_painting,2,giraffe,images/art_painting/hf_00750.jpg,466f35c21ac990dee7248bf9a6b6aebc96bf3aca66b073b7d14607009cdeab06
751,hf_00751,art_painting,2,giraffe,images/art_painting/hf_00751.jpg,5b89a969e922773d93c17c1ca9bd2d95e197f80355bd649610ef0951c0ce7bcd
752,hf_00752,art_painting,2,giraffe,images/art_painting/hf_00752.jpg,86ad0c6280ee9da1e1a20eb7a7b66ac891d57c756017bf0064ff74bb0280a833
753,hf_00753,art_painting,2,giraffe,images/art_painting/hf_00753.jpg,b030911c222002f0193c6ba8acdc1a69ba6a5b4b2de681397f573f4ce5738672
754,hf_00754,art_painting,2,giraffe,images/art_painting/hf_00754.jpg,5f5291a1f291ae8a252a3907a95704f0b762b0c0d07d1ba21b3ea4a567cafc41
755,hf_00755,art_painting,2,giraffe,images/art_painting/hf_00755.jpg,7c0b95be4d9059d822d6413591985b0430fda521ea4f3f425f762451dc89311a
756,hf_00756,art_painting,2,giraffe,images/art_painting/hf_00756.jpg,7d97a2566b3a93d756035a4245756fa10494e4372dd832870c5d5bed90ce712b
757,hf_00757,art_painting,2,giraffe,images/art_painting/hf_00757.jpg,46f0d4a066b65eb06f6a623b16493c72bd5f005f0c823efcf31f8c74537b7062
758,hf_00758,art_painting,2,giraffe,images/art_painting/hf_00758.jpg,c98ed8a2a38ff73f931560949242db6ab9b701cd1ba1c6a871d236d8bacc2a32
759,hf_00759,art_painting,2,giraffe,images/art_painting/hf_00759.jpg,a8f718c42de8747cd36d72a0f0bdd43736b68c6524c7642107d543cc79139ea0
760,hf_00760,art_painting,2,giraffe,images/art_painting/hf_00760.jpg,bca1c88dd9a3cca164981e7610b50957dd451ff7929b8146a3e4594ff1456fe2
761,hf_00761,art_painting,2,giraffe,images/art_painting/hf_00761.jpg,2d242ce1bb9cb1ead59849279b0e3f852c26a75a51b4d350d5f12169336362cd
762,hf_00762,art_painting,2,giraffe,images/art_painting/hf_00762.jpg,88dd8cd8048374999d4205309388b9a1088e262960e9fb0dc627987ad4249359
763,hf_00763,art_painting,2,giraffe,images/art_painting/hf_00763.jpg,f8d01777f6833e6f2fb5eac2271eaf7debfa33ec3a43940a72c087ea55389de2
764,hf_00764,art_painting,2,giraffe,images/art_painting/hf_00764.jpg,ef21816bd22a7a0c02e1075ebd85320d9e6e65ed9283b8f1823a2502d548c95e
765,hf_00765,art_painting,2,giraffe,images/art_painting/hf_00765.jpg,3595bcf5869bcf6ffe5ddd629c4d2a85f6a42e391f0f2aba26339a88b1b11dc1
766,hf_00766,art_painting,2,giraffe,images/art_painting/hf_00766.jpg,494154b6c23a2d0b148ddd286e4d505a2ed5259dad9d6ed880808ebc0bd0e650
767,hf_00767,art_painting,2,giraffe,images/art_painting/hf_00767.jpg,2ac4e7d480148f020c432c254ecb40d5b144c676cf60c2f14f0acf098a6b27e8
768,hf_00768,art_painting,2,giraffe,images/art_painting/hf_00768.jpg,c46ccb7b9dbb8aec1847b039e00608eea7650d3fd4579e16c2a2aefe1a68f28d
769,hf_00769,art_painting,2,giraffe,images/art_painting/hf_00769.jpg,5c19a44d272a5ca7480405acbfc64ebd81195ffbc69828d63158530df6092e01
770,hf_00770,art_painting,2,giraffe,images/art_painting/hf_00770.jpg,59470e850983fe382af5c97705b05d1fe5eb3f3695a90fb4dc0b45dc4696dfb2
771,hf_00771,art_painting,2,giraffe,images/art_painting/hf_00771.jpg,effd439a6131047494bc0f030a42bf6733a96f770dfe0f69abc5a7ea0db5dd93
772,hf_00772,art_painting,2,giraffe,images/art_painting/hf_00772.jpg,5808bffebf82df94b148f4dd74b7d73a921cc085dd10f3441c1ac2b57e183d0a
773,hf_00773,art_painting,2,giraffe,images/art_painting/hf_00773.jpg,c18b88e81606a7229aa3a317095da2cedb235004ced6ade4093973972b0b601d
774,hf_00774,art_painting,2,giraffe,images/art_painting/hf_00774.jpg,4afe372229d4d4a110391c18c2e7d35d0a637d9b4680b536dbd8304010405d2d
775,hf_00775,art_painting,2,giraffe,images/art_painting/hf_00775.jpg,64a41103e77784caa6a2216763ca57f65a7200edb296905c05931ca73a13f6e6
776,hf_00776,art_painting,2,giraffe,images/art_painting/hf_00776.jpg,ac681a13a5969ce7ba28a44e3a491c382f8e7ec0a0521dcaf82dd97f1b03fffa
777,hf_00777,art_painting,2,giraffe,images/art_painting/hf_00777.jpg,ebbae43601b03f808fe6dc8f8ab2596801910049dd3fec3cfd06eca99aaac46d
778,hf_00778,art_painting,2,giraffe,images/art_painting/hf_00778.jpg,a5308ea1fe6f7820f1066956b69dca5837f86427f83beecb03b74e3b1ab9dd1c
779,hf_00779,art_painting,2,giraffe,images/art_painting/hf_00779.jpg,fdf7a5621d1b9f6d9f34a6f95ec1f4b3c5c6bc638221a8f4017080dcf9a3f2e5
780,hf_00780,art_painting,2,giraffe,images/art_painting/hf_00780.jpg,61dbe0a871661bfab7c5984139ce648b1e0d7d2720d4225c993a04b8244d20c7
781,hf_00781,art_painting,2,giraffe,images/art_painting/hf_00781.jpg,71d822825d49a7f914004a331bbeb1297ee54673debed3d7ceb4ad41c23b2eb4
782,hf_00782,art_painting,2,giraffe,images/art_painting/hf_00782.jpg,7c1e1a5d72bc3ffd0d6747990b69055b822f2904762834e9f18b8430041e886d
783,hf_00783,art_painting,2,giraffe,images/art_painting/hf_00783.jpg,fcb965d8e86b7beefd4928986355bc8eabae1d292ae77682f954257e7271d083
784,hf_00784,art_painting,2,giraffe,images/art_painting/hf_00784.jpg,b08a68371f90d8d1d3ebf094127fec046ba198ceddbdfbf1ca619018bc00cd37
785,hf_00785,art_painting,2,giraffe,images/art_painting/hf_00785.jpg,17545a5720605a82b8d803ab1a76d52bb27bdbcba3c10f8c8d041741d86c42eb
786,hf_00786,art_painting,2,giraffe,images/art_painting/hf_00786.jpg,6803ac7741f6dd46208cfba011f38d9df10ef3385a34ce540271e424d29dc7dd
787,hf_00787,art_painting,2,giraffe,images/art_painting/hf_00787.jpg,901bf660240083911e03da9dee3db52d9ecb0a7a231ef2843c1789ac41aeee5d
788,hf_00788,art_painting,2,giraffe,images/art_painting/hf_00788.jpg,40c7b3fbccabec46ec9dfe0a14f56d76a552f61feca16f23eb29952cf74591a0
789,hf_00789,art_painting,2,giraffe,images/art_painting/hf_00789.jpg,280a7f6f7df052948e40efd9652f02aa4554e84599937b5b54d0626827fabe82
790,hf_00790,art_painting,2,giraffe,images/art_painting/hf_00790.jpg,dab7860ac3025bbc19e9cec8f00d7ed2565379931dfcb728150634c58b2f8de7
791,hf_00791,art_painting,2,giraffe,images/art_painting/hf_00791.jpg,3690ef61aced9fe3e559d328741463773be14629e553f513b5aea26576f0416f
792,hf_00792,art_painting,2,giraffe,images/art_painting/hf_00792.jpg,52e1196ee27177cb89370a11860c0d025915d805fbdced05f34a34bc8308b4b8
793,hf_00793,art_painting,2,giraffe,images/art_painting/hf_00793.jpg,384698954d5c78263321498e4761a82c9b864039ec9e607e709bd7d2c45012c0
794,hf_00794,art_painting,2,giraffe,images/art_painting/hf_00794.jpg,ad3397ee15c34578af313d7762ade1d5cffbaabfe891ad2dfe73e995738a6f21
795,hf_00795,art_painting,2,giraffe,images/art_painting/hf_00795.jpg,3134daf41fff86489dc888194057304d47370922a2dfd73b91f7bc9f800b4cee
796,hf_00796,art_painting,2,giraffe,images/art_painting/hf_00796.jpg,889545b60045ec34d18f19fda645c860b1f3444c751552ad403ebc9cf45b2848
797,hf_00797,art_painting,2,giraffe,images/art_painting/hf_00797.jpg,7c3c52a3505fbfdd93b70b6ae9d5d4ecd677756f5f24b60b8c64a693704d119c
798,hf_00798,art_painting,2,giraffe,images/art_painting/hf_00798.jpg,a699fcffa22ebb7cb88e278f03996707d1feefb14c19e01c7c909f5a0300d020
799,hf_00799,art_painting,2,giraffe,images/art_painting/hf_00799.jpg,bb57ee475503b4b011fa6cefa35e278840256339f2e2f8fcb0524c952e790ac4
800,hf_00800,art_painting,2,giraffe,images/art_painting/hf_00800.jpg,e549e7d6e0407b19f0ac271ee73a0a6e04d69b38129d62b11da56d668e915e5f
801,hf_00801,art_painting,2,giraffe,images/art_painting/hf_00801.jpg,b7cdc18eb3965bb0a11512bffeca6c8710b3e5b3dccd0c8cf9a48583ad4b4b87
802,hf_00802,art_painting,2,giraffe,images/art_painting/hf_00802.jpg,dbb6953592dde19fe8a5bd1aaa04931cf601ea79ee974c85b1919820b9712492
803,hf_00803,art_painting,2,giraffe,images/art_painting/hf_00803.jpg,ed7c8245e797adacb4c81d1f4386637990fe6ead74156cf3f53b43214d72b043
804,hf_00804,art_painting,2,giraffe,images/art_painting/hf_00804.jpg,0d87a06795ceb97243eddcc3636c66d756969e80b1ea06dfbf3fce9f640422bb
805,hf_00805,art_painting,2,giraffe,images/art_painting/hf_00805.jpg,3b177c88f34d2fc0bd77bca7dfe314fa8f02e1e81394585c5a1292dcea28d909
806,hf_00806,art_painting,2,giraffe,images/art_painting/hf_00806.jpg,5cab7fc669c0574d9fbd9e13e2709364786f8599aac5ca8f2c1b7510ca6d4870
807,hf_00807,art_painting,2,giraffe,images/art_painting/hf_00807.jpg,c5b8d0930b98a488b6aed88acea5343825dcf2d4a2c45d3deb3f2f76af6c2d47
808,hf_00808,art_painting,2,giraffe,images/art_painting/hf_00808.jpg,493703fd9b636c2917cb12cc71df939ae67b5680a6b71be61114063eccd028de
809,hf_00809,art_painting,2,giraffe,images/art_painting/hf_00809.jpg,648f9c8900cba25a994b14f6b4d9e5fdd0cd021615c3af284fbdfd9379c3e528
810,hf_00810,art_painting,2,giraffe,images/art_painting/hf_00810.jpg,f792b197241949c5f7228af570058e246622ae582c410ff3d541f0475ba1997f
811,hf_00811,art_painting,2,giraffe,images/art_painting/hf_00811.jpg,cb4d7add3e69c59ae00dbe94c8dd92ddba6aa956205edce9b4aa9638405019f3
812,hf_00812,art_painting,2,giraffe,images/art_painting/hf_00812.jpg,849a73a93513299fc153a7fd2b094b87f79b49babf34387c58b91ec2a20bdd03
813,hf_00813,art_painting,2,giraffe,images/art_painting/hf_00813.jpg,a2bb1b37bafa2da7f2c503c4856eb1e775060ab9d69d5459ca99b82f91cd2864
814,hf_00814,art_painting,2,giraffe,images/art_painting/hf_00814.jpg,dda77e6fe739174402db1f6d6d31c39aaa8884393f6b2b2fd5eb882062ff6996
815,hf_00815,art_painting,2,giraffe,images/art_painting/hf_00815.jpg,a50ff8eff5bf7c2251d74405d9d9dc749daa6fc39b206a939985859cf3f6b1b7
816,hf_00816,art_painting,2,giraffe,images/art_painting/hf_00816.jpg,349cb1fa4f5fa9158a43f2575a79484f4147768fbf05341317ae036688e741e8
817,hf_00817,art_painting,2,giraffe,images/art_painting/hf_00817.jpg,7ad2e2b264c0a05aa45199b064877dae2119a8c930af95af2d7370f304ae8242
818,hf_00818,art_painting,2,giraffe,images/art_painting/hf_00818.jpg,e1015fb451f23dc056cfbe3055016a20a216faf583aa10bb4b916d1e0609d22a
819,hf_00819,art_painting,2,giraffe,images/art_painting/hf_00819.jpg,f439273525806a82f12fcce1e520d40754a756f7492e2e5f64cdaec19c54c2e9
820,hf_00820,art_painting,2,giraffe,images/art_painting/hf_00820.jpg,c79b19f72686b8ee64e08c65bf6569f097f161dcec16367939a49d52c5387f5e
821,hf_00821,art_painting,2,giraffe,images/art_painting/hf_00821.jpg,a55587f03c82e09f8971ece174718ee5059179a7ae80acdd484f80d25ce4f469
822,hf_00822,art_painting,2,giraffe,images/art_painting/hf_00822.jpg,c1dd8f8abd35ca8d0187cb11edfbc4f9a4a23e112a39e08d70206505e537c3ea
823,hf_00823,art_painting,2,giraffe,images/art_painting/hf_00823.jpg,a60ba6f98a17ae845af1468d1d861a84e80b73b9b02903a70a997b6c6ce71a43
824,hf_00824,art_painting,2,giraffe,images/art_painting/hf_00824.jpg,5599a438bff1152314300cdf75ad5345f6185306fbbc84e5dbb78d1739966541
825,hf_00825,art_painting,2,giraffe,images/art_painting/hf_00825.jpg,5d9ab0ef48fa7a4aa1bccb3343195c2bbde6aaa96d5506a543e72848f7a23922
826,hf_00826,art_painting,2,giraffe,images/art_painting/hf_00826.jpg,ff4308ec7a309f5a5365ed2292d6cde7adacb688c064b78e51fa6b7a8455ceb8
827,hf_00827,art_painting,2,giraffe,images/art_painting/hf_00827.jpg,a475543b5b56bfc3fb698f0b6c3a6b1d3d381fa2fbdee18db1a42b1ab883ba11
828,hf_00828,art_painting,2,giraffe,images/art_painting/hf_00828.jpg,590ecfacae955b44282194476b36670a10e2a6f219195cabec8494b069eb19c5
829,hf_00829,art_painting,2,giraffe,images/art_painting/hf_00829.jpg,115ace8817ba8726de069412897799d0498e2e1aa34853dc31862f1df2f01786
830,hf_00830,art_painting,2,giraffe,images/art_painting/hf_00830.jpg,8b538d8805599a136eead2bbe8aed2c5296bddbffef30802be434742fd023016
831,hf_00831,art_painting,2,giraffe,images/art_painting/hf_00831.jpg,8f16e3dc9de0ac6553e8e18cd571b8b51a9deabb5954e5ed80fe044448079c2d
832,hf_00832,art_painting,2,giraffe,images/art_painting/hf_00832.jpg,757d283c78eac9d28cbdbc00690bd4407f0f1acaf457fa3f9d4416fbe744dfda
833,hf_00833,art_painting,2,giraffe,images/art_painting/hf_00833.jpg,59cb8fc53fe96f0e97b10066b7a0a927af95881ed7ed3d1d6d28fc20501446da
834,hf_00834,art_painting,2,giraffe,images/art_painting/hf_00834.jpg,6613af2b831164c1cc06e37b7503ba83edd978902cf398bd4e20182bd8378349
835,hf_00835,art_painting,2,giraffe,images/art_painting/hf_00835.jpg,6678f4b7121c0b51d8419bc6d316b25c7bec14f2337c4ef6071084e20ecc1ece
836,hf_00836,art_painting,2,giraffe,images/art_painting/hf_00836.jpg,d9512c96ce2c7e7bf7a31479514f67386c978bcc0d13869ccbb0ba2fbd825754
837,hf_00837,art_painting,2,giraffe,images/art_painting/hf_00837.jpg,9a4dd6ff7eb37e5734d99586830c0097540681b3f603985ab6808d4b9f25cdce
838,hf_00838,art_painting,2,giraffe,images/art_painting/hf_00838.jpg,ae91f56c9c7f14fab32d98934d640e3e79f25f4835ea604ac064867f83b8136b
839,hf_00839,art_painting,2,giraffe,images/art_painting/hf_00839.jpg,32582d638a4b6907543cb42891ade68c44fb2ee10ec60a0a7ab76d57233904f5
840,hf_00840,art_painting,2,giraffe,images/art_painting/hf_00840.jpg,600ff9e1bcde7857d95e218d0ce0235acb8b8ccb39313f59aaed40f583b8115b
841,hf_00841,art_painting,2,giraffe,images/art_painting/hf_00841.jpg,a9df6148f6fee806be4eabf2b3cde83034f17a3ec85cb8144eada23609265409
842,hf_00842,art_painting,2,giraffe,images/art_painting/hf_00842.jpg,8daf8d243b5b7fbff9b4ef9440115d551a18367d8bee2f9b9ae80d4a6c5d12e9
843,hf_00843,art_painting,2,giraffe,images/art_painting/hf_00843.jpg,09a0c0152d692d61c043c524a076bee2a75ca674ea88b1a0fd47e000200e36fc
844,hf_00844,art_painting,2,giraffe,images/art_painting/hf_00844.jpg,d09bbf8e701dd80b71fa4995ff23fe689ddf8d64d3671bdbca98c751d4bf4262
845,hf_00845,art_painting,2,giraffe,images/art_painting/hf_00845.jpg,96fa531621c6cd3536a859e9858f1179aabc4c30fac0553feab5e6f2200d4c96
846,hf_00846,art_painting,2,giraffe,images/art_painting/hf_00846.jpg,cfb2a6be8db8cd7015c52269c8089ab2927c4aeb0d45f4c2a68c6e81bd908140
847,hf_00847,art_painting,2,giraffe,images/art_painting/hf_00847.jpg,c446828c56a22097c96b1f4f0b304b30324892dd37a7975b76c0e9ec3698180e
848,hf_00848,art_painting,2,giraffe,images/art_painting/hf_00848.jpg,2ba0699c86c1af6178e07e515ec9d58446fe246015e7ac6e74b34e0b346a06f7
849,hf_00849,art_painting,2,giraffe,images/art_painting/hf_00849.jpg,1fafc5aadfa2dadd67227c49d98c4c1eeb22279c04eff78c79fedce416376c01
850,hf_00850,art_painting,2,giraffe,images/art_painting/hf_00850.jpg,c92149368b0313f0cde1ab64904bc4deb8669d908738a9a8fc9a16ab4b494042
851,hf_00851,art_painting,2,giraffe,images/art_painting/hf_00851.jpg,3dc255a33d08e8ca0ca01c59e5e177cc371af41659cc65ce3eec1d1255960794
852,hf_00852,art_painting,2,giraffe,images/art_painting/hf_00852.jpg,0afc3125460c1556846e6e5c2dbc11d1232bbe84e610415f2c4c8809282100d7
853,hf_00853,art_painting,2,giraffe,images/art_painting/hf_00853.jpg,688363e743215a4fe9a14eae05c171b6a595d048636efa87c4d46b681fcb1cb0
854,hf_00854,art_painting,2,giraffe,images/art_painting/hf_00854.jpg,35c7a2e826c5ab79d965c6f7663df7ff12d053a1e88360efcad19b878141b44d
855,hf_00855,art_painting,2,giraffe,images/art_painting/hf_00855.jpg,02197b958e848fce6680c2296677a2981e42ce79ee47fda16fe19c0b36c94bef
856,hf_00856,art_painting,2,giraffe,images/art_painting/hf_00856.jpg,4dcd1f38f49d1ecb42c7c74b991d3f11496a36e49da94b29875d606da66eeadc
857,hf_00857,art_painting,2,giraffe,images/art_painting/hf_00857.jpg,b12f390db7634f41a8caecc83e342f1f31764e605f66236885fd7bcebf4c2346
858,hf_00858,art_painting,2,giraffe,images/art_painting/hf_00858.jpg,1d1fb0344317c8dbfbe92f5004e9ff3fdfec462ea78634500cd1a483dd67d3b5
859,hf_00859,art_painting,2,giraffe,images/art_painting/hf_00859.jpg,62cef0c72540fcf82ac213ad13b2abd5aa582af1f99a8688e7b8c1e4bb10630c
860,hf_00860,art_painting,2,giraffe,images/art_painting/hf_00860.jpg,3f3ef4f7eb4e03b0e80da7af1d4447de8ab61f502fbcb70235b0bd58f1e4ef81
861,hf_00861,art_painting,2,giraffe,images/art_painting/hf_00861.jpg,b07cf2d45e49818d2eb0f3f4b4f77d10aa8b333eca0aba58216b237289cc9e67
862,hf_00862,art_painting,2,giraffe,images/art_painting/hf_00862.jpg,647f1d4b7104e22ab2c0e768a2c261cb8061ffce39c1ae1ba37eeef6912f86ef
863,hf_00863,art_painting,2,giraffe,images/art_painting/hf_00863.jpg,a8190b40b2caab18527034d870a87e6b07487b82e35e02ea748c50f2aac8b71f
864,hf_00864,art_painting,2,giraffe,images/art_painting/hf_00864.jpg,0cca8b20b06b72554945fdcd54b6958d625ceead957fc4d2bcb8999c0642885b
865,hf_00865,art_painting,2,giraffe,images/art_painting/hf_00865.jpg,730b9bf95f9683824cea43880977ef97cb72d410fd0f09b4b32d3dc6dd03da89
866,hf_00866,art_painting,2,giraffe,images/art_painting/hf_00866.jpg,d15a4281f007c1721aee6df68b8cb83fdbf97f69fca98fbaf4556ff82998f687
867,hf_00867,art_painting,2,giraffe,images/art_painting/hf_00867.jpg,01f6367e3eec9ca3e2f3d38c38b5884141f6176a4cf672b8e73065cc85d8a615
868,hf_00868,art_painting,2,giraffe,images/art_painting/hf_00868.jpg,3ae2bbc87dc1cfb9223f4944f7c26a66fede0b6feba07239e254b43fbcab275a
869,hf_00869,art_painting,2,giraffe,images/art_painting/hf_00869.jpg,064ac507ae942c6f99e5a52a639b428ff195b190a25acfdb59b3fce33357f538
870,hf_00870,art_painting,2,giraffe,images/art_painting/hf_00870.jpg,0a2a12c739c879f4d1aa8441b9ee4ba231eeb1c115154ab902deedd930c9ce07
871,hf_00871,art_painting,2,giraffe,images/art_painting/hf_00871.jpg,17d5fb1884e0d97a896084dda48cc717fce91a5e43ea6161c88abb878c99cf19
872,hf_00872,art_painting,2,giraffe,images/art_painting/hf_00872.jpg,39548c66beebe6b2d53c7f26dee22a3578cd5b672220e73592c7828cd67156ad
873,hf_00873,art_painting,2,giraffe,images/art_painting/hf_00873.jpg,cd9ce6f4771430c7cd863323ff65452403f2ca13e4a9b7ae050a54906e856412
874,hf_00874,art_painting,2,giraffe,images/art_painting/hf_00874.jpg,b9afe315f1b1e81829ecf7a239e4c16676ce7a79a8226fa88c03722c82bfec0a
875,hf_00875,art_painting,2,giraffe,images/art_painting/hf_00875.jpg,39f0937ecbfba291e296c1959fe1437f20453d0a1fb2115433a040ee037dcc7d
876,hf_00876,art_painting,2,giraffe,images/art_painting/hf_00876.jpg,481f61b21cee12da6199e2fe0d394722a33df8b67d636360313ad88914ddf53b
877,hf_00877,art_painting,2,giraffe,images/art_painting/hf_00877.jpg,fa3b5326696d379ceb302f5e5f2b673772efaa577b06be26639ecee4956d6fe9
878,hf_00878,art_painting,2,giraffe,images/art_painting/hf_00878.jpg,bbb475bea0c6dda67746b357b9031dbe3d3745196235165cea5df8f2675710ed
879,hf_00879,art_painting,2,giraffe,images/art_painting/hf_00879.jpg,d05619733d1c63e41081d3133299d7cfde99364d559d7c06b2c5634871b025a3
880,hf_00880,art_painting,2,giraffe,images/art_painting/hf_00880.jpg,2cfd7372e9c1f63a4d72aed716545b864f3eb9bc7c1a4978a5602f7b93625f8e
881,hf_00881,art_painting,2,giraffe,images/art_painting/hf_00881.jpg,4a68a7087c68e39f4be052bc5e25dc62045365dcc9a070cb5b21714911b98972
882,hf_00882,art_painting,2,giraffe,images/art_painting/hf_00882.jpg,7a051571ff0d74aea42e1520fb969a5389c595a94d3b297131bd00a21c33b1b8
883,hf_00883,art_painting,2,giraffe,images/art_painting/hf_00883.jpg,dcf7a5ed32e7b313cbebe9fbf594303effb8ed743f6f949098b561679f532cf7
884,hf_00884,art_painting,2,giraffe,images/art_painting/hf_00884.jpg,ca76d987bf0956eeddcc6095a7df0d0fe0ebcd802a13a80f4be86dc765a4743d
885,hf_00885,art_painting,2,giraffe,images/art_painting/hf_00885.jpg,a89a6353b48e0892eb41c4556bdf9cb5396c28e743d8ab1eae0266aa88d32758
886,hf_00886,art_painting,2,giraffe,images/art_painting/hf_00886.jpg,a2a69118211a6086fef28c9da84ffead417cff417fea2cc0531aa4c631802c19
887,hf_00887,art_painting,2,giraffe,images/art_painting/hf_00887.jpg,0db49673f2695cf95e4e06ca89ed8ecdeb4d9a112b08331f9df8818766b3a28f
888,hf_00888,art_painting,2,giraffe,images/art_painting/hf_00888.jpg,15869b943d0ec47743189a3f99fbff00b2c0b9fbc1b7ff024b7030d437e74d51
889,hf_00889,art_painting,2,giraffe,images/art_painting/hf_00889.jpg,79021718b0874d802a2e0d2fa48d9c65460c940a651e225d476c75884ddae347
890,hf_00890,art_painting,2,giraffe,images/art_painting/hf_00890.jpg,4d358d1345b1cefdd1445036615810f16dd7f77d9ff1d6bfe503817cdca70bf1
891,hf_00891,art_painting,2,giraffe,images/art_painting/hf_00891.jpg,32024b42592c7245191371b6c3a5d6bb2d765563f9026613616b3cefbeceed64
892,hf_00892,art_painting,2,giraffe,images/art_painting/hf_00892.jpg,662e45582ad45ad2aed5280e43abf2cf9ccbf3258168990ba545a613a7e44fe7
893,hf_00893,art_painting,2,giraffe,images/art_painting/hf_00893.jpg,abf092974383abe7b47c4753244715e8a136cb61fa87a04f685e9d1f27ff21cf
894,hf_00894,art_painting,2,giraffe,images/art_painting/hf_00894.jpg,2858f13eda265595f6129f3a60fcc78be33d92398af7ce447c21a0a9af07b41f
895,hf_00895,art_painting,2,giraffe,images/art_painting/hf_00895.jpg,da03af2a00782f956ca47247442d2bfc16439e54544d7a9c12deee00a41fc3bc
896,hf_00896,art_painting,2,giraffe,images/art_painting/hf_00896.jpg,b3ca351d219cbb0b049453c3709e255749350efea74023ff71f6ec2153638ae6
897,hf_00897,art_painting,2,giraffe,images/art_painting/hf_00897.jpg,967fcb2b28f32b78f114d2833975b801a225a71102b4e7a78101d72478723799
898,hf_00898,art_painting,2,giraffe,images/art_painting/hf_00898.jpg,c9324488d8e0224305402a343a4d03896f6bbcf264a65118a4597167d408d889
899,hf_00899,art_painting,2,giraffe,images/art_painting/hf_00899.jpg,c00e3863f9bc7e1948ac9184712dfb2b2172c24b58e5fcb97829c93cf2330b66
900,hf_00900,art_painting,2,giraffe,images/art_painting/hf_00900.jpg,1a4e0d5cc40eaf999b07770f7982f8f13edf42e0e5a0c377ddb8c026a3a131a5
901,hf_00901,art_painting,2,giraffe,images/art_painting/hf_00901.jpg,c4780ff76b4d9e9bb0f890710d9516f9ee21d3086474fb0580a432f7e6ea5d46
902,hf_00902,art_painting,2,giraffe,images/art_painting/hf_00902.jpg,32157bd0f51483793bedcfdfe64d4190939f9f67cf7c09b64be415cdf92c9ed0
903,hf_00903,art_painting,2,giraffe,images/art_painting/hf_00903.jpg,a295aa33bcefda95d36e1831569bfbc5cdcdc30c2807100f0e0e3925fa2f9a4d
904,hf_00904,art_painting,2,giraffe,images/art_painting/hf_00904.jpg,a1a9486d3b85f0b97b8e4f945c3ca2a3b35e659e4b89482a4e860ec77d5e67c4
905,hf_00905,art_painting,2,giraffe,images/art_painting/hf_00905.jpg,b79200c8e58b398f1ff3d048d258922a74517f3dfcc526d13357448302c4e216
906,hf_00906,art_painting,2,giraffe,images/art_painting/hf_00906.jpg,9227e88b9eb257115dc4110f8c53095d77e7381880e3eb7c334c50c3fa88c8c7
907,hf_00907,art_painting,2,giraffe,images/art_painting/hf_00907.jpg,f68120ee391ba413aa324ea9c9ede7cb35a0ac638eb6a9f29752066e05a5b3d6
908,hf_00908,art_painting,2,giraffe,images/art_painting/hf_00908.jpg,29749be4440cd6354fdc967ac37136ecce733cb9a7947319af2f50ab964f52cb
909,hf_00909,art_painting,2,giraffe,images/art_painting/hf_00909.jpg,82ea1776ec5679772524d6a61050845494f1bf79f006714853c67e490e0eb488
910,hf_00910,art_painting,2,giraffe,images/art_painting/hf_00910.jpg,69ed1fe28d6db219a52e80a5fbfe5732f024627044db4ffda8adc72d996f6501
911,hf_00911,art_painting,2,giraffe,images/art_painting/hf_00911.jpg,a64929a7daa49e0a95285e00075c63d95dde8fdf0fb1103d2474cfe672844c32
912,hf_00912,art_painting,2,giraffe,images/art_painting/hf_00912.jpg,c19e3e6dd390570f0a99bdb23337ba848beb6bc41906d2fb2beabcdd61c79235
913,hf_00913,art_painting,2,giraffe,images/art_painting/hf_00913.jpg,f803b459a70be63c5e883637d18d5ab07bb71d6550a0516b3d4c3da671a9ff2a
914,hf_00914,art_painting,2,giraffe,images/art_painting/hf_00914.jpg,25a2077ef94fb64d7b0aedf1544e4934f37f25538f920cac0f2d597ddbb5ab62
915,hf_00915,art_painting,2,giraffe,images/art_painting/hf_00915.jpg,ac02fbd60b71629978693e1944dc2b2af008b8ba1f935a0980dce5f9e8d25f8f
916,hf_00916,art_painting,2,giraffe,images/art_painting/hf_00916.jpg,608ac27885d95986379ef11230fa74ff68e38c8a3c4ff58b1c06514c32d8f5f5
917,hf_00917,art_painting,2,giraffe,images/art_painting/hf_00917.jpg,0d0cf7563ae0917d2cad9ac0eaf66dac9cb9179c7c1dea9e3a328f0bb9c3df22
918,hf_00918,art_painting,2,giraffe,images/art_painting/hf_00918.jpg,11d798702ceb9470ebfa24533ddb903dda597967110f2f508115f26f13e29f61
919,hf_00919,art_painting,3,guitar,images/art_painting/hf_00919.jpg,540dbe263c98e77904e2fd558d96449f1f438c9899b2a0af8828b4f48841f773
920,hf_00920,art_painting,3,guitar,images/art_painting/hf_00920.jpg,eaf0a99118a871ca09c77c6ccfc55b19537e1675139c2073721159872375a44b
921,hf_00921,art_painting,3,guitar,images/art_painting/hf_00921.jpg,05a9300d36cfadf4f9b49e51423b523cb7fe820c9293f286da13cb7ad3fd59de
922,hf_00922,art_painting,3,guitar,images/art_painting/hf_00922.jpg,d0c4ede2db6038a82d2d43e91f6d10f0bdb080b390833be5b31f5acb5cb9426b
923,hf_00923,art_painting,3,guitar,images/art_painting/hf_00923.jpg,a71fca80217c7452df3722d12e6395a45a575933de18d624c8f513febd9e3b07
924,hf_00924,art_painting,3,guitar,images/art_painting/hf_00924.jpg,03106b2d7e57aa5eee29201acc58c482ccd6b920ab32484966f8632e8581bb7c
925,hf_00925,art_painting,3,guitar,images/art_painting/hf_00925.jpg,ccf2ad82881ead8a54cf66a5f4892045b0db2013faf9c6a3592df311d183e910
926,hf_00926,art_painting,3,guitar,images/art_painting/hf_00926.jpg,b9c702b45e96fd5bef6106d9c8269334a55a66b8919b774170821021001bf74c
927,hf_00927,art_painting,3,guitar,images/art_painting/hf_00927.jpg,f8e2bb1b0efa979a2476bad771100d1caf0bd721f22ef3c2d2d8b6f1fb868655
928,hf_00928,art_painting,3,guitar,images/art_painting/hf_00928.jpg,abfb75d4b4964e5cc48675d1433fb6d5c267f87b0972fcc135542d3ef52b8292
929,hf_00929,art_painting,3,guitar,images/art_painting/hf_00929.jpg,1f6c258dff13c7218713e9884da77c86283f804caac6ea672de063753ab423e0
930,hf_00930,art_painting,3,guitar,images/art_painting/hf_00930.jpg,db1dae3a85c401e8d37486d2c11a96eefef24323278b0aa7b1baca52eb045c8a
931,hf_00931,art_painting,3,guitar,images/art_painting/hf_00931.jpg,d8536d50244cf919ac96b675c6401baec8c9ca91902a97c99933265a260b3e34
932,hf_00932,art_painting,3,guitar,images/art_painting/hf_00932.jpg,3939eb19b2f3e3111afcb1c6629cf384873852c2527f3b865ad5019d5e7997b2
933,hf_00933,art_painting,3,guitar,images/art_painting/hf_00933.jpg,714b4265ee6d68ca6d53233d56113c557c848d5182463460680b9f8aad25361b
934,hf_00934,art_painting,3,guitar,images/art_painting/hf_00934.jpg,53018e92a31fa5c696d9f09ebce444c91c5d7e9444d21b5dbc2dc01e1869d1d7
935,hf_00935,art_painting,3,guitar,images/art_painting/hf_00935.jpg,4f39d42fd5209a3f13da52f5617bc43121b3323a7f99493db231f6d7abcd978e
936,hf_00936,art_painting,3,guitar,images/art_painting/hf_00936.jpg,20ce228aaa3e4c9e1290e2c5fb8f463750b7a3e200addc98ddef93ccfe6580fd
937,hf_00937,art_painting,3,guitar,images/art_painting/hf_00937.jpg,0b5f617024da9a6579a5c9b94a4cbe50532a931f829902e09b2b68b673350d2f
938,hf_00938,art_painting,3,guitar,images/art_painting/hf_00938.jpg,d788919efcd38d8dc864eadc07f2148618b2dc0c336bea316f760ec045140fd3
939,hf_00939,art_painting,3,guitar,images/art_painting/hf_00939.jpg,fa4529137dad93f7060fc084cf0337768223c85ab2ac88401d9d955eda97de9e
940,hf_00940,art_painting,3,guitar,images/art_painting/hf_00940.jpg,1bebdadb4204fe5de6bab4965be118891c51113a59781622afe4b1ff6792aab9
941,hf_00941,art_painting,3,guitar,images/art_painting/hf_00941.jpg,49ec5218417b9bd678b59651d11e221683095770be31dbe7ad176f2a4dd2dbc3
942,hf_00942,art_painting,3,guitar,images/art_painting/hf_00942.jpg,4729b66dd3fe05df391666a4362f33175cfcd317269a7410020d4815b0f8ee53
943,hf_00943,art_painting,3,guitar,images/art_painting/hf_00943.jpg,1f33bda29b4e366113a06e06deaec25905f07ec2760210cbda7297dc9908ff29
944,hf_00944,art_painting,3,guitar,images/art_painting/hf_00944.jpg,e326d580e376d6c2ed38df7119b51c63748f45782e11e0ffc62221bb2160141c
945,hf_00945,art_painting,3,guitar,images/art_painting/hf_00945.jpg,30349c3726eae3f2f444b17f1724358e4bba881368a618631865b4b257c41bae
946,hf_00946,art_painting,3,guitar,images/art_painting/hf_00946.jpg,4cdd045db7d6038da66d15cd4039974126d8b41126e5a04a4c0a208e73e8cf88
947,hf_00947,art_painting,3,guitar,images/art_painting/hf_00947.jpg,5ce5e94b1e4fe9fec492d535a59f492a6c254f4103aa5d4bab5916c55adfe730
948,hf_00948,art_painting,3,guitar,images/art_painting/hf_00948.jpg,4377e7e0ae71565cb0becb58b64439f9315dedde664ae6c2c7294d3d5a8c22bc
949,hf_00949,art_painting,3,guitar,images/art_painting/hf_00949.jpg,62e3b744bd5916b91bdb3047797f5a5e7823c0f596248839b3087f735e7797a3
950,hf_00950,art_painting,3,guitar,images/art_painting/hf_00950.jpg,c412efe351f8b067d7ce9e6d56c9d023eae6f59cb82ada86b47e93c7e24471ad
951,hf_00951,art_painting,3,guitar,images/art_painting/hf_00951.jpg,2c8b04532fdf51cedc83a22e03054a77c2720457c6a07ff3bb30a651ad9c223d
952,hf_00952,art_painting,3,guitar,images/art_painting/hf_00952.jpg,b862f0ec3dab5c38da8483bde8023f460e05a1990200063bbe40148f57a1b894
953,hf_00953,art_painting,3,guitar,images/art_painting/hf_00953.jpg,1102b34c69a4fbe9f8ca0f3c12cd591367ed9abad41e9e6816ee6036dd8945d4
954,hf_00954,art_painting,3,guitar,images/art_painting/hf_00954.jpg,fc486b7ceba187ddad1163d54a9ad675592646e800bcdfa9d5088f81998c8efe
955,hf_00955,art_painting,3,guitar,images/art_painting/hf_00955.jpg,1d422e5c6acdb2666510c40db1c2221bd846c09a5eb3e38a4693a068cf0f773a
956,hf_00956,art_painting,3,guitar,images/art_painting/hf_00956.jpg,14aa22157f1bcd18ebb7ae1b37f658d3045ce7a7fe6f85b5f3b1b34fba80c561
957,hf_00957,art_painting,3,guitar,images/art_painting/hf_00957.jpg,61864a5a897c7b55fe4fa08bb5b723b385a10cecbfdd136821f365526773d865
958,hf_00958,art_painting,3,guitar,images/art_painting/hf_00958.jpg,a676dc34e17a48b37872f3a7f68c28dba61c98cb3459ba1bbee730d2297fa637
959,hf_00959,art_painting,3,guitar,images/art_painting/hf_00959.jpg,38353ee2777bbf3b36e255a9992cd5ec0432e8a468b114978ec2de52dd654132
960,hf_00960,art_painting,3,guitar,images/art_painting/hf_00960.jpg,ffa66246115959c30f0b7534aebf7349622bfa810789df28e14c5f21ffe3d226
961,hf_00961,art_painting,3,guitar,images/art_painting/hf_00961.jpg,f998ccdd92099cf21de64c300c7fa3234996ee6cbbca67ede88aeeb962e79dbb
962,hf_00962,art_painting,3,guitar,images/art_painting/hf_00962.jpg,3d7b9dae9fa8ba70a18677ae523b614af97a09bff689b5d1369136555bbe3c97
963,hf_00963,art_painting,3,guitar,images/art_painting/hf_00963.jpg,fdefacb50eb0ea7610e98a5df583c89e4daf7741a214f1cd98555ffed391c17b
964,hf_00964,art_painting,3,guitar,images/art_painting/hf_00964.jpg,4d11ed711b9dfcbd2ef04280be70b5449791bf49c18fef591279349db2614ec4
965,hf_00965,art_painting,3,guitar,images/art_painting/hf_00965.jpg,21d4a39cafa7a9fd976b5afc79dcf002823b5a3eae5d8628d01fbb6102ded185
966,hf_00966,art_painting,3,guitar,images/art_painting/hf_00966.jpg,8a7d78aa6c3a1ca362171739680b456b416df56e4d88166a73f81e2505ad176a
967,hf_00967,art_painting,3,guitar,images/art_painting/hf_00967.jpg,53266b2d2ce55e7bf874fcae2c95166c3d3b91e6aba9f35591c851398c32cfaf
968,hf_00968,art_painting,3,guitar,images/art_painting/hf_00968.jpg,f2fbbd0b983280038490a7e1881d7ee591df5f9eaffbac8fea39722d067f2d0c
969,hf_00969,art_painting,3,guitar,images/art_painting/hf_00969.jpg,ae0c120a91065a458ec1d2bef0332547d5a28afb23828b90f7ba6f74dbf59fdf
970,hf_00970,art_painting,3,guitar,images/art_painting/hf_00970.jpg,d77a3b2b5359c6b50b78fc16474ca56ddf2e430c5c0a76b092e3bf0f4dda676c
971,hf_00971,art_painting,3,guitar,images/art_painting/hf_00971.jpg,42bb6c5b8832ce71fe12a18ba7b8496bd4ec721904456ce4b387e2deae757cda
972,hf_00972,art_painting,3,guitar,images/art_painting/hf_00972.jpg,cb9c7ceebf952fa83ceb36653c2fd196055f187e3eeb6f09ba6575a17226b99e
973,hf_00973,art_painting,3,guitar,images/art_painting/hf_00973.jpg,8eb897417512f6bda13a138f4020dda1c9a2fd9b36458d02c910b81743cc99c5
974,hf_00974,art_painting,3,guitar,images/art_painting/hf_00974.jpg,f0c26d1015e6ca256b828845ed044941b40c1f4413ed6c6138e3f82bfb2dc930
975,hf_00975,art_painting,3,guitar,images/art_painting/hf_00975.jpg,6a4deff9ac28926c9fd1cab86d46064a41e5968c4ab971f6fbd48a29aad607e4
976,hf_00976,art_painting,3,guitar,images/art_painting/hf_00976.jpg,4345c44a31c89d6c780a11e558849875b8352eaa8841cc0c161a3df939aad7e5
977,hf_00977,art_painting,3,guitar,images/art_painting/hf_00977.jpg,7b669d4f0c7bb5fbf8196876190697800396797abb853674227412fdc11d1c46
978,hf_00978,art_painting,3,guitar,images/art_painting/hf_00978.jpg,9df0fc59daa38e649e484df39b0614b342b3a8db2028da1a95d2262be65208a3
979,hf_00979,art_painting,3,guitar,images/art_painting/hf_00979.jpg,cf24f6e2f494b3fd533d8756cbe551308ab329dd9a7e3257ab7ddd67f718ba2a
980,hf_00980,art_painting,3,guitar,images/art_painting/hf_00980.jpg,e9cfbab5a9c01603f994a12cf591e59e3419c5eae8d94bbd6cadf057f844d70c
981,hf_00981,art_painting,3,guitar,images/art_painting/hf_00981.jpg,139fe10023be76317d21502cd1b8024fabea28dd204421ed8d457f24cff58fda
982,hf_00982,art_painting,3,guitar,images/art_painting/hf_00982.jpg,7b4ceaacb963b0d065db0481d102fa766a28a154fae55939ca10422be77113f7
983,hf_00983,art_painting,3,guitar,images/art_painting/hf_00983.jpg,ff5165dbc6ea4e2116e85f88a4cc89a3c91a7263fd49eac81b35332450a84719
984,hf_00984,art_painting,3,guitar,images/art_painting/hf_00984.jpg,8ef9f76e9ab4ae974839bb85d5a4b4fdb769d4caf8546c86abd8b2b5ce2b4dd7
985,hf_00985,art_painting,3,guitar,images/art_painting/hf_00985.jpg,52d24275ab783b1e57c1acdc30d6fa669a1b308973ef2ce57c2b963eee545163
986,hf_00986,art_painting,3,guitar,images/art_painting/hf_00986.jpg,aae175c9c6074f994166ec16deb0f2f7d95b1e13d0e1d62461ad6b2c6ddd9a32
987,hf_00987,art_painting,3,guitar,images/art_painting/hf_00987.jpg,52aab40809399504f81e3f13042b93c8cf7c2aca6405bdfd0f3fd2fd72a6d5ec
988,hf_00988,art_painting,3,guitar,images/art_painting/hf_00988.jpg,8c1884bcdc7eb0e46a2eabeaa6197684d906f613a43b01df40157728905ded47
989,hf_00989,art_painting,3,guitar,images/art_painting/hf_00989.jpg,33e03e8acae8b957ffd70285ca08e177e6ae3000611354a8283b23915b8fc1e4
990,hf_00990,art_painting,3,guitar,images/art_painting/hf_00990.jpg,652d19b9b011a1c3d0107cc65c96da8cb9a2292cc28b1a81a0d068acd66c5993
991,hf_00991,art_painting,3,guitar,images/art_painting/hf_00991.jpg,17efadeef5f9fcb3635121b31be2605fef3116a37df7705d4643a5d815391356
992,hf_00992,art_painting,3,guitar,images/art_painting/hf_00992.jpg,c1091498a144ba223822f7bce137ca0335128ebbed025337ba3de5cc3055d861
993,hf_00993,art_painting,3,guitar,images/art_painting/hf_00993.jpg,9fd528e096b550f17a2f4a53b185755adfab71b8f3197b24e0b01cf836e21562
994,hf_00994,art_painting,3,guitar,images/art_painting/hf_00994.jpg,9b2cca17897fcfad832b660f65d09ad8ea40b952095775ceeea311fad9423e33
995,hf_00995,art_painting,3,guitar,images/art_painting/hf_00995.jpg,57006fccca400330051ec8e16f8dfaeeb139e51011386bfcc87e6c6e24f19b04
996,hf_00996,art_painting,3,guitar,images/art_painting/hf_00996.jpg,60b3438974394cfe64846179d31b39923047d69c707d2d2895a2bcd7b0dd4841
997,hf_00997,art_painting,3,guitar,images/art_painting/hf_00997.jpg,81760caeca6f10dbc4bf0bc72afd0d1fb89a2ad1bfb5d02360391f27bda2faec
998,hf_00998,art_painting,3,guitar,images/art_painting/hf_00998.jpg,33d76f1eb0acf889a01d704a9ca5601790fba76ca5993bcb88ee45592b3a3316
999,hf_00999,art_painting,3,guitar,images/art_painting/hf_00999.jpg,9a887af0e683da5a9a321d65e615e8a3d0923837a86a048bd4b6721d7cd9576a
1000,hf_01000,art_painting,3,guitar,images/art_painting/hf_01000.jpg,1d75074ad68b203c8068dadec336f26d597850a7b256efb96fdd782ac65cd280
1001,hf_01001,art_painting,3,guitar,images/art_painting/hf_01001.jpg,886adfef7eafbcdbceb94b6ac41a8f523c4c62cb9bf892c1be90cd34d1f8c0d9
1002,hf_01002,art_painting,3,guitar,images/art_painting/hf_01002.jpg,406ed2b644ee3e13c2a570ccb90cca2982b7de93ef4c2779523587ac0b9dcb47
1003,hf_01003,art_painting,3,guitar,images/art_painting/hf_01003.jpg,19c3ad3524ff7fb3770cf33416dabd075a901a07dd53b7e66f38a39d710b7f40
1004,hf_01004,art_painting,3,guitar,images/art_painting/hf_01004.jpg,65748600dbd5451273e93e954c58d8082aad3110eefe57259ce0b4aa283a0614
1005,hf_01005,art_painting,3,guitar,images/art_painting/hf_01005.jpg,d947976daf803283eaa8890cfe03343d5ff1b687cfaf2cb19c6eceef6e5676b0
1006,hf_01006,art_painting,3,guitar,images/art_painting/hf_01006.jpg,0b2d1e073c2804bab634078a41c29799d0a33a8be7bdf8a813a8397eef798928
1007,hf_01007,art_painting,3,guitar,images/art_painting/hf_01007.jpg,f14094337bcf16c207a5a8ea25578cbedd95c59c4dabffb8643bac7dfd6c8161
1008,hf_01008,art_painting,3,guitar,images/art_painting/hf_01008.jpg,0389398937c0b52fea81ff154aa309944611035aa27e2950e875132c06652fbf
1009,hf_01009,art_painting,3,guitar,images/art_painting/hf_01009.jpg,df7524c77e5227d68cc340e7aed7cc722f353870e2e1e72720b6a9eb7b4fddb2
1010,hf_01010,art_painting,3,guitar,images/art_painting/hf_01010.jpg,34d325c4cfdca839065154eea4cf57f28d6782f954986b67aca7ab2ee8712ebf
1011,hf_01011,art_painting,3,guitar,images/art_painting/hf_01011.jpg,ea9ba40a18b86446a88348f168eb55ae8df12cf8053dd859393290dc9754e391
1012,hf_01012,art_painting,3,guitar,images/art_painting/hf_01012.jpg,577f1c25e2e1af6e1c36401e983a3d12169f980f29872f147ff297dfa6c3781a
1013,hf_01013,art_painting,3,guitar,images/art_painting/hf_01013.jpg,bf66fcf9754b66b4734cd5c2c5daef0f0fa8bf45c6001308716340a1e33f8854
1014,hf_01014,art_painting,3,guitar,images/art_painting/hf_01014.jpg,9f18ec7bdf184defc49c1a110cc6e9209627c69fdbedc19c61df05e9acce68e2
1015,hf_01015,art_painting,3,guitar,images/art_painting/hf_01015.jpg,d74871402dfba554500b56cff80cab8c00fc21abcdfa15ea7484a024c8dc5eb6
1016,hf_01016,art_painting,3,guitar,images/art_painting/hf_01016.jpg,ef939ba5fa930b8bcad244950c4c1135bb6a795239df6348bc335907796f1ece
1017,hf_01017,art_painting,3,guitar,images/art_painting/hf_01017.jpg,287254aeaf711f675f2813685995ee249cc4407f301b40aa71f911ba77de0bb1
1018,hf_01018,art_painting,3,guitar,images/art_painting/hf_01018.jpg,3b45012d00c1cfa4286434f7723e13fbd8405cc7f80340f23c1b34aa81df6e44
1019,hf_01019,art_painting,3,guitar,images/art_painting/hf_01019.jpg,b401ec14af0fa2085fa377f38dfbd482135da9b4d4c3b84a4f320dc49a08e9bc
1020,hf_01020,art_painting,3,guitar,images/art_painting/hf_01020.jpg,39e6b55bce51761c073d8c33151f646b48b46772e1a97e3b0af4206c9cf0665c
1021,hf_01021,art_painting,3,guitar,images/art_painting/hf_01021.jpg,791ba659683fa37a0a7165b3135283ad76486d438ff5338d4587ca720bc92e83
1022,hf_01022,art_painting,3,guitar,images/art_painting/hf_01022.jpg,4cd6e96743b7fd14686ad7818bfc91c6a73d85bab7d66f2ed854347296247e56
1023,hf_01023,art_painting,3,guitar,images/art_painting/hf_01023.jpg,0de3d6445ecbc1ebf6ce3485f1b65af1d1c543fe6bf548e72c51c5de35401748
1024,hf_01024,art_painting,3,guitar,images/art_painting/hf_01024.jpg,d1eb05ce77a844b359db3532181c1e5f9356c4b73d9370802def2f77e758ecd3
1025,hf_01025,art_painting,3,guitar,images/art_painting/hf_01025.jpg,b5969b654d051414d3692fda294f40479643f118b7456faedaf50b7f65eec304
1026,hf_01026,art_painting,3,guitar,images/art_painting/hf_01026.jpg,315387074ad5f04e770b18dbeb2794ed8b1134eae74bd24506371794fd5db3f4
1027,hf_01027,art_painting,3,guitar,images/art_painting/hf_01027.jpg,927854f263c61cb2025667baa6112d4307c2fb0ddefe05c1b1152c2d2e78fc30
1028,hf_01028,art_painting,3,guitar,images/art_painting/hf_01028.jpg,99c3ef9d99b6f69c02e7059d8c2705894344285066f27520d0536748f65f44ad
1029,hf_01029,art_painting,3,guitar,images/art_painting/hf_01029.jpg,cc3c70d19a18579079d2706c89e8c2614f0a01fa393c947301a4fe1477363dea
1030,hf_01030,art_painting,3,guitar,images/art_painting/hf_01030.jpg,7483d7875ba925e2f29518aeaad4db3092dc83191c91876d74fe9254de6cf49f
1031,hf_01031,art_painting,3,guitar,images/art_painting/hf_01031.jpg,dd2b2a39b5f198b2e801e5782796de581bd10296aa85bb081b67ce04edab4b89
1032,hf_01032,art_painting,3,guitar,images/art_painting/hf_01032.jpg,0d5875480a265ceaf2a9a3e88539cdd5228670cb60474f61b0323326a8d77c7e
1033,hf_01033,art_painting,3,guitar,images/art_painting/hf_01033.jpg,3f79dc1c83e4c8edeea65a6ac241f16edf703cba471bb94983d4b0d601e3b2a2
1034,hf_01034,art_painting,3,guitar,images/art_painting/hf_01034.jpg,1ce4a871a51b638b53d946561d51db29fa78a1b4f59a62d6486f7308a4a54724
1035,hf_01035,art_painting,3,guitar,images/art_painting/hf_01035.jpg,0cab329b333b9817caf15dc001436b5fff620985a5f15774dac57968a5a8b5f6
1036,hf_01036,art_painting,3,guitar,images/art_painting/hf_01036.jpg,3a8b7a7e941fa9f85bbe1e52e87ecbf3d7b802bd8bff5c9f7af9faadfceb45ba
1037,hf_01037,art_painting,3,guitar,images/art_painting/hf_01037.jpg,43b993aa4eb5c773a9311e444d51c0f73b75054e870f5096f09ef9b1dd8bff7e
1038,hf_01038,art_painting,3,guitar,images/art_painting/hf_01038.jpg,818e31205336742f7145311636ba324f85bf64144fec859a09867bfcb59c6b5f
1039,hf_01039,art_painting,3,guitar,images/art_painting/hf_01039.jpg,12859e052031e5fe9add8b2d76e89ea792fa5de5e9f07c1cae2ebdd50c4dc7f7
1040,hf_01040,art_painting,3,guitar,images/art_painting/hf_01040.jpg,524afb6243a35a76823644fa2ffc014f3590ad821de4119804a68199e2baa46c
1041,hf_01041,art_painting,3,guitar,images/art_painting/hf_01041.jpg,01fa9e8cf165a955c889770bc04b5383176fec227c61728ab455869650d32bab
1042,hf_01042,art_painting,3,guitar,images/art_painting/hf_01042.jpg,eafbcbb0639d58659912347d13995190304b459811a7c0ed28f7e534714879ac
1043,hf_01043,art_painting,3,guitar,images/art_painting/hf_01043.jpg,1023140f675352ed9e5981b5ec0c6870df443b5e19fc1331595f8eed4d5740d4
1044,hf_01044,art_painting,3,guitar,images/art_painting/hf_01044.jpg,86532b08cb51eaceded53eefc34141e3986687f8b3f754f5ebac61968502d119
1045,hf_01045,art_painting,3,guitar,images/art_painting/hf_01045.jpg,16dcd8e5f3c114cd191e211b5266c171f28317949dd654793844e4dc1f9fe790
1046,hf_01046,art_painting,3,guitar,images/art_painting/hf_01046.jpg,226c654c180b6c4c5638f6623fa84a53f888599c0d08cd314360da248101adfc
1047,hf_01047,art_painting,3,guitar,images/art_painting/hf_01047.jpg,1ec5f5853bffb317e23886c05b1aee3feab7a2db9be1360157f39b0a34123d36
1048,hf_01048,art_painting,3,guitar,images/art_painting/hf_01048.jpg,960a27fcd105854bfb57e3ca796503301e85d071fc875e1e8efd1aeb91895bb9
1049,hf_01049,art_painting,3,guitar,images/art_painting/hf_01049.jpg,e4a0714b62e84c311b2f56b5067c296f7966e13880e145e170b7b9bc5be24b93
1050,hf_01050,art_painting,3,guitar,images/art_painting/hf_01050.jpg,d0b19fa1399d0f838603d8af581d0c6fe7d2a6f70724d10181c357f22d7caba8
1051,hf_01051,art_painting,3,guitar,images/art_painting/hf_01051.jpg,6b319a631e239a1b47b69a7521b1740c2c2cac4491af2ce548459cd276ca52d7
1052,hf_01052,art_painting,3,guitar,images/art_painting/hf_01052.jpg,71576b2d42dc924eac4a28bca1a4f3b073ed1f02147854d4b73d57158613bb5a
1053,hf_01053,art_painting,3,guitar,images/art_painting/hf_01053.jpg,04aac37d466d6116e4777dc1b3dad89fc684333e9845613dd1aecb99bf50f90f
1054,hf_01054,art_painting,3,guitar,images/art_painting/hf_01054.jpg,eb79744ba1bccfe434d5a0f5832e03672ce626acaead3b65ba96c417d16ac70c
1055,hf_01055,art_painting,3,guitar,images/art_painting/hf_01055.jpg,77e454c69014ba7d821e19df09ab9b8855a802d078708ef156d464a0e14dc4ee
1056,hf_01056,art_painting,3,guitar,images/art_painting/hf_01056.jpg,bdba8e5f8979989a75ea20f8e53572defd51f6e59c15908f56b7b0e9234f0031
1057,hf_01057,art_painting,3,guitar,images/art_painting/hf_01057.jpg,32488799d0d92f09ba32325b41d59c61ec43232536ed5e8e0c0c43337e191165
1058,hf_01058,art_painting,3,guitar,images/art_painting/hf_01058.jpg,e33e480b2d174328cb838e7005e575945c60245e0aa145317f31f12a153f1003
1059,hf_01059,art_painting,3,guitar,images/art_painting/hf_01059.jpg,80799b9aec0ace299c718d0ec644657ba7b0cda3825f5efd7c8b7b29ac05b25f
1060,hf_01060,art_painting,3,guitar,images/art_painting/hf_01060.jpg,0c99624d011016a3111d0d5f5332accffec925967d80fa290aa89a611d453804
1061,hf_01061,art_painting,3,guitar,images/art_painting/hf_01061.jpg,d7962def4522d3abebf2899f92d55d6066cf99e2bfb13739dab615d8049b4132
1062,hf_01062,art_painting,3,guitar,images/art_painting/hf_01062.jpg,08bea94d94babacca66f5d54d33fa86142fc7c5ca2fc6565a58e23892640174b
1063,hf_01063,art_painting,3,guitar,images/art_painting/hf_01063.jpg,886afa0d5ef502cf0f116cdf6843160966d0af9bd0f319d7fb2c6e8c1391235c
1064,hf_01064,art_painting,3,guitar,images/art_painting/hf_01064.jpg,8fd73feedac32f3fa4c38dba151b84a79d3053010b578ebb1f12f2f898f7a72e
1065,hf_01065,art_painting,3,guitar,images/art_painting/hf_01065.jpg,6589a2a222494d143625ea2b3809ea15c2ffeda919b3dc5d8fd4731f3f2902f8
1066,hf_01066,art_painting,3,guitar,images/art_painting/hf_01066.jpg,0a7c28c45e4c0024fbf304ec9007b52a471c6a36fdd034b7133f11a6d28c8c98
1067,hf_01067,art_painting,3,guitar,images/art_painting/hf_01067.jpg,4f0e17a2af11bf2c2b3fb414fd77cec1dfdfe91a60dba28f539315c930424183
1068,hf_01068,art_painting,3,guitar,images/art_painting/hf_01068.jpg,43126ba0de6e0257ab61d2e5898e438a904b833c343f62770f00b53433aec11c
1069,hf_01069,art_painting,3,guitar,images/art_painting/hf_01069.jpg,66f095257f64d2bad7bb0ba8d15c64be103d26391c1d9fe2f674f0a32bdf9318
1070,hf_01070,art_painting,3,guitar,images/art_painting/hf_01070.jpg,76db11e95bcb0d274f3ca28078ebdca3c4d1afff62adca439e1a5e44d5c6cd9c
1071,hf_01071,art_painting,3,guitar,images/art_painting/hf_01071.jpg,c30777dcb56be1b676cbe2d0b490ad48da1cc08165a59211368aa8b50c3b9224
1072,hf_01072,art_painting,3,guitar,images/art_painting/hf_01072.jpg,fdccd92999f4c98f1535080514000321e19a09eeede808ca92fee0dae009cdd2
1073,hf_01073,art_painting,3,guitar,images/art_painting/hf_01073.jpg,e8c7e0c05a3f9a895cd06933525b38efe760583c1f7cfb80be7554e98c9183fb
1074,hf_01074,art_painting,3,guitar,images/art_painting/hf_01074.jpg,6d769a2670a2336f2d22bded8515fd3a49e2d65e729768d17e1a14ca18c1d5d5
1075,hf_01075,art_painting,3,guitar,images/art_painting/hf_01075.jpg,e5280012bbb977ad08ff8550d3e62bc54ffe99427796826cb9df305db525621f
1076,hf_01076,art_painting,3,guitar,images/art_painting/hf_01076.jpg,70db81079de9d2f1b6199072160aad8ec1ba08ceed1cc2c9133e7cfaada4c1d2
1077,hf_01077,art_painting,3,guitar,images/art_painting/hf_01077.jpg,b6426ac0b771fcba638042e9bc5288bb8b1f9767b211762e773b71c8413a417b
1078,hf_01078,art_painting,3,guitar,images/art_painting/hf_01078.jpg,1b54034b49ccbea813bac5a327a39fe3cac139a1055c0be1c8802fdfbd26d9be
1079,hf_01079,art_painting,3,guitar,images/art_painting/hf_01079.jpg,4b41d039ef0e24210e8507052b3f482a9047b9c34261ba6f606bc3868afb82eb
1080,hf_01080,art_painting,3,guitar,images/art_painting/hf_01080.jpg,8362d003e013a8ff305b40220f6089bce87aff9b9b7e74dbdd69a2181f3861af
1081,hf_01081,art_painting,3,guitar,images/art_painting/hf_01081.jpg,4169e0cda8e53580483eb295bed2f1aff643dcc82a57f40a25581f5990d4517d
1082,hf_01082,art_painting,3,guitar,images/art_painting/hf_01082.jpg,0a174e5dbb29a428c9bfda8d351b181f73a2bae1433c591ac66dbe678f5fab5d
1083,hf_01083,art_painting,3,guitar,images/art_painting/hf_01083.jpg,579f516219695b601474b95041969b56e1fe1389776a1389786fd624972b01cf
1084,hf_01084,art_painting,3,guitar,images/art_painting/hf_01084.jpg,6ecf4820cb7296fbf262c1ce7a3dcef52575aaa848c7c1455e13a2fc61199c4e
1085,hf_01085,art_painting,3,guitar,images/art_painting/hf_01085.jpg,046e7511c81ee0a61a25eb151f50b888bdf377bf1f8ea49f00f7fa696bf13eec
1086,hf_01086,art_painting,3,guitar,images/art_painting/hf_01086.jpg,253791e2c6b1ec667f799b446bb3de11ad47a1bca12384d1af380bcb776ad95d
1087,hf_01087,art_painting,3,guitar,images/art_painting/hf_01087.jpg,beebbd13b5b45441942b0c2e5b2a6c4026342ac5fcf9504181dcd997ded11a35
1088,hf_01088,art_painting,3,guitar,images/art_painting/hf_01088.jpg,37d55d4f92983afd29fc1bf9ce8820720eddb1389aff0eacc234bf8668d791be
1089,hf_01089,art_painting,3,guitar,images/art_painting/hf_01089.jpg,dcca49107cbc3a6b3ad73045c64e5c9f0275b5b400882a19987a33eae055fb3b
1090,hf_01090,art_painting,3,guitar,images/art_painting/hf_01090.jpg,b141bff6ad3596dcb8fd2e39a00bee75c8f2340393c68a2c129d33ae7ed549d6
1091,hf_01091,art_painting,3,guitar,images/art_painting/hf_01091.jpg,a2dcea9549190390f6483d0eb58741634b3d3ae295c88dff30a50cc4088047d0
1092,hf_01092,art_painting,3,guitar,images/art_painting/hf_01092.jpg,c8804bc4049d935cb76f3a601e9bbdb93fbe6df3d00fadf344ce967f5e7bf279
1093,hf_01093,art_painting,3,guitar,images/art_painting/hf_01093.jpg,8784574bcb4b85000e3ee3937d8155143205061bf1b25ee0d5537ea9979a452d
1094,hf_01094,art_painting,3,guitar,images/art_painting/hf_01094.jpg,32158f183a1bff27f59fefd81a80260b768111f307df00d4195f42a73775cbb7
1095,hf_01095,art_painting,3,guitar,images/art_painting/hf_01095.jpg,fc531d0a2ad3cd204033535de7620e4732dc944977654bc82599b4f98b316f4e
1096,hf_01096,art_painting,3,guitar,images/art_painting/hf_01096.jpg,731b5027c88e5362cbd4cc8f4651ae5cabd31fb9711920c05a16618c3e350a68
1097,hf_01097,art_painting,3,guitar,images/art_painting/hf_01097.jpg,19260cfbbef18d06417fa9b9e0286323fb1c194f277f1209006c6a95d833d635
1098,hf_01098,art_painting,3,guitar,images/art_painting/hf_01098.jpg,3190f4645083cc513a3431e9cfc78400b16f68758e890bfc70a1496c5a2acc47
1099,hf_01099,art_painting,3,guitar,images/art_painting/hf_01099.jpg,1a64986626fe2bef68741cda19ca9ccf5e0887a08194e7fc30f4d2a1934b70da
1100,hf_01100,art_painting,3,guitar,images/art_painting/hf_01100.jpg,98ec0c2eb445dd3772ab06b21d65584e2fbfa75751fe41334d150029a5026555
1101,hf_01101,art_painting,3,guitar,images/art_painting/hf_01101.jpg,ab3defbb5ee6f92e5c3d8b7b639c323c6c2778186c28514a479acc2518a792b1
1102,hf_01102,art_painting,3,guitar,images/art_painting/hf_01102.jpg,dd919ce88590ca1a9136053eaed62a8ffa926cc004c5812133a450474bd31fd3
1103,hf_01103,art_painting,4,horse,images/art_painting/hf_01103.jpg,5cfe28d3895221dc63b0bc3d50c0ea6ac65b63f43c7a33ac706b97a0184a0295
1104,hf_01104,art_painting,4,horse,images/art_painting/hf_01104.jpg,9dafcdc88beb25d8cbcbeca62e330806aea10308497cc0a76056d5ccd6bca298
1105,hf_01105,art_painting,4,horse,images/art_painting/hf_01105.jpg,915e7e3d337632f303d237b749bca6244490110451bb1d6bd31ddffa8055ad58
1106,hf_01106,art_painting,4,horse,images/art_painting/hf_01106.jpg,3f14a4af5fc6e537c50c7394b6b9b517bebeeff2a48af5c365c546f1bdfb80ee
1107,hf_01107,art_painting,4,horse,images/art_painting/hf_01107.jpg,e7b527c908fcfcbe40f513812827a88004c3a05ddd03c4a43ed4604cacc5d662
1108,hf_01108,art_painting,4,horse,images/art_painting/hf_01108.jpg,b3eef67f5025b94185220d23404fdb5907a5044c06400bd86e7acbef5108a4a8
1109,hf_01109,art_painting,4,horse,images/art_painting/hf_01109.jpg,6771af3806b0355947efde07014102ab7ebaae7c8fecae6c96d3dc9da7e06904
1110,hf_01110,art_painting,4,horse,images/art_painting/hf_01110.jpg,0b35dff70e8305bf4433e55b0a276ba306217322a7e29d4a37631ec35f8ef1cd
1111,hf_01111,art_painting,4,horse,images/art_painting/hf_01111.jpg,02013748b860408f4b93f70c242c3fd1dcd99227faccbc3729bea5e864e0e339
1112,hf_01112,art_painting,4,horse,images/art_painting/hf_01112.jpg,3108bbd59529f90efee8545aa8e77f5027fdd7d58586760431e06dc528015e5e
1113,hf_01113,art_painting,4,horse,images/art_painting/hf_01113.jpg,be16f3fde56babce33f75287b4eba4e5d6b91182daed3973db5d7004f3acd7ca
1114,hf_01114,art_painting,4,horse,images/art_painting/hf_01114.jpg,e9a1c22b4d24aab81c570f30e0714bb109b7342b56860bd0c5ba198ff0d8871a
1115,hf_01115,art_painting,4,horse,images/art_painting/hf_01115.jpg,d39857b6f979bb65a90a4b10372a54d9ee01e4375e09d2a5e332df9ad209aa3d
1116,hf_01116,art_painting,4,horse,images/art_painting/hf_01116.jpg,920230af19995f4866de1c87cf6e9c5c7c70f0a84d0598b4faf4bfe8fe42aac4
1117,hf_01117,art_painting,4,horse,images/art_painting/hf_01117.jpg,79fae477113f4d0c4ae89d204cfe75ffdacc36ecc0a1bdc7536c6bb4a0c0ce48
1118,hf_01118,art_painting,4,horse,images/art_painting/hf_01118.jpg,64d6252b03b19ed5c5109eb3a9893db8f417dd3fd696b7cd475d6c5eafacfcdc
1119,hf_01119,art_painting,4,horse,images/art_painting/hf_01119.jpg,acee2ea431467697caf6e6472b0ecafecc019a67be340af7dd01d7486cf0ced7
1120,hf_01120,art_painting,4,horse,images/art_painting/hf_01120.jpg,5aa49253f2f48ffa77fd9817e0c9b2606f2cf83f3b490bc9c657f20615487c15
1121,hf_01121,art_painting,4,horse,images/art_painting/hf_01121.jpg,d0874883b692c1fee46c3b9b3eb664fd42c9ee378059714b128738b6647e0ad1
1122,hf_01122,art_painting,4,horse,images/art_painting/hf_01122.jpg,401f8db761f5f761775e4055ebac1900c586e1c12a09465a2a9f60a5b7aef619
1123,hf_01123,art_painting,4,horse,images/art_painting/hf_01123.jpg,6fcede4ca4002d385c0a75ab8a7e55553c0ec24086d9a203a95276c493a15023
1124,hf_01124,art_painting,4,horse,images/art_painting/hf_01124.jpg,4871d9643bbdbf4c52776f88100b179bbf047ee27ecef0d996085ba09fa29d76
1125,hf_01125,art_painting,4,horse,images/art_painting/hf_01125.jpg,20eaf86a0e9b2785a4b1428aa2e6515606ed2b9ba0e1f73c66fb5c8719480da0
1126,hf_01126,art_painting,4,horse,images/art_painting/hf_01126.jpg,47532b9fd7b7e349f975424c3fb523eb33147b8f792dbeabba567bf5c3be1a38
1127,hf_01127,art_painting,4,horse,images/art_painting/hf_01127.jpg,4cc9fab8599d507fcfb3590cbf2ba11e570edd4f1d686d070b84e6efae2f9629
1128,hf_01128,art_painting,4,horse,images/art_painting/hf_01128.jpg,7a00e8fd7e0c692526cc7c890cacbc17d79988592d6956d53c3cc26cc81be4b8
1129,hf_01129,art_painting,4,horse,images/art_painting/hf_01129.jpg,f358b5f85e3c89aaafc8fccdee0aca7eada4c0a8e3088c44c33e6c51ff653fdf
1130,hf_01130,art_painting,4,horse,images/art_painting/hf_01130.jpg,e8b3e60936d10253aa04a563e7ca0beb09923b097fcd0168e7ab3dd7b9578ba6
1131,hf_01131,art_painting,4,horse,images/art_painting/hf_01131.jpg,75254d616246a7f8f1b24d5f224fc7d23349a1302cdec9369590850e157d7a9a
1132,hf_01132,art_painting,4,horse,images/art_painting/hf_01132.jpg,163cb87cd17c7f786fb4980a014668d4308724f624c4136f059eb0bc83df8dea
1133,hf_01133,art_painting,4,horse,images/art_painting/hf_01133.jpg,3e580ff052fdd2b5c9cf9a49d8f518dfe84fe183c65d9ddce2f67affe50ac2e5
1134,hf_01134,art_painting,4,horse,images/art_painting/hf_01134.jpg,4f9145e478a456f4948e15acb262e72b25c0589e61e06c113c78ffd0e2f9e2f8
1135,hf_01135,art_painting,4,horse,images/art_painting/hf_01135.jpg,9eb9e1689c999079087a04d66d290c8d16020664d4b043d7f3b9869ddc181e9d
1136,hf_01136,art_painting,4,horse,images/art_painting/hf_01136.jpg,65a71a79446651650db431e9d74129e003cc8c0a50da87b60a51854535d6f234
1137,hf_01137,art_painting,4,horse,images/art_painting/hf_01137.jpg,9bb1a417524d2d556c8277b0e6f6ccf83745c3120a8aa0c71d0ff0f9caf2a207
1138,hf_01138,art_painting,4,horse,images/art_painting/hf_01138.jpg,490416328f539f23994ffe2a58616f5d5de53e54ef0cfb2502116a8efdbea895
1139,hf_01139,art_painting,4,horse,images/art_painting/hf_01139.jpg,47b4811e15bbf1e64a4ecd8fb533260c18b4c06c44f1bda9b0200e91cf15d5f1
1140,hf_01140,art_painting,4,horse,images/art_painting/hf_01140.jpg,e4867b9995345fa2381b9129ccaa78a732808925df5ecdc7fdba7dca55be475a
1141,hf_01141,art_painting,4,horse,images/art_painting/hf_01141.jpg,1e2e50574a4f718dc74e6a94e6f4e8b868213287d2fb432b1d8de692f80196b7
1142,hf_01142,art_painting,4,horse,images/art_painting/hf_01142.jpg,99076b0b5c0acfab0b8bb3607b160f89f6825c2fc58152bfe0185fe3fc500621
1143,hf_01143,art_painting,4,horse,images/art_painting/hf_01143.jpg,8d025b6f9bd035086d422f5a1dfb15b4af9e0e47eb2117f3cbe651c59417625b
1144,hf_01144,art_painting,4,horse,images/art_painting/hf_01144.jpg,ba2998432020c7bd669ce90adf3028487d5a3ec4965717b171d27190500ece57
1145,hf_01145,art_painting,4,horse,images/art_painting/hf_01145.jpg,e5edb521c77f58c23db0c29e395fd9e09013e0b503b78b76d44a39c5b2a0c9c9
1146,hf_01146,art_painting,4,horse,images/art_painting/hf_01146.jpg,e3a4a82f95d0184c1da7bf80681aaf519319dc23c7311adb1fccb2352425cf61
1147,hf_01147,art_painting,4,horse,images/art_painting/hf_01147.jpg,f45d8c5802bc13fe615e8c1a336b584729afad2510ecae2a102bc53dcaec6843
1148,hf_01148,art_painting,4,horse,images/art_painting/hf_01148.jpg,c02e91d4a08c5f864273c167fc678c9994c4267526825bdcd1be8b3fb9f38876
1149,hf_01149,art_painting,4,horse,images/art_painting/hf_01149.jpg,31bd28340431a16be3354ec775c1c029cd4b63822149d862c5f8703f0a34c054
1150,hf_01150,art_painting,4,horse,images/art_painting/hf_01150.jpg,66b606e4dd05c4865a6304d89e813859a569dff9b87203013de8d6d8fbd1f10a
1151,hf_01151,art_painting,4,horse,images/art_painting/hf_01151.jpg,f353471c343b69d07649ceecebb02287c883e12cd48310c404930624bda65de0
1152,hf_01152,art_painting,4,horse,images/art_painting/hf_01152.jpg,ef7e104a29e4024272df6e7bc4ba1faf8bf0400a27e7fef07ee4fecd61de3d90
1153,hf_01153,art_painting,4,horse,images/art_painting/hf_01153.jpg,2f2253ce338092b9f8173645624eb8b82ea59b21a9502bea032732b3b89892a8
1154,hf_01154,art_painting,4,horse,images/art_painting/hf_01154.jpg,54a06345df4e750bcdb3c48827e01517434cf7346f5934d69e797da98038fb74
1155,hf_01155,art_painting,4,horse,images/art_painting/hf_01155.jpg,d1a649d28efc7e0bf1a0023e7bca736416f0617d977b73b1d7ebaae319a0caab
1156,hf_01156,art_painting,4,horse,images/art_painting/hf_01156.jpg,54f0f3e892f6a3014a5fed62f5e94f80ccec2a32eae428a560f0dad92f51463b
1157,hf_01157,art_painting,4,horse,images/art_painting/hf_01157.jpg,f04345188a2ac066efefe4d346e3c02c6168fd55a9f4ded9ed68ab6215d90e35
1158,hf_01158,art_painting,4,horse,images/art_painting/hf_01158.jpg,3ca71dfc4fd4013419da4e1d3bf3b13ba6a5f95d8c606cd26ec8a08772a485b8
1159,hf_01159,art_painting,4,horse,images/art_painting/hf_01159.jpg,e760085eed9d7b98f7d92294ddec90a5a5f61beffd631c97872ae56f6c1e1d92
1160,hf_01160,art_painting,4,horse,images/art_painting/hf_01160.jpg,ccfde39bcb0437e2064e210a662ee3f73db4174652f98e62d7054c1eb5cd0ee7
1161,hf_01161,art_painting,4,horse,images/art_painting/hf_01161.jpg,392a2bb67318bc59d9795a1ac4eafc93ce777caaa2210060cdba1ec31c50a21b
1162,hf_01162,art_painting,4,horse,images/art_painting/hf_01162.jpg,eecdafc5f09798ce2eda5a904481ee28eba193f33c5310bd56efa42be639ab4a
1163,hf_01163,art_painting,4,horse,images/art_painting/hf_01163.jpg,dc736744c0419dc66e582482c52544e8f0161fa4b86c73f09576c4c1d44ce952
1164,hf_01164,art_painting,4,horse,images/art_painting/hf_01164.jpg,00e6900afe8e1e4f51ebb7a8db07c91d6fb6a2382367ee67f0584fa30bd6b320
1165,hf_01165,art_painting,4,horse,images/art_painting/hf_01165.jpg,10dff6bfe83feae03dd3e6d56cea15b73c4104625080aefd7284849f17273efd
1166,hf_01166,art_painting,4,horse,images/art_painting/hf_01166.jpg,038b993049d97b3a5f6ec9d5884d6dfd0c60637e0a7add30d78dc5864505e54d
1167,hf_01167,art_painting,4,horse,images/art_painting/hf_01167.jpg,71a66ce0999ce425d412bb67248d5f7cdac9a6a62ad6d630795457223158dc2e
1168,hf_01168,art_painting,4,horse,images/art_painting/hf_01168.jpg,aeb606ce2cc8ead90aa59c8ff59246ac7f4077ddabd665c573a1caa970430096
1169,hf_01169,art_painting,4,horse,images/art_painting/hf_01169.jpg,aed80ceac27bcb49e7b97790aef338afa07ac869ab109a2e2df65ce294404d16
1170,hf_01170,art_painting,4,horse,images/art_painting/hf_01170.jpg,61283794bc17d6e5829b47cf6cc8099f67439187105b77725617bd7a84a49a77
1171,hf_01171,art_painting,4,horse,images/art_painting/hf_01171.jpg,a13226a2a9067d3836f549cad08115d00f42bd57ad510dca0ec3acc7a5c9935e
1172,hf_01172,art_painting,4,horse,images/art_painting/hf_01172.jpg,3f721dec683e2c02773b6d619b14459a93a3874d512f67c46657016de1686727
1173,hf_01173,art_painting,4,horse,images/art_painting/hf_01173.jpg,d327b2a71b653fd25dec436ae3fcb38676bf0ac1941893512af9ffabbf7f2063
1174,hf_01174,art_painting,4,horse,images/art_painting/hf_01174.jpg,f1a5a22d1db58e12adf247c9a51fc4b11ea514240faa033bd3cad30c02cf380b
1175,hf_01175,art_painting,4,horse,images/art_painting/hf_01175.jpg,67ac6c70a205dbfb65a95a505dc8feec7afd28688166af257b6f5eb2e0e9d6af
1176,hf_01176,art_painting,4,horse,images/art_painting/hf_01176.jpg,6923289a2dfb126ba969df59c27f8f0066ddb9cdf00f3de5e3ebaebfb62a5c4e
1177,hf_01177,art_painting,4,horse,images/art_painting/hf_01177.jpg,b7138f2840e505841394327a195a65538c7a04cb3e7675a0f1cab249271e26e8
1178,hf_01178,art_painting,4,horse,images/art_painting/hf_01178.jpg,f2039a8abab492db1d49994327fdc21600fe70237eba2b8f75490cfcca82fcdd
1179,hf_01179,art_painting,4,horse,images/art_painting/hf_01179.jpg,82422bdab739c7f35583fd95643696070626010429db1e8b1fcb2eea7198aa6b
1180,hf_01180,art_painting,4,horse,images/art_painting/hf_01180.jpg,40029ced69c02cc4482a9d82b416b1e774c03a8ca66b2f233938d5b7cbe3c685
1181,hf_01181,art_painting,4,horse,images/art_painting/hf_01181.jpg,8c3837719b5274ba5aaec7e83d75eda007a4fe5140cdc77efb935beecff1183d
1182,hf_01182,art_painting,4,horse,images/art_painting/hf_01182.jpg,96255142db3b4681ada830af433a1a325e43d0a2c2fe6b76207a10806fa6f66c
1183,hf_01183,art_painting,4,horse,images/art_painting/hf_01183.jpg,b53179b2c3a5d5b7d43dbbdb37b912ed3dfbab526e4c0c03cf0f5f9822f231c2
1184,hf_01184,art_painting,4,horse,images/art_painting/hf_01184.jpg,463ba15bdcfebcb3c7ce21f3ebee870d0d03515eea32041b3c2e22a80bc7d3cb
1185,hf_01185,art_painting,4,horse,images/art_painting/hf_01185.jpg,f86fe133ded33e71c1e3d5edb14d1d59361db7b9066febc2a1df082e665d6108
1186,hf_01186,art_painting,4,horse,images/art_painting/hf_01186.jpg,ce338cdd33d50b4cf9234302437839136740fbd07f3eb9832009a825e433015e
1187,hf_01187,art_painting,4,horse,images/art_painting/hf_01187.jpg,ec3531c8d2344532afd8a2ecd83f628a988da6cc0d38c0e404991c152b231e59
1188,hf_01188,art_painting,4,horse,images/art_painting/hf_01188.jpg,58bbdbb9add162e777589688256db8d92f9c33c006a9ae9ee09ef4b7d2a77a18
1189,hf_01189,art_painting,4,horse,images/art_painting/hf_01189.jpg,5dceadfd3e00b74f6737d5c20ccca2f45b96a29314b0bc8f94d6470469ddc9fd
1190,hf_01190,art_painting,4,horse,images/art_painting/hf_01190.jpg,72c1df5e77d16e5dd78b49fc30575cc35552926b6fbc1234df26d24bc359c233
1191,hf_01191,art_painting,4,horse,images/art_painting/hf_01191.jpg,3c049ba60f816c2f8e7c561fbb8c428aeb7b0da01a8e0426a4808bef95a782d4
1192,hf_01192,art_painting,4,horse,images/art_painting/hf_01192.jpg,2b92bde8c662acefb7d11e9b574d8a1922f4cff1f9ee25bcb15c650d8d32c417
1193,hf_01193,art_painting,4,horse,images/art_painting/hf_01193.jpg,ab265f53e2bcd27e8f681e12e09b565b473887fbfbe87f021893dbfcdff9c9d7
1194,hf_01194,art_painting,4,horse,images/art_painting/hf_01194.jpg,89371e4db42476ed038c55846aa4e71446320e8bb540ad0dca658d25761e9b63
1195,hf_01195,art_painting,4,horse,images/art_painting/hf_01195.jpg,4cbc92b469aeb44345d34c61816c4d86976852b7e4266750aaa8627e9e6d5ef9
1196,hf_01196,art_painting,4,horse,images/art_painting/hf_01196.jpg,c30e92ac7c71b7470ecc5a9c7b68e0a16ad64dee644c2b67477b11f716d3c8e9
1197,hf_01197,art_painting,4,horse,images/art_painting/hf_01197.jpg,1fdafaf96f2ba7b74a0fc1a1c1c8b167a68ec96b40b909c9957fc5756a12e66e
1198,hf_01198,art_painting,4,horse,images/art_painting/hf_01198.jpg,c120261d8bb3871843459c191f1bf5deddbff8747ca6301d4243142ea7cb3930
1199,hf_01199,art_painting,4,horse,images/art_painting/hf_01199.jpg,185750c0758c8cae4b0411e42ff1126f1f040ce9563b7cd115bb3203d059bd6d
1200,hf_01200,art_painting,4,horse,images/art_painting/hf_01200.jpg,5be132369b3129c6be53a6faf7b368df6556250c7712d0ba5b5e42c089512219
1201,hf_01201,art_painting,4,horse,images/art_painting/hf_01201.jpg,0794a6a114ba745cf7f29996fb4eefcc5d8067173d596d5ff43aa142a83e9f77
1202,hf_01202,art_painting,4,horse,images/art_painting/hf_01202.jpg,081e2812e5e85b1e13b784a05f2dabb355703e17814cff7e14246359e0c0cecd
1203,hf_01203,art_painting,4,horse,images/art_painting/hf_01203.jpg,da72af1ff1d1e4ccbb1b633cbe64ef050fcebeed73bf707f6a09f7cc9e08f675
1204,hf_01204,art_painting,4,horse,images/art_painting/hf_01204.jpg,59152ef4fc857add5fe83cd07955319b89a0d4b0a23ef932ab7b943e525c0db6
1205,hf_01205,art_painting,4,horse,images/art_painting/hf_01205.jpg,0188bad0d17d585ff50b1535cc65496f11629c8186a069403913adc0b98a46fb
1206,hf_01206,art_painting,4,horse,images/art_painting/hf_01206.jpg,b115c45d3b4420b0421af64189878b9dca08802ba633f5492392f9bd29f41351
1207,hf_01207,art_painting,4,horse,images/art_painting/hf_01207.jpg,2332921218c540faf375e7143a34bef8f8cda3632a8bf0f15ce4a0aa8f49792c
1208,hf_01208,art_painting,4,horse,images/art_painting/hf_01208.jpg,f0be3113443c511bda2c47a6a2458dcc1a93c63698f5221cd4c4310855a7d11b
1209,hf_01209,art_painting,4,horse,images/art_painting/hf_01209.jpg,a4c4e98ae10460f480ca92cd714ea9b0ab6eeec27948f1e8874c3e0797cec8a6
1210,hf_01210,art_painting,4,horse,images/art_painting/hf_01210.jpg,f10a64dd5c7ea71e93fdbaf38c5231e81a0b09c89e2616917d3d3d59b3c8cf2b
1211,hf_01211,art_painting,4,horse,images/art_painting/hf_01211.jpg,bf6a65e9d4f0c6c76bd4d97cf4dfb675a326156bae2b8c5fd179a6c588fb1e84
1212,hf_01212,art_painting,4,horse,images/art_painting/hf_01212.jpg,ccb1fd6162395ae88df69e65041def74472b1b10ba1c7bf516bb63ce38a96cdb
1213,hf_01213,art_painting,4,horse,images/art_painting/hf_01213.jpg,25984b6224226d738f475b0a3c18b569bbeedca336b9966b7399189ae1db37aa
1214,hf_01214,art_painting,4,horse,images/art_painting/hf_01214.jpg,1b5e9d654fe2531a7141d651535fdf7bf1eb0aaa5f727b4a9a09680e13f53b32
1215,hf_01215,art_painting,4,horse,images/art_painting/hf_01215.jpg,1aa3047e664cc72127cc60945e4f0e1cbce0a2f5e2870ef59589157ba08ddbc4
1216,hf_01216,art_painting,4,horse,images/art_painting/hf_01216.jpg,1e8e3531911fb30f712a1927b85211221a3b4ca2dc64ba1b2cd9beabc213fde2
1217,hf_01217,art_painting,4,horse,images/art_painting/hf_01217.jpg,e0155caf3d21c1e73563fc06b5e744259dfa52dc16a38157fde5eae58595863d
1218,hf_01218,art_painting,4,horse,images/art_painting/hf_01218.jpg,18d3a0c8fedf7b63af8e3ff4af2b196d03b5d531e78ed5da4f003279eeafd70d
1219,hf_01219,art_painting,4,horse,images/art_painting/hf_01219.jpg,4bbdfa92a5d8fb45a240a9924dae539837a44d5ed408423d09353fa8c2cede55
1220,hf_01220,art_painting,4,horse,images/art_painting/hf_01220.jpg,0a37df4a930d538a82c7850c8264453f59ad3c73e403a0ed8e2f584e34387c0c
1221,hf_01221,art_painting,4,horse,images/art_painting/hf_01221.jpg,fc450c9cfa2c89f726fdae6d230a0de21431fb4c3a99752fc23ec8d466c63252
1222,hf_01222,art_painting,4,horse,images/art_painting/hf_01222.jpg,70cb9279d3fc784141fbc4622902ae0fbb0d5b9b007fa9cc6ff46ddd11ca6e16
1223,hf_01223,art_painting,4,horse,images/art_painting/hf_01223.jpg,56609faa8525f1c0609d708bb15135dc8e5243d39ac49b519bc270aa32b4fc47
1224,hf_01224,art_painting,4,horse,images/art_painting/hf_01224.jpg,e0aaf23d28588d45d9a8c847ca37866dfaf62aec9017c77694b85c80aa72df8d
1225,hf_01225,art_painting,4,horse,images/art_painting/hf_01225.jpg,29f9e82ad84e866c22ef2f366d0ac24720e8e1cad3c292a76e98d7194c95f9ee
1226,hf_01226,art_painting,4,horse,images/art_painting/hf_01226.jpg,60dce70eb87093c23e04c304c439ce07abb46622bf9b7cfb119828e50ea3e982
1227,hf_01227,art_painting,4,horse,images/art_painting/hf_01227.jpg,db6ad19ee5e6e6996b89276dbacb8fc02492549ad03ff93ef3eea9c2c153e2ee
1228,hf_01228,art_painting,4,horse,images/art_painting/hf_01228.jpg,c9769342da7c05a6af323960cea7923c5f1e9d1f7fb002208ca6b827a40dbf87
1229,hf_01229,art_painting,4,horse,images/art_painting/hf_01229.jpg,7f0ae191f5a2bb4be04f1e0e591e19cb902acfa524cb08403269447e40f69706
1230,hf_01230,art_painting,4,horse,images/art_painting/hf_01230.jpg,7dacf5a2c59d9335e987a90db005f107770e65f759d916ce7a9a3d3845c4096e
1231,hf_01231,art_painting,4,horse,images/art_painting/hf_01231.jpg,b719d50119f9de8b6ce2b1361edf1f97caff8251107d405d7ab9e67c5d9a0479
1232,hf_01232,art_painting,4,horse,images/art_painting/hf_01232.jpg,220a1ac898321b6074c39d50acafa877fc9029fa59dc48b535f77bd4197eb2a9
1233,hf_01233,art_painting,4,horse,images/art_painting/hf_01233.jpg,e8ada8cf91e820da2451b165fa36515b5abe2df1ccd718fd1a34a702305f34d6
1234,hf_01234,art_painting,4,horse,images/art_painting/hf_01234.jpg,3cb07510a436d95f6c137651f188f0ffeddc64f94699d87239b9f933150b7688
1235,hf_01235,art_painting,4,horse,images/art_painting/hf_01235.jpg,232886217c9a08ebac091e516c44c0c941b03ee75b9c9241e1e83e002e3699f4
1236,hf_01236,art_painting,4,horse,images/art_painting/hf_01236.jpg,b2861f98c753c07fbdf0a55bf38a8f4736ad07ce20c572d61bf383de27f5e529
1237,hf_01237,art_painting,4,horse,images/art_painting/hf_01237.jpg,47494807f715551e56a828fc58c9455e1b3d040333a3142f127ffac00afd8ba2
1238,hf_01238,art_painting,4,horse,images/art_painting/hf_01238.jpg,fe379659cce77fa1b81c9478832c902fc2f57d057a59d4c4b9cca2e9c8fa0df8
1239,hf_01239,art_painting,4,horse,images/art_painting/hf_01239.jpg,fee0396b918b020a34378cbe29098df97ecb9cc72c9d5c6193d4f8b5ca1b9331
1240,hf_01240,art_painting,4,horse,images/art_painting/hf_01240.jpg,6fae81d4bf780f12ceefa138549a2411680b4a6331b65e9402db478983bc1bcd
1241,hf_01241,art_painting,4,horse,images/art_painting/hf_01241.jpg,672bfbba6a23f753445757dbdca916dcdca3bfcb29c4227081be6f36c6265ae9
1242,hf_01242,art_painting,4,horse,images/art_painting/hf_01242.jpg,c8d00f9eb0cc84a944c101db3852bd14c1882357ca7dfa5858dd56fb8c1d4181
1243,hf_01243,art_painting,4,horse,images/art_painting/hf_01243.jpg,0c1caeea26f6bbf6c73bd2f0b93ffbb7412c27999e91abac23990f4f5118de1f
1244,hf_01244,art_painting,4,horse,images/art_painting/hf_01244.jpg,29a523655564b4d48bdfdbbdc0aabbbf53bb51565efc2c272a047880583a4f82
1245,hf_01245,art_painting,4,horse,images/art_painting/hf_01245.jpg,d43dceb0440d83b3005d988ebd6e10576f6c3df7bfa50621afd526dca1678429
1246,hf_01246,art_painting,4,horse,images/art_painting/hf_01246.jpg,7781ca6ac575afbf4d6e64fcc6a90107391507c596959796e8d6e1e06ab71709
1247,hf_01247,art_painting,4,horse,images/art_painting/hf_01247.jpg,3125a4bb82a740be92326313a2b669bf69e70d084a92ac6735afa1203406663a
1248,hf_01248,art_painting,4,horse,images/art_painting/hf_01248.jpg,43f4b9a7014528118ee4f376b59c26d9487de66464a76c46fb24e41bf14cb8b1
1249,hf_01249,art_painting,4,horse,images/art_painting/hf_01249.jpg,bfd8fe60f47cfc66deb68937b09df95a1f98828eb3bc32dee400deae0332b048
1250,hf_01250,art_painting,4,horse,images/art_painting/hf_01250.jpg,1c84c8228f75f0470a943be54b6276c0ac4625df013f2fc9c7a469b506251c20
1251,hf_01251,art_painting,4,horse,images/art_painting/hf_01251.jpg,6d25165a778b5c3b1d539e60c9bd4be1f209f275a987832d0daccb94ddb85e3e
1252,hf_01252,art_painting,4,horse,images/art_painting/hf_01252.jpg,da1ff18351311e005e5e1d1904715f2a190e93ef34b7dcf3502eda24ce1753cd
1253,hf_01253,art_painting,4,horse,images/art_painting/hf_01253.jpg,255cb3fd1e0d64949ee5535593881402e513d43bf1418699a64817cd366cc42a
1254,hf_01254,art_painting,4,horse,images/art_painting/hf_01254.jpg,244748968d7a2d07ebf44d971f496dfe8d3e5ac6e556f53886693fa2013cbdbf
1255,hf_01255,art_painting,4,horse,images/art_painting/hf_01255.jpg,72b2aa862ff2f574f93046b923a53b56b188a037cb907d709744299883f8a5ee
1256,hf_01256,art_painting,4,horse,images/art_painting/hf_01256.jpg,0c330ff4d40d24913c4fbf10342fd157476b9fb75e2c4280ed94ed849f88f4e7
1257,hf_01257,art_painting,4,horse,images/art_painting/hf_01257.jpg,ddfc50d427115a3341500ec4ae8485249f816e09261a1dac2d4c7471abfdbc60
1258,hf_01258,art_painting,4,horse,images/art_painting/hf_01258.jpg,483a640bf87f704cb36dca41db147fecc856cbfee9e95cd3c2569e9a7ddd4ba8
1259,hf_01259,art_painting,4,horse,images/art_painting/hf_01259.jpg,3fb8fd97bea110b9af54c58f48541dcc6cb3242c32a96ee09d90fe80e13c1664
1260,hf_01260,art_painting,4,horse,images/art_painting/hf_01260.jpg,1f9fc581a1eb529f34a8531a95d61b34000a8918d73b66f69e95436c003fede7
1261,hf_01261,art_painting,4,horse,images/art_painting/hf_01261.jpg,0ae551c32c313c8eff0e594221d3c270b040af61f359a441c817b5f3f1858e52
1262,hf_01262,art_painting,4,horse,images/art_painting/hf_01262.jpg,1fee50b1dd42bac19edd44108960fae6ab5a14c788e5a12ca1910f9391f7e674
1263,hf_01263,art_painting,4,horse,images/art_painting/hf_01263.jpg,17581c5459a99bfbb4d2e0bcd1eff4be262b9ff6f6e01e8f293b3350d780bbdf
1264,hf_01264,art_painting,4,horse,images/art_painting/hf_01264.jpg,4642562040e315d18ea5ea5a5143a4f0d4cbaf2d4682c975327b63987c7410f0
1265,hf_01265,art_painting,4,horse,images/art_painting/hf_01265.jpg,c946fc38679bc8a3aa085f7fee1542acf5d2a073b4f093387aa229cb88521ec2
1266,hf_01266,art_painting,4,horse,images/art_painting/hf_01266.jpg,eef30015294cdb99a0e7016f44779cc038697df085873ba88511cf22ba2db78f
1267,hf_01267,art_painting,4,horse,images/art_painting/hf_01267.jpg,4c7d843944ba9eb1f737e1481954dd8f571c8718455e6ec01d9b3787a7155eb9
1268,hf_01268,art_painting,4,horse,images/art_painting/hf_01268.jpg,80354bbcb47ba20b98fd27d748d4fae789ea0b7159ae23d96a51003271f3ff4a
1269,hf_01269,art_painting,4,horse,images/art_painting/hf_01269.jpg,cbb89f42e5a3c5259b1f85e72f8de95fe6d08c8f21808a9f50a3b26e7f072562
1270,hf_01270,art_painting,4,horse,images/art_painting/hf_01270.jpg,a4438d5a3e86ae0abbd001b7112a676d2916f8bad69712705fa094fdd26b07f5
1271,hf_01271,art_painting,4,horse,images/art_painting/hf_01271.jpg,80eb123e8692329597347ff1d263ab645341c86f49cae74159342bcb46adc8a8
1272,hf_01272,art_painting,4,horse,images/art_painting/hf_01272.jpg,a92f006d52906533b333708879892bd313ed5fc17fc0a540677bb1aeada63a61
1273,hf_01273,art_painting,4,horse,images/art_painting/hf_01273.jpg,088fdccb5d504fe9fd6c247f9221bcb8d83f0856759761d1236e637dccc858ed
1274,hf_01274,art_painting,4,horse,images/art_painting/hf_01274.jpg,43c391b758627d83900c24eefa2b3186406c2bacd1ddc54bdd5882059bee34f7
1275,hf_01275,art_painting,4,horse,images/art_painting/hf_01275.jpg,75142231c082de65d535cb77092ddfa0152868087d6550e6af8817f7bb0bdef1
1276,hf_01276,art_painting,4,horse,images/art_painting/hf_01276.jpg,d5070ecf81b8d649d933a6174a49b7d6891408c76a98b43813bd75a831f1cf91
1277,hf_01277,art_painting,4,horse,images/art_painting/hf_01277.jpg,4f8fe822d854dc1a165ac11ae8c8578a59090cf8739f2cb09e38795c4eb00b7a
1278,hf_01278,art_painting,4,horse,images/art_painting/hf_01278.jpg,a9e53e7f36c77af0937d3a57ac1c98be6b9c7504a332bf9af9a25b24ba73bd3e
1279,hf_01279,art_painting,4,horse,images/art_painting/hf_01279.jpg,2dcaae0b2dc5f5f331a9d559ce9ca298683ac7c1a544b80d3aa9158f5d00171f
1280,hf_01280,art_painting,4,horse,images/art_painting/hf_01280.jpg,036a488eb44023d3893d28aa465dadadd5d75eddd56edc9c2c97754572a3d090
1281,hf_01281,art_painting,4,horse,images/art_painting/hf_01281.jpg,549b026b691616cbdcbba4b29d680bfbe82cd7aca9dfadcc3bd10813ae2f953f
1282,hf_01282,art_painting,4,horse,images/art_painting/hf_01282.jpg,72c077471bb55d40704f5d086e3729e7244ef658c3f5ab92580a188c83a804da
1283,hf_01283,art_painting,4,horse,images/art_painting/hf_01283.jpg,4420c7cb2f1e909239bc9fd49315ddc354cdacb334164bba81ff51cf8d559336
1284,hf_01284,art_painting,4,horse,images/art_painting/hf_01284.jpg,520a658601a257085ee0a3543b4458aa285c44febd6b6a69759cd63cdb4ea0a8
1285,hf_01285,art_painting,4,horse,images/art_painting/hf_01285.jpg,976aa743280b5f33ce3b63a83ce6ac6be38c9457fdf105764de2ab3834030b72
1286,hf_01286,art_painting,4,horse,images/art_painting/hf_01286.jpg,bc343717f7c69010c0cc62f555948432282040a8537fbff06e0f7a5ca4adcc85
1287,hf_01287,art_painting,4,horse,images/art_painting/hf_01287.jpg,3ce87b56c67262aa6472fadbda5a975e58cbf1560592ec8cd4fa138e900963ef
1288,hf_01288,art_painting,4,horse,images/art_painting/hf_01288.jpg,60b98b7c08dbf7dfb57dbd8f689ac516f7ab4531d50bde85e88636db399dfee5
1289,hf_01289,art_painting,4,horse,images/art_painting/hf_01289.jpg,20188ae6dfefb10fa25a9b1ac88162b089e25176abb5925262dcc11821c94549
1290,hf_01290,art_painting,4,horse,images/art_painting/hf_01290.jpg,d7ba490cc29c8dc57658ff7b435f415188a28a17e3bcdbe236796d5332ba17c2
1291,hf_01291,art_painting,4,horse,images/art_painting/hf_01291.jpg,c74505a125be154f7bee8103b328cdd4c99a91aa5086e8c53e6a580a708abbc3
1292,hf_01292,art_painting,4,horse,images/art_painting/hf_01292.jpg,980864f5899e5f43b7d6d8cd4753575a5bc2c04487e50fea109d0c00ce52a4a7
1293,hf_01293,art_painting,4,horse,images/art_painting/hf_01293.jpg,ab0475b32886ced2f35e467515d551fb5a9d59e6e05a35330019ae522f7a6710
1294,hf_01294,art_painting,4,horse,images/art_painting/hf_01294.jpg,2cd6a72e7422a272fd08cce4712c896863ebdc6f345a0816de4afd7c152adfbd
1295,hf_01295,art_painting,4,horse,images/art_painting/hf_01295.jpg,c0a152ad47583c6ebbf61f893a13a5d20c563bdea9e3d9c2d9b4e43656a93157
1296,hf_01296,art_painting,4,horse,images/art_painting/hf_01296.jpg,32fe2672fcd79527507399796a2b1c78e0b6ea404888d5843254207ed03f6293
1297,hf_01297,art_painting,4,horse,images/art_painting/hf_01297.jpg,a69891ed4b06c303a3d93c57d496b8d8814f71750513d15a2a62bb53f5de8f14
1298,hf_01298,art_painting,4,horse,images/art_painting/hf_01298.jpg,c7949ddaa711aab890f7a005c346130319ff0bd53101ed4b44f990b7ad1ec7b3
1299,hf_01299,art_painting,4,horse,images/art_painting/hf_01299.jpg,970fbb05da30411c17747d7a350bf120dc55e51557bbbd6d4e6551de0f9e9421
1300,hf_01300,art_painting,4,horse,images/art_painting/hf_01300.jpg,6fddf37b272f2561fcfb38153625696189e9f8fcc69b8c7c08e1fd376f944d8b
1301,hf_01301,art_painting,4,horse,images/art_painting/hf_01301.jpg,e208ac6c7d38f22cf6e9377d8d9c391ef0e0faa3d1506e7aa985ad83d04d0017
1302,hf_01302,art_painting,4,horse,images/art_painting/hf_01302.jpg,c4ed1398b6caeab296645891a0499574917aefabef871b301cdc1cc1448f1b45
1303,hf_01303,art_painting,4,horse,images/art_painting/hf_01303.jpg,de852e66cd1a61e63df41527ae6176d6ab3148801c02a167bd029d0eb1e6d6eb
1304,hf_01304,art_painting,5,house,images/art_painting/hf_01304.jpg,00c2ad1d7318e9ae78d0412018856226de595e4ee7a1bc5a7d28b98c92be161e
1305,hf_01305,art_painting,5,house,images/art_painting/hf_01305.jpg,1503e6bdc4c6e372d046c936bb106e4122c5f6d25641956bb14a68e34979d1b7
1306,hf_01306,art_painting,5,house,images/art_painting/hf_01306.jpg,48826e4f5cdb903f571039edb0d6dc16bcefb6c2b09699f9253a6b61abf8cfea
1307,hf_01307,art_painting,5,house,images/art_painting/hf_01307.jpg,a2da92a72aca2c6a506785d950ced07cf849b3236ec9db0740148386e26ea325
1308,hf_01308,art_painting,5,house,images/art_painting/hf_01308.jpg,f3094aa11b379a0a6ea213724c0b744e85f135852abd7e46ca2182609e331e57
1309,hf_01309,art_painting,5,house,images/art_painting/hf_01309.jpg,b82ad75ce75e65cd9d936cf4f340086963ec7cfa092d14d779c8251e127e5f27
1310,hf_01310,art_painting,5,house,images/art_painting/hf_01310.jpg,aad4d3cb51accbd1a7d9d8e7f6317d0ceb998172920f6aec8ecde14ce1834696
1311,hf_01311,art_painting,5,house,images/art_painting/hf_01311.jpg,b22efb7aab6e646ad6077edebd7512c86710d7074a81ba52f94357dc77eaf97b
1312,hf_01312,art_painting,5,house,images/art_painting/hf_01312.jpg,c578512116166c6787fc20c19914ad5e3c8969fc6b8fc882388a378efb173615
1313,hf_01313,art_painting,5,house,images/art_painting/hf_01313.jpg,c0f41f1dd7182dda24328caac87bcccef1dc56f5fa6f891842f2b77b492f6cf9
1314,hf_01314,art_painting,5,house,images/art_painting/hf_01314.jpg,71e0d3609ca8040ac6692310fe78caedef77061906ea0dc21bbb4bcf6f641837
1315,hf_01315,art_painting,5,house,images/art_painting/hf_01315.jpg,042173e7782a8d6fd073136a784c2b890bc564adde366ee1718b70ce323b1bd6
1316,hf_01316,art_painting,5,house,images/art_painting/hf_01316.jpg,42ac0bba7415f980576ffee19052d9bc605169eace3ba045067a9ef2fc841ff7
1317,hf_01317,art_painting,5,house,images/art_painting/hf_01317.jpg,756cb3f05f320689fc731bd4e84387003fc9b2d85684dec099f2090fc247d1cb
1318,hf_01318,art_painting,5,house,images/art_painting/hf_01318.jpg,240d0f10097974213dae20267ba502b61fcf634ca45eb281019a169709ae0cb3
1319,hf_01319,art_painting,5,house,images/art_painting/hf_01319.jpg,f8c2bbcebbe793d64b35b4a5cec9970d9c2a202ac685b0c6f6f7c9e95930de02
1320,hf_01320,art_painting,5,house,images/art_painting/hf_01320.jpg,aff4d41a8e6200583eac2183be58a4f32370b9b46ed36548c9e2e59b19b270a1
1321,hf_01321,art_painting,5,house,images/art_painting/hf_01321.jpg,7a287f40f5a4cb19b2b3407da53b07c212fdb8683bfe0e3658c552269f07791a
1322,hf_01322,art_painting,5,house,images/art_painting/hf_01322.jpg,7e94cd1d113ca1b186480aff65f42d4def4112ad3d3020b6d107b82fa62753a6
1323,hf_01323,art_painting,5,house,images/art_painting/hf_01323.jpg,1bc34626abc62ddcf9c8bbb9a62c64d1c894fbdebda320b1f0c03af5e1be9ad3
1324,hf_01324,art_painting,5,house,images/art_painting/hf_01324.jpg,6fa9a85ef4d26c0a3369bf92fc14586e0e99f1a06084f282a34a483c680b98d5
1325,hf_01325,art_painting,5,house,images/art_painting/hf_01325.jpg,f3202ede213f2224a912d0dc905d0bb107675e5af5914f1972f2f167c2ad72b0
1326,hf_01326,art_painting,5,house,images/art_painting/hf_01326.jpg,00890fef4b2ee9bf1a8a4e0c66d73571c6aeea58fc605b4aa1e498d68f06afed
1327,hf_01327,art_painting,5,house,images/art_painting/hf_01327.jpg,0e72195b0e110e295c07288054c82ce16f619ea09943f722e5b2aa2559b78124
1328,hf_01328,art_painting,5,house,images/art_painting/hf_01328.jpg,d97e01bfe01db73f3627faf8d00500ff28def0144aed5f0ba64727b34dd72365
1329,hf_01329,art_painting,5,house,images/art_painting/hf_01329.jpg,5327c1e8ff62c2e8e6fb9830befb80369241bcf241f3ed707ae6bbe3a1b72079
1330,hf_01330,art_painting,5,house,images/art_painting/hf_01330.jpg,ec34d9487f58712f2d7666ee83655ee96d0668905d1fcc91cd3b5e463c702e24
1331,hf_01331,art_painting,5,house,images/art_painting/hf_01331.jpg,5294aafd87732bf814866ab1e37bc3480b8fbbf5b2be9f90eebfe3bc19885148
1332,hf_01332,art_painting,5,house,images/art_painting/hf_01332.jpg,28e688ef0f03b6a2f5e51c6aefd70889c31d7539332d2e7aa014a55d215dcb30
1333,hf_01333,art_painting,5,house,images/art_painting/hf_01333.jpg,b8c8015fdfb55cdbf779cba2044a03174b98a6fe6df8b12755f20ed56f5a7698
1334,hf_01334,art_painting,5,house,images/art_painting/hf_01334.jpg,11937a246c7b101b7acb9295281e7edfcc323a9e946633ac7e2207bee122b3ed
1335,hf_01335,art_painting,5,house,images/art_painting/hf_01335.jpg,6d8a8bcc7d55aec7e40061ba4c6e331aa95037378ffa070ea5be73cc47a579eb
1336,hf_01336,art_painting,5,house,images/art_painting/hf_01336.jpg,73b3242329a131d4902458b83830ad15d28846ba21550aceaa878feb1565b826
1337,hf_01337,art_painting,5,house,images/art_painting/hf_01337.jpg,97350a7d8dc8826983ca53392acac1660706a4936196789bc8ff53486fb693c7
1338,hf_01338,art_painting,5,house,images/art_painting/hf_01338.jpg,6471107b2907261e94ebebe9d34bf813b03bd9c90add8a43e0962eb3c027d075
1339,hf_01339,art_painting,5,house,images/art_painting/hf_01339.jpg,1b6bfe0fda830399220fca36e57a600beea693fb8503a83977769d602b046fd3
1340,hf_01340,art_painting,5,house,images/art_painting/hf_01340.jpg,d9b165f7c569ed0096c866621893c0de042ddb7adaa817211a77dd7176b04baf
1341,hf_01341,art_painting,5,house,images/art_painting/hf_01341.jpg,b5e139e5152affdbfea219c0af68629edb3247c6c309c5a47a4d8f5e2e8557f7
1342,hf_01342,art_painting,5,house,images/art_painting/hf_01342.jpg,7085ef0778f457db5293b3323f9d26d89860688e1a68da1b0226103d1d29c391
1343,hf_01343,art_painting,5,house,images/art_painting/hf_01343.jpg,6781a49d84e9b5af8beaa956be8b32908fbf5d43a3470c9a21a3bbaa3801198e
1344,hf_01344,art_painting,5,house,images/art_painting/hf_01344.jpg,8dd2bb72d1988c4eec0e2f819ecd1c772b80cbdd7be993105895abbbe400d201
1345,hf_01345,art_painting,5,house,images/art_painting/hf_01345.jpg,539c4c0746692d23f44aa6c39f264ff01d354efc0c15433f937e4ce0a483479a
1346,hf_01346,art_painting,5,house,images/art_painting/hf_01346.jpg,244cb45290c422d04bcf54b814c9d3680aaa4326149b6f8e38830a957641a739
1347,hf_01347,art_painting,5,house,images/art_painting/hf_01347.jpg,5839321b9dbc64621981e9e3e8b853ba040e213b9418f56e550d675de0af319c
1348,hf_01348,art_painting,5,house,images/art_painting/hf_01348.jpg,74fa547a4e0fc0f14e65053edca29c323af6f1275a5d5cf6515b71586f6d06d0
1349,hf_01349,art_painting,5,house,images/art_painting/hf_01349.jpg,22278b397b23b5389526fc6e7d721a99a7f0f81806940076e45fa1b70a99c8b4
1350,hf_01350,art_painting,5,house,images/art_painting/hf_01350.jpg,80ab6d31bc00327db5712b560a0b001372dc19d5551b26ba9ad8d35e9f649c1f
1351,hf_01351,art_painting,5,house,images/art_painting/hf_01351.jpg,df74be2087d421190bfd5f6262e3d8b73fd7d8b85576b56b4d1b548b76e0036d
1352,hf_01352,art_painting,5,house,images/art_painting/hf_01352.jpg,0dbfca4c76f9159586e1a5cf307851a90678a1f6ee872ca9d8a3e387d69be0a3
1353,hf_01353,art_painting,5,house,images/art_painting/hf_01353.jpg,5265242f8a7f9482735e867051822ca13e03278eb5bd66e9105d1d0de7f59136
1354,hf_01354,art_painting,5,house,images/art_painting/hf_01354.jpg,f5a03e205796a26068008f3e19f3eedb73889809d0d1f5bc61b10216b175d964
1355,hf_01355,art_painting,5,house,images/art_painting/hf_01355.jpg,34c18b63a387d9414b3a0c90d84f92eab3193b56a6e34e31e71ef250389a8515
1356,hf_01356,art_painting,5,house,images/art_painting/hf_01356.jpg,f32b2753e36ff7a9d7fae8732af232a50028888c375615110487f4201ddfc833
1357,hf_01357,art_painting,5,house,images/art_painting/hf_01357.jpg,c2d758c589619b39d093f882fa5c24ee7eeb59af4fa6a76f825df3032d33e326
1358,hf_01358,art_painting,5,house,images/art_painting/hf_01358.jpg,9f0754cc91ccaf1115e1584e080c8be90bcdff6ebc238dc95879ce8f6e3b35f9
1359,hf_01359,art_painting,5,house,images/art_painting/hf_01359.jpg,39567182ee9ccfdfa4ce7b2323fc0a8b756238f7a4157976fc3e6d8d575fe51d
1360,hf_01360,art_painting,5,house,images/art_painting/hf_01360.jpg,f702661111b30979e36bbca5d389c9d155f55cf05b04a569d5a566b8c07fbb35
1361,hf_01361,art_painting,5,house,images/art_painting/hf_01361.jpg,ef78223bc981c8abea4f9f75e7ef31fecd1541fec181e80f820602b6f9f91e35
1362,hf_01362,art_painting,5,house,images/art_painting/hf_01362.jpg,3473ae79ba08d353413c7d78a644205a29071cdcab0f2646adddc5b127d900d9
1363,hf_01363,art_painting,5,house,images/art_painting/hf_01363.jpg,f81a2c5127961f8b5be7d0fc2077a5356c1462713ef568b01695adf617ca802a
1364,hf_01364,art_painting,5,house,images/art_painting/hf_01364.jpg,ca08556527e434dcff4803c5f998146f4aa44e3b83239d7b465fb5cc2ab53dc1
1365,hf_01365,art_painting,5,house,images/art_painting/hf_01365.jpg,0988de296424f44adae440e7ff7d652c7f0e1c05e9fbb3f35d3a9c8bca7d53ea
1366,hf_01366,art_painting,5,house,images/art_painting/hf_01366.jpg,8a644424976f73bf1165ffc44295301f4ab939d5232d099f02802b373969456f
1367,hf_01367,art_painting,5,house,images/art_painting/hf_01367.jpg,a8675501909d42ed4832037865b377ab1b91eda82ccc6753784a05714b234f26
1368,hf_01368,art_painting,5,house,images/art_painting/hf_01368.jpg,864f768ae240d73ff737e1e5cab4c7a09f4812f8a9a0ed4245207d28792c91d6
1369,hf_01369,art_painting,5,house,images/art_painting/hf_01369.jpg,953449ba1e4e9062040d594a7780f1bb1ecffa16a91a2180601b471132ec9e8f
1370,hf_01370,art_painting,5,house,images/art_painting/hf_01370.jpg,8d8aebaa9f5d7bc8d17da2ded086b6a4939510c04fe77661b8fc5f1353e204a1
1371,hf_01371,art_painting,5,house,images/art_painting/hf_01371.jpg,97e45c984a72fb442d773ed3734db57817636590c902d56ec538dad0df35b6b0
1372,hf_01372,art_painting,5,house,images/art_painting/hf_01372.jpg,9a069f0a63afcfe9192b006755a7e24eee450db8191c04aead3c3f7e62699722
1373,hf_01373,art_painting,5,house,images/art_painting/hf_01373.jpg,350e5e724e8d0c151fe100f88f839179f5150fce8fe5f3b931dc8a91a3f9e06c
1374,hf_01374,art_painting,5,house,images/art_painting/hf_01374.jpg,f82152be33786ea360b114b822a415a402d4fc0beda5375f15c26f0b7dd89ffc
1375,hf_01375,art_painting,5,house,images/art_painting/hf_01375.jpg,331d71d769758407d731a135eebe43f109c81ba16fce3ad52fa417c3d835b7cc
1376,hf_01376,art_painting,5,house,images/art_painting/hf_01376.jpg,7213302a073af084dcb60d6515813c89a6d92e1388a4c9174853a98bdddf2d8f
1377,hf_01377,art_painting,5,house,images/art_painting/hf_01377.jpg,694be5d9e4d8596be7929378df9f38c414326b4090aa138ab4ee5cd623384e97
1378,hf_01378,art_painting,5,house,images/art_painting/hf_01378.jpg,906a7229ea659affa72153e6889b2b5900b0663d98e8590825fb7bed3b62e10c
1379,hf_01379,art_painting,5,house,images/art_painting/hf_01379.jpg,2812bcf21be01a35c75e3a269a80a10f7d621fb90f4854f70cb924e5ef00c718
1380,hf_01380,art_painting,5,house,images/art_painting/hf_01380.jpg,629fb46d4503ed809ddebbfb7116565e0711c1ae1fe4cc8e15fabdba5581c8fd
1381,hf_01381,art_painting,5,house,images/art_painting/hf_01381.jpg,6bc0021fa265fbb1eb005b1293fbcc4d1a425174fd86e9bede61951f34aa610e
1382,hf_01382,art_painting,5,house,images/art_painting/hf_01382.jpg,1aecd5073f60d3c00fdef84daf27731e9676519189081766422e0cb4a2c66dee
1383,hf_01383,art_painting,5,house,images/art_painting/hf_01383.jpg,db8ccbc528cbdae2612b7d2c62edb0b5a7a1eda5b43c3af2c3906de8920fac4a
1384,hf_01384,art_painting,5,house,images/art_painting/hf_01384.jpg,7f1f042b637a2da6de301637e25ae9adc802bcf28d713a5fcbb2109fb93b372f
1385,hf_01385,art_painting,5,house,images/art_painting/hf_01385.jpg,9cc41263a0858fb4656e8697d4762b4ea481296d34adc0cbff8c7b2f31e752cf
1386,hf_01386,art_painting,5,house,images/art_painting/hf_01386.jpg,6818ef05ae5b55d5e5dc9011a9ab9fcb52302a456441c7a536ffa0dfa1048836
1387,hf_01387,art_painting,5,house,images/art_painting/hf_01387.jpg,66156e1742f2f344e51d5c69955707f237df8e9484b2aae3c8e617be13f4c00a
1388,hf_01388,art_painting,5,house,images/art_painting/hf_01388.jpg,0aa69311f1da475b918ef0b2582fe281302bd9478aca83093ba5a399f1a9a58b
1389,hf_01389,art_painting,5,house,images/art_painting/hf_01389.jpg,795cdaca0a9b028152231f14e2bf3b6e2e8e03f77b99dd755f86576ff426b0b2
1390,hf_01390,art_painting,5,house,images/art_painting/hf_01390.jpg,993a20f5679fdfcda6e5b2902810c10a47e03399f6323680fad64bb3351d446a
1391,hf_01391,art_painting,5,house,images/art_painting/hf_01391.jpg,7efadd7266832c158c72dca6c5729f16b90b0bf16dc6aadd4b6634abe65cbc67
1392,hf_01392,art_painting,5,house,images/art_painting/hf_01392.jpg,33c02e49187eb05eab42720cb08edf1846f44951773267f33e9862967734aead
1393,hf_01393,art_painting,5,house,images/art_painting/hf_01393.jpg,6d8bbfcadc88cb7d7f35d9f490dba9153e8565513ffa65ecc9109958c3213aea
1394,hf_01394,art_painting,5,house,images/art_painting/hf_01394.jpg,0820f0d6fd2659adf3c7b01f83672933e7904844d96406b89770ec526a54239a
1395,hf_01395,art_painting,5,house,images/art_painting/hf_01395.jpg,7de1244140213f80a279b39d3a05ff54b1862e7acd2fa57b5dd147b61f0f5d19
1396,hf_01396,art_painting,5,house,images/art_painting/hf_01396.jpg,ed6f23c505ad571f14aa993de5b307516bed545b5fcba9f72df01f1cadda4814
1397,hf_01397,art_painting,5,house,images/art_painting/hf_01397.jpg,8429d055adf310c9eabb903568dead0ab2abfd5588f32ada518913003b0ce98f
1398,hf_01398,art_painting,5,house,images/art_painting/hf_01398.jpg,3d987b72f2212487b161c78cc80fd7a98c5a700c2b0501a7bb8ea3cfc56f3aea
1399,hf_01399,art_painting,5,house,images/art_painting/hf_01399.jpg,92588f40201a1ccff259e5bbb1c3896c4f5c0261bd08286bc19f9eba5966351c
1400,hf_01400,art_painting,5,house,images/art_painting/hf_01400.jpg,246b343b54b855b96b508869103bed815fa2b2c04505ce426d77b64ab62d2e7a
1401,hf_01401,art_painting,5,house,images/art_painting/hf_01401.jpg,d6ad6c7b7e256851755e5bb7676ef8b4f9d3ce3b2a493cc0ba182d79c71c4fec
1402,hf_01402,art_painting,5,house,images/art_painting/hf_01402.jpg,01ca2ab9c119a50e337ddfa8d50af7f5edad571a95f5969515d06300163fd05d
1403,hf_01403,art_painting,5,house,images/art_painting/hf_01403.jpg,7e3ebcab126ee3ecae4d6192653f6bdecc81f9dac8afbd37611113f652458eba
1404,hf_01404,art_painting,5,house,images/art_painting/hf_01404.jpg,5c830bef1b939011633f5119ea00c35264d665e1b7b013c84280eade08b40dcc
1405,hf_01405,art_painting,5,house,images/art_painting/hf_01405.jpg,3ece830ce8b566ab923415e806456705ec046b62d6931ac1fbf7dec8912d5ab6
1406,hf_01406,art_painting,5,house,images/art_painting/hf_01406.jpg,85eef840c4f4f18520c4cecf0117280d62f5b350640811a46c915e2e82a85dff
1407,hf_01407,art_painting,5,house,images/art_painting/hf_01407.jpg,cb5eece35e17e8432384ae432f423c26ebf019abe7f957b868882efe327f6d01
1408,hf_01408,art_painting,5,house,images/art_painting/hf_01408.jpg,d08e313942f4aea2bc9d843ffd12de8c7a5dd70f24080e473576e1b85f0ddbec
1409,hf_01409,art_painting,5,house,images/art_painting/hf_01409.jpg,1b0d8fc99a3c4adf1d49e2d009f5988b5ec43ae1367ea4042d3e76a653f08c0f
1410,hf_01410,art_painting,5,house,images/art_painting/hf_01410.jpg,7093a59f1c0078f6a214b0acdfbde76a9b7e8cd66feceac675aaa85ba156ad46
1411,hf_01411,art_painting,5,house,images/art_painting/hf_01411.jpg,8ab189f10089e3a27b14726875dfd6fd1c7bfa502ac38b3bd8159a6ac1f69f10
1412,hf_01412,art_painting,5,house,images/art_painting/hf_01412.jpg,8b4f48f6e549b95cde152ea30d26576e7d7d6aade4f8c6af81421dc341469807
1413,hf_01413,art_painting,5,house,images/art_painting/hf_01413.jpg,60362a86a66b14847eabf81dc59e902e047a9c7f3a83e38ca5aa0284fb76d0fa
1414,hf_01414,art_painting,5,house,images/art_painting/hf_01414.jpg,b92ca1183b57d92651e40769ccae8eeaf8de0596341b9d0183f90e7743b48c27
1415,hf_01415,art_painting,5,house,images/art_painting/hf_01415.jpg,f994524a46f4c4b530da87481fd36ab453bcbece35c4f81a6104af9b02975b85
1416,hf_01416,art_painting,5,house,images/art_painting/hf_01416.jpg,137d88e5d328a597e992d507798d0763598ccf380a8b03670ffa3090132663be
1417,hf_01417,art_painting,5,house,images/art_painting/hf_01417.jpg,5c18666efd130a9d0463231aa8738edd8938ef74755cb21aaec5899439a06c76
1418,hf_01418,art_painting,5,house,images/art_painting/hf_01418.jpg,8fd5d3c12ececed9b4ba22a406bb2921bba9ac7b12a59a91b5acbf095e8189c6
1419,hf_01419,art_painting,5,house,images/art_painting/hf_01419.jpg,e35245af56614e5ccbd4e7e6645c2463ecb11cfab27d53e416f1543745dfda0b
1420,hf_01420,art_painting,5,house,images/art_painting/hf_01420.jpg,6cc1148ddd1b9a6f5da246d0edd1dad45b295446b35cf4d199a8a0b1aa0c0e24
1421,hf_01421,art_painting,5,house,images/art_painting/hf_01421.jpg,44517c019b41f56fa7049eb79dfa577d9c712857abed98119b7382fdc8751e9f
1422,hf_01422,art_painting,5,house,images/art_painting/hf_01422.jpg,366e289c2222c2572cc0d115cf3dc53f4bdf506c37c1a52d7e87e40a199c3069
1423,hf_01423,art_painting,5,house,images/art_painting/hf_01423.jpg,035f39b33d6161421719da726bede6c00903a1176d0540523a9b73e14f41396b
1424,hf_01424,art_painting,5,house,images/art_painting/hf_01424.jpg,b533825eadfc0c8f276b55a514e22920e961e524281d5772f1814716026a5499
1425,hf_01425,art_painting,5,house,images/art_painting/hf_01425.jpg,afa357f4cea3eab4f626bb7ee3fa64a75ff81e6933c11cc118e7b74203fdfdf4
1426,hf_01426,art_painting,5,house,images/art_painting/hf_01426.jpg,cc8655a9c37ea29a5be937df01143746b1e03f3297f7ac9965f2858e8d632f16
1427,hf_01427,art_painting,5,house,images/art_painting/hf_01427.jpg,8b2d46175d75111eb9133e86c1b72423f6f90a55868a5dc661fe957d17ed67f1
1428,hf_01428,art_painting,5,house,images/art_painting/hf_01428.jpg,5a184bde9ff85e9f9a7238754d80ea84d5a2f0a87f0165cf59373a40e56cdda8
1429,hf_01429,art_painting,5,house,images/art_painting/hf_01429.jpg,566f5eb5f5e2969344fc0869ad3ab5e19e966cdf83b86d24cd7ee68fdf9ff71e
1430,hf_01430,art_painting,5,house,images/art_painting/hf_01430.jpg,0c25cfcf0d5011c4ba95dba812f1d3e63d1d1deff65c0dbdc0a3213b25a2fe4b
1431,hf_01431,art_painting,5,house,images/art_painting/hf_01431.jpg,0f417845dd4fb11a4304fbbdb7c4ed927dcd19ea9d4be959c825f5af4ff6291d
1432,hf_01432,art_painting,5,house,images/art_painting/hf_01432.jpg,6f5dbf7fb6b836cb789b96e873900c774a23c65844182887c318c87a5bd5cae8
1433,hf_01433,art_painting,5,house,images/art_painting/hf_01433.jpg,272911abe236104ada187503ac578a2e9fec5df2a6173a6ebecb527ff4cf2e91
1434,hf_01434,art_painting,5,house,images/art_painting/hf_01434.jpg,9cac3f047012b6f0023598396a9ca4eda1131ad7cc6b7611971373ed28ce14f8
1435,hf_01435,art_painting,5,house,images/art_painting/hf_01435.jpg,7345861657d268cdce1b2ba5a344fb4ebb85b0ddf4a30614f3ae82c2b3aa8a8c
1436,hf_01436,art_painting,5,house,images/art_painting/hf_01436.jpg,8d1fc85884a39455abd3c539939eb0348584675abc9f858b4ca48099911ef7ad
1437,hf_01437,art_painting,5,house,images/art_painting/hf_01437.jpg,b1f6db33075480b7eccfc64c64eac0ec926356c90a575e16b187060b157517df
1438,hf_01438,art_painting,5,house,images/art_painting/hf_01438.jpg,b5232b0e741e70c2a78329560ad25e91f1658b6cf03332494588e39d78707890
1439,hf_01439,art_painting,5,house,images/art_painting/hf_01439.jpg,e8e9020268cf2036b3faf651e766ffd79cab05c15b9fcdd5eb800a97957c5eb8
1440,hf_01440,art_painting,5,house,images/art_painting/hf_01440.jpg,d523278dab5c79d00cd45840cc6f0e5f59b908b4a6842d3b60ed3a870fa9ffc4
1441,hf_01441,art_painting,5,house,images/art_painting/hf_01441.jpg,ce6551586369d936932ff77fd8e39cffbf5f0d945887f06cfad009a3573bc16d
1442,hf_01442,art_painting,5,house,images/art_painting/hf_01442.jpg,c07d0819739b84c9f8a325a24256a7469a56ab8b5a0434c750f4b270975e2f24
1443,hf_01443,art_painting,5,house,images/art_painting/hf_01443.jpg,be23b6e3a9522bd634f4ba094356e8d2855af51537876ee9a2455ef4d82d52ae
1444,hf_01444,art_painting,5,house,images/art_painting/hf_01444.jpg,a6ecf63d0d53b2ebd234f8ccdca50ee0de5cde5af27a1faf240a851a0b6fc5f8
1445,hf_01445,art_painting,5,house,images/art_painting/hf_01445.jpg,c5c3e28ec7aad6c952cbb575869b9df7fbcf3f8d1e991bf818531565187a4b5f
1446,hf_01446,art_painting,5,house,images/art_painting/hf_01446.jpg,6fa202b45904859f05a9d4ac6d4f1cc2c735723e7fba92242c6f848c024f82f2
1447,hf_01447,art_painting,5,house,images/art_painting/hf_01447.jpg,dcd14eb922c793f23a640515a6b543daa2df69431f97976c0173165729c73c35
1448,hf_01448,art_painting,5,house,images/art_painting/hf_01448.jpg,0bad5dbec05e8362a5fa75d52d65482d4d0b15febd705504e39f50700f6b93ba
1449,hf_01449,art_painting,5,house,images/art_painting/hf_01449.jpg,a46894fc600a23d4cff55233d7d2b871afb32618d446357ec98810ab3aaa237e
1450,hf_01450,art_painting,5,house,images/art_painting/hf_01450.jpg,d25abdddb7087710d216c4bee8372a755e51a1bf3f99827b1d4f02a43f098f9a
1451,hf_01451,art_painting,5,house,images/art_painting/hf_01451.jpg,945d9086130f60fc2d74ae92b0aa47473930e6fdda9c8d4b58df5d70e9abf480
1452,hf_01452,art_painting,5,house,images/art_painting/hf_01452.jpg,2506eff22fab8ff9034424e0ee3ff2317283954418766c6875eaac90c4f80bc5
1453,hf_01453,art_painting,5,house,images/art_painting/hf_01453.jpg,05de3e55d02f43085b6b5d1ef9620cb338ed899cc5976dad392a2e22ce724908
1454,hf_01454,art_painting,5,house,images/art_painting/hf_01454.jpg,9c8f47b41775dfb765a359d56b6a7311f73372080bd2ed5e3354ad6ba1648028
1455,hf_01455,art_painting,5,house,images/art_painting/hf_01455.jpg,2c4b7f5a2e68647db970de09c7b3d241dd359abe18751215d6520e186e9ce798
1456,hf_01456,art_painting,5,house,images/art_painting/hf_01456.jpg,fe3e6fa80a8b5e2db7ae425686c2ed3497a7398a176859a41cc02866a764f43a
1457,hf_01457,art_painting,5,house,images/art_painting/hf_01457.jpg,8d262a2e79d8ef79aad6d2dfa223fbd7607e3b5519b6916636eb514c50a498c9
1458,hf_01458,art_painting,5,house,images/art_painting/hf_01458.jpg,b73b5dd4cad135fb2ee7361ce5148f5f20fd4c88acd8301e35ec0d68813acaf8
1459,hf_01459,art_painting,5,house,images/art_painting/hf_01459.jpg,488695426b90c7bc1675171e493dc1c7321827dc20bc3ea860609989ce6b7aa9
1460,hf_01460,art_painting,5,house,images/art_painting/hf_01460.jpg,a717caa0c594d6c246e7997358aedeeb2b12caecd29afed8e6d41e5121e6d8d9
1461,hf_01461,art_painting,5,house,images/art_painting/hf_01461.jpg,ba94f4327775d97bc1d1c958c72bcfb0dc300d6685b9c29c47023e8d8359c8a8
1462,hf_01462,art_painting,5,house,images/art_painting/hf_01462.jpg,eba35c33338d3c4dcc86eb5f854cdbb424a4146940cfc40bcaf0b6ce591547d0
1463,hf_01463,art_painting,5,house,images/art_painting/hf_01463.jpg,ec63f718f92d8d73f37ab14cb23282e62bb83f5748b14e96a182ba1be360d72f
1464,hf_01464,art_painting,5,house,images/art_painting/hf_01464.jpg,d285ca0b98622a592e9d23ed07c443139b3cf1bb0c1c05cfc24664af16b03879
1465,hf_01465,art_painting,5,house,images/art_painting/hf_01465.jpg,c50766bb4efcf7b2a7ec238eab08a7280d1534ec2ce279d5ba2d8d774d906a5a
1466,hf_01466,art_painting,5,house,images/art_painting/hf_01466.jpg,947bb99078b12d638fa792e4279166ca2ed0e2b4f7103660f9e4453c6c9b1df6
1467,hf_01467,art_painting,5,house,images/art_painting/hf_01467.jpg,ea2783bca82edc27faf8b32406744c6f4a0d10ad6aa433d8e4daaa21d62ca8a8
1468,hf_01468,art_painting,5,house,images/art_painting/hf_01468.jpg,50f6bdb713890376780c192c15aeeb698f36d4533731db8aecb5d83184ddb3f4
1469,hf_01469,art_painting,5,house,images/art_painting/hf_01469.jpg,94224c93ab083a83d671ec24180e3e762be93c54418dd72010d0cbafd037d4f7
1470,hf_01470,art_painting,5,house,images/art_painting/hf_01470.jpg,aa5eed1e95307b73bc1a8ea2c8a38a2b1d347e38370b39744be1df0997ca7a53
1471,hf_01471,art_painting,5,house,images/art_painting/hf_01471.jpg,7eec96d4a3289feb90329e05c31b4fbcbbe190b6d6ebdfbc67e0ace7bde4d2c4
1472,hf_01472,art_painting,5,house,images/art_painting/hf_01472.jpg,0c3b73e014de6c18d42db3cc8efd672535924bb2d3f9d0a67243f626972cd54c
1473,hf_01473,art_painting,5,house,images/art_painting/hf_01473.jpg,9b70064be2d5505034a16ea34b0d56ec9e823fb4dfa32d400fd6f644ada09a65
1474,hf_01474,art_painting,5,house,images/art_painting/hf_01474.jpg,d93b1ffb4e38a8e5610a242bba1c47b66aee9dfc32b63b4269915675a4bb1839
1475,hf_01475,art_painting,5,house,images/art_painting/hf_01475.jpg,09a35ef11acd430262da252b119ecd0a63230e2352fc102f3217f8ed9190d4b3
1476,hf_01476,art_painting,5,house,images/art_painting/hf_01476.jpg,7ba7d1849ea4ec299eb4955799b295ddaaa82e794afa96407a020d277534517f
1477,hf_01477,art_painting,5,house,images/art_painting/hf_01477.jpg,61bb0bae70ab9d89f92d4c973ce8640007ecad7b23d5e8d358622c7369628d90
1478,hf_01478,art_painting,5,house,images/art_painting/hf_01478.jpg,5b8a996f413553486c3c58bef2e394394e1c95251cd34681919e1a29a73c978b
1479,hf_01479,art_painting,5,house,images/art_painting/hf_01479.jpg,9b3b7cf30ec60c0ca94d8d81e30c09bc09d048e4d9148e7594e8d38ee6ce1b30
1480,hf_01480,art_painting,5,house,images/art_painting/hf_01480.jpg,ef34f6baf3bb2a8617abd4395e723236c50ded201684877d137718c489174541
1481,hf_01481,art_painting,5,house,images/art_painting/hf_01481.jpg,21382d23d09b5ac63ce3bc314548b4d880866d54a0704a21261c305cb5cf82b6
1482,hf_01482,art_painting,5,house,images/art_painting/hf_01482.jpg,5ca2919f8ff54970d642c51cd38f1937e71073fd335cf1203564916f14b780f0
1483,hf_01483,art_painting,5,house,images/art_painting/hf_01483.jpg,663bee096e055147941b01945e490ccc5b12134979af73664e4f14bb897ef480
1484,hf_01484,art_painting,5,house,images/art_painting/hf_01484.jpg,e5bf196445c68e4f73231ac251e1705b6c91a21328cdb66dbd129f0bccabfed7
1485,hf_01485,art_painting,5,house,images/art_painting/hf_01485.jpg,6808c2ac7502e766b67453ad12ee26e4c65a68a9d26d1623ef83010477d833dc
1486,hf_01486,art_painting,5,house,images/art_painting/hf_01486.jpg,4976a91a5972f6746200d1c920b57590ba430f82009b173832d6228f221f4c65
1487,hf_01487,art_painting,5,house,images/art_painting/hf_01487.jpg,fdb955c44f2b3d5e3d2790bf6dfc16d8fcc57fee1c775a5d1b0c1de3a9b38a69
1488,hf_01488,art_painting,5,house,images/art_painting/hf_01488.jpg,5a12a4031d850d524122012c4b05a08d8fc9022e9ef3f97b54dacbdfc81b15f1
1489,hf_01489,art_painting,5,house,images/art_painting/hf_01489.jpg,8c27d831aa4e15eb4b51671c0c3f902e795e6a7ea48ca5d2db92eb2b40d2f29f
1490,hf_01490,art_painting,5,house,images/art_painting/hf_01490.jpg,7beb86224bf289fb55ecf4e392ae36a0431438329c3d86eee018499071df2e77
1491,hf_01491,art_painting,5,house,images/art_painting/hf_01491.jpg,3f2efc1fcf5072816006c6e7e302805a28e31e095a492dcfc5a050aa256088ea
1492,hf_01492,art_painting,5,house,images/art_painting/hf_01492.jpg,4d5e2cde98f7da2f038a15ae63e78cd2b2cd026b32fd657796893fdf6fe077a8
1493,hf_01493,art_painting,5,house,images/art_painting/hf_01493.jpg,a30697bae22b5684dec5944a037d1d456bea72fb6bc5ed91460fbb8fbce7787f
1494,hf_01494,art_painting,5,house,images/art_painting/hf_01494.jpg,78a5e36ee993781b2ea1708b495b47db1c2deff4a5dac2e12459643ec07ad6be
1495,hf_01495,art_painting,5,house,images/art_painting/hf_01495.jpg,15a6ff7cb7052a4204ee7a26e4d1d4158ec153a585c58ed260979da1ef7cbb3d
1496,hf_01496,art_painting,5,house,images/art_painting/hf_01496.jpg,b2a7c00a666b57ff08c3e713f6fad3961fdba073ee46db699f1fd28d90ee1327
1497,hf_01497,art_painting,5,house,images/art_painting/hf_01497.jpg,1ebfff96b3b6e619a2723e97f671f61a30e9ed3dba6e01ddf80aa0fcb3c92087
1498,hf_01498,art_painting,5,house,images/art_painting/hf_01498.jpg,abd80b1c212793741ae5507ad2c76ec6502fb537cc6a0c3af566316f251661ab
1499,hf_01499,art_painting,5,house,images/art_painting/hf_01499.jpg,8f89e58a8a3d1695371f3ec21336c0979f8f7fa764901d32b69a166f255e6f67
1500,hf_01500,art_painting,5,house,images/art_painting/hf_01500.jpg,2ba9511afaa82045e6575432e623234cd7a5c6ec04bac8ec6fcb4f586c32dd86
1501,hf_01501,art_painting,5,house,images/art_painting/hf_01501.jpg,1f0f2293706a4b606c46731201e52ae4155d11cb3318ffb5fa00011489410f30
1502,hf_01502,art_painting,5,house,images/art_painting/hf_01502.jpg,bdd6a8d05be21e64d8eb18d5003f4d891f546321f2d9aca471868733010ed05c
1503,hf_01503,art_painting,5,house,images/art_painting/hf_01503.jpg,8fb6e5e993af6d4cdd72dbc957dd8db0719db5b34d3d3450a22c762ab033c323
1504,hf_01504,art_painting,5,house,images/art_painting/hf_01504.jpg,b5c370917c6d0f44b39eda2bae07d8bd014bff6742c6d4134004567fab1d397f
1505,hf_01505,art_painting,5,house,images/art_painting/hf_01505.jpg,24601d04675879c2975b7f137092d61a1d9b6eb6c2e3049627fd0cabd49d707a
1506,hf_01506,art_painting,5,house,images/art_painting/hf_01506.jpg,2110de3a315d20b6b48ea038c9cbcf844451cf8b6d92b69fc7bb10c3904aae88
1507,hf_01507,art_painting,5,house,images/art_painting/hf_01507.jpg,b8b88b27c4e0ced5454facbb474a4d240528771dfc09719ecdca91d831cd21ec
1508,hf_01508,art_painting,5,house,images/art_painting/hf_01508.jpg,256b49811e57ee290636e3ca4f36c029b11ee13456501f5d6255c2c57a01fcb3
1509,hf_01509,art_painting,5,house,images/art_painting/hf_01509.jpg,07cd47898edeb06836fde9fc34c318da3049fde48c514a063f6a1c107c48c6e7
1510,hf_01510,art_painting,5,house,images/art_painting/hf_01510.jpg,a92e08b9087eb557a778162c8bbedc930d0da6c7fa26edc1751bc853019d68e3
1511,hf_01511,art_painting,5,house,images/art_painting/hf_01511.jpg,a9cf78a203f7fc009f5749eae466c39d02611b83193f181412b99bbc61ec6d1b
1512,hf_01512,art_painting,5,house,images/art_painting/hf_01512.jpg,d81c4499d12ea847ac615358cfc45129f65d3a21d1a3190a499a96008b1286b1
1513,hf_01513,art_painting,5,house,images/art_painting/hf_01513.jpg,3463aba7d37dd8d6762c7bb8b6e96979857b0ab66640893534d46a2d6d3501fd
1514,hf_01514,art_painting,5,house,images/art_painting/hf_01514.jpg,59a0cde6b05b18243469f266eee57a37b264aa54e8ad3a921a2a7bff296bb98b
1515,hf_01515,art_painting,5,house,images/art_painting/hf_01515.jpg,b7c19ac403d5c6befa0a31d5bf660beeb58c76fbeece3f6160cf85fcff8eb369
1516,hf_01516,art_painting,5,house,images/art_painting/hf_01516.jpg,c0e1092ae3bf3a528565e4c70d2e959665690eba6205fb2bbb71e10fd099c757
1517,hf_01517,art_painting,5,house,images/art_painting/hf_01517.jpg,a454a6b5a38ba1cb7364f97db6cfd29a57cf3ad137024e05a33dcc9fb4d5a164
1518,hf_01518,art_painting,5,house,images/art_painting/hf_01518.jpg,581daf0ccd94bf31866b4a8c8e01bd6138296a0a7259b6c366b529bde20b4911
1519,hf_01519,art_painting,5,house,images/art_painting/hf_01519.jpg,dd07d5b7d676596bc2fab1676fe24f0739a19e6d42196209ea14776cd8e0559b
1520,hf_01520,art_painting,5,house,images/art_painting/hf_01520.jpg,feaf010cf94f5328ad7e79c4bc0d581a6cd0282025158419d3b8e9997d3b1a01
1521,hf_01521,art_painting,5,house,images/art_painting/hf_01521.jpg,9a2a7fbe8d3276e54bd452f1cef5f54d04a88edf67adc6303b4cec42945bcc1a
1522,hf_01522,art_painting,5,house,images/art_painting/hf_01522.jpg,90c0790fe2610ce30d3b8707e1ec292dee7179f9988544c07bdd5cfe1274b1dd
1523,hf_01523,art_painting,5,house,images/art_painting/hf_01523.jpg,210fa8a88872ab19c65a8c7a209bd169c2cb2db4a655d0e201ba1a8d6237325c
1524,hf_01524,art_painting,5,house,images/art_painting/hf_01524.jpg,919fca403b8fcb7a9c479c5b76f1852a9ff2f5d83db3d5091abf4708d5554679
1525,hf_01525,art_painting,5,house,images/art_painting/hf_01525.jpg,7e0e0926ab29553d981db82daf958c7736af5ebc8acad026fa9ad56c2219b3d6
1526,hf_01526,art_painting,5,house,images/art_painting/hf_01526.jpg,262742004c7d42fe7d19198b17620ee0453703b3a1f938a6543805920249533f
1527,hf_01527,art_painting,5,house,images/art_painting/hf_01527.jpg,a6db4ca2b862c278aec89b0c772229e1a4e246574801a9e97e536e5ace57d699
1528,hf_01528,art_painting,5,house,images/art_painting/hf_01528.jpg,5d587334e274fc321e46183a19535f5331c501e37d7221de90a3cfd49181b8f8
1529,hf_01529,art_painting,5,house,images/art_painting/hf_01529.jpg,294d6ff9ef1eff06302fc630725f111433dee20ec6d7cea6a715864f6e458e1c
1530,hf_01530,art_painting,5,house,images/art_painting/hf_01530.jpg,b6ffd768214cdb7432fcf693335219f77b59349cdaa50261ec8ace06ac760a30
1531,hf_01531,art_painting,5,house,images/art_painting/hf_01531.jpg,396e46b80028777ba6a997b303ce193bbae774e9de0e3b6a7a4dca166303d880
1532,hf_01532,art_painting,5,house,images/art_painting/hf_01532.jpg,742b2bba63a000e1472a1a68be4e5009d5034911c8de4e5c190bc34925f819d4
1533,hf_01533,art_painting,5,house,images/art_painting/hf_01533.jpg,b73aa370c1ff0ea4946e8bc365f5f7b314317e20bdd5efec1a60029a66860d15
1534,hf_01534,art_painting,5,house,images/art_painting/hf_01534.jpg,fc17166374b1d971668b8f80fbcce156822530da9711534d8dba147d7f55d8ec
1535,hf_01535,art_painting,5,house,images/art_painting/hf_01535.jpg,1656f008e0c6a646b4e207385696d5dd237d14c1142a0e2dc7134d6c8dcd700f
1536,hf_01536,art_painting,5,house,images/art_painting/hf_01536.jpg,0d20b3471b164638a170534383af89161175bc3d62eae0d36e68fb3269f3b8cd
1537,hf_01537,art_painting,5,house,images/art_painting/hf_01537.jpg,a9fdd9db55a0f05e0fdea65f49e50116ca59dae9f0ca9967ac9bc3aeaf6d8f2a
1538,hf_01538,art_painting,5,house,images/art_painting/hf_01538.jpg,a52e9ac620b7bc36fa4528d0f141a602ad041bb5c30fa1185c137065b858fdb2
1539,hf_01539,art_painting,5,house,images/art_painting/hf_01539.jpg,2aa5c54081e905cdf392e340a74a6a494566da9661621f8ebeee73aeeea28098
1540,hf_01540,art_painting,5,house,images/art_painting/hf_01540.jpg,5993b9bfaf6502cb0e61d61f0c1d3957d08b6e7ae667014126e23da80ced3d64
1541,hf_01541,art_painting,5,house,images/art_painting/hf_01541.jpg,13928335247839a436b6e6f21d447130bcbff3e2c153ef37a5455b73c7bd0c32
1542,hf_01542,art_painting,5,house,images/art_painting/hf_01542.jpg,ba070c7daeb5cfb455c164ea339369eecded22e2845bbc6b913e5ab44fa39681
1543,hf_01543,art_painting,5,house,images/art_painting/hf_01543.jpg,eee8e6309fe2c78b818e26975229fbf8eed40d4637013529f42d5389b2e8448f
1544,hf_01544,art_painting,5,house,images/art_painting/hf_01544.jpg,11144c67368b59e63ec317b43b412a60cb695f74f0eed1606b2a714ddf53ec4f
1545,hf_01545,art_painting,5,house,images/art_painting/hf_01545.jpg,cf4bdce9094620b7363e780aeb0e8323797e9af22dea9b89a8b20406ad0ffb9a
1546,hf_01546,art_painting,5,house,images/art_painting/hf_01546.jpg,334f650ce417830e43fab0021112416dc9e042a8217601ec28f0544533f36a2e
1547,hf_01547,art_painting,5,house,images/art_painting/hf_01547.jpg,12f8d13adefc4eb0fa46d427c8322aad524a659f774772bc6659c1012931bd48
1548,hf_01548,art_painting,5,house,images/art_painting/hf_01548.jpg,ff845d6a6255b720cee124e7af1e2d822c36777df04126f52916e437aa4f2346
1549,hf_01549,art_painting,5,house,images/art_painting/hf_01549.jpg,ce4fdd94222caad611ecba547d231cacc6ff7759f1538042b75b3d558f33ab2b
1550,hf_01550,art_painting,5,house,images/art_painting/hf_01550.jpg,8a698842e714ca84b60c40615fe4c4944a83bd31e7b85a7f5d940d22fce0297a
1551,hf_01551,art_painting,5,house,images/art_painting/hf_01551.jpg,d1987b9ca09c162085c507e4249354656839f6b0a18dd977bb71dd9487d8ff71
1552,hf_01552,art_painting,5,house,images/art_painting/hf_01552.jpg,0cbdb89d6f3801bb4dd990b177474ab1491de4d24dfab53a07c64ef493c8b685
1553,hf_01553,art_painting,5,house,images/art_painting/hf_01553.jpg,a9fed99dc0c9616b0b4727d2d56184b25f9f2c9117f1466ae26e41ddeec87d81
1554,hf_01554,art_painting,5,house,images/art_painting/hf_01554.jpg,191a38b56bedd9607e445572c2c31148f9925d0ff172642629b987ae44d0d902
1555,hf_01555,art_painting,5,house,images/art_painting/hf_01555.jpg,94416f70a2c9a3ae44940376411a993a84db698d72713a292a91837e73894153
1556,hf_01556,art_painting,5,house,images/art_painting/hf_01556.jpg,77c5956a10c3bd815c1ca3876f0522b3ff5dab74ec5e4834b75ca94a557f6115
1557,hf_01557,art_painting,5,house,images/art_painting/hf_01557.jpg,1afff76da090ae2d24f27a67dd252628dd379b5d36b69d67af8c43df81202624
1558,hf_01558,art_painting,5,house,images/art_painting/hf_01558.jpg,b5811ddc4a0d770fb383418e40c325f7c005f8421a7b7df3868d80a6d19723c5
1559,hf_01559,art_painting,5,house,images/art_painting/hf_01559.jpg,8e5d60f4e0b0dbb4a23031f250222527149e6f98b76ed247d70ef28737d1205d
1560,hf_01560,art_painting,5,house,images/art_painting/hf_01560.jpg,7a1db2b5c3f2373aae525612440177a2e98f268a747a1fad67c02324c009dfd4
1561,hf_01561,art_painting,5,house,images/art_painting/hf_01561.jpg,22c2d05c850ebbd829dd71650f177be22b975cd964bf507218999f3bb2eabf1c
1562,hf_01562,art_painting,5,house,images/art_painting/hf_01562.jpg,0fd83e3154c2c1f50fbbc7618378015dd8287b816c1988e76554d883aaa1a242
1563,hf_01563,art_painting,5,house,images/art_painting/hf_01563.jpg,b4e30e981a46b12c660adba044ce462945e08b73b020c3905c97a43347546565
1564,hf_01564,art_painting,5,house,images/art_painting/hf_01564.jpg,e0317a542438886eeee3804f3ecdd94b135c392ae6e1efd20a0023e2f0fe8494
1565,hf_01565,art_painting,5,house,images/art_painting/hf_01565.jpg,827f6efe14106ec438ce168a3f2a935164e1bc0638e9c97d82990f39798641eb
1566,hf_01566,art_painting,5,house,images/art_painting/hf_01566.jpg,9b6ce32558a4938e646251bceff5493911a762c667cf9868b91c9488917af725
1567,hf_01567,art_painting,5,house,images/art_painting/hf_01567.jpg,b5bbb29e856c30fad981e45e036cd5726b181803e5a88ab8b0bb8eb9867607ac
1568,hf_01568,art_painting,5,house,images/art_painting/hf_01568.jpg,5fd4adabc530e22df96d8639e207e8ecb377d9b4141227e2a9373026e08a68fa
1569,hf_01569,art_painting,5,house,images/art_painting/hf_01569.jpg,fe0dfd59714c9e50d80d90d815380d677db2ab43b2eb8e314472637469116888
1570,hf_01570,art_painting,5,house,images/art_painting/hf_01570.jpg,bae1b5f8129d7b751ea91f4026091fd2d0d6ee01eaf8972cf8a01efa925caec4
1571,hf_01571,art_painting,5,house,images/art_painting/hf_01571.jpg,f5949049ca20eaadb79994d1a901ada54727a67c71a8c4c6fda68a77da5a41b0
1572,hf_01572,art_painting,5,house,images/art_painting/hf_01572.jpg,c90e560b30faa4b02e01ac63907903e1fdd5a3d4496628ac5f596e46d0cbdefc
1573,hf_01573,art_painting,5,house,images/art_painting/hf_01573.jpg,994bc6cce7526752969b8af08130801380e7f5b78d2293c05fd60f826c093690
1574,hf_01574,art_painting,5,house,images/art_painting/hf_01574.jpg,ecd2d22bf784c731fa2dcbfb0d02de85340b6dc7f0c6094704887761aed79bb4
1575,hf_01575,art_painting,5,house,images/art_painting/hf_01575.jpg,dc3797fc70c3c610fda72d290f437c14b027ebe113dbfabbb7a33ed701bcd03a
1576,hf_01576,art_painting,5,house,images/art_painting/hf_01576.jpg,ab6742775315cd7a4f16bb52abe4deb76ee47382d337e913f8ed895b7a660d47
1577,hf_01577,art_painting,5,house,images/art_painting/hf_01577.jpg,02d285942185ba849a97b7b90acc6119d891ae6292d07ee9eee5ab11fc040673
1578,hf_01578,art_painting,5,house,images/art_painting/hf_01578.jpg,7b1bbca5d23c3cfff1fd17c20cc53cd2d420d7b4c1e225ed96fd0aa7a426ca0e
1579,hf_01579,art_painting,5,house,images/art_painting/hf_01579.jpg,0880228cf0084d5f01a0b8a61d74df23c6ee0e59aee9033cd776ec810864d736
1580,hf_01580,art_painting,5,house,images/art_painting/hf_01580.jpg,1eaef29b19518d7e4e72abd6d28534439a5ac9db0a1509cebe85a97265704353
1581,hf_01581,art_painting,5,house,images/art_painting/hf_01581.jpg,9b5fdfb799d1c5238aa9bfe5bb8bdfdc54ed8ba2d4c052a3e12aa7afd44a310d
1582,hf_01582,art_painting,5,house,images/art_painting/hf_01582.jpg,d0fe427b29bd2d065b761767a9945218d272591f98420361bfb2684f0b37751b
1583,hf_01583,art_painting,5,house,images/art_painting/hf_01583.jpg,1ab0fcbe2b56a7908797a813b324939472ccb0e18b23c4a31be924e7ad0793b0
1584,hf_01584,art_painting,5,house,images/art_painting/hf_01584.jpg,de9a42e986994e958e4d42a8d4179b25f74133d50bd6ac3f97e810ca24966dc2
1585,hf_01585,art_painting,5,house,images/art_painting/hf_01585.jpg,df7742cfab327062cb28c461572f166bae16af9a8865d66d149563b9b698b0a5
1586,hf_01586,art_painting,5,house,images/art_painting/hf_01586.jpg,40b40664b40ab4f94ef1bd0b7d1c6f48c5507ff9d710129b470627206bcbbdec
1587,hf_01587,art_painting,5,house,images/art_painting/hf_01587.jpg,3069270bec703ad4d82c0b5514dfd2bddaae86aba2811e898156195b3757872b
1588,hf_01588,art_painting,5,house,images/art_painting/hf_01588.jpg,5a25fae93b7cae71c5818d52e07c9368a395631c77125918d17640a40826b35e
1589,hf_01589,art_painting,5,house,images/art_painting/hf_01589.jpg,d99f3d961db7eb3d6453becb149236426b6aec4760779712b934c2f4136d9713
1590,hf_01590,art_painting,5,house,images/art_painting/hf_01590.jpg,633c4ff42f4a1fce910d6629b0ba647db60574e8a4272d6837386339a62c04b3
1591,hf_01591,art_painting,5,house,images/art_painting/hf_01591.jpg,fc19a62341a46b1ff7d1e9901fc474d58cac543ad04cb63cddba283257e005b3
1592,hf_01592,art_painting,5,house,images/art_painting/hf_01592.jpg,847f821a88c9d9fd61395fdfb09b0ba46977e60142b95b9a5a267ce64c594509
1593,hf_01593,art_painting,5,house,images/art_painting/hf_01593.jpg,bb249c1a538317181dc1f021c0ad3040810cdafa05e7830aa80d6f1fe46cdf30
1594,hf_01594,art_painting,5,house,images/art_painting/hf_01594.jpg,51498f22af4c955c64d27d6cb29baac5af04777a0fae4e1393937dd766a4983e
1595,hf_01595,art_painting,5,house,images/art_painting/hf_01595.jpg,4d05f2dc21596c6b27ee04aa12cdfbc4e31882b2c867b0d5a4fe40afbccb94e4
1596,hf_01596,art_painting,5,house,images/art_painting/hf_01596.jpg,3fe6665f9da9d34e89b8cd26841f893ffdb1761ce394f54fc6dc7c6983987231
1597,hf_01597,art_painting,5,house,images/art_painting/hf_01597.jpg,dd510aa2f9d72ac38c3a74d25522244482e231e7416798b03f64a12b44564eb4
1598,hf_01598,art_painting,5,house,images/art_painting/hf_01598.jpg,bd984a7bfa8542ad782a0879e0f5e8c68f5dc06849316ef35d8c4b6d234e7dec
1599,hf_01599,art_painting,6,person,images/art_painting/hf_01599.jpg,b42c2b9d3fbafefa682fef31335e0521c5d5be392db04127fc52a4f536092495
1600,hf_01600,art_painting,6,person,images/art_painting/hf_01600.jpg,e2591866cba556083d5422732e5578e6618d11f17abbe2babaff2ebafc56a989
1601,hf_01601,art_painting,6,person,images/art_painting/hf_01601.jpg,dfa2b42475908776b229eec700a3da8e5597af12bf7f0fac8fe4ea6068474b27
1602,hf_01602,art_painting,6,person,images/art_painting/hf_01602.jpg,571fae575821c07c40730d3f0161a98d7c1ceba61c598d7160d12f24d8a134b3
1603,hf_01603,art_painting,6,person,images/art_painting/hf_01603.jpg,c1d8e41a7580a0687c9539189de735d2029b02316db1a5b84a88beddc5a5158c
1604,hf_01604,art_painting,6,person,images/art_painting/hf_01604.jpg,60c775f04d1d3c175735229dd60ed0a95f6e8f152fdd8975ecd02d54b5ffd8a7
1605,hf_01605,art_painting,6,person,images/art_painting/hf_01605.jpg,64cb0ecdeadffd19e3d7fab9fb1325b687f1c45cabb788b53ba5086fff4e2c35
1606,hf_01606,art_painting,6,person,images/art_painting/hf_01606.jpg,0ef0cdb31fb9e67bf968b5c771c8e334bab03d4465f822c72450a5c8d2760acd
1607,hf_01607,art_painting,6,person,images/art_painting/hf_01607.jpg,4b039a5d2a4de5df709f31a29da5647cf646383b1a7f780f82d9e501f8122393
1608,hf_01608,art_painting,6,person,images/art_painting/hf_01608.jpg,28731e4651fd407e5d02e62b77d588250acf9bb2b589c20d422b409a6b5520f3
1609,hf_01609,art_painting,6,person,images/art_painting/hf_01609.jpg,e97178afb2455d12772c72caedba423a9bef6100aed4084afdf2bcd3c0e3a96b
1610,hf_01610,art_painting,6,person,images/art_painting/hf_01610.jpg,0f6e5aef530335e3aa8b5d87f47ebb93bc329b46e91ffb40e9b40ac6995253ab
1611,hf_01611,art_painting,6,person,images/art_painting/hf_01611.jpg,edd28532d1786be92533faba1be0bff78d4e59e4ede6434b1961d770d63f43ad
1612,hf_01612,art_painting,6,person,images/art_painting/hf_01612.jpg,cd15ed30d4a2befc89c6be902bcd64b418f67abb17aa4842ae5cccb15fc593e9
1613,hf_01613,art_painting,6,person,images/art_painting/hf_01613.jpg,b7ce898ee325d291109932921d21213b8ddd8614a9708a254fb1dfa14c08b7bc
1614,hf_01614,art_painting,6,person,images/art_painting/hf_01614.jpg,a7291e0ed70ce76a204942b0615ef8914820e0be591ac806b2ad150bcc44faf5
1615,hf_01615,art_painting,6,person,images/art_painting/hf_01615.jpg,d38c54e7f5ba1433c0d942112b3206eadab1eb89af8c4076d05033325e5b7adb
1616,hf_01616,art_painting,6,person,images/art_painting/hf_01616.jpg,a30843a4b07b87c9a1e199facb69b31a3678db2c3fed6774841a9221778f09a8
1617,hf_01617,art_painting,6,person,images/art_painting/hf_01617.jpg,b6a7f8a10d9a85465a772be795d5f690008b3308834349cb794a225fe08fad91
1618,hf_01618,art_painting,6,person,images/art_painting/hf_01618.jpg,accd5c824c1ea6e3e035b86902a4eba15156a34432507cf21652ddddfeb31e70
1619,hf_01619,art_painting,6,person,images/art_painting/hf_01619.jpg,cfd2782dae7f7c471577db7a78f209273ebcb2b0202125ff763ed7a563043273
1620,hf_01620,art_painting,6,person,images/art_painting/hf_01620.jpg,0657d6ce30262c0713e25ce34768b8c253afa3280329ba2ca5f9fcd351f79470
1621,hf_01621,art_painting,6,person,images/art_painting/hf_01621.jpg,69359e60cf5e7b9b7790c0d64d05dbda0ce1d2ebc8c760bfcf8a5c1601fb34b3
1622,hf_01622,art_painting,6,person,images/art_painting/hf_01622.jpg,edc40723e6be0713667166fb8d47cb7329682b3aceab9681ce96d5bb817ed0e9
1623,hf_01623,art_painting,6,person,images/art_painting/hf_01623.jpg,4ce753ccc6adf5c73c803b306c6a5d3df0ba761ac7d1d5ec016b96a2270594ee
1624,hf_01624,art_painting,6,person,images/art_painting/hf_01624.jpg,9ae29c83381a0075f7021a3fdedabe11be674bd3f9b19e53effb89696a23a03a
1625,hf_01625,art_painting,6,person,images/art_painting/hf_01625.jpg,7a44ffa6b063b54d40e90ef0eddb7cbb653d43faef88d800fbcfe6b2753f0ae5
1626,hf_01626,art_painting,6,person,images/art_painting/hf_01626.jpg,c5be270c9ed5f3a88c2a0a382122d045d73e61244836db67a33b0d77da6dc24d
1627,hf_01627,art_painting,6,person,images/art_painting/hf_01627.jpg,89d037ada5a3ecfe3b09ac4dda510651a8f9d8ec9c59cf8f6cef89be9efe0667
1628,hf_01628,art_painting,6,person,images/art_painting/hf_01628.jpg,30b7a3cf0b094748d11354d0158f75621a6df713f7eb5dc14f56f9c5606f701d
1629,hf_01629,art_painting,6,person,images/art_painting/hf_01629.jpg,0759e9566e674c604fe6aec14efa169544c2fa6b7653f34230774b0f6e118fcb
1630,hf_01630,art_painting,6,person,images/art_painting/hf_01630.jpg,6e0485a8c4c4a149e03c58c0461bcffea01df973225d1de0d2204db208a8be36
1631,hf_01631,art_painting,6,person,images/art_painting/hf_01631.jpg,1eb20ea3d9c7bb5cf7cd9199f7bbdc789f4546879773648824739a44f4d5c742
1632,hf_01632,art_painting,6,person,images/art_painting/hf_01632.jpg,06570c0837e5a4e797767e80b339aff59889421fc7d4df6df56d5fb7a3d86eaf
1633,hf_01633,art_painting,6,person,images/art_painting/hf_01633.jpg,606925c0942289c3e00147ea67bd0bfd48ac75228d67f3b7a51999c9682b3847
1634,hf_01634,art_painting,6,person,images/art_painting/hf_01634.jpg,82d65fe715afcebcf9e41f00fddff0d86d7d36b97280c573bbdd3452da26a1f1
1635,hf_01635,art_painting,6,person,images/art_painting/hf_01635.jpg,4162884b203d4724d2abd8580d58c64eb51758cd9c7d37d9c624ec18169d2566
1636,hf_01636,art_painting,6,person,images/art_painting/hf_01636.jpg,83abfb31ab50c1ff3ce14a07ae404786bc5dfb82ea2c4c6ed1e0b239a7e535a6
1637,hf_01637,art_painting,6,person,images/art_painting/hf_01637.jpg,6dc9e3efb377a6c9d99464f689c78d84fe72cf65776f0ea71c931e66a35b7ebb
1638,hf_01638,art_painting,6,person,images/art_painting/hf_01638.jpg,e086b8d44ca5369a1ed6912b567f4eca5f7340c5afbcd22713841e2445f008dd
1639,hf_01639,art_painting,6,person,images/art_painting/hf_01639.jpg,3b823ecf0f9e4047dc38770edfeb2041886a8abd54e029cfc60e7435034facc2
1640,hf_01640,art_painting,6,person,images/art_painting/hf_01640.jpg,81ed46f6b55430cf31eef6210021d788a708bcf059b5b00bdafcb7d63649e292
1641,hf_01641,art_painting,6,person,images/art_painting/hf_01641.jpg,b2beee33ce2181be0985c581283a3701773e51c664e82bf90347978aaba7a016
1642,hf_01642,art_painting,6,person,images/art_painting/hf_01642.jpg,ec9bc6e23e1194ee8ac705405d90245c89853167047838ebf5df3a0ebaac382b
1643,hf_01643,art_painting,6,person,images/art_painting/hf_01643.jpg,5125f57dd61bfeade037c0b94dc60459c495e85ff45dc1ce1cf7ca8af2a79f6c
1644,hf_01644,art_painting,6,person,images/art_painting/hf_01644.jpg,3e92e1615e3c426175a78c187b3be820155d00c8dc40ad2585db10a6b5211c2e
1645,hf_01645,art_painting,6,person,images/art_painting/hf_01645.jpg,4664f0e50a786963fc470599dfedbbc68302535ae8c0591af78b389ac2812b97
1646,hf_01646,art_painting,6,person,images/art_painting/hf_01646.jpg,665916e823b6c42cb60f4249e11ba8a1a0d8d0d7a08ab5ee945c98a9298b555b
1647,hf_01647,art_painting,6,person,images/art_painting/hf_01647.jpg,daecaeccdb7f5851335d4f3e98bff2bc13663789b33a6711950b120b1f25e4fd
1648,hf_01648,art_painting,6,person,images/art_painting/hf_01648.jpg,05651a31d58ca14a6196ca174e5431185f066d592dea095ddf071c23363aa34a
1649,hf_01649,art_painting,6,person,images/art_painting/hf_01649.jpg,a5cc2c618591e4c68f7ac2047ef94db9f33d49049f9c0bb51733c5b0c11cb3f9
1650,hf_01650,art_painting,6,person,images/art_painting/hf_01650.jpg,e357240954adcd6f7561b5886b85cf71652904b6ffb33b0e9f22354c65cccbd2
1651,hf_01651,art_painting,6,person,images/art_painting/hf_01651.jpg,4f0199135a06cca0c8f461657dce39e8cd8c93992d8c67934ca052cbccc91f74
1652,hf_01652,art_painting,6,person,images/art_painting/hf_01652.jpg,ff4cc8b015ff76150aee74d702e212737354dea7081fc3e8a976a55c8da693ae
1653,hf_01653,art_painting,6,person,images/art_painting/hf_01653.jpg,ef3c6a93abe76f846bc4b91eaca32afd16a378996b943797f9a2d09315178136
1654,hf_01654,art_painting,6,person,images/art_painting/hf_01654.jpg,3e8e071c5198b7f6da4e3a041359594c8a4c9ba2d83e25ccba20c1cf5cf48d6e
1655,hf_01655,art_painting,6,person,images/art_painting/hf_01655.jpg,08b7e95f70ea20cf397628fdfb67d0bdb08e5b8cea76ffca0462273086d61b4f
1656,hf_01656,art_painting,6,person,images/art_painting/hf_01656.jpg,343363af1fa8d865fe5467306c3d49910600fe589cedb5fa247aa104c7432955
1657,hf_01657,art_painting,6,person,images/art_painting/hf_01657.jpg,add11430b2d108896855bac17cc8b4717dbe6652bbd2c95b3a037e9bbf7b718c
1658,hf_01658,art_painting,6,person,images/art_painting/hf_01658.jpg,955e3a5f375c644459762779bf792e59dbf71d93e8da064121d759f2936ede96
1659,hf_01659,art_painting,6,person,images/art_painting/hf_01659.jpg,6abc59212f6b960d6c4d5378f272148284dfa3ba39999edfe7ae1202f43c67c4
1660,hf_01660,art_painting,6,person,images/art_painting/hf_01660.jpg,6b247379d61ac0dbc330f137b5cdbf81b17bb08be35ad8198c18956e4c9084c6
1661,hf_01661,art_painting,6,person,images/art_painting/hf_01661.jpg,65f7a4d5d2ed23061446957b3ed9e05f19355177ade5a36e2f43b2dbd4f3bbfc
1662,hf_01662,art_painting,6,person,images/art_painting/hf_01662.jpg,72a0058ade10a6f49d0dceaebf9b6240c8c32b507529cafc8a7741cd87912acc
1663,hf_01663,art_painting,6,person,images/art_painting/hf_01663.jpg,2fd72d633701a08abcdf6e254c4affe4e083b76f9a82bad5d7c4f1e1a0925521
1664,hf_01664,art_painting,6,person,images/art_painting/hf_01664.jpg,a03d5763ddf47a9308de143504b6942863e25c30745893c26f455f776018c416
1665,hf_01665,art_painting,6,person,images/art_painting/hf_01665.jpg,1aeff306df856b089ad832f8493690888d8546aed138c2730d25969d759bc838
1666,hf_01666,art_painting,6,person,images/art_painting/hf_01666.jpg,11362efe48d36c913db535b4b7650e7ead159ca52db42a855880448a1228f33d
1667,hf_01667,art_painting,6,person,images/art_painting/hf_01667.jpg,03ec4c79cd8c09fc25a928e99fc3a083b11f3d871a003d891397fd09de34bfbd
1668,hf_01668,art_painting,6,person,images/art_painting/hf_01668.jpg,dc5473c67e971dbbf07ecf98ed06b20b549397b5bf30a0f13a67581db382fc2b
1669,hf_01669,art_painting,6,person,images/art_painting/hf_01669.jpg,7774c1e124d0791cd7c9af1036dfcf7392e2fb49f0a879fcbc41422183e7c7c3
1670,hf_01670,art_painting,6,person,images/art_painting/hf_01670.jpg,17fc351d996f74b0193682c78db9064dd80836e5a67088283979d11d29a725c6
1671,hf_01671,art_painting,6,person,images/art_painting/hf_01671.jpg,bba9c7b11b396cd620cdd76a12a6bd68f67a288c4daa4d40c25a1d43cc837ccd
1672,hf_01672,art_painting,6,person,images/art_painting/hf_01672.jpg,be59898f6b9f62099c9e449a6069f8c76783a67e89d1d998f9ccb6e433511aa6
1673,hf_01673,art_painting,6,person,images/art_painting/hf_01673.jpg,3b544fdba9bb2cdb574420990d85fe2042cfc0392c107ce3396a0c5242cbb600
1674,hf_01674,art_painting,6,person,images/art_painting/hf_01674.jpg,a3d232d1ff6da62b3a830e5e6d5408fd99dd1b077b690c4461be505e7ef50105
1675,hf_01675,art_painting,6,person,images/art_painting/hf_01675.jpg,e69be0b686d845b1105b18bcda6a246cb475c43390fe1ba837d8dc845c71f53e
1676,hf_01676,art_painting,6,person,images/art_painting/hf_01676.jpg,8b2fd19f54b7784be6a4950168863f946d4874dab0e39960ee4de021be4eebb3
1677,hf_01677,art_painting,6,person,images/art_painting/hf_01677.jpg,eb4ebc601694e8f71990e0c5383616f9a11fefd1b3b5f6df1607e46fe4ab7837
1678,hf_01678,art_painting,6,person,images/art_painting/hf_01678.jpg,2c2099205f0251767ab18a26baaa78b1f908c354a71c2f6c25f0b4837576c2f1
1679,hf_01679,art_painting,6,person,images/art_painting/hf_01679.jpg,b1c7c938c47ec135a9f4b7d0539ca9a12dc4887d306c70b01de433ca6c99473e
1680,hf_01680,art_painting,6,person,images/art_painting/hf_01680.jpg,f97c128e99715b4ed1e21d3a8b9bc6210b02ef20be1c1cf65e3bea4cf98dd5f0
1681,hf_01681,art_painting,6,person,images/art_painting/hf_01681.jpg,b0da1fbe73b3bd5285bad6a5eb324befb1dec1e234e776a60b2c98bd5a69dbd6
1682,hf_01682,art_painting,6,person,images/art_painting/hf_01682.jpg,a71b068b6dc70145922b7945bd84f01c90fcbc327a78adf1ddf55862c0b0be96
1683,hf_01683,art_painting,6,person,images/art_painting/hf_01683.jpg,44e2c576d6862968e227d84bf84ce93439052baaf479de8c3fb955c888cd8458
1684,hf_01684,art_painting,6,person,images/art_painting/hf_01684.jpg,b80d1d60acc16c56d05bc26994bf3a166627b108e9ac9bed14f6b6e47273ac63
1685,hf_01685,art_painting,6,person,images/art_painting/hf_01685.jpg,001747c01914ed241adf0819fd9aa47728abcb02669b41143920fd7165e845c8
1686,hf_01686,art_painting,6,person,images/art_painting/hf_01686.jpg,d50b81fde2b1381105b5279740db47b0f551aa0db0568d2debee4678351b5e72
1687,hf_01687,art_painting,6,person,images/art_painting/hf_01687.jpg,6f692dbebf153f7232c2f0a2457fe969a5166e302512f80915fbcb7c617576c7
1688,hf_01688,art_painting,6,person,images/art_painting/hf_01688.jpg,687c955e286515922122910a9cc5318d6dd37dc9a65832d6dbc6b4b132de22fe
1689,hf_01689,art_painting,6,person,images/art_painting/hf_01689.jpg,efe4267a32e4ecab668d0f5595e4843c6759472d3aa5585b855f6d60aeaef8ff
1690,hf_01690,art_painting,6,person,images/art_painting/hf_01690.jpg,5c9d154f18d04deea06e53db72e1255f0e1829b01a9bb94cb4e51959921f97e4
1691,hf_01691,art_painting,6,person,images/art_painting/hf_01691.jpg,2f3b5ef45922d7c06c0542fd89afb504509a99c38b6250ddfb08cdddaf6892d1
1692,hf_01692,art_painting,6,person,images/art_painting/hf_01692.jpg,0c55e05d51d59f4b707e0ffbde17596bf2e6c37728cffcc322229c085cbf06ab
1693,hf_01693,art_painting,6,person,images/art_painting/hf_01693.jpg,3a3bbe61ce61bff89489fbaa26a9f0566208b3f4b30ca30aa6d822b898a4bd65
1694,hf_01694,art_painting,6,person,images/art_painting/hf_01694.jpg,096817f10a67244c9c0703acacf721e6cf819ece8dcbcaff191ac377412f1439
1695,hf_01695,art_painting,6,person,images/art_painting/hf_01695.jpg,99c3ce07ffd463a71178fbe15731203428fa5ec52cb35dbe7cadc39859dec2dd
1696,hf_01696,art_painting,6,person,images/art_painting/hf_01696.jpg,75c5a544a335bfa0300ed5a1803d164bf5bc61e5c09b5c855f17eedc87284913
1697,hf_01697,art_painting,6,person,images/art_painting/hf_01697.jpg,f67c83cc54a61bfdba110168b1fde032732fce837328753aeca9f72bfaa56117
1698,hf_01698,art_painting,6,person,images/art_painting/hf_01698.jpg,e3b72f0f605aabc874765d2fcaeca0ae3425316b8e1908c05ae4a4b47d2d3341
1699,hf_01699,art_painting,6,person,images/art_painting/hf_01699.jpg,df5706039ddddd4ded1debea7458a8445d5b616d42998cfc5f38afb428dd162f
1700,hf_01700,art_painting,6,person,images/art_painting/hf_01700.jpg,14e87d2ee40328a74d1a253c51f038183a7d4d47fbbaf5f5c2cd06bd19b17627
1701,hf_01701,art_painting,6,person,images/art_painting/hf_01701.jpg,c825b26e7f14930c29a2a13a9c1a1a535f972d83eb458c5a1d228f8df0015a08
1702,hf_01702,art_painting,6,person,images/art_painting/hf_01702.jpg,1369383ea4c2f31808a041f9e54dda417c60f3a7159481fc1b8438b58c3fbc7b
1703,hf_01703,art_painting,6,person,images/art_painting/hf_01703.jpg,693470d846a8d3945d0f9f26aac5ebf2fce24650a46f40d8b413e78548fa89d1
1704,hf_01704,art_painting,6,person,images/art_painting/hf_01704.jpg,cb285d6dacdbe26eb790293c935899b791dca347e3ebd2907ac48b1ee833cce3
1705,hf_01705,art_painting,6,person,images/art_painting/hf_01705.jpg,7a11f5c0972f7a799247af4237794e18e209f666141de02897a9c57055879b68
1706,hf_01706,art_painting,6,person,images/art_painting/hf_01706.jpg,127ee1630fcda1229b1abf878619168339c175374b1ff43ddb920406499f3159
1707,hf_01707,art_painting,6,person,images/art_painting/hf_01707.jpg,f0a6322dccd56b630cbbd67cc21ba46f8d05d92b1262a1606bd7a2b93134f133
1708,hf_01708,art_painting,6,person,images/art_painting/hf_01708.jpg,f765bfc10eaffacb9eea609169e6f33087d22b89aca55a3fdfe4f5814ccb2449
1709,hf_01709,art_painting,6,person,images/art_painting/hf_01709.jpg,b3d847c005f481a1e249bea703a51fcf95bcd495b64445570acc7ccb1fc44935
1710,hf_01710,art_painting,6,person,images/art_painting/hf_01710.jpg,79285e3aece22f82317a1dbca02d4cd9d1e494809544d1a555d968b9cc67f291
1711,hf_01711,art_painting,6,person,images/art_painting/hf_01711.jpg,948cfa1951369fc4225b8b41acbace1d40d76e869ac5e744877a033345543608
1712,hf_01712,art_painting,6,person,images/art_painting/hf_01712.jpg,75d28d8a40d4110a1295cb9c5f36abd60bc22ad3b9566891fef4c6b9eca79b5d
1713,hf_01713,art_painting,6,person,images/art_painting/hf_01713.jpg,042db922c08f0724ff163a620d3bdd4b40f4adc6d4df9d080b933c001cf936e3
1714,hf_01714,art_painting,6,person,images/art_painting/hf_01714.jpg,c911bc0429f0061cefcb005f21304edbc3108800678bdcb1a71116553c59ffd7
1715,hf_01715,art_painting,6,person,images/art_painting/hf_01715.jpg,25ba1c657c83b36f24d279506be70f7fdd78d250d45b6aff8fac81db53ee889f
1716,hf_01716,art_painting,6,person,images/art_painting/hf_01716.jpg,ba7fb23e30c6a62698deb75280e04f4f71b37009c84e90db0146419b18083258
1717,hf_01717,art_painting,6,person,images/art_painting/hf_01717.jpg,edf24c2735472ea87239123e23d31fad9adc4da4e934c061933da615f32fc90b
1718,hf_01718,art_painting,6,person,images/art_painting/hf_01718.jpg,3660cf69623cc3665b5b41344723d6f700c16b2ab64b0267b7e32dde7713a937
1719,hf_01719,art_painting,6,person,images/art_painting/hf_01719.jpg,cb831ca58a0033c05a3235aa359c946438974b8b44e67923185761e776627551
1720,hf_01720,art_painting,6,person,images/art_painting/hf_01720.jpg,f0ca3a7d5064919b8de446a6b12759f0cd23dbf989ef0fbec165dd4d0f107a86
1721,hf_01721,art_painting,6,person,images/art_painting/hf_01721.jpg,6d9565bd39680ce76fd57517b7901963eeba6866985abd85796ca7f9b971852a
1722,hf_01722,art_painting,6,person,images/art_painting/hf_01722.jpg,d88854f7b054c870b60fd76022b808afcee28f5d92fc32bd9388ce01f80da92c
1723,hf_01723,art_painting,6,person,images/art_painting/hf_01723.jpg,37be9f89e2e19da9c2971821c1937568146e16f29fd9bc58e0e2b7503609af4b
1724,hf_01724,art_painting,6,person,images/art_painting/hf_01724.jpg,6d4bd87eb7d9525749484de7357eb622bbbc346738d985fd3e1f7473bdbc8b7f
1725,hf_01725,art_painting,6,person,images/art_painting/hf_01725.jpg,e62e697d978011101953d114952f9b630efc74f92eba75641077dd4ae153dbaa
1726,hf_01726,art_painting,6,person,images/art_painting/hf_01726.jpg,abbefdf381379d16bd473c354b7e63bef5c98a2689aa033f467a157c78ec7b62
1727,hf_01727,art_painting,6,person,images/art_painting/hf_01727.jpg,8cee15ce2b822ec3d1491bd210f4fa87da910005b10b9382b1bfb727879571e3
1728,hf_01728,art_painting,6,person,images/art_painting/hf_01728.jpg,d990aeed3f8642e2b0e3e61e64773d6db607d02c46949584bf2b1ccc440d0b96
1729,hf_01729,art_painting,6,person,images/art_painting/hf_01729.jpg,9a604d9c00c0f29b3f49242f285d0f40edc6fd18ab6fdb46461fc970766de129
1730,hf_01730,art_painting,6,person,images/art_painting/hf_01730.jpg,e4417fbffd5bec42bfd9cd39deb32d652d10b66832d0739c9d975e4db91d25d3
1731,hf_01731,art_painting,6,person,images/art_painting/hf_01731.jpg,0e9c27db6435d88480f5bd587ac037f2c3c78b0007c316fcce9ac302ae289bbb
1732,hf_01732,art_painting,6,person,images/art_painting/hf_01732.jpg,7e32cda6ef9c1aeb8641fdec98d8fad9ff43ec38bb5088311f868dbfd1fe0db8
1733,hf_01733,art_painting,6,person,images/art_painting/hf_01733.jpg,82955263fbf4ee0531d5c8401f46f51ac72327e5402be90389bdaef7707958d3
1734,hf_01734,art_painting,6,person,images/art_painting/hf_01734.jpg,aead886c08693da5ce0b41c57af311e50b1ffde323f98162d0d660ec1ddaec7c
1735,hf_01735,art_painting,6,person,images/art_painting/hf_01735.jpg,2e4a596e874d2ff27e2eab2ec383cdf465f679724111bb6409bcc4442baf1cfc
1736,hf_01736,art_painting,6,person,images/art_painting/hf_01736.jpg,dc6ad72a719c4bff769bbf6369470ca5151398348e329fdfe74efecfcfc334bd
1737,hf_01737,art_painting,6,person,images/art_painting/hf_01737.jpg,97d9f2d53398324042527504c07c582156ae18875f979d0cdafc99edbd7310af
1738,hf_01738,art_painting,6,person,images/art_painting/hf_01738.jpg,485e626b850df55c45fcc0086516424735395aea3cdcef9cd5fa2d3621d8bf0e
1739,hf_01739,art_painting,6,person,images/art_painting/hf_01739.jpg,428b8f2d426717f81d82aefb3ef4fb27e0efa816f9b14b149e896b1d7cc73133
1740,hf_01740,art_painting,6,person,images/art_painting/hf_01740.jpg,3efe257d0f2e2cae9253187c612dd03a98283107ca9aca90f32650b72eb1187c
1741,hf_01741,art_painting,6,person,images/art_painting/hf_01741.jpg,75a831350ed14685aabef5b2d96bdb803deedb4ca6be33d7dcbfb21427450560
1742,hf_01742,art_painting,6,person,images/art_painting/hf_01742.jpg,47f61e22233626e6588eee2165c8216dd25ce9b36e353a31364f93f386a84550
1743,hf_01743,art_painting,6,person,images/art_painting/hf_01743.jpg,ab430c596753300cedb61fa6e7fcc849e73b3b7586924170e7c4b0c9d3671852
1744,hf_01744,art_painting,6,person,images/art_painting/hf_01744.jpg,97cc51f4cd50958fb684663e54488ee39240b51e366aecae4bc09b9e03197931
1745,hf_01745,art_painting,6,person,images/art_painting/hf_01745.jpg,3b9b67fecc9f3848080906c668493f7571486b3f4abf470d59ea9c093fb3a02b
1746,hf_01746,art_painting,6,person,images/art_painting/hf_01746.jpg,4aa07fa2c57f51b429eb3430b7b9aefb238e50f24d9d8298da1d071fc7326dc1
1747,hf_01747,art_painting,6,person,images/art_painting/hf_01747.jpg,774f82c320e6c534b7ae1697f1af156d5d577cb5df08d7f34ed39b742d7d8949
1748,hf_01748,art_painting,6,person,images/art_painting/hf_01748.jpg,873e1409e9568809a0b42a2bd39cd4004ac61138ee87976b2872195a45edc175
1749,hf_01749,art_painting,6,person,images/art_painting/hf_01749.jpg,055c7cafd97c409d7d122ecf77006288cf96eb545eb66a85a459e0fe862e9d28
1750,hf_01750,art_painting,6,person,images/art_painting/hf_01750.jpg,ad3d7eb5e39ebe49826ab882ec4fe5887d3319ed23c3d59710b5f72e947163f3
1751,hf_01751,art_painting,6,person,images/art_painting/hf_01751.jpg,22349f3a45416a891907f8424244e5d3d8d6db83b3846882b54b24dd2d8119fb
1752,hf_01752,art_painting,6,person,images/art_painting/hf_01752.jpg,d03d058f6f055d2a2bc91985b11a1b1933b1d28d162bfff7efb0fe6c105f558e
1753,hf_01753,art_painting,6,person,images/art_painting/hf_01753.jpg,8438791fa5a452f001f5e04ad4a982f9c10f2a99ac73c165b738436444a82ac8
1754,hf_01754,art_painting,6,person,images/art_painting/hf_01754.jpg,eee0c57954e5788cb2cdba50e9a89e58b83ed3d2230235889bcf38034a657fb3
1755,hf_01755,art_painting,6,person,images/art_painting/hf_01755.jpg,a6c234ef5c30f5c03aaa2dce0c026bf87a2d8827be9bfe9c8e6f30837264b091
1756,hf_01756,art_painting,6,person,images/art_painting/hf_01756.jpg,d5879cf4a68111025a8c115a370ed3021a51c24911d66d6b5382dffec53a19b6
1757,hf_01757,art_painting,6,person,images/art_painting/hf_01757.jpg,58b10b4244c7d0a7f9323c029c69fba740473fad979dc6e05c2c591a6d005c56
1758,hf_01758,art_painting,6,person,images/art_painting/hf_01758.jpg,9a183cae98d9f2dee21c36fbc387a4951ae27d214e383cc5af3e54426c7935a1
1759,hf_01759,art_painting,6,person,images/art_painting/hf_01759.jpg,04c82721eec0b66a5becdf246d679dc1dee63869599cb0ccb94c49b42839a419
1760,hf_01760,art_painting,6,person,images/art_painting/hf_01760.jpg,92f15d5c20e43d3921258544aef545f2e1b32e8b39ae0b84eca0255a3add3480
1761,hf_01761,art_painting,6,person,images/art_painting/hf_01761.jpg,84f82bc0316747d7161a6cac51b34e24713dfcb4452958dba64a97825298586e
1762,hf_01762,art_painting,6,person,images/art_painting/hf_01762.jpg,e1d5e54214f201bea8b04920d190b65a82bc0f25084bbb5c399b7559855fe6ad
1763,hf_01763,art_painting,6,person,images/art_painting/hf_01763.jpg,1d6640da22d65ba48811d4883ad8bdf5b6dea86021f3c246e8e11d9b66922870
1764,hf_01764,art_painting,6,person,images/art_painting/hf_01764.jpg,bb97abde60e5213f3fba32e7e569275b9643ef694bf59db6000e9a0f7786ec7f
1765,hf_01765,art_painting,6,person,images/art_painting/hf_01765.jpg,58eaea9f23dafc438ee5abb0cbd1d9aca0bef0cde58771cf81704e26c7f4ed83
1766,hf_01766,art_painting,6,person,images/art_painting/hf_01766.jpg,83878f5713a70726e6bd2a96f97dc208ba1e5cef0aee7d056cebd1de073bd758
1767,hf_01767,art_painting,6,person,images/art_painting/hf_01767.jpg,129a59b49e509abc05089e65079855dfa646fa162288ef72473ca8f2727edbae
1768,hf_01768,art_painting,6,person,images/art_painting/hf_01768.jpg,63543746e6c56becd3728f07936331b98b9729d7a439ded12612b83e3e0cc781
1769,hf_01769,art_painting,6,person,images/art_painting/hf_01769.jpg,4e4bd6a87dbbafe02db254be6997613e1ff78568d45f128640c8222ce2de763a
1770,hf_01770,art_painting,6,person,images/art_painting/hf_01770.jpg,71c1af01eb692f4f7b5120a716f6cf36c8486152ac713dfea05871a7ff7c1618
1771,hf_01771,art_painting,6,person,images/art_painting/hf_01771.jpg,ff8d5e1b072ccd9dd16daed06e232b84a7b1772dd198eae0502d0d4f6a30feeb
1772,hf_01772,art_painting,6,person,images/art_painting/hf_01772.jpg,d7dc5c63551fea7428c8c0cfc1abb4292458da5142b5f36fffbec144aa3a0b90
1773,hf_01773,art_painting,6,person,images/art_painting/hf_01773.jpg,411c7b6316a01b78b28252138a860c3f584c804fea8fef9239fe5cc132b45864
1774,hf_01774,art_painting,6,person,images/art_painting/hf_01774.jpg,e23366bea0f375d36cfeccff4af6206c674e3fd5d2b1b7aaaf6c42464c0d360c
1775,hf_01775,art_painting,6,person,images/art_painting/hf_01775.jpg,a71f60efd5bcb9395a09897092b74ff4ed843653b84a87d7376af9db9772646f
1776,hf_01776,art_painting,6,person,images/art_painting/hf_01776.jpg,a1679039528f92121f8a3faf534cb9cb5b49a2572f56b8deb047eed9c9c9d933
1777,hf_01777,art_painting,6,person,images/art_painting/hf_01777.jpg,c955cb231128f7ba15cc1904152121018bc824b950fbc6a3e8b61f49453bc7f3
1778,hf_01778,art_painting,6,person,images/art_painting/hf_01778.jpg,eaaa85b16eb06f63410f59b87429b991b4e64834a2c69ce06017354c954792df
1779,hf_01779,art_painting,6,person,images/art_painting/hf_01779.jpg,0c87735cf4408cd05c0863690eae7df132187da38a2757100e1f176f85deefe3
1780,hf_01780,art_painting,6,person,images/art_painting/hf_01780.jpg,d09dca675e74627987421ceb4262c2d38025f2784ac6cf9d9cd9af40240831bc
1781,hf_01781,art_painting,6,person,images/art_painting/hf_01781.jpg,73f73b4d08947cda04d980309cf398560c63056cef7cc25aacf2b64725cfc839
1782,hf_01782,art_painting,6,person,images/art_painting/hf_01782.jpg,6036b82d81f589ea31adbbfb24e316c4afce7900df303d29d618d4cee2506eac
1783,hf_01783,art_painting,6,person,images/art_painting/hf_01783.jpg,e7c3a11389e8cb74cebe754314f2041bfa3d61d9e265c2d3d719af0c2292364a
1784,hf_01784,art_painting,6,person,images/art_painting/hf_01784.jpg,869ca79d2dcefa3b650f53ab25d0af322686dce1021612f00757d545982e5abc
1785,hf_01785,art_painting,6,person,images/art_painting/hf_01785.jpg,05713e5eada48878f229eddde9e7c917490997cf800662a5ff580b473d2bea4a
1786,hf_01786,art_painting,6,person,images/art_painting/hf_01786.jpg,2ff8c6feaccbc4fa166d2cba6c18114e37b9ca6dbcab3dd1b9073f9cca71a2b9
1787,hf_01787,art_painting,6,person,images/art_painting/hf_01787.jpg,6aba3fa146300305d1c80e0cc3ee2203f464856535bb1ce9622776d1eb952d23
1788,hf_01788,art_painting,6,person,images/art_painting/hf_01788.jpg,447e030174f8dd9ba5073a73152b385ca2e2f8b96fda8343a7d5a8d5bb08edef
1789,hf_01789,art_painting,6,person,images/art_painting/hf_01789.jpg,7a5069e9b15e6ca6f32626c8e1d55e07698d35647e9ccce31f1edc221dab8c1c
1790,hf_01790,art_painting,6,person,images/art_painting/hf_01790.jpg,1f07ea05f8f0a454366e70925a27cdb22c6a6437e4b200c5003644f13b38cf5c
1791,hf_01791,art_painting,6,person,images/art_painting/hf_01791.jpg,5672025244cd5eb258429a7b64f5d32b656b1d7b8a0d86f5ad613c47f615f7a4
1792,hf_01792,art_painting,6,person,images/art_painting/hf_01792.jpg,082bb79bd7ad9c542822019b787c980e67756f6ad585db3cf6dcc5ebfda69db0
1793,hf_01793,art_painting,6,person,images/art_painting/hf_01793.jpg,ddd9288972419cf88814c4020183cc2c7a329ffef9b0ef006ff8ba045099e77a
1794,hf_01794,art_painting,6,person,images/art_painting/hf_01794.jpg,42dabbbbada99ddcf863428e3d69b1f40d9e19e0a09e4f4887541b610d79f585
1795,hf_01795,art_painting,6,person,images/art_painting/hf_01795.jpg,ffe4b4c552b29340a44cad63c83b7b71244ce394b502fcb63c675278586ace5e
1796,hf_01796,art_painting,6,person,images/art_painting/hf_01796.jpg,2d20b538890f0eaf0a5c446f592c96bd4f568dfc0a443d2409737178763032f3
1797,hf_01797,art_painting,6,person,images/art_painting/hf_01797.jpg,38c447446bcc2e5cebcabc11bd31129d115c296b3ba2a742c2c48048d72d3d8b
1798,hf_01798,art_painting,6,person,images/art_painting/hf_01798.jpg,a230e69e7ba1a2194ae18b88c1442b71a99466f15954d0b102bef93c0a0af4fb
1799,hf_01799,art_painting,6,person,images/art_painting/hf_01799.jpg,ae3199d892394ebe590e6157f73f357b3eddf2bfe68ccb1df30d7153c20db409
1800,hf_01800,art_painting,6,person,images/art_painting/hf_01800.jpg,676bac2a9cebab3b249302ca5aa433368d195a293098b9b8bb16eed61fe630e9
1801,hf_01801,art_painting,6,person,images/art_painting/hf_01801.jpg,e84319c5e93f927c938b19c6c2f4dcab90b7ba788c524def91ca36004b390875
1802,hf_01802,art_painting,6,person,images/art_painting/hf_01802.jpg,1c5be0872bf2e30891f1a5bb6f7bacec037f8c3793a14cca35b0df669e4ba74d
1803,hf_01803,art_painting,6,person,images/art_painting/hf_01803.jpg,fe38f491f136df0d3a1ad8bd0bbaa92333955dff4eabe4b9aad8b505739cb7b2
1804,hf_01804,art_painting,6,person,images/art_painting/hf_01804.jpg,e15a7c4e6f42e27b6ba954adda3fd63ae7d7067a7b6ef066c2b1a42d73f2acaa
1805,hf_01805,art_painting,6,person,images/art_painting/hf_01805.jpg,f40ede8ff111ed481b885e1689c20de1e25bd3f7452665103e3992ef1d1adfab
1806,hf_01806,art_painting,6,person,images/art_painting/hf_01806.jpg,5dff88c5a86efdea6acb4bbf8ac30f9fee171aa3abad5a1201fe065f749006e7
1807,hf_01807,art_painting,6,person,images/art_painting/hf_01807.jpg,bfa733b0a06bd21dc39a2dc40a0c5b55e66fdff4df738019e881242a860ac954
1808,hf_01808,art_painting,6,person,images/art_painting/hf_01808.jpg,0945c7a4c0cfa7eb0ff617417b4ebee60eb837cd990c300e7c555788d6ea56ce
1809,hf_01809,art_painting,6,person,images/art_painting/hf_01809.jpg,6ff2171f0d02e319d1df79e6a054434bdb438cb1918a8f1ffc7e6092575e2d26
1810,hf_01810,art_painting,6,person,images/art_painting/hf_01810.jpg,5907ea86e0f15e47cd208dc9caee35234414ddc09fb3c541302f126c0933a927
1811,hf_01811,art_painting,6,person,images/art_painting/hf_01811.jpg,c41602233e7fd1e22de87ac1f53fee10940a5528d8295cfaadad9e28fd34f13a
1812,hf_01812,art_painting,6,person,images/art_painting/hf_01812.jpg,b0e7d40445b136e4c45c22f7466dfe8fc72e9ea95561f914c372fdac4355572a
1813,hf_01813,art_painting,6,person,images/art_painting/hf_01813.jpg,8d453137b66c5bb6674fae1f63fbc04014b0bafd2116d1a843b30f6342bce002
1814,hf_01814,art_painting,6,person,images/art_painting/hf_01814.jpg,44ea0f24620fd52ca59aed1139d0722ec2a9249d57e5b72f5440bdce829aaf1d
1815,hf_01815,art_painting,6,person,images/art_painting/hf_01815.jpg,0c72291ee2964bf667fff5809432bb138874815f713d70c9e55e100afb677a5d
1816,hf_01816,art_painting,6,person,images/art_painting/hf_01816.jpg,ae3050f716b0ac006774d10b137baf0b37dc0348d4b8ab594013e5c46651c43c
1817,hf_01817,art_painting,6,person,images/art_painting/hf_01817.jpg,c92cf730de28954d696f30bcce045f8041f90942945be6d3bac7a10d62d80b0b
1818,hf_01818,art_painting,6,person,images/art_painting/hf_01818.jpg,64d8753170fbc43c372c51718e6d4347fae3cfa07daf55566301ccdae4c846f8
1819,hf_01819,art_painting,6,person,images/art_painting/hf_01819.jpg,2963151ed71723a92fab2f15540647267fcd4a946b186d8adb309c447c390823
1820,hf_01820,art_painting,6,person,images/art_painting/hf_01820.jpg,394901bca3dd80346e6d028fa67c1a1a56753c8cbb4572b2cc27bf5ed3a7b605
1821,hf_01821,art_painting,6,person,images/art_painting/hf_01821.jpg,84bd822e42b7390484c7a1637a06303d47911037e5daf1ad7e86a7b62d3194fd
1822,hf_01822,art_painting,6,person,images/art_painting/hf_01822.jpg,d1dc5628ca76616480c913c029ec8eab7a692c7d1f6f0c5a97358f183826486d
1823,hf_01823,art_painting,6,person,images/art_painting/hf_01823.jpg,f50079432d1d797f1781e0aa76c63b69463476a42b4320defd2aee8c086e9172
1824,hf_01824,art_painting,6,person,images/art_painting/hf_01824.jpg,840a725476f942cb7e5b9441ecc905468a653fe7dcc3826339a6b2736ab379e2
1825,hf_01825,art_painting,6,person,images/art_painting/hf_01825.jpg,5b741e84ab5da43370bb67e8c538ceb19e0c32771ed8f08f139f781abf163d93
1826,hf_01826,art_painting,6,person,images/art_painting/hf_01826.jpg,f70da49b044d784d42b43cb2f3cf802cd01ac208e048c4bc08b03da9f495d776
1827,hf_01827,art_painting,6,person,images/art_painting/hf_01827.jpg,1752f59d03e1fc17da416b2335ac349a6b4530e1b1bae343dac375e1ce09846d
1828,hf_01828,art_painting,6,person,images/art_painting/hf_01828.jpg,02dc909adde4781d38cc08a0b39ae15ea7ecaeedcabbc03c8b479dea9348c343
1829,hf_01829,art_painting,6,person,images/art_painting/hf_01829.jpg,f94761467a6bb36d4439ec7b260dc3cff22914d8fbe34b292add49b208b14f1f
1830,hf_01830,art_painting,6,person,images/art_painting/hf_01830.jpg,a6c2d8c034832f5e7b303fea9a32f9860332b864bcc6af06f39c7bd71fce659f
1831,hf_01831,art_painting,6,person,images/art_painting/hf_01831.jpg,179e8f2068c2c9e6d0b5048be50b9f7987b097ba4e5c8ce818be4c5d847550bd
1832,hf_01832,art_painting,6,person,images/art_painting/hf_01832.jpg,7925011b5589d6a44006807affd24ba43b84c5e917d840359e0e6138aebb8fd9
1833,hf_01833,art_painting,6,person,images/art_painting/hf_01833.jpg,9004916f85094e6f1f7151300346ae2e7062db46e2862fd92b35142bb1bd1deb
1834,hf_01834,art_painting,6,person,images/art_painting/hf_01834.jpg,6a02fe13dca605f39469e4b773c01b759e1cc3c79f8a664a714648bcfa5137ca
1835,hf_01835,art_painting,6,person,images/art_painting/hf_01835.jpg,6289e960767cf400172fdbde9453c5e5e3501163f117b2370b65b43df63a0612
1836,hf_01836,art_painting,6,person,images/art_painting/hf_01836.jpg,316248e76fb7525dee6a0e3fefa23fb8bc8a3b600d0c39c0d5f5dc3b0c17074a
1837,hf_01837,art_painting,6,person,images/art_painting/hf_01837.jpg,47268beaf3a550c5b068d15169ec1cd435f18e5c20117629de40fce8b5179919
1838,hf_01838,art_painting,6,person,images/art_painting/hf_01838.jpg,d24bde1927cebbdb1013e8cfa42a377f85a904398ce0fdfa5757fa46f500985e
1839,hf_01839,art_painting,6,person,images/art_painting/hf_01839.jpg,436e0d9235410e7d076a122b21f9237b3583c25d81b9ff947e788fc1e70c3e3c
1840,hf_01840,art_painting,6,person,images/art_painting/hf_01840.jpg,bdd39ce3829911b1a72ca78c1532d044ddcf15a307b70e93fd5fb721d28de73a
1841,hf_01841,art_painting,6,person,images/art_painting/hf_01841.jpg,e1839626b285876ec6a9cae3e2154b4afb6fd8f0449a984b553415f82739c61c
1842,hf_01842,art_painting,6,person,images/art_painting/hf_01842.jpg,f50db65a490aa4beab77673951397d6fb2c021953ddc80869aea1920eff3a360
1843,hf_01843,art_painting,6,person,images/art_painting/hf_01843.jpg,b53eb83c861a7773e9187ab1ccfa60f03faadac158534568efa40f91fa3de270
1844,hf_01844,art_painting,6,person,images/art_painting/hf_01844.jpg,75993424e49111e5095a2492f6f953531ffeefc93d5ef1379bf3560fb5aec8cb
1845,hf_01845,art_painting,6,person,images/art_painting/hf_01845.jpg,f009574a44d7de344979e8c99536da6cfebce34ff210863d245ef140a5f71a44
1846,hf_01846,art_painting,6,person,images/art_painting/hf_01846.jpg,59dbd671f1e9ca533b25cf58de4f2861e0fdae86e4b5e71375dbfb4a78ccc3d4
1847,hf_01847,art_painting,6,person,images/art_painting/hf_01847.jpg,51e1d3b1ee46ac6a25d60e338c71d631db00f517bd096de015c52dd7c1d8625a
1848,hf_01848,art_painting,6,person,images/art_painting/hf_01848.jpg,f3ba7cd9dde69b7a1d98abc695a4a3a88359cb6c56e50ab729561636918df7c6
1849,hf_01849,art_painting,6,person,images/art_painting/hf_01849.jpg,7ea13d718849550a044b2c209a2969cb2b3be330b0af2e27eebd96334007968c
1850,hf_01850,art_painting,6,person,images/art_painting/hf_01850.jpg,4678acb2431cbd989e6a91911fa97acf55bdc77bd25ee626eb401f3f77b65a1a
1851,hf_01851,art_painting,6,person,images/art_painting/hf_01851.jpg,42d51e56ea06e4afd0b761d2886b521f2a722ff632dec735993cf449728560ed
1852,hf_01852,art_painting,6,person,images/art_painting/hf_01852.jpg,e4948482ffe170a036c91a2b72fec590fb7636b00847bc93bf299eb77fcfa513
1853,hf_01853,art_painting,6,person,images/art_painting/hf_01853.jpg,9a445d2be01c461256188126977da2af368ea41c7f88387f6dfc09c717d2c422
1854,hf_01854,art_painting,6,person,images/art_painting/hf_01854.jpg,644cd7e7c03a0767a473648da2a30ccf34908cbfbb42ad8a9791b84704a1b97c
1855,hf_01855,art_painting,6,person,images/art_painting/hf_01855.jpg,02a94f76357c9e5d300499f24a1d86d555e20b556399ade6cb5a1f8dce8a8ab4
1856,hf_01856,art_painting,6,person,images/art_painting/hf_01856.jpg,1d6d806333b684b6d94006c8890b084345b439bdfb7e7fd2b74812b6463c1815
1857,hf_01857,art_painting,6,person,images/art_painting/hf_01857.jpg,5300bc1301357f6306a16df303ca7cb1eb50c1847511d546f1ab51ff5e48682f
1858,hf_01858,art_painting,6,person,images/art_painting/hf_01858.jpg,05696eb82c17e00a729cf16dd67b19964d64b9a109e5d06cd23c7a2cea1d11bf
1859,hf_01859,art_painting,6,person,images/art_painting/hf_01859.jpg,f2cc7ff45d64825d30aa02b1132777571d21d4f84d855f92ef2f68145be93dd5
1860,hf_01860,art_painting,6,person,images/art_painting/hf_01860.jpg,a8270840cca6eb58ef0827189ad877915b4dad341f3675c4675330b1fa91bd91
1861,hf_01861,art_painting,6,person,images/art_painting/hf_01861.jpg,e0b131c46ed18b7de845eb3339f6ce634dd47aacfca7d4b7c8230b65f1fd355e
1862,hf_01862,art_painting,6,person,images/art_painting/hf_01862.jpg,749070baf26807901e73b96c91e773f041b9b39bf04e4b33db9db81ed5d3d3e6
1863,hf_01863,art_painting,6,person,images/art_painting/hf_01863.jpg,49e7e0cc36bed8d0a4751bd38e720a350fa631a728a3ac7ddc1612e33bb75539
1864,hf_01864,art_painting,6,person,images/art_painting/hf_01864.jpg,df1408a6fb606150e23304dafcdcab338236b9c269ec44bff04f5b77fad48675
1865,hf_01865,art_painting,6,person,images/art_painting/hf_01865.jpg,e648ba107c53543425eb40b429f42a6729509fd0362d6346778efa88416cae4e
1866,hf_01866,art_painting,6,person,images/art_painting/hf_01866.jpg,a166827b77e3e48d061f2fb069ff5e92b83dc9663baf40748bb72c062028dd8c
1867,hf_01867,art_painting,6,person,images/art_painting/hf_01867.jpg,083e4f320fd1ec5ce6fc2572bef05f677fe3f721fa8ba74d0c2de5d72d1e808d
1868,hf_01868,art_painting,6,person,images/art_painting/hf_01868.jpg,4f0ac7de9d05fd9549356819df1f69fec7869a1beb413a0a4ca00db7f5280b3d
1869,hf_01869,art_painting,6,person,images/art_painting/hf_01869.jpg,1e631bba90e3ae53a8c9c80c7e0a5cfac001931814b1b9244488858b91fe7ad5
1870,hf_01870,art_painting,6,person,images/art_painting/hf_01870.jpg,1a58da3099a319e0f7cb1104b45c775e92ef8d2d1d144b2ec531bacb86942280
1871,hf_01871,art_painting,6,person,images/art_painting/hf_01871.jpg,0484003d422ad171aaa8fe3fd26c6d84edd59d9897d4f7ca0c45a7656d2297fa
1872,hf_01872,art_painting,6,person,images/art_painting/hf_01872.jpg,1e7c243115446b10a349f20dbf9c4c794338a343c0c78a879ccd6f8e8767db6b
1873,hf_01873,art_painting,6,person,images/art_painting/hf_01873.jpg,957b404f19835b3e0f791c521061abd5cd66c53fdf7d979032053f4c920b18c2
1874,hf_01874,art_painting,6,person,images/art_painting/hf_01874.jpg,66071e7f92fc813a2c26a33ca03897cbb58c859cdd031631a01089f282c51e4b
1875,hf_01875,art_painting,6,person,images/art_painting/hf_01875.jpg,c6acbea2d60510b39d288042b2e79d3f59542fc812e97730051d972f439cc646
1876,hf_01876,art_painting,6,person,images/art_painting/hf_01876.jpg,0a18eb21e14c28edcf4fc23f7fbb2b24f54d24f60642a5465ddf21e67e3c7d99
1877,hf_01877,art_painting,6,person,images/art_painting/hf_01877.jpg,8cc1304886277b82a5adb6f81f2bdbf72e568b1bfef0700319aa7ff867be82df
1878,hf_01878,art_painting,6,person,images/art_painting/hf_01878.jpg,9ef8a2ac36a6ab09435cc6b06e9b998e964969b55dea04ab465e78efab71c672
1879,hf_01879,art_painting,6,person,images/art_painting/hf_01879.jpg,09c9180257144df01ae172681558e8e3c797bb6a30dfc42229980d4e0e5375b8
1880,hf_01880,art_painting,6,person,images/art_painting/hf_01880.jpg,c6f708e6b9d84588bb8962b63f1a8cd1dc614cb74596d37b3003c71e61f5ceb5
1881,hf_01881,art_painting,6,person,images/art_painting/hf_01881.jpg,a2c15c9703f626bbc41b95e40b796803eccbbf80a39b66f5b78523781adf567a
1882,hf_01882,art_painting,6,person,images/art_painting/hf_01882.jpg,635b5d8b0bff0ba193d1130965f4c78a7476be2f43abc4b1b3660f69af713bb8
1883,hf_01883,art_painting,6,person,images/art_painting/hf_01883.jpg,7902f7c83fcbb0d2e35f27e75724d3e6979f0da9e7e2dfc8da665c307a33cf5a
1884,hf_01884,art_painting,6,person,images/art_painting/hf_01884.jpg,5a6e23036df595078b04f25fe7c8b36752899ee00bfa50cc4f834ec6593957e7
1885,hf_01885,art_painting,6,person,images/art_painting/hf_01885.jpg,012fc6e6150669f84688d66f1fe1fb859b4ba27d69ee7eb0aa467a2b91b544b7
1886,hf_01886,art_painting,6,person,images/art_painting/hf_01886.jpg,f7670bf4412f66c4ae64c90acb871313621310eb034246fee265ba4f5af54d9b
1887,hf_01887,art_painting,6,person,images/art_painting/hf_01887.jpg,156cf5ef7b5e084af5e2da9ff14425ffd17a73dbdb7a382e2a107cac9b1d21f1
1888,hf_01888,art_painting,6,person,images/art_painting/hf_01888.jpg,8e07cca1ff4d2c8d49279cf7b743e6830ac0eef27c53425693baeff2646c1c2a
1889,hf_01889,art_painting,6,person,images/art_painting/hf_01889.jpg,5076221bd749c02d478278325231ccca9c62c1013e67aee23cc53f627d62a92e
1890,hf_01890,art_painting,6,person,images/art_painting/hf_01890.jpg,6b1eed3b7321ca1f4a0c2df0388879400a623c459d2750160f7bf14ca26ef2d9
1891,hf_01891,art_painting,6,person,images/art_painting/hf_01891.jpg,98e36c6441142f0f496788fa72a7a83f5253cce6459b9c565a6f1e9a52c3d4bd
1892,hf_01892,art_painting,6,person,images/art_painting/hf_01892.jpg,45136db4b38a42654ea96dbfae917b95a661986c44cd18e31e2eb17173136848
1893,hf_01893,art_painting,6,person,images/art_painting/hf_01893.jpg,3286eab062dd3b451d01851a9f5aa4acb07d9fb966c17699f82205b04f592201
1894,hf_01894,art_painting,6,person,images/art_painting/hf_01894.jpg,a74fb5c8663ba5db08a58cbba33dcf669d30925d75ddc8ab26939dc540e32395
1895,hf_01895,art_painting,6,person,images/art_painting/hf_01895.jpg,6f041b7c48eda175d7665aff85a08d6e63656ed5da49bbe0e464db766cf80206
1896,hf_01896,art_painting,6,person,images/art_painting/hf_01896.jpg,83bf7d639c2a771b46fa9b1d3687085d40f33e81a775bc8c01e9018681b56558
1897,hf_01897,art_painting,6,person,images/art_painting/hf_01897.jpg,ffd076988e327eb87d9cd294aa11e7f1b6cfb1c134eb47bf6e1245af823f466d
1898,hf_01898,art_painting,6,person,images/art_painting/hf_01898.jpg,824bedf8675d73a4ff733300f8408c47fc3dc6dbef5ac4ada8c575a16aa221dc
1899,hf_01899,art_painting,6,person,images/art_painting/hf_01899.jpg,abc33f982128cc844aff89e266fe0332aaa9cb296eea077ee0012a89a6ddd485
1900,hf_01900,art_painting,6,person,images/art_painting/hf_01900.jpg,4db3888fd0dbccc53ad9342bc78d4f6192130f994c1d7d0b48541ba3a3e88034
1901,hf_01901,art_painting,6,person,images/art_painting/hf_01901.jpg,9d74d1c37f8905cec515e6d1104ba0aecda2645378df2e2044a6e654b540a836
1902,hf_01902,art_painting,6,person,images/art_painting/hf_01902.jpg,fb92f6b59cc5ac3d71fa8b46990bd7044fdffe3a64c36570a3f4beab9ad18191
1903,hf_01903,art_painting,6,person,images/art_painting/hf_01903.jpg,fbf379de17de670a0947b521f60b7a46607b18d8b036cd0b242d479a01e61313
1904,hf_01904,art_painting,6,person,images/art_painting/hf_01904.jpg,d35ed7601a32d0e49c79313f415a94b7aa45151ade906c8dd11ff39d22e78a85
1905,hf_01905,art_painting,6,person,images/art_painting/hf_01905.jpg,3d3e4ba65e8b21c9200576fb9dd30c7631a7cccc15be7c0a2f4484377e94a8ca
1906,hf_01906,art_painting,6,person,images/art_painting/hf_01906.jpg,451bdb2da88fd04a89eabc080b1e8233742d648684cedce8c1fddbc9169e432f
1907,hf_01907,art_painting,6,person,images/art_painting/hf_01907.jpg,ece7992f491b16c79a443112cdd058518664cb049956fce4316ed0a95d5b126c
1908,hf_01908,art_painting,6,person,images/art_painting/hf_01908.jpg,6aa359bd99cfdbddd2fc87040b10a72bb7b7807c3c13d103db8d8f19503632b9
1909,hf_01909,art_painting,6,person,images/art_painting/hf_01909.jpg,75d905486b763f8713576f5a65239d1413149b373d6dca1343afe0cb12ba0acd
1910,hf_01910,art_painting,6,person,images/art_painting/hf_01910.jpg,f17688a01d8de74e0efe421d8aa1175d9409510054d6765918790f62a8d512a5
1911,hf_01911,art_painting,6,person,images/art_painting/hf_01911.jpg,9dce1b80e37589cb99bff904713597ca60242df073af985d50ee14532c8e12e8
1912,hf_01912,art_painting,6,person,images/art_painting/hf_01912.jpg,cdfe28323e8120d91027dc96957cb16ad1be2fb8357cd4ceb87ce4588efe7de7
1913,hf_01913,art_painting,6,person,images/art_painting/hf_01913.jpg,3dae1b7c774196a45f5ad0ccfba245de4adbb34cd2fb2642cfe57c711013eaa6
1914,hf_01914,art_painting,6,person,images/art_painting/hf_01914.jpg,9d4501bfb43a1cf8d25b9dc0a3db90507056f151d29a4a6528f5fd1c00be1b83
1915,hf_01915,art_painting,6,person,images/art_painting/hf_01915.jpg,b6d9a4d3420f89dac2d81a000d697e19ed08fd107cfd15338345fcb5544f00a4
1916,hf_01916,art_painting,6,person,images/art_painting/hf_01916.jpg,f5109a10f447f6a6b0b440f54c1391abc63d2da7fc1110c2584a9bc34ef4b52e
1917,hf_01917,art_painting,6,person,images/art_painting/hf_01917.jpg,a7b09edef981762d9e8575267ebf34199c72036ef5ab01943caf762e3279fe7b
1918,hf_01918,art_painting,6,person,images/art_painting/hf_01918.jpg,ae3e31b7c0da2ca7ac4399e0da0d35586e1419382b38d6edcd6f65654d4efd2a
1919,hf_01919,art_painting,6,person,images/art_painting/hf_01919.jpg,4b8a3e5ea229c9f328979407766197436ae168d6c0582bdfb12f61ae141b3513
1920,hf_01920,art_painting,6,person,images/art_painting/hf_01920.jpg,267ce8894a7f07451dc70a4de9b190e155e200f58aa5d9f1e6dd02cf304e00d7
1921,hf_01921,art_painting,6,person,images/art_painting/hf_01921.jpg,8a7ee1cd907599af35cd293b2d4ed84ed0adcef9632cc31fadfd0d1bc36f6ad5
1922,hf_01922,art_painting,6,person,images/art_painting/hf_01922.jpg,9fdcc76fd5fb167d497866064810891ea3b651c044d4ce57a7647c95ca63c93f
1923,hf_01923,art_painting,6,person,images/art_painting/hf_01923.jpg,a67ab351235822f37f1dc95d6cd1ba3fe3f17fbba73cf8147f8f9e7b1cf3d3d5
1924,hf_01924,art_painting,6,person,images/art_painting/hf_01924.jpg,b1a39857903e81ecf1f6e0357f85dd1a0dbb36b09d030362da0e3681a66f22da
1925,hf_01925,art_painting,6,person,images/art_painting/hf_01925.jpg,44d79acf78e13542f9977dbb69d808c066139b442cc4ca512e0af332d9939b7b
1926,hf_01926,art_painting,6,person,images/art_painting/hf_01926.jpg,f8e1b3e843c1edf0789e002ea8c8677da7f0a9a81dbd9916a64650bd5ff808ee
1927,hf_01927,art_painting,6,person,images/art_painting/hf_01927.jpg,20afa2c75907af3d186cb2ff005cb048556e7587eb59abd33ff5ce2c123d7dcf
1928,hf_01928,art_painting,6,person,images/art_painting/hf_01928.jpg,38f8f77611aef24dcbed0a5f3c2b64d504cebed96fb2149ca27ca36d550e5470
1929,hf_01929,art_painting,6,person,images/art_painting/hf_01929.jpg,24b279d1ea47f8d84e90954df4b7accf2229b81d660199ae6e401daf5123ae6d
1930,hf_01930,art_painting,6,person,images/art_painting/hf_01930.jpg,a9ebd7bea601b98f8c18470e7319bb2405e74953d8042b5ec81866082142178a
1931,hf_01931,art_painting,6,person,images/art_painting/hf_01931.jpg,f228f267a8388f4f6f74e404de681501acd9c04368c8639daa6cd0212fb59112
1932,hf_01932,art_painting,6,person,images/art_painting/hf_01932.jpg,f961882c8e98589b8efecd33d7752a7e2bab01328f05b7cfa9214cc13e8d136b
1933,hf_01933,art_painting,6,person,images/art_painting/hf_01933.jpg,0131e3bde568bbd22d405290dcebf00cfd77bea8beeba2da4b59b7eff7d10eff
1934,hf_01934,art_painting,6,person,images/art_painting/hf_01934.jpg,f94d7e5c3230d6b75d6d222ff36556dfc0759b0fdffcb2262ed966d88f35573a
1935,hf_01935,art_painting,6,person,images/art_painting/hf_01935.jpg,1d26ca14e9104dbcb3d2c61affdf83ae0d2da10bb171f08eef7f288d16234772
1936,hf_01936,art_painting,6,person,images/art_painting/hf_01936.jpg,f05b065328ee9d00500e2b8c70e146729b9c8a08d4d8badf5ad2ab4e14e90cd1
1937,hf_01937,art_painting,6,person,images/art_painting/hf_01937.jpg,bfb78c7a3a4a016ee64053b8e85347980f836767895a8f56f9d7a09d4695b092
1938,hf_01938,art_painting,6,person,images/art_painting/hf_01938.jpg,3f585b1e1be6e5816be6b2c3f365a7f1616faf719391cd0250eece163de20772
1939,hf_01939,art_painting,6,person,images/art_painting/hf_01939.jpg,a1303ad47d6ec0d12bb59fc03029527d8a78cc513ab3c6c4a2772bb48d2203c7
1940,hf_01940,art_painting,6,person,images/art_painting/hf_01940.jpg,e94ff847c5c740a17b6872785d6a50372b8102e6287b93a595a00fbcd297c515
1941,hf_01941,art_painting,6,person,images/art_painting/hf_01941.jpg,649e7d0f1dc2484c2aa5f8cd531af3246478dc1baf0cca9db1553d91f9e55e62
1942,hf_01942,art_painting,6,person,images/art_painting/hf_01942.jpg,c3e8c1266e8e08ba443b62c7cb2f529ecd6fab5e0efae5c14d93f195f89b0afd
1943,hf_01943,art_painting,6,person,images/art_painting/hf_01943.jpg,66021410032ed2023fb91d62769a0ab525a16ae1355b3e8c4708ac16e3b4b881
1944,hf_01944,art_painting,6,person,images/art_painting/hf_01944.jpg,abf9712a929953c565e9d5c6ceacf2f8451e926033790feccf47f69dd4659fda
1945,hf_01945,art_painting,6,person,images/art_painting/hf_01945.jpg,33c7a6a9208145b50bfc4d89e7746a7bacc08ccd8c5cb1fd736d3947ab295271
1946,hf_01946,art_painting,6,person,images/art_painting/hf_01946.jpg,71ff3d2ce0d7f5f1c233d313a740f0e84be55fa8803c8507eca1d2fb66a9e4ed
1947,hf_01947,art_painting,6,person,images/art_painting/hf_01947.jpg,73e24efdc2ced7b7759b71b2906b27f5d2fab05d50f3025ac3fa04ebcf81f8e4
1948,hf_01948,art_painting,6,person,images/art_painting/hf_01948.jpg,5b6fb30e0857cd423512dd34c9dabca474fd8c2b922ab57944038dfbd67debe6
1949,hf_01949,art_painting,6,person,images/art_painting/hf_01949.jpg,81d507dd6f163f0fb2d1ef69550f1c123934ff5c7022e27443090fc381b9f1d7
1950,hf_01950,art_painting,6,person,images/art_painting/hf_01950.jpg,12084b16a27de141c64de863d2b0d3794732de0578cb400236f5dd0c2ee3a0a7
1951,hf_01951,art_painting,6,person,images/art_painting/hf_01951.jpg,902182856f62050b67c9d7555bd9456aa37e87da93a406e2346a8dd1b72f099a
1952,hf_01952,art_painting,6,person,images/art_painting/hf_01952.jpg,f4a07a4e154151bc4721a42faf9d85d25c8bec29d37b672dd3384a0aa1f59305
1953,hf_01953,art_painting,6,person,images/art_painting/hf_01953.jpg,c57865d841bfd03ff92094e51e0ab687bd1bae4a0dc4834cfa8ea28c9b0a1232
1954,hf_01954,art_painting,6,person,images/art_painting/hf_01954.jpg,2d6f4ebc1ceba116e4e41b5383746236c3b1c1498526d5542f3e6876e7ca39ee
1955,hf_01955,art_painting,6,person,images/art_painting/hf_01955.jpg,5a22bb1ed4612f3ce61b0bfe047b1f2e7a890e02da3faf6447c0b716fdc74e06
1956,hf_01956,art_painting,6,person,images/art_painting/hf_01956.jpg,ca84fd4aefb59d2c4325c5637ed5a6fa1455a6884d01f6e3755ad2474192b8f3
1957,hf_01957,art_painting,6,person,images/art_painting/hf_01957.jpg,9fdc4b9b45974e57dad65e2a17d3830f8bf4d4337e57929a67f20a46e08d87ff
1958,hf_01958,art_painting,6,person,images/art_painting/hf_01958.jpg,7bc69bdf9a53c18007a48f9681b0b0681bc049abdbfc7f6a60dd0a6f819b4836
1959,hf_01959,art_painting,6,person,images/art_painting/hf_01959.jpg,15c3ca95493f1d03d0b6b67277fd41cb915146b0db82d18bd524701529321740
1960,hf_01960,art_painting,6,person,images/art_painting/hf_01960.jpg,ae1ed48f809ad875fce37336a7eda90552ed716cf3f240bb832fc2ab2a121bb1
1961,hf_01961,art_painting,6,person,images/art_painting/hf_01961.jpg,2cba8673d4b3f6e24a9cd4e87d0346d02996c4d72637dcdf6defb068bcc6e46e
1962,hf_01962,art_painting,6,person,images/art_painting/hf_01962.jpg,9cb843362a2d67173e54c8254755a1e9a0d7a96bd9db4c416044da936154b285
1963,hf_01963,art_painting,6,person,images/art_painting/hf_01963.jpg,4c8e27827ae5e6e2ceac7075d41ebfb536f0e7a7d4fcde315789c0ae39aca0ad
1964,hf_01964,art_painting,6,person,images/art_painting/hf_01964.jpg,3fa6bf40ce3bbb3afaf5867d7dcf6b2a2ff36a94a93f2c61c378d68db5d02d32
1965,hf_01965,art_painting,6,person,images/art_painting/hf_01965.jpg,bc79dc3ae851c57a0fd16db5cfe3cbbdb895353be8b62622deb839206980233f
1966,hf_01966,art_painting,6,person,images/art_painting/hf_01966.jpg,5290a511aa24fa7ea59f7d3254631d7bf1f532c36cdf22b4aa29ed6c844dee2a
1967,hf_01967,art_painting,6,person,images/art_painting/hf_01967.jpg,f54e29a0f5d87269bc7bb89f27b4a00346ce00ab0fdffb536e6c2fc27fa48b6b
1968,hf_01968,art_painting,6,person,images/art_painting/hf_01968.jpg,f08dcf38d4f64b30ca85d829df9a18c151edd313845c8804928721884e9ac1ea
1969,hf_01969,art_painting,6,person,images/art_painting/hf_01969.jpg,2fb552485a332cdd6bb1ae95f61a429678f5f3ec99d29b9e728dcca6e46e45c4
1970,hf_01970,art_painting,6,person,images/art_painting/hf_01970.jpg,8c9c7971582361518b0200fe087139ea5210f4010042777052c6cd780a04e36b
1971,hf_01971,art_painting,6,person,images/art_painting/hf_01971.jpg,77c2df396df89f6b63720b6a96f22d3864f1868af1fde491fa67163647116200
1972,hf_01972,art_painting,6,person,images/art_painting/hf_01972.jpg,73a8c57020e5d6830624c6e6f3503423b88d454a6c28e3dc7af92b843f1445af
1973,hf_01973,art_painting,6,person,images/art_painting/hf_01973.jpg,7325e96c0719d3069ebd33780634b9ccc18f7aa970939b19ebbe04b53ecc1ec2
1974,hf_01974,art_painting,6,person,images/art_painting/hf_01974.jpg,6928fb9c1e023f8a01698f531ad13625106c3ccf0b3da39fe260b6c7178352c5
1975,hf_01975,art_painting,6,person,images/art_painting/hf_01975.jpg,1d06d6ab1e8ebe2f7011fd5750b880e209b5b4ac75885b6abea6a638b7404e81
1976,hf_01976,art_painting,6,person,images/art_painting/hf_01976.jpg,a197a97d6b3ae03f5bf539b8c04310d9164a505c254e6e9ccfa7602b42f5481c
1977,hf_01977,art_painting,6,person,images/art_painting/hf_01977.jpg,377ca1f64971df03e50a16b45bd19f5a3beafaa12185fe1d185a065f80597408
1978,hf_01978,art_painting,6,person,images/art_painting/hf_01978.jpg,0cbf4838420700603ed49a3b03bed4518adbaf48c3dcfd0d7e51e6be43eeb098
1979,hf_01979,art_painting,6,person,images/art_painting/hf_01979.jpg,ef397bfa9181676f0d0136eb1c82ac1f224cbb1cc1a57fb5faebb393ae531628
1980,hf_01980,art_painting,6,person,images/art_painting/hf_01980.jpg,0bd57b00167e7b415ba4d76c2706b61ed813aab64dcb2ba304e1cbdb1f501a55
1981,hf_01981,art_painting,6,person,images/art_painting/hf_01981.jpg,c411975ae229a91d176aea596ff42714a2d58be001b21fb2eb6a47045fa49c2e
1982,hf_01982,art_painting,6,person,images/art_painting/hf_01982.jpg,9b6c59620cf88ef111cad0f290d316b9dc32a992d9d285396c63e86bacb6e03d
1983,hf_01983,art_painting,6,person,images/art_painting/hf_01983.jpg,476cf6a6fda907b0874aefa0c6dd2ed47f884ca1400436317f1868db4ce5e54b
1984,hf_01984,art_painting,6,person,images/art_painting/hf_01984.jpg,2cafa6871a87d9004a714c2536849009a343a717b73fa58f51f8f1927fed6cb9
1985,hf_01985,art_painting,6,person,images/art_painting/hf_01985.jpg,8faada14380b6219e86fefae69af7cdc7503e347201f978720877bdf0062a3c1
1986,hf_01986,art_painting,6,person,images/art_painting/hf_01986.jpg,f5ae30f03213c00b26d9a942c5a943f0d94fbe0c8a71e9d2fd3f30a70c782aed
1987,hf_01987,art_painting,6,person,images/art_painting/hf_01987.jpg,7145b71c013260faaa703185f80c63fa01a6ce5f6c7371f138368339795051b0
1988,hf_01988,art_painting,6,person,images/art_painting/hf_01988.jpg,c5cc8b507186da659c91313881ee9673d27c73174cf92cd6c747cb87bf370285
1989,hf_01989,art_painting,6,person,images/art_painting/hf_01989.jpg,bb91523577634e41e4fda1b64739f581722e55524cbf58eb61cb3e428af2faa2
1990,hf_01990,art_painting,6,person,images/art_painting/hf_01990.jpg,f4f8aeb718aa3755631657dad518305bec7ae8d99c32300776c6c8d545dc4d5d
1991,hf_01991,art_painting,6,person,images/art_painting/hf_01991.jpg,2dace459ed6a86ec3943387723c57080e11bae775756b91018c925c7c4ea80e3
1992,hf_01992,art_painting,6,person,images/art_painting/hf_01992.jpg,8391291a12f87d9c505814be0ea90abb188513876066f7917753a4f9e877b6b9
1993,hf_01993,art_painting,6,person,images/art_painting/hf_01993.jpg,7af42ff01cba9f5473b79559fa08784b7c0fea10232e7e54e45865d77b40c820
1994,hf_01994,art_painting,6,person,images/art_painting/hf_01994.jpg,38c6791bf9c7338d8e5f1d55f09789e425ed8a6da77eba98a1865de648c439fc
1995,hf_01995,art_painting,6,person,images/art_painting/hf_01995.jpg,1fe97fc17ccb05afe3049ef8589123083183cbd9c2813f7962d16559a44f121e
1996,hf_01996,art_painting,6,person,images/art_painting/hf_01996.jpg,0046cd3d9d685d51171606f94a7771db16f006ceac4911ac1e3a9d812713cbc1
1997,hf_01997,art_painting,6,person,images/art_painting/hf_01997.jpg,f09de7888b72394bc3e178471fb58a76706115e032518b0a204ab314f7ea1899
1998,hf_01998,art_painting,6,person,images/art_painting/hf_01998.jpg,ecd26324b961cf0c4bbe66c91cb1c08384743f6a32c3e8201505e5ff18730237
1999,hf_01999,art_painting,6,person,images/art_painting/hf_01999.jpg,1fb5266e2ffd2cc5d17f107dd1413d1c3f02febb55b59fd2030a09650bf05859
2000,hf_02000,art_painting,6,person,images/art_painting/hf_02000.jpg,c50561a74a9cff2fc0a6efcde013e4800d188f560e94c3ab4c41793e46cbcd56
2001,hf_02001,art_painting,6,person,images/art_painting/hf_02001.jpg,a50f129edca0db78e05f65be810b9a49128081d844a548ab45c017366aed18c3
2002,hf_02002,art_painting,6,person,images/art_painting/hf_02002.jpg,e974146a2209d3d4d9e19685ed8dd9e6905e8e6c7459a732fe400c49ca13475c
2003,hf_02003,art_painting,6,person,images/art_painting/hf_02003.jpg,12ce384b425330193bc7be14b0bb9d1849f14b4bb762589fd918e559665f87ae
2004,hf_02004,art_painting,6,person,images/art_painting/hf_02004.jpg,3f8552c329c59dd2a4528f548c5126674d8266721df88a482dce8c66e43b04bc
2005,hf_02005,art_painting,6,person,images/art_painting/hf_02005.jpg,711da272d1aeeece9bbbe246921e5f171f653d50f408873a9c8bfeadb61fc5f6
2006,hf_02006,art_painting,6,person,images/art_painting/hf_02006.jpg,a74973351633c7c871564115e7036029f4607ea2d98830baf97a1b8567451486
2007,hf_02007,art_painting,6,person,images/art_painting/hf_02007.jpg,23e509f6a561dbb42370fa53a2906765ff34d72faaa2d67e1635f6ec8b41b55c
2008,hf_02008,art_painting,6,person,images/art_painting/hf_02008.jpg,3a378f4ea3c5abc78d0f166919fc6bbf58f4c0c1a4892902434016b26240fa29
2009,hf_02009,art_painting,6,person,images/art_painting/hf_02009.jpg,14844fd99209ec05b2c01ef1eaa3ad27029006212d3ae824ec1ef991c07f6a35
2010,hf_02010,art_painting,6,person,images/art_painting/hf_02010.jpg,c93421610a83a9edd4d2451de35bbdc0bae1c111a3038fba82374c983baebcbb
2011,hf_02011,art_painting,6,person,images/art_painting/hf_02011.jpg,e4058ba2e8abc0bc6a0e69f7d65c7fd4525ae3c4267f32aeee85698c47794f73
2012,hf_02012,art_painting,6,person,images/art_painting/hf_02012.jpg,277e405cfc05bac07716af7da8bf55236e7cb2c75883b1de9efef72ae9be132b
2013,hf_02013,art_painting,6,person,images/art_painting/hf_02013.jpg,994ad3204588a8ac100b823aa149e00c1e47cf332290d4cfc42e06f5dcb85df0
2014,hf_02014,art_painting,6,person,images/art_painting/hf_02014.jpg,71c6643beb6724585350bdc55084790a3f45a69b55819c61b4f944484ca02a38
2015,hf_02015,art_painting,6,person,images/art_painting/hf_02015.jpg,8d860e7471ef83cf99a5dcb8324fc7450565e9a520e0c7f05f38cad2b66fc4c7
2016,hf_02016,art_painting,6,person,images/art_painting/hf_02016.jpg,8fef9412b20fc735552ec695774602c179a8a1b7556909e073d52518be335475
2017,hf_02017,art_painting,6,person,images/art_painting/hf_02017.jpg,d80a684f4c9f6cd8a080d9eefc1b02b707886c6c5010e1fca794aa88a426ee59
2018,hf_02018,art_painting,6,person,images/art_painting/hf_02018.jpg,f6a9d660c93097c048f68f8fb8e8f2f1588e58ab55d24b347293bc64089d3c47
2019,hf_02019,art_painting,6,person,images/art_painting/hf_02019.jpg,17591dbeefabd20aedcb4978be7579ed205b20716175db2633d2e4f6ca09cf82
2020,hf_02020,art_painting,6,person,images/art_painting/hf_02020.jpg,8ae6c572d1315783565f093156a2667ab0a9f5c028c3c25417320d381d857b2c
2021,hf_02021,art_painting,6,person,images/art_painting/hf_02021.jpg,bfa624a09d2a018bb3aa19d3956ddfb892f1ae2cef18591ec7257d4b39ab6429
2022,hf_02022,art_painting,6,person,images/art_painting/hf_02022.jpg,5ab73b0dd02bd058cbec4b397eefc4940201708cba7cf9742051c85ff284db24
2023,hf_02023,art_painting,6,person,images/art_painting/hf_02023.jpg,da8a3e6a8d2176b6aac25dc737a6c3ff68ede2447332428b1c4d33ecae96cc36
2024,hf_02024,art_painting,6,person,images/art_painting/hf_02024.jpg,54e896fec6cdbcfdcbf3fb92284bbf8d8dd386f7aaf5d755815e87858e80ba2c
2025,hf_02025,art_painting,6,person,images/art_painting/hf_02025.jpg,524b5a654942b27c7aa31cee1cbbe559d3049f156518d6232d673b51fb904f37
2026,hf_02026,art_painting,6,person,images/art_painting/hf_02026.jpg,1bfa785fd2747e73bb2ee55f4dd60fb6fe8fedb4c40e8089354c873a13e85874
2027,hf_02027,art_painting,6,person,images/art_painting/hf_02027.jpg,07845d44d668679f5f9ff711d05f79eed571ec6b0dcf08efc8c910afaca677a9
2028,hf_02028,art_painting,6,person,images/art_painting/hf_02028.jpg,5aa8b29d1556949364db9ca0b43b040ccabf0b84a6f1109b1b8f788b30679029
2029,hf_02029,art_painting,6,person,images/art_painting/hf_02029.jpg,df5294b5aa9b6616e0228a92608f80bbd1f2a499c76ea5e0506ab5004756a109
2030,hf_02030,art_painting,6,person,images/art_painting/hf_02030.jpg,e32faa471d259f1fbf1bf2b677109eed83b41111ff8ca884e609b74895918f80
2031,hf_02031,art_painting,6,person,images/art_painting/hf_02031.jpg,fd7c50218f62bd415e2e1e5ef14ade272aef307fdfad7305ec9431d57810a270
2032,hf_02032,art_painting,6,person,images/art_painting/hf_02032.jpg,0e6c7ef8ee644060b221cd28af044fb595bff1fe79ff109dfa889fd5be3832b3
2033,hf_02033,art_painting,6,person,images/art_painting/hf_02033.jpg,f6ef6d2acd19ef50e49a0d7016d7febbf2f2b23777c4f937db91732bbb8c69b8
2034,hf_02034,art_painting,6,person,images/art_painting/hf_02034.jpg,318d4c91080a2b184ab1cbc1e342fba3f98befe93b8d9ed0da39fad0811db8e2
2035,hf_02035,art_painting,6,person,images/art_painting/hf_02035.jpg,54a564484fd45203d131e9c9a21a72fc41ba00ca66451dddcb223b41649ac8c9
2036,hf_02036,art_painting,6,person,images/art_painting/hf_02036.jpg,a4997e95eed02007035d4915f2b09d00a30f2851a9e8e069ec62e6a722f89914
2037,hf_02037,art_painting,6,person,images/art_painting/hf_02037.jpg,3ed17f18f81cc9709befb323e472eddd84898985b1a5b1e906dc6cf95e0bcee8
2038,hf_02038,art_painting,6,person,images/art_painting/hf_02038.jpg,7f377f1fc62539102a8bc43fb8cbe942e391d3bbbf7e3feeab6e43b01f5da651
2039,hf_02039,art_painting,6,person,images/art_painting/hf_02039.jpg,9d385453d7f38ffcada9445131d7eaa3baefc6f5f9bbed9ed39ab3d002e00323
2040,hf_02040,art_painting,6,person,images/art_painting/hf_02040.jpg,929785e3497e2657d53d59d46f1b81b073e9e592d9369d1ce9aa8566b3d3de8b
2041,hf_02041,art_painting,6,person,images/art_painting/hf_02041.jpg,ee2236d8c6ecf2441d8fc52e18e917ff31fbad959e7155bc5a38962c031534ad
2042,hf_02042,art_painting,6,person,images/art_painting/hf_02042.jpg,5f77a4aac348bbb8069b601e60b3a2b689f0133caf4d5324041ef6ac4e1eb3bc
2043,hf_02043,art_painting,6,person,images/art_painting/hf_02043.jpg,2d38a65815849527a73ad7dc91e44db5b2469ba5775a0e9f60cb7a9c28ff647a
2044,hf_02044,art_painting,6,person,images/art_painting/hf_02044.jpg,a11fbd4253c10eaba7098445fb5da270599efe6b90cca9ad5e5d279ce86c7780
2045,hf_02045,art_painting,6,person,images/art_painting/hf_02045.jpg,3aebc60df726c596dab616b672df9b58a165d500f9efab408bb759b89f2b3914
2046,hf_02046,art_painting,6,person,images/art_painting/hf_02046.jpg,2ea45d9fe66d3745d5c58b96a8de8673dc8bf824b5ad7c05d71bc1c87fb2ee5b
2047,hf_02047,art_painting,6,person,images/art_painting/hf_02047.jpg,cddd94b9cfd8ee695f82c2f397e36b93de64e227e2187dc52a7f626e786d6d7c
2048,hf_02048,cartoon,0,dog,images/cartoon/hf_02048.jpg,c422f3d5e6f92e9efb30b79a255cd9986d2d25d9af20bf6d11000c0624ad33ac
2049,hf_02049,cartoon,0,dog,images/cartoon/hf_02049.jpg,772352e3fb980e5d33fc572b54f41401f3e50f0836cec14379e77c433ec636b2
2050,hf_02050,cartoon,0,dog,images/cartoon/hf_02050.jpg,41ae09e4d14788a4d0c64d7973ac749e99eb8f49a1af91ab41cbc55eb8cb2367
2051,hf_02051,cartoon,0,dog,images/cartoon/hf_02051.jpg,f7616c96fa7399e3c9f933cfbd0aa3902b44cf29025312751130b6c60f3b5766
2052,hf_02052,cartoon,0,dog,images/cartoon/hf_02052.jpg,01c8bd69c0d6fd4a0d41b85d68c023c16d8c654f0e1ae81f062ada582b7e04c9
2053,hf_02053,cartoon,0,dog,images/cartoon/hf_02053.jpg,adf1d6891048bafee7b3da62975566a34509002678d0435e8682dfbe9618a5d1
2054,hf_02054,cartoon,0,dog,images/cartoon/hf_02054.jpg,bfac91ab32862f4c7585e00f59658be4390ee1bee03237d3c09d6e877a852e13
2055,hf_02055,cartoon,0,dog,images/cartoon/hf_02055.jpg,1bb693039644fbdaab5185c95e17339c1825f9bcc954095e76a48ebc935cba07
2056,hf_02056,cartoon,0,dog,images/cartoon/hf_02056.jpg,1cafb9e8037251b19488725e5d7a9c6c4fcfb8cbfae601b14b07e85a934b6f82
2057,hf_02057,cartoon,0,dog,images/cartoon/hf_02057.jpg,4860e882b499967e4cbab7cee946038a13687915c8b34187508b2083c2d90ffd
2058,hf_02058,cartoon,0,dog,images/cartoon/hf_02058.jpg,b2ede40c28b7f832a4b6a7f12100e3fe9ae4e6ea2ca0536c7327e8e3041aa7bc
2059,hf_02059,cartoon,0,dog,images/cartoon/hf_02059.jpg,7b969b4fcc9e391f3546a567b192661303ff2242bbb0d057fc16b725ae6e57c4
2060,hf_02060,cartoon,0,dog,images/cartoon/hf_02060.jpg,55eff99ddf1d848c488baa0c606b51c7a8d82ea98e3a5fcc9e08c2d724c8f8c2
2061,hf_02061,cartoon,0,dog,images/cartoon/hf_02061.jpg,0d5c70c975471d40efcf364feffa716a950823556c537f5759ffead5a81e97e7
2062,hf_02062,cartoon,0,dog,images/cartoon/hf_02062.jpg,9fc878676459f8409b33c67aef2aac52124f44d8843c25ef2b5bafba8ebaa131
2063,hf_02063,cartoon,0,dog,images/cartoon/hf_02063.jpg,7dcc484fa3c617b205664ff90ddd2188f9b50b2a9dd3cd72de2caad8afd4c988
2064,hf_02064,cartoon,0,dog,images/cartoon/hf_02064.jpg,2a89a6b3e7a922e1637682718549844fa392b04d53395589bfbd285fbba640c3
2065,hf_02065,cartoon,0,dog,images/cartoon/hf_02065.jpg,7d18dc7d8eea7c15abe65fdf477c2f1d6fb060f4c397b5731dd3c73e2575f1f0
2066,hf_02066,cartoon,0,dog,images/cartoon/hf_02066.jpg,aeff525a0765cb637aa5c245829d95f525dfe986c253d5258778d7efdd79fda4
2067,hf_02067,cartoon,0,dog,images/cartoon/hf_02067.jpg,8722c61c0f08f77a6847b2f624dfa75b1fa8041a1f8bfaad3a7aeed67515ab2b
2068,hf_02068,cartoon,0,dog,images/cartoon/hf_02068.jpg,f85d4ba3c42b7d345e2470b7b77c105a07f86e8c66308a5b99f1b5d0cedab495
2069,hf_02069,cartoon,0,dog,images/cartoon/hf_02069.jpg,8cdcc3d09eb83c335a9e888a689acae75d7f90bd1800a186d2832b3a6704ae13
2070,hf_02070,cartoon,0,dog,images/cartoon/hf_02070.jpg,c04ec393b903398134440546723295ddf4fed48ae28ed30b9b38f72fe728240c
2071,hf_02071,cartoon,0,dog,images/cartoon/hf_02071.jpg,a45af0757cb1d06b4d7f747b9c8a52f877dafb87b5e15561c07579048b9bce00
2072,hf_02072,cartoon,0,dog,images/cartoon/hf_02072.jpg,6886357cce8783bb4dbcaa871b64085e7de5057bad63d63ea8af3ab022875f2b
2073,hf_02073,cartoon,0,dog,images/cartoon/hf_02073.jpg,3bb0d6325e2fa5968e7dbc8cc3abaea76bf362344dc7b1335522373cb94550a2
2074,hf_02074,cartoon,0,dog,images/cartoon/hf_02074.jpg,1f0267a55ab88162b0bf38b7a66d132a2056a4fce3353bee98e73f132ae99772
2075,hf_02075,cartoon,0,dog,images/cartoon/hf_02075.jpg,dca0f2decc3f79d5259d8ce99fbc93d47e8c8227ff5f98bb6ce87a042fa595b9
2076,hf_02076,cartoon,0,dog,images/cartoon/hf_02076.jpg,8ef0b9de73029a4bb9fd78de5d57df7875ebf1f94920a7470d8e484ad74fc91f
2077,hf_02077,cartoon,0,dog,images/cartoon/hf_02077.jpg,ee9de297b52bdf9e83cea93e0a5c455ff74e4fafc41197853160152668045357
2078,hf_02078,cartoon,0,dog,images/cartoon/hf_02078.jpg,28aa57a3f0801e766eb927a6b47e4ade344489463e92aadde4708ca67cfefcb5
2079,hf_02079,cartoon,0,dog,images/cartoon/hf_02079.jpg,02e632840856711a0c666e5bab18f4674bd74ccb8e7b605fba25fad14df5edab
2080,hf_02080,cartoon,0,dog,images/cartoon/hf_02080.jpg,70aefdcd8636a56f5e3836f39a15eeac26b337076dbc071fd6f13be07af57258
2081,hf_02081,cartoon,0,dog,images/cartoon/hf_02081.jpg,f9fb30620ea5e9c8a34c822c4b6943b75f6e865890ea676ae0cd1600efbbe84d
2082,hf_02082,cartoon,0,dog,images/cartoon/hf_02082.jpg,9bec2af0db38b1e1c4364c9834f1bb0814b6ee9b16d1b6af3d3cb0c79c3a434e
2083,hf_02083,cartoon,0,dog,images/cartoon/hf_02083.jpg,87b9c96261595de7e49aa07dd8df83cf93ee89709e2f486be6023ae4875dc859
2084,hf_02084,cartoon,0,dog,images/cartoon/hf_02084.jpg,5ef2173be667ee240c1304f59c2ece2974eea795008d6ac6472f9468d070b43e
2085,hf_02085,cartoon,0,dog,images/cartoon/hf_02085.jpg,04912790f533acaa43e2323cecf591e62d9950682be1f34a2d5b1b600fb7f547
2086,hf_02086,cartoon,0,dog,images/cartoon/hf_02086.jpg,816d6963668d4a47611b527345c6784c0a783abd217e6bf1ea6bc0b173e60f35
2087,hf_02087,cartoon,0,dog,images/cartoon/hf_02087.jpg,90a6ac5be855526b382e1d80309fac74838944199cc16e48328df442f7ebcc95
2088,hf_02088,cartoon,0,dog,images/cartoon/hf_02088.jpg,2e0adba31144d7a58f98e8ac11a37eac40650af607ef288da024828744f1111b
2089,hf_02089,cartoon,0,dog,images/cartoon/hf_02089.jpg,af084bdae7df95d836be4c3f1610845ed1892bc5d822e4eda3764a7f6618f693
2090,hf_02090,cartoon,0,dog,images/cartoon/hf_02090.jpg,811597119da2de1f35ceab401ee7faae75e59105405195e187722a583d80da87
2091,hf_02091,cartoon,0,dog,images/cartoon/hf_02091.jpg,666bfce0384d0f5d31e3945ac67c0b49379a134499ac06ee5245de5d24bdc4f4
2092,hf_02092,cartoon,0,dog,images/cartoon/hf_02092.jpg,03ab46b0161bc679ea0e52c30323eaaa603976e744d45737022e03033705ea9d
2093,hf_02093,cartoon,0,dog,images/cartoon/hf_02093.jpg,ca0a147b39b8d75806cdf3fd02cafacb2739273665365ee3033327e24bd8e3c0
2094,hf_02094,cartoon,0,dog,images/cartoon/hf_02094.jpg,3f26cc90a116d7a70fce99e378b025ff30466faaf40fadc4a0b709b412f5510e
2095,hf_02095,cartoon,0,dog,images/cartoon/hf_02095.jpg,ec135585adf4e956dae22d04577f502b8651b6bf33582bed4548db2312ddb629
2096,hf_02096,cartoon,0,dog,images/cartoon/hf_02096.jpg,26974980fbbe0a181de6122469b248476ec28ca7db8de772681fca4625850a13
2097,hf_02097,cartoon,0,dog,images/cartoon/hf_02097.jpg,39f266388d10493116e0c5a65fa9391f48be9655ccebf31645c61db53189743f
2098,hf_02098,cartoon,0,dog,images/cartoon/hf_02098.jpg,58e1b565236f69ff25825543b439dc114ec3b4610a2a20f0305525173d095d48
2099,hf_02099,cartoon,0,dog,images/cartoon/hf_02099.jpg,ec4442ce5f8c5be06473076333aaa8d26f7eff273d69b34e1f98d86623b79158
2100,hf_02100,cartoon,0,dog,images/cartoon/hf_02100.jpg,9eb603f861234ba542aef8876ca16d3ca04e9880fa745c9030a4419c49cdf6f2
2101,hf_02101,cartoon,0,dog,images/cartoon/hf_02101.jpg,3ca3ebc27ad9da49d2fc6d56fae185e78a0e88f96907b7bd4885d691de8c734e
2102,hf_02102,cartoon,0,dog,images/cartoon/hf_02102.jpg,329c8feff4bda104e4af96f9afb6fcba4319d9297335d10195cdc531a7371d2a
2103,hf_02103,cartoon,0,dog,images/cartoon/hf_02103.jpg,6a65b4bb39bf5bbe97c44912b41cc5677a3b4108992f05712a327e30e31fb244
2104,hf_02104,cartoon,0,dog,images/cartoon/hf_02104.jpg,1737f3ada5ea5693ea9adf80c8f0ca390c6853a3e55d80ae8ae76b62acea4c87
2105,hf_02105,cartoon,0,dog,images/cartoon/hf_02105.jpg,51343d5396d5e3fe0c163219f17880664e66680756e75ad12ca98723ccce6afa
2106,hf_02106,cartoon,0,dog,images/cartoon/hf_02106.jpg,d144334df58521e93d1e85ba941d970ffa08d61b1cfb07e43c7b65c3468d8c55
2107,hf_02107,cartoon,0,dog,images/cartoon/hf_02107.jpg,cb7d372940c44cee7d9b41e30bae62ab022c405a821a6b3de22d53eed823df3f
2108,hf_02108,cartoon,0,dog,images/cartoon/hf_02108.jpg,daeb2f92fe32ccb86888a6ab1639c486411591658b7c5ebc6f596318790dbf34
2109,hf_02109,cartoon,0,dog,images/cartoon/hf_02109.jpg,4cddd427c0c00efacc7eeb66d30d57bcdd76b163d1354ab239a31f80760e5bff
2110,hf_02110,cartoon,0,dog,images/cartoon/hf_02110.jpg,132c2548f6246f66bc9a110baf146cd4b7d3f73b3381e6e978f49c2179b93fc6
2111,hf_02111,cartoon,0,dog,images/cartoon/hf_02111.jpg,06cf6a125a1d605c7c06990d9065172a1e16dd2cf88b31be2186342b4995a9a3
2112,hf_02112,cartoon,0,dog,images/cartoon/hf_02112.jpg,2c874a89fec53442d033131e07f3633c3e2330dd7f74c986135632ee34a1c0c9
2113,hf_02113,cartoon,0,dog,images/cartoon/hf_02113.jpg,bdd2c76f4d488f80d95c03e725054b31305ed0c4e400da371771b3a483dffccf
2114,hf_02114,cartoon,0,dog,images/cartoon/hf_02114.jpg,6a8c1032c1aa3b4abe7d75b3ccfbd0975a765eb10472e7f521fc3e66334d3b49
2115,hf_02115,cartoon,0,dog,images/cartoon/hf_02115.jpg,dec28c318945d466a271676a6e03b753d64cf02d7ab0cf83b86496c8464da7eb
2116,hf_02116,cartoon,0,dog,images/cartoon/hf_02116.jpg,471320256b90d1f015f55861bdc85cf0133ed81efee345b4e9b7855f6499303f
2117,hf_02117,cartoon,0,dog,images/cartoon/hf_02117.jpg,aaa2fe552fcef633e262b6997dd6c2606adf562792a98af011a3d603972a7ed0
2118,hf_02118,cartoon,0,dog,images/cartoon/hf_02118.jpg,a942ef1fe0059a7ea74c4c4414dbf8391ddfc9966d2e1237bb713461fdd40393
2119,hf_02119,cartoon,0,dog,images/cartoon/hf_02119.jpg,83eae1f1a2e2934e1bb89ff449b84301ec4632e7825b927bae0c56895bbc9661
2120,hf_02120,cartoon,0,dog,images/cartoon/hf_02120.jpg,c2e95954151c0970e616a74e3d0f2f141e537cbe76abb761b6930609403a9dc5
2121,hf_02121,cartoon,0,dog,images/cartoon/hf_02121.jpg,e2fbac384c58ed9059736d7c57dfe7a393ecd0d9a958a20b3968ecf4a93ebdeb
2122,hf_02122,cartoon,0,dog,images/cartoon/hf_02122.jpg,3129df73f1ec5d2d57fdaefa061b45606350a4952591bde7eed96c0b1e274280
2123,hf_02123,cartoon,0,dog,images/cartoon/hf_02123.jpg,6ce4dd74267a638d28c2eb835e730b11210fe83ba1d587682359eda1a0210ec3
2124,hf_02124,cartoon,0,dog,images/cartoon/hf_02124.jpg,a3fd9ea7057eb3185a8a9e4c8b0e063a8819c0a12d1d97cf7393209a9be9a071
2125,hf_02125,cartoon,0,dog,images/cartoon/hf_02125.jpg,799e7f95caca06e82c9bcba6fcdd7b54ed439639ca22d6b61d07a3baf9f9b953
2126,hf_02126,cartoon,0,dog,images/cartoon/hf_02126.jpg,81a1579630ac99dcdfba6a93b1d708579df80de1d93664c455281600d8b39ecd
2127,hf_02127,cartoon,0,dog,images/cartoon/hf_02127.jpg,0dd56f8d258536877716d5fadb93721d94f23b8e123e8e921e7f47f630675806
2128,hf_02128,cartoon,0,dog,images/cartoon/hf_02128.jpg,7c3fb1a97b8273dfa21c777b877f36132ae1d810cd1c1943ac30829b07dafaaf
2129,hf_02129,cartoon,0,dog,images/cartoon/hf_02129.jpg,66a866d2af66b7cc81d311a826c28debb3f872e59194e7eca198fba66c6332e3
2130,hf_02130,cartoon,0,dog,images/cartoon/hf_02130.jpg,cdaf1dcdc1cff13bd41b9eced0c56b187102dfd67022af89b125336dee75192e
2131,hf_02131,cartoon,0,dog,images/cartoon/hf_02131.jpg,3ee9c92c65e8b38b7cb6a584e86f25b2a421b4a1a1c4972adab7a70bf9c946a6
2132,hf_02132,cartoon,0,dog,images/cartoon/hf_02132.jpg,eff8b97a3365e41c29851d95521a4b1b11697365b2ecf9bf5f5c03041e1739bc
2133,hf_02133,cartoon,0,dog,images/cartoon/hf_02133.jpg,5c7a45bb56205008db0c3a833c1d152d562647ebd509e4f62b82b2b1c5f3b70e
2134,hf_02134,cartoon,0,dog,images/cartoon/hf_02134.jpg,346396c703274842b6b2aed55bf75145d06d78f390bcd6269335d84bea208c10
2135,hf_02135,cartoon,0,dog,images/cartoon/hf_02135.jpg,793e2e9680687c9e3a13f1990ea68ad3390d7b48987065c5fd0abada065ba139
2136,hf_02136,cartoon,0,dog,images/cartoon/hf_02136.jpg,0a5b962c5939dcd31593f78bef3a616d029fbfc6994a568779ae7eb5e121c214
2137,hf_02137,cartoon,0,dog,images/cartoon/hf_02137.jpg,c380ef886dfbfb6b5faa8b092446f12de98613e44584fbf7295e66b62385bbc9
2138,hf_02138,cartoon,0,dog,images/cartoon/hf_02138.jpg,9a5bdbe33aea018f6453a8abc2d91536374b2ac3abe06ef1311d5ac6d72bcccf
2139,hf_02139,cartoon,0,dog,images/cartoon/hf_02139.jpg,f40de1d375e4e8e8882532422bff5f5eb2e953455b92c7061f9d61c09babe1be
2140,hf_02140,cartoon,0,dog,images/cartoon/hf_02140.jpg,ff486dd51aece5f03c176ef6cf2cf4fe0d9a529df333463732e1c84255d63980
2141,hf_02141,cartoon,0,dog,images/cartoon/hf_02141.jpg,888fe465a23a22d454f22657d641900c7be536d8cec721255795f4ff64b8099a
2142,hf_02142,cartoon,0,dog,images/cartoon/hf_02142.jpg,8776f49f145acc3fd02a97f0c2c7b8d7ea76263dc15c3edb882500c1847e84f4
2143,hf_02143,cartoon,0,dog,images/cartoon/hf_02143.jpg,7712ae06ffcf045db9f5de087a04013de15373dcdcdf7a94e3701ab0f8e149cb
2144,hf_02144,cartoon,0,dog,images/cartoon/hf_02144.jpg,224b039a4e16a671f551c76a4a40655a9bda3bc1b677fcbfb84191640053ff3f
2145,hf_02145,cartoon,0,dog,images/cartoon/hf_02145.jpg,0abf00f81e10ab85dc34c1e7efa4e173d8742298c2fac7c225a2c68f18971f43
2146,hf_02146,cartoon,0,dog,images/cartoon/hf_02146.jpg,b8f3a6c59117d2500754c653b6d6b63f7c04638dff9918efc4be218f50dce733
2147,hf_02147,cartoon,0,dog,images/cartoon/hf_02147.jpg,3781fe3f8cf4317644548d0d9eecae2f11ada7ccff6694a0b2d6dd7deee97e25
2148,hf_02148,cartoon,0,dog,images/cartoon/hf_02148.jpg,12b12b5bb2f5ee4faa084dd0c53e99ffdbe813b0fd1e0dc8185ad26c3799a0da
2149,hf_02149,cartoon,0,dog,images/cartoon/hf_02149.jpg,e7a5258cf48d61c6b9c934d919efbc351ddd8dfdfca944c7f87c3f3abc3e39c0
2150,hf_02150,cartoon,0,dog,images/cartoon/hf_02150.jpg,1109b144b1115941a16d83dc1f2420b47987dec5b0f8ec4799de0da311fdbcbd
2151,hf_02151,cartoon,0,dog,images/cartoon/hf_02151.jpg,11b1572b4bec1d62658c1dc447ed9c7a3bfff699c0b9795d313f41c8cc116d06
2152,hf_02152,cartoon,0,dog,images/cartoon/hf_02152.jpg,e57313ee71f07197919d5269fb09b4bc05e4b1720308b6343a3d311ce7da5b5e
2153,hf_02153,cartoon,0,dog,images/cartoon/hf_02153.jpg,6193a597f8a4945cc32c24eeba0c9b8b722a20e0f5d9abe2d9f02b6e55a83d20
2154,hf_02154,cartoon,0,dog,images/cartoon/hf_02154.jpg,73a02cde416460c224e6242da4a2a6e7e6e673fb975d76a2bdb4e53d716abd01
2155,hf_02155,cartoon,0,dog,images/cartoon/hf_02155.jpg,d919497203b075512bd508b5bd0f47fb2505d961b1d35f97ea63feea64dc41ac
2156,hf_02156,cartoon,0,dog,images/cartoon/hf_02156.jpg,a85d308ee55191ef2eac282f9981b57b7e1dbe85ab07311fa2053846b30d100b
2157,hf_02157,cartoon,0,dog,images/cartoon/hf_02157.jpg,a4db96ffc0592a6d3bd368aed453aec70802b81d3afad820cc717e7a52259b6a
2158,hf_02158,cartoon,0,dog,images/cartoon/hf_02158.jpg,bed937b7ca6b068a6308a68b42cadc90b43a9518c27a52f38caff6191fffd64a
2159,hf_02159,cartoon,0,dog,images/cartoon/hf_02159.jpg,f10a79dedaccf2a8910edc5f005133cba8ddf942ca1be73c61b82808d4b61f0e
2160,hf_02160,cartoon,0,dog,images/cartoon/hf_02160.jpg,0324262b1d5e79ce9c2a701f1b6ea0d48db6e5df64a8b9fab2b706d954d4ac7c
2161,hf_02161,cartoon,0,dog,images/cartoon/hf_02161.jpg,61b2844a2763b371432840b62fdc52108a54cc140850ae3b0253e6cff33970db
2162,hf_02162,cartoon,0,dog,images/cartoon/hf_02162.jpg,4625f6fe61447e23d99f0ad04c5e5e1d326b914fca572032b369e513302fbdbe
2163,hf_02163,cartoon,0,dog,images/cartoon/hf_02163.jpg,c16a95a849c38dc1b1621a23fd480194ba81061185b6c87a545cdbadbd8c187f
2164,hf_02164,cartoon,0,dog,images/cartoon/hf_02164.jpg,2a132e84cb11b183ccc756652d86351f1a5140a0b19c9cdbea34d021c5048afa
2165,hf_02165,cartoon,0,dog,images/cartoon/hf_02165.jpg,82a9b2ed8d458b7e4b40f5f52c9409539ba055da8716420b3ebac5f27144fab6
2166,hf_02166,cartoon,0,dog,images/cartoon/hf_02166.jpg,c21134fcc77ffc6d5963f0f6b8b41d170eacf4d91dcda26ab64dceccc4680ce4
2167,hf_02167,cartoon,0,dog,images/cartoon/hf_02167.jpg,3bad84c9bff3a604ee5befc4ee169836dd442f28accf03c0dfccc3aae17fb8df
2168,hf_02168,cartoon,0,dog,images/cartoon/hf_02168.jpg,a2a0ae03c06c91455ac1b5ba983f1ff68dd3c6b344f088f709641617660f009b
2169,hf_02169,cartoon,0,dog,images/cartoon/hf_02169.jpg,e85d03d8c6a81c9c21e2285e4e2a2e04dc7761f6a0307e7f23e4f9e906c3fbd2
2170,hf_02170,cartoon,0,dog,images/cartoon/hf_02170.jpg,166b6aef42416f2ea7e9ad1cb01244080c1a5b3e2401eb01033639b12fdd3954
2171,hf_02171,cartoon,0,dog,images/cartoon/hf_02171.jpg,b5bf9b530a6eeb29e0e12f52e7f7aab0ff60bb29ef797ecf54c5f49024746dcd
2172,hf_02172,cartoon,0,dog,images/cartoon/hf_02172.jpg,8020bb81c45e3b085989d734e1202738a2b9dead2c2b2e53191556e207b9755b
2173,hf_02173,cartoon,0,dog,images/cartoon/hf_02173.jpg,fc06d0e6d947c63b56b1e692d54cf922f9ad5b8c166071cd2783ffcfe8b9ff72
2174,hf_02174,cartoon,0,dog,images/cartoon/hf_02174.jpg,2085f89b39ec3b781897d72c0b64d392648b532dfb0a6b1b7e549c9029cb3670
2175,hf_02175,cartoon,0,dog,images/cartoon/hf_02175.jpg,593f7ce41562b6726d73bd45602f4547764c9b37113832b058843768cea830fe
2176,hf_02176,cartoon,0,dog,images/cartoon/hf_02176.jpg,867b75314853eb35eb22a31ac1c41d1a60142e5acb2f72f534dc5bf60b1ccdb7
2177,hf_02177,cartoon,0,dog,images/cartoon/hf_02177.jpg,bb893102c845762d91190e5b70290d5ec895bae5432e0b349f6bbf41b535a8c1
2178,hf_02178,cartoon,0,dog,images/cartoon/hf_02178.jpg,10784f00483d17a5dafb48f60e20e49a82e9eb214d43702bdf68c748995bb78a
2179,hf_02179,cartoon,0,dog,images/cartoon/hf_02179.jpg,c658e02f8db7c0d80bde0a5fa23a5d4128c4ceed328700dbca16d02841f23416
2180,hf_02180,cartoon,0,dog,images/cartoon/hf_02180.jpg,aa48dfd0296b385b64f95622400cb264f581204878f1b178356f7009cabded83
2181,hf_02181,cartoon,0,dog,images/cartoon/hf_02181.jpg,018b4f26ec415390caeb8bb76d65086bb5172033c5358ba59d2a1f4eb350669d
2182,hf_02182,cartoon,0,dog,images/cartoon/hf_02182.jpg,870805ba3f270b7e6b82ff27d6b8025cfdf4d60e3c1f39ed441e307f83c35b33
2183,hf_02183,cartoon,0,dog,images/cartoon/hf_02183.jpg,42a360ea6f87b8bee780cdec0cb87c72a1e0346004b83ca19cebed1297d1fea3
2184,hf_02184,cartoon,0,dog,images/cartoon/hf_02184.jpg,1d47a7bd0f4fa05aa98b4689ac420af51888becc1dcc8d74504bcd2de10b3b34
2185,hf_02185,cartoon,0,dog,images/cartoon/hf_02185.jpg,ec240660442f4aa934b8d0132d2a676bbf58e4a5f9bbad610e5e5f87b72adafa
2186,hf_02186,cartoon,0,dog,images/cartoon/hf_02186.jpg,345c110e32bbdc1e4155ef8e2e8dd205d2d2cfff5c89986665b94af076401789
2187,hf_02187,cartoon,0,dog,images/cartoon/hf_02187.jpg,5c69b4233ffd7db3b6e8f92f232c87419e4c9d9c6bfff353c986bf445b427cb1
2188,hf_02188,cartoon,0,dog,images/cartoon/hf_02188.jpg,f05f85eb54b8dabeb2fafc7db9863c4b56dddfd4f3c115c64659a82ac39168ee
2189,hf_02189,cartoon,0,dog,images/cartoon/hf_02189.jpg,6db41b733592cc6403e65c7b35eb58db24fafb5b0c2e8ca388e54b39652ee682
2190,hf_02190,cartoon,0,dog,images/cartoon/hf_02190.jpg,69c5751d542bf7fb0d1d6de35102ec16c18319c39212af0b31f7e20e98ad9244
2191,hf_02191,cartoon,0,dog,images/cartoon/hf_02191.jpg,f0bcd19e541a7ad916c3851347b1085d78ce5260f1b11575acf9a6b986e0fcfe
2192,hf_02192,cartoon,0,dog,images/cartoon/hf_02192.jpg,80cb5abb21981518ae8a99505ab1cc90bd5d441c345178a3f4fba2dd8ceffff1
2193,hf_02193,cartoon,0,dog,images/cartoon/hf_02193.jpg,14698c1d3e941a79e478d7c9d210c6f5e7b8a38c0af9cdccad14494fffea942b
2194,hf_02194,cartoon,0,dog,images/cartoon/hf_02194.jpg,eb9a4a486c9cffcbb5a404a3dda16c5d2c8e76f5344c3fd6bd0621b0e5303e81
2195,hf_02195,cartoon,0,dog,images/cartoon/hf_02195.jpg,10e867b05fea12a6c3366f98a3c4f47e7992dec671a8527103b7c8f55f39d1c1
2196,hf_02196,cartoon,0,dog,images/cartoon/hf_02196.jpg,c9d79ffc33f547629d08765a9971e84e57738a5afc1edcaa6cb8cb3412c9ad5d
2197,hf_02197,cartoon,0,dog,images/cartoon/hf_02197.jpg,26d77a99a56e55ed0ae9dd04deb96c09ebb0fe58e1e8d22ecbf2bbe5fb1b4b37
2198,hf_02198,cartoon,0,dog,images/cartoon/hf_02198.jpg,8e6eabce5f46516075c2da21ff8f02b4e22358cf6c5cf9c57aaef9216267d8b7
2199,hf_02199,cartoon,0,dog,images/cartoon/hf_02199.jpg,f9d7f738dff197c23890d288dd7bae54517f4ef1de6bb9821621f1b2f6014329
2200,hf_02200,cartoon,0,dog,images/cartoon/hf_02200.jpg,aa1ca50727a33f889452bf1c2d5e7e8fde3eda49d3cd85c98a56ea055dbfb473
2201,hf_02201,cartoon,0,dog,images/cartoon/hf_02201.jpg,91a85521c3c88f8201be152d74510ac950ccc284c6cf1d997bb41c03edc1fc89
2202,hf_02202,cartoon,0,dog,images/cartoon/hf_02202.jpg,0721b933fb814e2b712dee21f9446a150d58ab73069b0abb3ae13a301635c365
2203,hf_02203,cartoon,0,dog,images/cartoon/hf_02203.jpg,d3a0c2e88056328f4b8e10dae4ab92972b9080ac651e3a4af043711928a40060
2204,hf_02204,cartoon,0,dog,images/cartoon/hf_02204.jpg,bd7e1d02111016bcadd6785cf94a9b01f52cb0dc692cdd9227920a73addf1b50
2205,hf_02205,cartoon,0,dog,images/cartoon/hf_02205.jpg,8ba123557c136484e83dd94240f1215f74b671cf2d06dcf297ffec02985f327d
2206,hf_02206,cartoon,0,dog,images/cartoon/hf_02206.jpg,2363860ade895b1c17cffa8bd8189ce53652762a08998deefe440cd9967e651d
2207,hf_02207,cartoon,0,dog,images/cartoon/hf_02207.jpg,05eb743a7443cc49f5072f0c236d76161c74de7115180b9b4b638a605c33bb89
2208,hf_02208,cartoon,0,dog,images/cartoon/hf_02208.jpg,d52ba5fcffff831b87a8e05aee4df794c9d7845a3abd3924607a0c3c53a90c5c
2209,hf_02209,cartoon,0,dog,images/cartoon/hf_02209.jpg,23a847c49f8ac4e743f4b87254283cc7742914c8fee18ecd6d632937e0d18709
2210,hf_02210,cartoon,0,dog,images/cartoon/hf_02210.jpg,ba5c668b0b931e131ed9fbfb089e9d6345e0657a2619c65808d554f693df10a6
2211,hf_02211,cartoon,0,dog,images/cartoon/hf_02211.jpg,83c8c9c9234ff4de5435651d28b752bfa92396a82820ba49a0847a9dddc5da42
2212,hf_02212,cartoon,0,dog,images/cartoon/hf_02212.jpg,d873d8f38bdf0587b444c300c62626e8be616b3a9f09190e9f8209b8900c0c99
2213,hf_02213,cartoon,0,dog,images/cartoon/hf_02213.jpg,99cba396cc39dbd95a629b35e6874ab5631caf865346dcb3b52c4b66667bc393
2214,hf_02214,cartoon,0,dog,images/cartoon/hf_02214.jpg,b5d919e4ca559643cba57dffb4762f7087e6305ab46c07938ac523adce8c3a05
2215,hf_02215,cartoon,0,dog,images/cartoon/hf_02215.jpg,9cc11b25afff07f1c8a0036b96e5aec38a7770016f21bc714a1ad03f9eeb00d7
2216,hf_02216,cartoon,0,dog,images/cartoon/hf_02216.jpg,607597fcc5374eaf1baf0f4874cd3e8d878e4d186c50b89500ba8a492ab486a4
2217,hf_02217,cartoon,0,dog,images/cartoon/hf_02217.jpg,b3432d1d0d7cc5c5d763302d3d557f76f477df491039322d1ba10227671a75d2
2218,hf_02218,cartoon,0,dog,images/cartoon/hf_02218.jpg,1f67f127b2119a9dc9a4faae0b2d4799e22bcc76f970ef19372397f52bcf52d0
2219,hf_02219,cartoon,0,dog,images/cartoon/hf_02219.jpg,84c4de812452e5c50c0256afcdb91529745f0ef25a9ecde5aebed98985772f16
2220,hf_02220,cartoon,0,dog,images/cartoon/hf_02220.jpg,dbfa16fb45b2b2bfd89f8617e19e90c67359273129e10fb989fb3f5e3077e14c
2221,hf_02221,cartoon,0,dog,images/cartoon/hf_02221.jpg,29a28e4f253b04c110cd6cb1dd756a0e35d0a856a1bac192fea23538e4d8d15f
2222,hf_02222,cartoon,0,dog,images/cartoon/hf_02222.jpg,5c91a812b38d4d86d5a3dca6b51f68a417b6222eba00e2fa860e6cba6a78d8b5
2223,hf_02223,cartoon,0,dog,images/cartoon/hf_02223.jpg,92c5f7ac868668d809a2922c04352a431979df65699100c697e9a86d79f98f0e
2224,hf_02224,cartoon,0,dog,images/cartoon/hf_02224.jpg,e1fe92f5f0e6a86417d009dc4d2ab3f3d035b0cee080de466deddf4ed2298871
2225,hf_02225,cartoon,0,dog,images/cartoon/hf_02225.jpg,1b71428de70b2da5789e2b77effabec5814edeb5dddb9bd542df2d1e0d2dc5e7
2226,hf_02226,cartoon,0,dog,images/cartoon/hf_02226.jpg,3c316327526102f23be7c40ab163841b1e3589644afcbfa6ea83d6e45ab6e93f
2227,hf_02227,cartoon,0,dog,images/cartoon/hf_02227.jpg,a8021c9470c04c8bf7e27bdbce4f66aee6bf5a3f0e4c5ee4b828029dfda7b125
2228,hf_02228,cartoon,0,dog,images/cartoon/hf_02228.jpg,9e5bf6ab9cec7200fc2e0a4216d723c70b8c152bbe32f98f5684aa07a436618e
2229,hf_02229,cartoon,0,dog,images/cartoon/hf_02229.jpg,a2f6f5d7d673492456ded4ccb00b282885f4d8335fc7186ddce45c90b0a1f9e0
2230,hf_02230,cartoon,0,dog,images/cartoon/hf_02230.jpg,e7a450de6df5b605d375712652ba292850d970bf6b7a22ee638a2eeeb42ed6e9
2231,hf_02231,cartoon,0,dog,images/cartoon/hf_02231.jpg,27a217cf9e14a43acf9f4450a043f0deb079609a4f88309ca45774815d58ac42
2232,hf_02232,cartoon,0,dog,images/cartoon/hf_02232.jpg,244fdc05f979bd613872304c1a0ff4711e816df24a5df7c0d981dca83730d542
2233,hf_02233,cartoon,0,dog,images/cartoon/hf_02233.jpg,a28911ec53c8d46cf9ff8879cf94c7005d93002e020e5b4e675ed35351e1c010
2234,hf_02234,cartoon,0,dog,images/cartoon/hf_02234.jpg,39df48404b714b4026b011479dc2083df1b1147b9a6570932360d1a511cf7a7d
2235,hf_02235,cartoon,0,dog,images/cartoon/hf_02235.jpg,7e862a7d7b368b3ee7a103db5c284b9da27e1e56e4896aafc917cffb3d0e45b4
2236,hf_02236,cartoon,0,dog,images/cartoon/hf_02236.jpg,33052430deb0d6a111cce4f5e9c0b26bb8915b3a19afce4c551cc8284b296f90
2237,hf_02237,cartoon,0,dog,images/cartoon/hf_02237.jpg,094e919ebbefae2452588bd26ff837a2f83159f23dcd13a189d46c7ddd5bb26b
2238,hf_02238,cartoon,0,dog,images/cartoon/hf_02238.jpg,3e89eb71c11e5f5c5435d146259af898a72071d5737c04fae1377f3ec5eef954
2239,hf_02239,cartoon,0,dog,images/cartoon/hf_02239.jpg,81529cf1ea8b02286125f6fc9fb8adeb0f59f75339ca0698d0bebaee87be2f8f
2240,hf_02240,cartoon,0,dog,images/cartoon/hf_02240.jpg,85c968ee83ece62e2ea7bb350775a39bab138937d3f4fbb98e6c32a71b84bd49
2241,hf_02241,cartoon,0,dog,images/cartoon/hf_02241.jpg,6f03b5fe3cb1dbc4aebf50b5a06a5b93a6655fc636b6af1d3b5fa3d7488c29bf
2242,hf_02242,cartoon,0,dog,images/cartoon/hf_02242.jpg,57cbd463dfac08a999f66ec64f4ea976833923abb3f7510aaec68384858cde66
2243,hf_02243,cartoon,0,dog,images/cartoon/hf_02243.jpg,eb64746e8839480006b09a109081b0a70a77b37fc6f8b27319bfa5dbe8905dfd
2244,hf_02244,cartoon,0,dog,images/cartoon/hf_02244.jpg,a2b6b426f14110400071f9835bc4cfea6a85840b44972cde7f5e6d88b2e163d2
2245,hf_02245,cartoon,0,dog,images/cartoon/hf_02245.jpg,4527693908a8ce572f5052cdd0d1051d324210029da031789af4ba97005bc433
2246,hf_02246,cartoon,0,dog,images/cartoon/hf_02246.jpg,e31d203d1925b4c593d05b0b7d14bf9b3d0f2380287df01dbfee8f594045b648
2247,hf_02247,cartoon,0,dog,images/cartoon/hf_02247.jpg,7a8cbef23281aa443d59703a2ac4357b1dc780693aa3a87c394dcd28de80e3c4
2248,hf_02248,cartoon,0,dog,images/cartoon/hf_02248.jpg,f67b6df9ddb00c606ec5ff8e69eea4fca5ed335b67587f60018df3dee01cc5e9
2249,hf_02249,cartoon,0,dog,images/cartoon/hf_02249.jpg,4c8e831f4957e94b52ef26758f2cf7ef29564efdb026a633faa8ea076d02faa6
2250,hf_02250,cartoon,0,dog,images/cartoon/hf_02250.jpg,9feb585c1b27e33d7d9f34b7e65bd49339a76b888b7a645ead16177140b1dff6
2251,hf_02251,cartoon,0,dog,images/cartoon/hf_02251.jpg,d46fc42c6f393510968b32148c78dfc7ca702797e5d62b3e063951728b7f0fb9
2252,hf_02252,cartoon,0,dog,images/cartoon/hf_02252.jpg,066e6e287d15e8c56c81ff6fbd27ee72135fefd4b4d6fd2e1c69e929789f44c0
2253,hf_02253,cartoon,0,dog,images/cartoon/hf_02253.jpg,48c67ec5a2266db8edeb4e2dfd64610046b83144c58d2a62caf01dfae827b4ce
2254,hf_02254,cartoon,0,dog,images/cartoon/hf_02254.jpg,29cc5cb1ce25c6cce287d4e62b71a14cfae38af187a6934ce950babd7b480169
2255,hf_02255,cartoon,0,dog,images/cartoon/hf_02255.jpg,06ba760b7d7083ea3b61fa90217ed40c2dd95fe9c8182a01c8455c4124803f37
2256,hf_02256,cartoon,0,dog,images/cartoon/hf_02256.jpg,1e0e937d733553c3da2d7271b670e4a603376ca2d021803ea37f00db7abe1e37
2257,hf_02257,cartoon,0,dog,images/cartoon/hf_02257.jpg,98219138ba9b6bfbe7e3914a53e7ee2621e2799a0493c71bd9cc2d70aacdcbbe
2258,hf_02258,cartoon,0,dog,images/cartoon/hf_02258.jpg,324f2946737d9b87d8873b24635705c9ebf7c2c6c9b9b70289ca97a3cc409403
2259,hf_02259,cartoon,0,dog,images/cartoon/hf_02259.jpg,a95d8bfa92600def0ea81aa90ebb1e5c7188bba0af3aeea2bd7c6a9c4a3de31a
2260,hf_02260,cartoon,0,dog,images/cartoon/hf_02260.jpg,bfad4e43a5856a30e469a07519b645a13439096a7ab4cb9df1046cc895c73d8b
2261,hf_02261,cartoon,0,dog,images/cartoon/hf_02261.jpg,b780cf6308e15d1f51f7f465bb5c8a0d3973d332f7e47098f93a08ceb00155b5
2262,hf_02262,cartoon,0,dog,images/cartoon/hf_02262.jpg,6511cc8e100c3d55ebfb9f8fb7906ec8226ac3ab19eda5ab346a4875168b65ac
2263,hf_02263,cartoon,0,dog,images/cartoon/hf_02263.jpg,d5ae5b83589bcdd9c7333e2d98396c79b756b38a7034c3d75a8fb87d9b6a9ebd
2264,hf_02264,cartoon,0,dog,images/cartoon/hf_02264.jpg,479b2bd5dd3d4729e21e29a4d360b7707b105ec076ec8fd5a870a89fe2b8cc60
2265,hf_02265,cartoon,0,dog,images/cartoon/hf_02265.jpg,4d90656395522ad9be0183e6c58099a5a3f25e3c0daaddde1b1a9f5255f185ff
2266,hf_02266,cartoon,0,dog,images/cartoon/hf_02266.jpg,a010f5078277f2b9550c19b4be0a23425592b732bf3d0665dd355a61d6299575
2267,hf_02267,cartoon,0,dog,images/cartoon/hf_02267.jpg,bdb4be3a6ba95544e87c96e509addd5e5b5df5ee88efcddd74f0e2640959f502
2268,hf_02268,cartoon,0,dog,images/cartoon/hf_02268.jpg,996c81b75f2d12f99dcfd13711fdabed03cece82a6feb09a671f38e17c831691
2269,hf_02269,cartoon,0,dog,images/cartoon/hf_02269.jpg,d9280a039ec8111be24f4f7a8452d5e654278f19ab878df3571ce399b9edd4f2
2270,hf_02270,cartoon,0,dog,images/cartoon/hf_02270.jpg,cedf3c902d58fd326e8f691c9da2cd7c9e0eca15b99f3f7b213e1c810e88760b
2271,hf_02271,cartoon,0,dog,images/cartoon/hf_02271.jpg,9a3e1e2f6dd16eb492495ac51547a891364a477bb39efa3c8345ed6edddf7e0c
2272,hf_02272,cartoon,0,dog,images/cartoon/hf_02272.jpg,da271093c05f400aa1e7d1450d1f662ee904dca604065b7469065421ccb8011a
2273,hf_02273,cartoon,0,dog,images/cartoon/hf_02273.jpg,cbb11a62d75a0fc3836b2321498bb6351e435c6c00b613625855076f1c83124b
2274,hf_02274,cartoon,0,dog,images/cartoon/hf_02274.jpg,97c507b5e4f876b9dae0ccb7ab9abb561750461b34efc24998e558739c704b80
2275,hf_02275,cartoon,0,dog,images/cartoon/hf_02275.jpg,325afd769615b111a927445c9efd3a17b32f6eb7f8e56dadd5c39beb44fcdb6e
2276,hf_02276,cartoon,0,dog,images/cartoon/hf_02276.jpg,d497095d41acf3a1a93c6ae7dec862c321b2f51db1bff147f3043bb2a14bfef0
2277,hf_02277,cartoon,0,dog,images/cartoon/hf_02277.jpg,790b1216b63bfc5472d41e099b1a7398496258a15a3af1fd5553e45c7c7b5dda
2278,hf_02278,cartoon,0,dog,images/cartoon/hf_02278.jpg,3596256693cc22027f17a80bac6af689a6c258d379f4c8804a176fea7c828763
2279,hf_02279,cartoon,0,dog,images/cartoon/hf_02279.jpg,a631178d19023e349ab95f91f27ebdee3389bba0cd21e08f352a2c37cd0b68e8
2280,hf_02280,cartoon,0,dog,images/cartoon/hf_02280.jpg,7910ebd5b61b7d8111ffb84211100cf2a4da050330c8720252b6dc2c63567ac5
2281,hf_02281,cartoon,0,dog,images/cartoon/hf_02281.jpg,0cd5dde99566acb08fc2d23ea046baec99ebd5e63028c746eb0dc5242ac731b9
2282,hf_02282,cartoon,0,dog,images/cartoon/hf_02282.jpg,b156a83520b60288d955b4e93f01051a70fb49aaa1be357433d3fcd7cc2057a3
2283,hf_02283,cartoon,0,dog,images/cartoon/hf_02283.jpg,8030a07c5cbd2f3713b6810441fc7c3d77a27595a1e963f703a6e86b258615dd
2284,hf_02284,cartoon,0,dog,images/cartoon/hf_02284.jpg,891f53135036886c2c0b23cb46325f419f8637e64d8137f15699bd432fd1cc13
2285,hf_02285,cartoon,0,dog,images/cartoon/hf_02285.jpg,49e236017aad8696320199c07eb543239d77b894eb66837846e2c7eb8d97bac8
2286,hf_02286,cartoon,0,dog,images/cartoon/hf_02286.jpg,853ab62f111ab316cbccfa1c5da03ae6c173edd5e55672158142e6118083fb2e
2287,hf_02287,cartoon,0,dog,images/cartoon/hf_02287.jpg,e1a1d3b95041e977c85202e29cddca1d38146bcc228e00e7972da78686cf84ca
2288,hf_02288,cartoon,0,dog,images/cartoon/hf_02288.jpg,8e6ccce1121eeda9f58c6ee9c5ea17da35916bbe64648ce775d9ab014c8e31f3
2289,hf_02289,cartoon,0,dog,images/cartoon/hf_02289.jpg,2f2d1d6ca95394a03b86e1b875a6951ae8611f6d7dcbdaf4dd3a714d2209dc99
2290,hf_02290,cartoon,0,dog,images/cartoon/hf_02290.jpg,3d392f511d92f2daf84d6ea6d3e004d0f031e8368277e64a503cdc09e4036a73
2291,hf_02291,cartoon,0,dog,images/cartoon/hf_02291.jpg,cf6e37fecb91f508ca2323e95d9d0cc1d86891679c6424ec795f4dc2313a2620
2292,hf_02292,cartoon,0,dog,images/cartoon/hf_02292.jpg,f9c96b84fd662201c0fba34517e88806bb263b79567ad4a244b31e2db9f39ec5
2293,hf_02293,cartoon,0,dog,images/cartoon/hf_02293.jpg,73cbb4e2e7b1bfa37a281793bec86ad385f9fc55d4945073dfc3d314a0646fba
2294,hf_02294,cartoon,0,dog,images/cartoon/hf_02294.jpg,99f945fca7000608d6f3a5894a2ca14cc135abaa3ed3259921e64c70c3667709
2295,hf_02295,cartoon,0,dog,images/cartoon/hf_02295.jpg,065829067f47af50cc2909d8d68216a03c256aff7e8a236b39d6061e430dc436
2296,hf_02296,cartoon,0,dog,images/cartoon/hf_02296.jpg,df37b91eb2268e1d0a88889f3ad147cb84a988ec1486468fcd51881175a5d759
2297,hf_02297,cartoon,0,dog,images/cartoon/hf_02297.jpg,6505f51aae6dbe6ec6ed3262dfddcb41564e73fda4a73f114712624e346b7bcf
2298,hf_02298,cartoon,0,dog,images/cartoon/hf_02298.jpg,97bb91c09f6b4cdf7c11b72152d1a8306aaf4dba177c5d60bedfc47d89ddf006
2299,hf_02299,cartoon,0,dog,images/cartoon/hf_02299.jpg,74fb6c6c82f502c32c1a07ffece46d19017a4618ff53a89458f599d33c11a309
2300,hf_02300,cartoon,0,dog,images/cartoon/hf_02300.jpg,c462ad3b9a1f0bd482b2eb5ff8a42a3c708afbb3a7b02947f944461afb795b67
2301,hf_02301,cartoon,0,dog,images/cartoon/hf_02301.jpg,71dfd32d8961c05de328d932ec284dac2a0e68c92d727510a7216c461725125f
2302,hf_02302,cartoon,0,dog,images/cartoon/hf_02302.jpg,e1790800e84d1b1a16f8910fcc278fa7bc9d01ce95f82c749b23af412b5255a1
2303,hf_02303,cartoon,0,dog,images/cartoon/hf_02303.jpg,55f6b9369065cd73b803c025ad5ed58431742e2cf8a7b4b6989eed3af14a1da9
2304,hf_02304,cartoon,0,dog,images/cartoon/hf_02304.jpg,c53869f4aaf721764c8cd3df6a8a9de8963f00cebadaed1d543186ef217488ac
2305,hf_02305,cartoon,0,dog,images/cartoon/hf_02305.jpg,9c98186b716e3e28451996c9337eebe07a5221d4dc35a882089240c629cf18db
2306,hf_02306,cartoon,0,dog,images/cartoon/hf_02306.jpg,2dac93e486509dfe0bc10e5e2bb8407a493f68408af4db403aa21a8fb0ffff78
2307,hf_02307,cartoon,0,dog,images/cartoon/hf_02307.jpg,8198e6e5e6a1076f7fe5198e3f2ef0ce9f312fefa2aca0c378ea3550d0008f49
2308,hf_02308,cartoon,0,dog,images/cartoon/hf_02308.jpg,1c213f0de545bac9365de82d6e6be467a7dd93cd7d0f8bf58e9b418dca3042bb
2309,hf_02309,cartoon,0,dog,images/cartoon/hf_02309.jpg,24e2a537def0a73c86e2f4ba72ac76776128768911c88bbbfb43f39a5f839edd
2310,hf_02310,cartoon,0,dog,images/cartoon/hf_02310.jpg,7cf526cc017d5551f600914045d1adc9e0dc4145958e737326c8b0aed9747342
2311,hf_02311,cartoon,0,dog,images/cartoon/hf_02311.jpg,140c14b697b34406b2e5621e11dbbfb2c503f1b313ec86d4da3a47d00553d140
2312,hf_02312,cartoon,0,dog,images/cartoon/hf_02312.jpg,17bbc66a476fdf997567f13e64a53c97cf3e10530aefd25526d3164a7c923ac7
2313,hf_02313,cartoon,0,dog,images/cartoon/hf_02313.jpg,6a5197300988e582f3cde8cffb2ed449df19509dfeb9f6297d08eb0593628545
2314,hf_02314,cartoon,0,dog,images/cartoon/hf_02314.jpg,49f2265cda19f41559cebbd7e735b6c5538337b114a1068dcb45e2eadc1c9ec9
2315,hf_02315,cartoon,0,dog,images/cartoon/hf_02315.jpg,b1ce5569a11d22af73bb3f7a179d3e888585a0586d229512777e57bdf3a33b22
2316,hf_02316,cartoon,0,dog,images/cartoon/hf_02316.jpg,9cb3d96897403e6996db34a5ff5ffa9987fd95c83f51b89964b2e6037fb60068
2317,hf_02317,cartoon,0,dog,images/cartoon/hf_02317.jpg,65ead55f9853e9fdadfb0f01a09f2e3ef0b7cd15fc7dbb712075a2a4370a5870
2318,hf_02318,cartoon,0,dog,images/cartoon/hf_02318.jpg,3e0e586160e3fa667cefb76d65828649c6472de9b652cb4947fb6fb91f7f5333
2319,hf_02319,cartoon,0,dog,images/cartoon/hf_02319.jpg,8adda842b95772eb796f6a6727ada531c9516c2e0861611c1b37ea0eaacb8209
2320,hf_02320,cartoon,0,dog,images/cartoon/hf_02320.jpg,bf107e924eb3d6ea550d659b7f463320bd8ee7515c952ea00511de4a97b5ccf6
2321,hf_02321,cartoon,0,dog,images/cartoon/hf_02321.jpg,d8e8e050bc885b16aabacb989d1e189e3ee35207abeb5cf790dac8e5ba304147
2322,hf_02322,cartoon,0,dog,images/cartoon/hf_02322.jpg,c455d38884eedda6a1f929f166cd8a25af1aca6aa573041832f0626cfa065c90
2323,hf_02323,cartoon,0,dog,images/cartoon/hf_02323.jpg,7ba9615496dc64ad3f083471575622169b3589f891c22551040b7012a39c6b9b
2324,hf_02324,cartoon,0,dog,images/cartoon/hf_02324.jpg,2a62efb7c8e1df78823513b437c90c11e5e5b3c5081be84fa630ec956e41f881
2325,hf_02325,cartoon,0,dog,images/cartoon/hf_02325.jpg,f5c9680768bd38e30f6bc6e060c231c30f8d9dde2b3cfedb7aef65b5dd077e47
2326,hf_02326,cartoon,0,dog,images/cartoon/hf_02326.jpg,4edd11f639da8b739bc6211b9bffedbb67869ede7c8833a4960591011d3519d5
2327,hf_02327,cartoon,0,dog,images/cartoon/hf_02327.jpg,69d424bc4dc32b752ed94774d62564d99dcb3af1c15aa675a156530c5c173452
2328,hf_02328,cartoon,0,dog,images/cartoon/hf_02328.jpg,c4d94cc733a2cd9e1898bd58dea13f7967d4874b2b6f2f473cffa9b73a5b7ee7
2329,hf_02329,cartoon,0,dog,images/cartoon/hf_02329.jpg,303588c2bfdbcf62b2c4fdfd74bf01f64f58f60c8edb4173831f7d9489dc4b24
2330,hf_02330,cartoon,0,dog,images/cartoon/hf_02330.jpg,728ebf664219f9200bfd7a8c249e155a062c2e7693962aa678856e6f43c3d306
2331,hf_02331,cartoon,0,dog,images/cartoon/hf_02331.jpg,e7066cc0f2120b30b41d6a2b9cd197bdcbb986917f76675b6e1607e9192dd338
2332,hf_02332,cartoon,0,dog,images/cartoon/hf_02332.jpg,680177c34722b93f39ecfb3bd9165a026835995a058ca52aea022ac325f15b69
2333,hf_02333,cartoon,0,dog,images/cartoon/hf_02333.jpg,514e2e0d347cf2731c1020d2f41f8fa8bf7be739ffa21aabe4953e5d0f279087
2334,hf_02334,cartoon,0,dog,images/cartoon/hf_02334.jpg,51171cb1a2b767b0b1207c13239371b5cdc3c562a28c96d60a3027cdf33e18f6
2335,hf_02335,cartoon,0,dog,images/cartoon/hf_02335.jpg,81115595f41a4e975a9f14f779793de49ed4c08135da45ac8474a1bd63c8b06c
2336,hf_02336,cartoon,0,dog,images/cartoon/hf_02336.jpg,80f0879133472adda75bef6d0b5d29f9b2a9c721fd58be43866aa1ed9f0be724
2337,hf_02337,cartoon,0,dog,images/cartoon/hf_02337.jpg,a9b80e5b9f3b156c79e97875d0b2a9606e48a8e513c40e8fab82048796bf0f06
2338,hf_02338,cartoon,0,dog,images/cartoon/hf_02338.jpg,f94177056e024640979eaee10e162e1d72a72e08da646a2afad3cf22452ef00c
2339,hf_02339,cartoon,0,dog,images/cartoon/hf_02339.jpg,807db48654370346a9c583b0402b0db913cd47f70564c217edd45c5298ddad2d
2340,hf_02340,cartoon,0,dog,images/cartoon/hf_02340.jpg,cb2ba3205412aebc032b85a8c0a936af021bc44f834b3ff142021160acfe6464
2341,hf_02341,cartoon,0,dog,images/cartoon/hf_02341.jpg,fd895f18eb2947d7a79a5a6ab479e5b985d8771e1f89ea8700f28155627b74ba
2342,hf_02342,cartoon,0,dog,images/cartoon/hf_02342.jpg,196924b1ff0a0839023373f984fa666cf90d3980952a09bb5db17978c3a62568
2343,hf_02343,cartoon,0,dog,images/cartoon/hf_02343.jpg,bd2317b56ddfe21f491122237c2745450079de5d9deca3924bca64d376f412bc
2344,hf_02344,cartoon,0,dog,images/cartoon/hf_02344.jpg,43bca3dedd45a654c169683e572f2a05d5c8af5f009a42c81ba08dda3d141a7e
2345,hf_02345,cartoon,0,dog,images/cartoon/hf_02345.jpg,acac7ec3de771ee33a34b051b7e9edace1d2b54ad2708cb8c43760fe37bd5a37
2346,hf_02346,cartoon,0,dog,images/cartoon/hf_02346.jpg,dcf27b29ae4a851e5b439e6f4b98e536457c5efefb7c108c5fa423ebef63eba2
2347,hf_02347,cartoon,0,dog,images/cartoon/hf_02347.jpg,138d39214505a5e431db1d57aff1e78738f8b8882cf3ec2a1265a78ed2029462
2348,hf_02348,cartoon,0,dog,images/cartoon/hf_02348.jpg,b2d7205668e2254bba9a0f8c19ec01382fe8c840a6dc7c962f8d60d5a4207466
2349,hf_02349,cartoon,0,dog,images/cartoon/hf_02349.jpg,ff347e40e2095f140e220668ecd409bf7bd0a05beb9e9d135c5421622057d9e7
2350,hf_02350,cartoon,0,dog,images/cartoon/hf_02350.jpg,5b4c9df4f1d114ec13ae047b6f86e5a30d20ca5de1b21ea566dc78ed1400ff9b
2351,hf_02351,cartoon,0,dog,images/cartoon/hf_02351.jpg,229edde541d3f5ddcf39882b510bc789d77a9a9b29ef960774d21aea1bc56fd5
2352,hf_02352,cartoon,0,dog,images/cartoon/hf_02352.jpg,d918255b3491e844cbf3810aea62a74df5c68f9ad0106647ebc5e343b64a4632
2353,hf_02353,cartoon,0,dog,images/cartoon/hf_02353.jpg,d75ed20089544507453253acccbd97ee2e3faa33dad53f23cf1126d72571281a
2354,hf_02354,cartoon,0,dog,images/cartoon/hf_02354.jpg,5cd9b1aea26f9a0c17929bc5b358d86fdfe5fd9e953447ef7e162045b88d3285
2355,hf_02355,cartoon,0,dog,images/cartoon/hf_02355.jpg,e2a07746e1c072eb68a7e5040f0da287d54b22dda2ee0f0313567d194b7070ab
2356,hf_02356,cartoon,0,dog,images/cartoon/hf_02356.jpg,7f08f12d27edb9f85d9825990d5a744854d6cd50fbe5f2c6a8a32ca90c9a2a40
2357,hf_02357,cartoon,0,dog,images/cartoon/hf_02357.jpg,78bc6134fc8f548cd15f3131f14523685ec3958931947b9ff3ed6b9331e0ef9d
2358,hf_02358,cartoon,0,dog,images/cartoon/hf_02358.jpg,a0ca061c27e284114c7fe1a97e0f5b524c9605fd4a5b476a084d693ed038b1e6
2359,hf_02359,cartoon,0,dog,images/cartoon/hf_02359.jpg,ed567c2a1440a71c7f4c84915322b1e476ffcbfeca9530334a28e8743007ed22
2360,hf_02360,cartoon,0,dog,images/cartoon/hf_02360.jpg,65339f1d5840cb1d38ee24634a63149798c436b7566192c748fbb08464514fc5
2361,hf_02361,cartoon,0,dog,images/cartoon/hf_02361.jpg,863c1b26784a98e3f27b2ed7917ca745932d303c8b44aae3b1798f6ce99a25e4
2362,hf_02362,cartoon,0,dog,images/cartoon/hf_02362.jpg,d8e776c22cf3f34d53326257f4a8630b21b62a7c55807228333d181075a1f42c
2363,hf_02363,cartoon,0,dog,images/cartoon/hf_02363.jpg,c2025ca70d9ccdd0093ea02fab2fc9d0f05ed31c9e3c3027dc0dfdc3c2b9ee95
2364,hf_02364,cartoon,0,dog,images/cartoon/hf_02364.jpg,210e4e4fbeb5133c858d3a6a671f6979cd34d5986ab260544c06b79251ae84d8
2365,hf_02365,cartoon,0,dog,images/cartoon/hf_02365.jpg,ca4fd909ac45b808e6447d022e3f1459437fa3f5b94d77cda63798665616c6bf
2366,hf_02366,cartoon,0,dog,images/cartoon/hf_02366.jpg,e47e34183024383d285d856f3d42d927a485044674b880e5fcfd11819ea84aa4
2367,hf_02367,cartoon,0,dog,images/cartoon/hf_02367.jpg,4f14df9c1768c398eb3515b78823178e5734a1b8647fc7cfea50d3c609141f86
2368,hf_02368,cartoon,0,dog,images/cartoon/hf_02368.jpg,4e9e22014dccaef75cdd857b112f96f4e5feb48227049326ce68d500af477dab
2369,hf_02369,cartoon,0,dog,images/cartoon/hf_02369.jpg,b0551b1de87886b987fdf6704077105c82e8aa1c650addd2f206c45fe9b4b5c3
2370,hf_02370,cartoon,0,dog,images/cartoon/hf_02370.jpg,bc7951380b64a656c8cbe3d34c3cc7dab8848a09fccea1a3056f2aa9fa0d8f2d
2371,hf_02371,cartoon,0,dog,images/cartoon/hf_02371.jpg,9d657c65bb40df79115c104c9f22f2c446d3bb5a72bd8b27f557926ff6e521b4
2372,hf_02372,cartoon,0,dog,images/cartoon/hf_02372.jpg,b1225961bca26e4f0cda98db7de01f61ab1b5b7f66fa07c48b0f9b6f04da47bf
2373,hf_02373,cartoon,0,dog,images/cartoon/hf_02373.jpg,571ad9f086d230c3e4d474ed6118c546fa93260e605b7c379bfee2d66b1efcf5
2374,hf_02374,cartoon,0,dog,images/cartoon/hf_02374.jpg,fb26ee2f5f71aad5a96f9981606eaa4e07d3bd82d765aab7e2b75bf56690757a
2375,hf_02375,cartoon,0,dog,images/cartoon/hf_02375.jpg,fd86112b851a314778ebf6cf9ac6955094f44adc3421b63961c607ccd8514b98
2376,hf_02376,cartoon,0,dog,images/cartoon/hf_02376.jpg,5a67668f291269bcb7727942530520bd65e2f9c73b430e0097aa72155be9b750
2377,hf_02377,cartoon,0,dog,images/cartoon/hf_02377.jpg,c1a507d78b0857dfe9f1a2fd07cfe6153fff24e11a2056b62ae64531ef3aa5f8
2378,hf_02378,cartoon,0,dog,images/cartoon/hf_02378.jpg,84a273a416e71b5e7c4dc2f9e094992286c17a317c7d723988c9632e19c7bb91
2379,hf_02379,cartoon,0,dog,images/cartoon/hf_02379.jpg,d965099793dd5f815565f57b254f7627aa15f4cc9da786836d22bed404655efc
2380,hf_02380,cartoon,0,dog,images/cartoon/hf_02380.jpg,054261b5f5eee69e2d24ee36cdc62acbc5e0b30fa8ee91a3fd6466f3361ad382
2381,hf_02381,cartoon,0,dog,images/cartoon/hf_02381.jpg,498102055d9da7d2d9b0a7d722a5dce1b824596406876a777c67a1982a5b710a
2382,hf_02382,cartoon,0,dog,images/cartoon/hf_02382.jpg,296f3e1766b1aa1f844cd6875e69a319d9c7442f0d7261209633ea0dc30de3cf
2383,hf_02383,cartoon,0,dog,images/cartoon/hf_02383.jpg,51b6033acbd5f278165aef9cfc5703872acbea8e1ae977b44dedf9c6ef3b618a
2384,hf_02384,cartoon,0,dog,images/cartoon/hf_02384.jpg,309c9e6c9548ba61cac5bd1ae6f9140de7ead4c7f29650ff48a91fee4752faea
2385,hf_02385,cartoon,0,dog,images/cartoon/hf_02385.jpg,4726332870560ba99827ef8133183ac0e6d20bb279760894e0fbb8816ce04446
2386,hf_02386,cartoon,0,dog,images/cartoon/hf_02386.jpg,a4c351033363fd1c04d63a9b81fe6aac37506cd1cd4afc958a54c74de6876af0
2387,hf_02387,cartoon,0,dog,images/cartoon/hf_02387.jpg,939f87ece3e9771ad741c2840e09566c79c379b7b2c88a2b623e15e2227ec84a
2388,hf_02388,cartoon,0,dog,images/cartoon/hf_02388.jpg,c516b4cec01611c8e919b0319c3e5404b47ab691ea023175d4fa283e10aeafcf
2389,hf_02389,cartoon,0,dog,images/cartoon/hf_02389.jpg,d51d97a780db4016cbb3b9c1517e38fb7d019e90fb6d1ee39e55a37836738134
2390,hf_02390,cartoon,0,dog,images/cartoon/hf_02390.jpg,6edf515de05806f2fa07b2355ef461e072d2013bcc682d3b742ab75707a2533b
2391,hf_02391,cartoon,0,dog,images/cartoon/hf_02391.jpg,41c4fea866239d2b64e69c2197bfaf5c3d86e64f61215b45c9b75258b19018e5
2392,hf_02392,cartoon,0,dog,images/cartoon/hf_02392.jpg,718d2e6b715accdec84d1b69f99710ceb08bad18a62d050a4c045e78e985ffae
2393,hf_02393,cartoon,0,dog,images/cartoon/hf_02393.jpg,5c47a2accf12e2955f7a1c9d20dd569260567d8ee838d3630c1102b6a7d50670
2394,hf_02394,cartoon,0,dog,images/cartoon/hf_02394.jpg,aeb10fa0637d3ef759f387f3af088b5b31134f69cb28a7a40e829e1f2529b4b7
2395,hf_02395,cartoon,0,dog,images/cartoon/hf_02395.jpg,6d70d6dac3c9e79c3c2e73d1b43d5d4d7964d35ab001da30653d1eb8ca55404f
2396,hf_02396,cartoon,0,dog,images/cartoon/hf_02396.jpg,e2031eb460b3de9a22efb8abdc1dd6cb78b3168c4d35d95469e3fd51dd919d30
2397,hf_02397,cartoon,0,dog,images/cartoon/hf_02397.jpg,fff1c318df5a7a32d57dd085c63f8428f9a5d06a9a8d89ffc215632e8f366298
2398,hf_02398,cartoon,0,dog,images/cartoon/hf_02398.jpg,217f5f12919cd92e8d7488eea3bc987b9dee9c8083c738333654d6b3ce109c5c
2399,hf_02399,cartoon,0,dog,images/cartoon/hf_02399.jpg,aacd995ab5c6a9a342a07de78922ebfa94194b5ec8ae6ec1a0e615cc7fd4dd59
2400,hf_02400,cartoon,0,dog,images/cartoon/hf_02400.jpg,5f5e9788da3ea4c030ee3856ac9ed336e866be0b4ada9463d235f15475911ea6
2401,hf_02401,cartoon,0,dog,images/cartoon/hf_02401.jpg,0bd2b5d7bf0f143109d2159a79b15399ff39f1f1676336bde6a4d45fa2f3ae61
2402,hf_02402,cartoon,0,dog,images/cartoon/hf_02402.jpg,3ba79a67658e640aedaefad14969fb7779fe4845e91d88a8fbee276deec34d63
2403,hf_02403,cartoon,0,dog,images/cartoon/hf_02403.jpg,d447e215342edbffab523e0ac998111bb6ffb6a4d589f935425edc3626fbd827
2404,hf_02404,cartoon,0,dog,images/cartoon/hf_02404.jpg,92ee1a95a5689dcbb38ee1624d0a5328e88a45421f82af63ff6b0ed4bd87db54
2405,hf_02405,cartoon,0,dog,images/cartoon/hf_02405.jpg,61f5362763fba885313d0b88146d623d7e984147ded81e801f859319d013cb36
2406,hf_02406,cartoon,0,dog,images/cartoon/hf_02406.jpg,58bc40c0ceee31fbeea50bf7cca41ac0c460924b00c2ade9b942b50f7ebb49a5
2407,hf_02407,cartoon,0,dog,images/cartoon/hf_02407.jpg,b2de914fac7088c31b6c5e7bf4d12b29987e7115068e62490c2902feea7257ed
2408,hf_02408,cartoon,0,dog,images/cartoon/hf_02408.jpg,1503511f2b27a1c334ff62205402d7cd0da7f189a935e7de4cf0ad7dcbd1a39e
2409,hf_02409,cartoon,0,dog,images/cartoon/hf_02409.jpg,476518db42bb787d990e6ed81c9994dae0e354d40c888e8ad621a64df9561498
2410,hf_02410,cartoon,0,dog,images/cartoon/hf_02410.jpg,a5c327eac58bcd18ab002ca5e7f41c01db26227da9b574622f0e4efb75502353
2411,hf_02411,cartoon,0,dog,images/cartoon/hf_02411.jpg,9d33d2f32a400c93fe14be198885145c3d8fd56cecef44ff1dc45f621f77b1d4
2412,hf_02412,cartoon,0,dog,images/cartoon/hf_02412.jpg,c1229d72cc8f7905e5d52cfe92e23227cf7a7ae0bd81f7a21e76004d030f4dd0
2413,hf_02413,cartoon,0,dog,images/cartoon/hf_02413.jpg,ddaf1e121013920e07079f1e194b35b531fa6e3a53fd653b6e64dc7b755ce240
2414,hf_02414,cartoon,0,dog,images/cartoon/hf_02414.jpg,93e1e8951beedba92f381e13e44ca55c5e4adb4bed093035e707344818d9a174
2415,hf_02415,cartoon,0,dog,images/cartoon/hf_02415.jpg,fa3d52689164860307777062e57b9a56e19f43cc4780e0fdbec2ce337b6aad9a
2416,hf_02416,cartoon,0,dog,images/cartoon/hf_02416.jpg,6ca375b5620341196e87b2c7bb4fcdef3f02c30e766eb17a842ab395b1eb1493
2417,hf_02417,cartoon,0,dog,images/cartoon/hf_02417.jpg,aff75160a920063ee5bb15711a98cbd886430149a9c6a6be4a8b43ff5dea17a2
2418,hf_02418,cartoon,0,dog,images/cartoon/hf_02418.jpg,045775941d1f7e5cc0edbaafe51dedaa1f0c280cc2a9070ae412603136c342b1
2419,hf_02419,cartoon,0,dog,images/cartoon/hf_02419.jpg,bd68287b49446dfa7e28c653d17d68e0eb6f871f1113a48a5137873f1965b3da
2420,hf_02420,cartoon,0,dog,images/cartoon/hf_02420.jpg,2046854ccbbe1528011d97d3697f9aa634e703ec0db08b3b1766d5c00e6f9f8c
2421,hf_02421,cartoon,0,dog,images/cartoon/hf_02421.jpg,97c05aea6c75a697991a5fd5f576e68926ca7398cdb7afebf1859c792481f549
2422,hf_02422,cartoon,0,dog,images/cartoon/hf_02422.jpg,503a07dead711f82ea4f068274108e170eac93e764c51373fb50e7c3396887f6
2423,hf_02423,cartoon,0,dog,images/cartoon/hf_02423.jpg,c65429d00e451588da1e2db244c6b531b36d54ce7203fa5d6a074e39346962e9
2424,hf_02424,cartoon,0,dog,images/cartoon/hf_02424.jpg,a5c787d7888caf302adba7b4d6f08e4c93f3f1ae56174fc99648f9c95f42d4a7
2425,hf_02425,cartoon,0,dog,images/cartoon/hf_02425.jpg,bd230b2d1a847721120af030d7c0c64b78c86411974dd917e78300193db14070
2426,hf_02426,cartoon,0,dog,images/cartoon/hf_02426.jpg,089b6b4b4e5319623f157bcbc68f274080d1661a2a0c8f02d302bfa34d1cf64b
2427,hf_02427,cartoon,0,dog,images/cartoon/hf_02427.jpg,30ccd165b8c9dc5f9f53acfd201fd3149153aadb94ed268537fd1a02366a1a65
2428,hf_02428,cartoon,0,dog,images/cartoon/hf_02428.jpg,8314db5aa744f4406aad9f9107865e830cbdc1df33f8d3c61e991537df6098f9
2429,hf_02429,cartoon,0,dog,images/cartoon/hf_02429.jpg,57416f3b45eb28a871c7b0ff67847699e74ee8eddc5a40861a49d79b43d9bf10
2430,hf_02430,cartoon,0,dog,images/cartoon/hf_02430.jpg,55177ab9be7d8824c044398c802173ec807b5cb91e99442f61b92e196930eaf7
2431,hf_02431,cartoon,0,dog,images/cartoon/hf_02431.jpg,fbc9b4c58d1740fc4e398f23ad80112d80f192c40b14e1cf37e1bdff97bbabe0
2432,hf_02432,cartoon,0,dog,images/cartoon/hf_02432.jpg,652ac235281737552af1fa6925c58ed74ea9f4c09db9f7eb873bb26885ef4522
2433,hf_02433,cartoon,0,dog,images/cartoon/hf_02433.jpg,901c7a3820df657d935ae4c1b92ba3158398f92a9dc76a7e23b25c7491ae8721
2434,hf_02434,cartoon,0,dog,images/cartoon/hf_02434.jpg,8d67dbf01d39d8f86c4dacd0cf4988ca6b618520daae2c39c1118f2cd5bb23ef
2435,hf_02435,cartoon,0,dog,images/cartoon/hf_02435.jpg,e327f4bea4804f1f2e69d86e5650bd086bea051a96c071dcaca5639f8a31a898
2436,hf_02436,cartoon,0,dog,images/cartoon/hf_02436.jpg,34f61e0e714557bb6e6d315babc3ed422e8396a4781cdc5cca326060e725cf99
2437,hf_02437,cartoon,1,elephant,images/cartoon/hf_02437.jpg,19133203042af4cf0cb3f3362fdb591f010596a6e3485691009a19aab695d11d
2438,hf_02438,cartoon,1,elephant,images/cartoon/hf_02438.jpg,62864b330b6157aab15d0c05d7f96b43fa76b8d4411ec01a534825bb42950b04
2439,hf_02439,cartoon,1,elephant,images/cartoon/hf_02439.jpg,ca12c7043d06eb08bc70bf53784e7e14fdba4bde082e3ef858e47ab7e4942083
2440,hf_02440,cartoon,1,elephant,images/cartoon/hf_02440.jpg,b8fd91c8fb74bbe6c2ec09e96e76bbe68ab7ff16b4681c99371e98a10835d637
2441,hf_02441,cartoon,1,elephant,images/cartoon/hf_02441.jpg,765a950c8e4fe1affe07ce7a3006ba1acad4f4cb2a37e19bc87f749ae594aef2
2442,hf_02442,cartoon,1,elephant,images/cartoon/hf_02442.jpg,7231b79c9ef929a3210f69ab66fca3330d6ec7d953530a4e6552a530da393f6d
2443,hf_02443,cartoon,1,elephant,images/cartoon/hf_02443.jpg,7a6c0b79a938b57bd9277c01cd95e8b3aa0f22f79f2b51d97e429faa86306296
2444,hf_02444,cartoon,1,elephant,images/cartoon/hf_02444.jpg,1e824a92516b2d467757866695c011170c891fa6ca88ec73330a8ab88b3a1c99
2445,hf_02445,cartoon,1,elephant,images/cartoon/hf_02445.jpg,4c81fd24829a70966f239364e616ced4b84e27514aea7e0bb89dea14c0e241b8
2446,hf_02446,cartoon,1,elephant,images/cartoon/hf_02446.jpg,636eeab12baed7ac175074fd11ce9ff76463041bc2f276f28d4a93a05e60d3a1
2447,hf_02447,cartoon,1,elephant,images/cartoon/hf_02447.jpg,e695a74b4f7b4af55431f682ae1b847d61a8397e2517d6b8a03a0281325317fa
2448,hf_02448,cartoon,1,elephant,images/cartoon/hf_02448.jpg,72d94a8096e90d6165391157c3b2028186a662a60b6e0717ff01f96640eabc2f
2449,hf_02449,cartoon,1,elephant,images/cartoon/hf_02449.jpg,ec61e72bb303624b1d4bf679558f6bf2ab394a2f389c910f8a1e9183a187dcf9
2450,hf_02450,cartoon,1,elephant,images/cartoon/hf_02450.jpg,a3e20f3e67f95a941d22cd35b6dc5b747fa1fc5272f7e3e502847bd1233f7e7f
2451,hf_02451,cartoon,1,elephant,images/cartoon/hf_02451.jpg,c02f136be73780be80912efbc5e1878438801498ec5ed3c6111e7e003bf254cc
2452,hf_02452,cartoon,1,elephant,images/cartoon/hf_02452.jpg,1bfcc01d1bfbde6dc2d3cd5b0cf09c2b93703aa14f1771373ca7740ae351b0d9
2453,hf_02453,cartoon,1,elephant,images/cartoon/hf_02453.jpg,17853cf8d2b2606d782590296d1189dff6b5ab16e592413dd943cabbffcc97d3
2454,hf_02454,cartoon,1,elephant,images/cartoon/hf_02454.jpg,09c9e7ce0af224406aaeae5ad4c575128e1356bb7e0442c220734e318bb59765
2455,hf_02455,cartoon,1,elephant,images/cartoon/hf_02455.jpg,6ec8ade4d57d3af9a01cb3e8fb58db45df2935269c28838596d7680daad92a1d
2456,hf_02456,cartoon,1,elephant,images/cartoon/hf_02456.jpg,b16cf01667d25dfe4238d53f4d00c4f9cfc97f7ae0fbc90fe1fe2f4357db68e9
2457,hf_02457,cartoon,1,elephant,images/cartoon/hf_02457.jpg,b24e5baabff44c9dcd0870895d62c3ab80ad396f0ae8a8efd67ee4a601ebda21
2458,hf_02458,cartoon,1,elephant,images/cartoon/hf_02458.jpg,136142c7c816631a0843efd44026d2acc348ed028b28f9925dbbc11b7e45b819
2459,hf_02459,cartoon,1,elephant,images/cartoon/hf_02459.jpg,de62d72e17bedde1d7b1ae69458022b387f719fe5c3ef95d125b032304bbe725
2460,hf_02460,cartoon,1,elephant,images/cartoon/hf_02460.jpg,b0c9f7d0a005709efd644afada97668a9dfaefa33092f4ec3754cf60d0c6d0dd
2461,hf_02461,cartoon,1,elephant,images/cartoon/hf_02461.jpg,b7497945e71f5dd66cbee921cbb0ccf888466e07b18f86a163589c30026b1e2b
2462,hf_02462,cartoon,1,elephant,images/cartoon/hf_02462.jpg,bf4c4d4fb34e9b56ee1926d6d0474ee6f9eea9ecab5e68b329ad4e595c83f2c0
2463,hf_02463,cartoon,1,elephant,images/cartoon/hf_02463.jpg,fc1377582421821534251e1f4af745f9cbfa44422f8332d1ad691fbcaa058d89
2464,hf_02464,cartoon,1,elephant,images/cartoon/hf_02464.jpg,e8e0495bb754c5a810f987145bee29aceb1e5689172bf5cb81dcb6d34480f25b
2465,hf_02465,cartoon,1,elephant,images/cartoon/hf_02465.jpg,b67e0e17e154b8fa8fc606298c2dabbdc75ded01a65c2de66cae3439879464d8
2466,hf_02466,cartoon,1,elephant,images/cartoon/hf_02466.jpg,0d930702c3d950efaf6ee061bce0206ff611060d5969de5a65f30ee6797bdd6d
2467,hf_02467,cartoon,1,elephant,images/cartoon/hf_02467.jpg,dc23cc1b0de10f66c04c7c0f730eeb3661a2db552409c1770893de386aa205fb
2468,hf_02468,cartoon,1,elephant,images/cartoon/hf_02468.jpg,ea82be0a2c1c4c7f338b8260958728659c051b36b4ff68430e644c4bcc84c359
2469,hf_02469,cartoon,1,elephant,images/cartoon/hf_02469.jpg,39d7842931ad374457649b55338f0298354d0744ba60ab13252a2e359809a4cf
2470,hf_02470,cartoon,1,elephant,images/cartoon/hf_02470.jpg,d84015412bfdc9095abaeb333f2c650fe1f6cc3ec9bbc71cc58038eb4fbca198
2471,hf_02471,cartoon,1,elephant,images/cartoon/hf_02471.jpg,367b802f5bb377f3c3d0982d912b6ff48cd164fbd4cd812408d7bbeb65cb471d
2472,hf_02472,cartoon,1,elephant,images/cartoon/hf_02472.jpg,1886a06bd51dec45123650f417427914a89f9c13b4765c685a5c63dfa9cd45e3
2473,hf_02473,cartoon,1,elephant,images/cartoon/hf_02473.jpg,af3957fa3b5522d70382b2c361c644182cdec66725dfccc105548a4d990cf9ef
2474,hf_02474,cartoon,1,elephant,images/cartoon/hf_02474.jpg,75dbd00a5b24a548ec996287bc7fcc8eaf2ab5524b84fb46891af1b89132a7eb
2475,hf_02475,cartoon,1,elephant,images/cartoon/hf_02475.jpg,7847e98cee45977161a3d7831568aa8de2e53fc3ed5c780e7c424cc58fbc9839
2476,hf_02476,cartoon,1,elephant,images/cartoon/hf_02476.jpg,e67140a437eb28d6bebbff31b288dee50f785d7c4de3b670d4fd64de5bd3bce2
2477,hf_02477,cartoon,1,elephant,images/cartoon/hf_02477.jpg,c20f7cdc4b11e237c5c49d9210b20aa982bfe92e69186cafbebae3da325e0242
2478,hf_02478,cartoon,1,elephant,images/cartoon/hf_02478.jpg,ebef73f7cc242b6a5be477a3dc7c0a3ce8a9d8a1e0f555caf9c5459cd3a9423c
2479,hf_02479,cartoon,1,elephant,images/cartoon/hf_02479.jpg,031faeb809c280745870f674de4e44ed334498caa6399ca33c961526918d549d
2480,hf_02480,cartoon,1,elephant,images/cartoon/hf_02480.jpg,8c402c7fe17a7e3a6c6a111d3db9f55a0db16ecab1a1f877456f69522f875d63
2481,hf_02481,cartoon,1,elephant,images/cartoon/hf_02481.jpg,50028187cd269fc4441b3f694fff754136539fa457e2385d81094ce66baac9f9
2482,hf_02482,cartoon,1,elephant,images/cartoon/hf_02482.jpg,0b84c5fafd6e836f4f552968a79f5669079c4e4dea435b74027cde25825cbf52
2483,hf_02483,cartoon,1,elephant,images/cartoon/hf_02483.jpg,915abd8a9f20f4084f31ca09d767b733df11bd2ded842a668de6a7c469d72f0b
2484,hf_02484,cartoon,1,elephant,images/cartoon/hf_02484.jpg,845194007279e54f228c2108092c17a6924a1ebd142518b94a6a675f8a1d9373
2485,hf_02485,cartoon,1,elephant,images/cartoon/hf_02485.jpg,b57db33ceefcb019b82153ea1dfe226161185a7da48a3d9553c64e887c9ec8ce
2486,hf_02486,cartoon,1,elephant,images/cartoon/hf_02486.jpg,8d4f9935ef3b0577a5768711820227a7f15579710fc4bfc8264ef774bfcca82a
2487,hf_02487,cartoon,1,elephant,images/cartoon/hf_02487.jpg,71573ebd90216f97e7c7da3c6b24f7424f21f971fb10c140d47ab4b8b7217799
2488,hf_02488,cartoon,1,elephant,images/cartoon/hf_02488.jpg,0a25681313e50e10173866b436edb5417024ce12e87e38f8ba0ce8128b9e27de
2489,hf_02489,cartoon,1,elephant,images/cartoon/hf_02489.jpg,b3a7f631c0f1b73a3ced1f6861fa59ed19c1cdca5509edb59f49166d46e556af
2490,hf_02490,cartoon,1,elephant,images/cartoon/hf_02490.jpg,dfbfa075767bbe64eba8331ef39043f0a494af7359ffae2e34294dc73b2bfb03
2491,hf_02491,cartoon,1,elephant,images/cartoon/hf_02491.jpg,45b323a0110eaafa862e6175f2f9fcf7010faf9e382a6c7286c209a6aef102ad
2492,hf_02492,cartoon,1,elephant,images/cartoon/hf_02492.jpg,92ee636dd9231d119b4208d6ee31b2b0f93c771b69bba6652ec52a077d9da3a0
2493,hf_02493,cartoon,1,elephant,images/cartoon/hf_02493.jpg,b559ec9741a963d9a29f0b41812178dfe1a823569e99e1cd88ad3a912cb37e4a
2494,hf_02494,cartoon,1,elephant,images/cartoon/hf_02494.jpg,ba4486ef96e39caa24fd68a5cdd815430c2027dbb8d09ca6f8236e693bc31b7d
2495,hf_02495,cartoon,1,elephant,images/cartoon/hf_02495.jpg,b1f8ee2f4dc138875a95b07691a96986dd2102a981cc62a8a37b31423ab83313
2496,hf_02496,cartoon,1,elephant,images/cartoon/hf_02496.jpg,8836ec3307a1f2a80dc7cdfdf0f7f72f152eccd8f072661ed55c6db9a0fe1a6c
2497,hf_02497,cartoon,1,elephant,images/cartoon/hf_02497.jpg,9d607c327e8d8a7a2668f1fecabd099c460d32cd0326dd3a36e25c4af62ecc61
2498,hf_02498,cartoon,1,elephant,images/cartoon/hf_02498.jpg,803d796b919222b28b159ac413f4b62c01ca2a2ebfe0ed904b7d35a50fe8df17
2499,hf_02499,cartoon,1,elephant,images/cartoon/hf_02499.jpg,2394c08f1d8573b8880fb39460729ede34fb728acab56472f0da92e9ed21500f
2500,hf_02500,cartoon,1,elephant,images/cartoon/hf_02500.jpg,c13a7218c010f5f92b49b120196397b52959c7c3c7852794c56c3ef77879ee6c
2501,hf_02501,cartoon,1,elephant,images/cartoon/hf_02501.jpg,5fc63c5f3fd62ca2ff37de3441ffe9378b4eb641e9686f6a75ef6208117a74bb
2502,hf_02502,cartoon,1,elephant,images/cartoon/hf_02502.jpg,686c8d46e07657b1536f32aa5538284d3e149635014275060a36fa0570dd46ec
2503,hf_02503,cartoon,1,elephant,images/cartoon/hf_02503.jpg,49f582ca0fc75c22dc675a71b19b1d402376255f6796f9592b5f858d52740b69
2504,hf_02504,cartoon,1,elephant,images/cartoon/hf_02504.jpg,3b9206278485f6678c1a65f381c06ea4f3fe2af5d9a32153f1a98b3a7c9e5669
2505,hf_02505,cartoon,1,elephant,images/cartoon/hf_02505.jpg,787a78559cba9016670bf898533efbd0d55a18698e0503edde74d1df9461d367
2506,hf_02506,cartoon,1,elephant,images/cartoon/hf_02506.jpg,ec807b86342d6e9a140ae5072d8c0445f378e62d52bca69c9bc8d28cbdac77fd
2507,hf_02507,cartoon,1,elephant,images/cartoon/hf_02507.jpg,56ce381fbfcc731b8a7735db09fdd44124ba266298fb330cf28857ae075238ba
2508,hf_02508,cartoon,1,elephant,images/cartoon/hf_02508.jpg,b40e7d4592951b838f05d5fcac517d0e3df616fde85a6ba942565f5c1e2de2ca
2509,hf_02509,cartoon,1,elephant,images/cartoon/hf_02509.jpg,897144a43e342417613c5c72d75a0c86f6e4fd72b2efa1889fd5a9c43c395a88
2510,hf_02510,cartoon,1,elephant,images/cartoon/hf_02510.jpg,2168f1a49d3b2c0f890b24be6403f7ef6fcff6914ff01ff937f5f30d49b40692
2511,hf_02511,cartoon,1,elephant,images/cartoon/hf_02511.jpg,5fc95c6c91f2cac1f209cf0bec75415896dd23b07aa516151c415b22cd511545
2512,hf_02512,cartoon,1,elephant,images/cartoon/hf_02512.jpg,1f913d9f27bc11708685f9519df1f76307debfb65ab804be101dc6239449afa3
2513,hf_02513,cartoon,1,elephant,images/cartoon/hf_02513.jpg,1f1e2d4e7bf5e087a2d774a222403dc0acad29e2c4d46306ccc753750667ec9b
2514,hf_02514,cartoon,1,elephant,images/cartoon/hf_02514.jpg,64026d3859c61eac84853719e72e424a197a2b74e7bbbed03d78683d23019b4b
2515,hf_02515,cartoon,1,elephant,images/cartoon/hf_02515.jpg,cc5aa4e9e1a15c567b2363a393039bb758df9bd2341e96fa5de76c5f7eb19463
2516,hf_02516,cartoon,1,elephant,images/cartoon/hf_02516.jpg,335f22bbda2875d2c039e3706b5788cf7ce0f78d92763de5f670ec9fcd7ac5bf
2517,hf_02517,cartoon,1,elephant,images/cartoon/hf_02517.jpg,ff9cf1d70afaef1c0d516785f0c97b81e758f1c8a9d0463bc038122cd68cae25
2518,hf_02518,cartoon,1,elephant,images/cartoon/hf_02518.jpg,9fa5e781860c36773dd464dbfa40a1f7914428924207c7e2a03a3df2d8efb4da
2519,hf_02519,cartoon,1,elephant,images/cartoon/hf_02519.jpg,025f057e046d1f85da34a1eacc15c2ac8cced58b500ab4e36745475ed64208be
2520,hf_02520,cartoon,1,elephant,images/cartoon/hf_02520.jpg,d58cf39c72de7d2760accad79fa29374b676ef5e4c6beedd4a1fcd437d3bca71
2521,hf_02521,cartoon,1,elephant,images/cartoon/hf_02521.jpg,4f7c057d56b1bc3b9fec3afa73e981fdfad339f40925610378fac54bc3237beb
2522,hf_02522,cartoon,1,elephant,images/cartoon/hf_02522.jpg,dc8aac9f4f4431f2e242154363e582f5a09d4aba526332b162db111e7ebcee1c
2523,hf_02523,cartoon,1,elephant,images/cartoon/hf_02523.jpg,b2f931f8532501423440950908cb5486289e75ad6e1725ec173585d1c11c02b7
2524,hf_02524,cartoon,1,elephant,images/cartoon/hf_02524.jpg,85aeffbd78ecb563b3de635b6b9488243ced05786bd4c7790a16f64b38f563a6
2525,hf_02525,cartoon,1,elephant,images/cartoon/hf_02525.jpg,f76970a520513ecd5f9fa81247bf5fb230ba98d950fe02d8c588b0599c883448
2526,hf_02526,cartoon,1,elephant,images/cartoon/hf_02526.jpg,6a0a95546f46841ddf26eba50103ef3f46b19b162d152b10cca7ca405e21ebcc
2527,hf_02527,cartoon,1,elephant,images/cartoon/hf_02527.jpg,a2f3f25dcbc3c652156cf6d32543aa95c7909e29b92344272d2134bc6e4693aa
2528,hf_02528,cartoon,1,elephant,images/cartoon/hf_02528.jpg,b77a1982b878d99cd9182dae78f2aab377ceff6bf59676ef518be38e27ff690c
2529,hf_02529,cartoon,1,elephant,images/cartoon/hf_02529.jpg,5e58a43b14018ba8b5fcb714f05b852fd6021cf7b85615ac3768860277d9e95c
2530,hf_02530,cartoon,1,elephant,images/cartoon/hf_02530.jpg,6ffca1bb28bffbee507ec35aba59876bc792d838301f17ec9494bf9305bf7f4c
2531,hf_02531,cartoon,1,elephant,images/cartoon/hf_02531.jpg,1d3b212f823dc8aa6290538030c2487cc4c7da7063af6bdf5c6806331eebe5be
2532,hf_02532,cartoon,1,elephant,images/cartoon/hf_02532.jpg,0523fe1ed599657d0bc326c45837f426f68ce2689e6eac3108439c3ad2d2724f
2533,hf_02533,cartoon,1,elephant,images/cartoon/hf_02533.jpg,afc76ab67cc79e43169de0f9c62e7073fe145a1b17837c767d4bc9fa37c28a97
2534,hf_02534,cartoon,1,elephant,images/cartoon/hf_02534.jpg,38cffd027ff664755c5ecf7dc3cdf6e96582b0f57e3d539d2f2a511118101617
2535,hf_02535,cartoon,1,elephant,images/cartoon/hf_02535.jpg,a91ced3aa8d645230fe01bd6ef2323fcb9a6b33d830bd8d9df314e8fec37a19f
2536,hf_02536,cartoon,1,elephant,images/cartoon/hf_02536.jpg,f07d50d453e4956a9da204079a9fde67a28934433996bfb39de01126f2796ecd
2537,hf_02537,cartoon,1,elephant,images/cartoon/hf_02537.jpg,b2f6f276260079412e6c607267ad058ba3333327624edbc29f8bdcb984db4e81
2538,hf_02538,cartoon,1,elephant,images/cartoon/hf_02538.jpg,ed83315333f23681074095363bbe07ac75817250fa9801a418acf5ba379adce3
2539,hf_02539,cartoon,1,elephant,images/cartoon/hf_02539.jpg,1ce2ca2c66aff886bc95374a38855c96adc26d00a8cf49a4a100b757d141c85f
2540,hf_02540,cartoon,1,elephant,images/cartoon/hf_02540.jpg,ba16a4faa66bde199c9174e1ad309b299cfac0b8bc8241edb55d8b5df0a0081c
2541,hf_02541,cartoon,1,elephant,images/cartoon/hf_02541.jpg,c6e7d1ee7cde0a8c03489017682904da0e19e3081f5bb5785d9ad5ac5bf23dbe
2542,hf_02542,cartoon,1,elephant,images/cartoon/hf_02542.jpg,26bc897bb4887866c787c0220b3cde2cbd6e9b75943909da0165a439729f87c0
2543,hf_02543,cartoon,1,elephant,images/cartoon/hf_02543.jpg,e76a853d2a54d16299a933142902a37bfd80f2ccac62bc517e524539561c8f01
2544,hf_02544,cartoon,1,elephant,images/cartoon/hf_02544.jpg,fb3908d5b44bddc2c87d56a1b29d75450cbd969829cd84dd2ddffed8e81f241f
2545,hf_02545,cartoon,1,elephant,images/cartoon/hf_02545.jpg,dd442200ef866643e0581e90199e5083045bde9156ad64447ae365f038e89a45
2546,hf_02546,cartoon,1,elephant,images/cartoon/hf_02546.jpg,167fb7418adda3d6b486c42314fb1e21f5b06ff15b61daf3b9fd44c14a88afa5
2547,hf_02547,cartoon,1,elephant,images/cartoon/hf_02547.jpg,6f75f30565e7df7fad73aefd1c07fb3ac1551d608f756fd546f4256fc81847da
2548,hf_02548,cartoon,1,elephant,images/cartoon/hf_02548.jpg,91843860f982741a156beda45f0197fc4c6bac87a06ba42c73dab30092a8b341
2549,hf_02549,cartoon,1,elephant,images/cartoon/hf_02549.jpg,8c6541572d648f800f55243fbd80f6cdea131fc41f7c56adab6aad0f0ba4f1a3
2550,hf_02550,cartoon,1,elephant,images/cartoon/hf_02550.jpg,74c8c6404c9c0f37a170de29ad3bfdbd5e30ef455f5530eedb335584a9409b39
2551,hf_02551,cartoon,1,elephant,images/cartoon/hf_02551.jpg,7235cf7a6b9dad8c0bd967921e2fe988b30de58a2d6855d51d9b6e1ca14ec4ff
2552,hf_02552,cartoon,1,elephant,images/cartoon/hf_02552.jpg,d4722a269b6b24af7a457e27ed445dacc0843087aab2e526e1cb4d4973778eb1
2553,hf_02553,cartoon,1,elephant,images/cartoon/hf_02553.jpg,ffc1e7acb88b0ef4126239bc9bd7e15e10dd1ce9e8298f1c1d47b8ba43291fa2
2554,hf_02554,cartoon,1,elephant,images/cartoon/hf_02554.jpg,ef6801b2f3d6cb7a31467ef6d0e755b7681b9b762c227636e4a3676ec99b9240
2555,hf_02555,cartoon,1,elephant,images/cartoon/hf_02555.jpg,14b6aa82627d7effc7a59e582993e95e5eb1dd62e7d4521de705d142a2511499
2556,hf_02556,cartoon,1,elephant,images/cartoon/hf_02556.jpg,d3886b8c23c64ac75d2c38d79351a1b733f183e12a76497ab2d5bbd2da6bbd35
2557,hf_02557,cartoon,1,elephant,images/cartoon/hf_02557.jpg,a485b058dd905d4cfaabe8bc8e6956f7541181e45d5abac0a9cfec3276df1e47
2558,hf_02558,cartoon,1,elephant,images/cartoon/hf_02558.jpg,68ca249840faaef2e9917bfff1087ac98ae0a61129e6f75eea47352bedc8686c
2559,hf_02559,cartoon,1,elephant,images/cartoon/hf_02559.jpg,bad34363423133f9348a7cb9a6819459f49000c5c757d6f8ab006eccf5c356a0
2560,hf_02560,cartoon,1,elephant,images/cartoon/hf_02560.jpg,69145589e6340ca3ceea44376c34a57253009ed991185a4ec09717caf05dd218
2561,hf_02561,cartoon,1,elephant,images/cartoon/hf_02561.jpg,b11e6863e07d1dd7eec609a2e569c143927f094ea1e022859f4687b2f593cc53
2562,hf_02562,cartoon,1,elephant,images/cartoon/hf_02562.jpg,74ed9ae39f587d5beeb42cb0a029aa48e365d57d475f199365650e3090fa7eb9
2563,hf_02563,cartoon,1,elephant,images/cartoon/hf_02563.jpg,80381ffa35e19d3d3146422f69eaceb25702f3f6231fe13b148d879f9b40d664
2564,hf_02564,cartoon,1,elephant,images/cartoon/hf_02564.jpg,6ffa5b68e01e637b984b322c4f19a3f6454489d3474c6260a2f411bd980ae90d
2565,hf_02565,cartoon,1,elephant,images/cartoon/hf_02565.jpg,3c4fa470395642b6573fb48525166c15a395de1abe1abb79f3b0e9b48f7543f9
2566,hf_02566,cartoon,1,elephant,images/cartoon/hf_02566.jpg,2d12ccc7958c5e5f84772206006a78831c8f02c47b4229db664c2dd44c3f8a1f
2567,hf_02567,cartoon,1,elephant,images/cartoon/hf_02567.jpg,14cc1d981ed585ecb90a7d4d7fba3eed74772afc8d5423a4f708793190d8a5d7
2568,hf_02568,cartoon,1,elephant,images/cartoon/hf_02568.jpg,9c75d3e45105571a5daec0a350181e36aa9c44586f4a1972b84d10e206308228
2569,hf_02569,cartoon,1,elephant,images/cartoon/hf_02569.jpg,fbb8cba3b4b1db697d0c90039ea18b522f48dd22b59a332ed781e071a7a2e3de
2570,hf_02570,cartoon,1,elephant,images/cartoon/hf_02570.jpg,cd2f22cb569da725cf17528a6b4c9c1fa27b5a58d477b4caa8a5eaeb9f4522f8
2571,hf_02571,cartoon,1,elephant,images/cartoon/hf_02571.jpg,af109ffb6115ef0bce1402d437a002f9bdc5946547e1474114d2d94a1807acb6
2572,hf_02572,cartoon,1,elephant,images/cartoon/hf_02572.jpg,5abe3e9afad41783f199c8db86d226d105e916e8f54f45f5e0652b5dac8c030f
2573,hf_02573,cartoon,1,elephant,images/cartoon/hf_02573.jpg,c18dfa814aeae5b9ea038af39b34e2afeba1106970386b5d295693f604f3a24f
2574,hf_02574,cartoon,1,elephant,images/cartoon/hf_02574.jpg,ccc60727f299c50b256f5932f768295bcccc9653f229e7eb9d8204bf211d868c
2575,hf_02575,cartoon,1,elephant,images/cartoon/hf_02575.jpg,bbd3997fe4b80aae02e5a14aebb88222bd672dc4178731df5ae6c2aa58935bc2
2576,hf_02576,cartoon,1,elephant,images/cartoon/hf_02576.jpg,567d022a76d28591509d5212cddb03c9e9b4762381f0ff64d182b55c4121efe2
2577,hf_02577,cartoon,1,elephant,images/cartoon/hf_02577.jpg,fe1a12029be7bb1efb40b56f8699a48699332a214641a435163c3ff10baa1572
2578,hf_02578,cartoon,1,elephant,images/cartoon/hf_02578.jpg,f9db46ac2239bae85bad666d73725da8e0fc3830b8a8906125a28be1f88bea81
2579,hf_02579,cartoon,1,elephant,images/cartoon/hf_02579.jpg,6488467ee730b881b782ff5ce36c8b296c178fa33bf7d01ef4dcc44ead5aff18
2580,hf_02580,cartoon,1,elephant,images/cartoon/hf_02580.jpg,9fec00b089d7e74759fe701ed0d68eb7f8a6d5d266f28ee84dc650c5ee8167db
2581,hf_02581,cartoon,1,elephant,images/cartoon/hf_02581.jpg,84c184f2f85fa97c1d583819683ea13e11b06933120fa59848b948c50c38456c
2582,hf_02582,cartoon,1,elephant,images/cartoon/hf_02582.jpg,29912fcab3a2718fa4a084ceadf326381c63c4345d88662641776c9ddb7cbaed
2583,hf_02583,cartoon,1,elephant,images/cartoon/hf_02583.jpg,8b5104b8a4ac6c22b0401e13d745d0dd3e85684e96781fb034bc43cedc99d2f4
2584,hf_02584,cartoon,1,elephant,images/cartoon/hf_02584.jpg,5bbacf5ad654f2b2b581d4eac15d16f3f2ad80ed536437340166f6e40633e89c
2585,hf_02585,cartoon,1,elephant,images/cartoon/hf_02585.jpg,b94d53bd25c6b574cf536a040e7a010dc84b0241db1d3c6d5128ff12b45cda0f
2586,hf_02586,cartoon,1,elephant,images/cartoon/hf_02586.jpg,2ca8e78119325d5f0c5aaebaace630060d25d2b8deed6bc4f60a07ce6594356e
2587,hf_02587,cartoon,1,elephant,images/cartoon/hf_02587.jpg,d3179ac22034f5560bfbb174bdd97ad1114ee1e7ec669769c3d48fb3860ebbf0
2588,hf_02588,cartoon,1,elephant,images/cartoon/hf_02588.jpg,4d8f742eae4a6ec747871d3d9e7d660d3c6264dd32f09326a2f147460f835ce0
2589,hf_02589,cartoon,1,elephant,images/cartoon/hf_02589.jpg,709a2f5ca88701a55a022314d64caf993b2188b5d1f7ac1b12ead3b63f251b80
2590,hf_02590,cartoon,1,elephant,images/cartoon/hf_02590.jpg,773959d53fdf6f79f259942a7cdbdc9992291e4680810a5392e857b9425cf2fb
2591,hf_02591,cartoon,1,elephant,images/cartoon/hf_02591.jpg,cf44de9ea6472b3bc8379006e88acd8bf7282fcfc59e2a1ed7191687aa5786a2
2592,hf_02592,cartoon,1,elephant,images/cartoon/hf_02592.jpg,38b5ab242ca0046b24b7d8f8824c05ace9e7ed9d539d4fe7bee3a55e37e9becd
2593,hf_02593,cartoon,1,elephant,images/cartoon/hf_02593.jpg,9a858ad0a6423355c100a78839dc2675dcab60893c3a423dfa47ccc6728ca773
2594,hf_02594,cartoon,1,elephant,images/cartoon/hf_02594.jpg,07e9b8e1f3bd7d682cc375f27128174866baa4ea5f75e1a3735f45d62e8409bb
2595,hf_02595,cartoon,1,elephant,images/cartoon/hf_02595.jpg,bdc2cbf4085a96640aa9d023e8656bff7ec8cd9f31175fb314d22ad6cf7aeb21
2596,hf_02596,cartoon,1,elephant,images/cartoon/hf_02596.jpg,31d14e4b99b34d12a45daf9e74981d53212441850ffd1b150fc1b53821898745
2597,hf_02597,cartoon,1,elephant,images/cartoon/hf_02597.jpg,a044523b640deb4f682692b12d7c597077f7140d80074e0f1f369b2efe503468
2598,hf_02598,cartoon,1,elephant,images/cartoon/hf_02598.jpg,829c5fd16ad9ce58a9fbb459788d4138d7c7589ed10e1f37ff06a3f186db3f38
2599,hf_02599,cartoon,1,elephant,images/cartoon/hf_02599.jpg,b81dc3f687fece6462f1161cf6fb54718247361e79fc52486e83b9e2469530be
2600,hf_02600,cartoon,1,elephant,images/cartoon/hf_02600.jpg,e94c3e7561f599e1f01c86bb8ded36caecfdc4b4c0bae2a288abc1263dc7a00c
2601,hf_02601,cartoon,1,elephant,images/cartoon/hf_02601.jpg,442b193210ee4fd005bf763603c0ab75289aa28aca6fa1570f4ab3e224ecc81a
2602,hf_02602,cartoon,1,elephant,images/cartoon/hf_02602.jpg,489f92c058d6deec3f7b7159dd1f4782624b683910405c56aaece41610612549
2603,hf_02603,cartoon,1,elephant,images/cartoon/hf_02603.jpg,b0344a15c4daebecad56f5e5cb5bd3aadf010e88c2bc47d81b027aaf19198947
2604,hf_02604,cartoon,1,elephant,images/cartoon/hf_02604.jpg,01428e53a535bc45f77512ef663c6b6f36e9be1d3b4ea7c603e3891b232bda15
2605,hf_02605,cartoon,1,elephant,images/cartoon/hf_02605.jpg,935349b42af53040e7a17ccfe95d975c04603149e84557279dd28cad8008b207
2606,hf_02606,cartoon,1,elephant,images/cartoon/hf_02606.jpg,a40b05b3336bd5ae0d2e300f8d150592c0936dcbc2bb35726fb81fbebe48a350
2607,hf_02607,cartoon,1,elephant,images/cartoon/hf_02607.jpg,ca45a8d2c20097132c187649eaf5d7a194307173d3983f174c34b36d925fbfcd
2608,hf_02608,cartoon,1,elephant,images/cartoon/hf_02608.jpg,ab5f4ca6b4db38f6c8000f8a7afbe0703be14df36f1926e8c215d048809e88cd
2609,hf_02609,cartoon,1,elephant,images/cartoon/hf_02609.jpg,c1182a783c7c1a54bba3f7ef58a7a2b4abe8c23d2993a5272aa8b3bd5e3be2fb
2610,hf_02610,cartoon,1,elephant,images/cartoon/hf_02610.jpg,de00f3582910de125350bb04b71843cbf25958e2116ac0c476d1dfffa08c419c
2611,hf_02611,cartoon,1,elephant,images/cartoon/hf_02611.jpg,589de6a72c2d4e28fa93d6c9c46ddcce46afe3f8c6519b175aa52f8ebf3c351d
2612,hf_02612,cartoon,1,elephant,images/cartoon/hf_02612.jpg,1c7c1306c2940af684151d3a059b1293205dd956fce07a308b7e719a1bdc935f
2613,hf_02613,cartoon,1,elephant,images/cartoon/hf_02613.jpg,e8e9a21e6c3d80f03c92a05df8504a5c10ae7f3b47e0ada2d564b754618fe71f
2614,hf_02614,cartoon,1,elephant,images/cartoon/hf_02614.jpg,900eacbddb6aa7161ac32c97b80c1b288dc4fc5b170d5aea450a2fe3dbc2dff0
2615,hf_02615,cartoon,1,elephant,images/cartoon/hf_02615.jpg,89da51b10c9129899b7a96d6d5ee7fb17ebb408143937581f890b8163013da4e
2616,hf_02616,cartoon,1,elephant,images/cartoon/hf_02616.jpg,3cdf6893973737f315bdcc89b3421624940de7abbe7fcd900a1004a9739e1ec0
2617,hf_02617,cartoon,1,elephant,images/cartoon/hf_02617.jpg,7b6aef9cabccabb2f58ac9b652d1d7b56397862f558c7d2fa55c0215cd820ba8
2618,hf_02618,cartoon,1,elephant,images/cartoon/hf_02618.jpg,a47152b6c6e4211d3c99b2f6ba609881074960b55ce6b8c8114b2cb3fb02818e
2619,hf_02619,cartoon,1,elephant,images/cartoon/hf_02619.jpg,c4c5a30a7b662ae624f38bb562b4fa5ab2c8a64079dfd16f37d31e92ee5fe531
2620,hf_02620,cartoon,1,elephant,images/cartoon/hf_02620.jpg,9beabab5311018c73a92d7491f1308009958d7905f151269796f230f9c567a7a
2621,hf_02621,cartoon,1,elephant,images/cartoon/hf_02621.jpg,4060163580c46f44f3df44e812b76e86cc61f2ea9d8723b95dc9ccccfc4131f2
2622,hf_02622,cartoon,1,elephant,images/cartoon/hf_02622.jpg,e8eba39d038e22eecbe16bebf6892d4ceca33094345ab4babecfc81fd2579b73
2623,hf_02623,cartoon,1,elephant,images/cartoon/hf_02623.jpg,ff4274666c045ca12d8f712877fa9b36c379092c2b3dabb44a26c07f67fdd32a
2624,hf_02624,cartoon,1,elephant,images/cartoon/hf_02624.jpg,3416fd8f070fbffe337896179175e621d2aca5d8961392763b6892a526be79fa
2625,hf_02625,cartoon,1,elephant,images/cartoon/hf_02625.jpg,4d8efcfbda82b42398fa2eb3e80eb4ca1d5d76c5e1575e3800a450f896d2d155
2626,hf_02626,cartoon,1,elephant,images/cartoon/hf_02626.jpg,de6e1c76abd8ece0941c712b4a0cd36100956481d88b4a4c1c3586dfc9474e08
2627,hf_02627,cartoon,1,elephant,images/cartoon/hf_02627.jpg,af5bd5e1fd7800eb1443fa4c2a5365951bbb795abb32979e838b69457aed672d
2628,hf_02628,cartoon,1,elephant,images/cartoon/hf_02628.jpg,ef1b799008a91b29cd364c4389bb2220160cb34dc5e589ea6eee7678006b8071
2629,hf_02629,cartoon,1,elephant,images/cartoon/hf_02629.jpg,26c1444cc095ce6e20be66e0fce7efa22d348d2b3a4111c5732cd9310fe5873f
2630,hf_02630,cartoon,1,elephant,images/cartoon/hf_02630.jpg,da958d090ae61ac0bae4fe8f61e6fee3ac7b716dd77ae411ef15826e21b586c6
2631,hf_02631,cartoon,1,elephant,images/cartoon/hf_02631.jpg,b3ea2425414227a0dc69e6b01c1f7e5c4423b4087c0265b075086947daf9e04c
2632,hf_02632,cartoon,1,elephant,images/cartoon/hf_02632.jpg,dc97dd1ab8d18159b61c5ccb5e63cc1fcc05c1cc84d36ef4c6acce67b09b85c4
2633,hf_02633,cartoon,1,elephant,images/cartoon/hf_02633.jpg,b4bb0fb146e33e49375d6d2d3ccea8fd01ffbcfa7a0fbb581a228112815b1f63
2634,hf_02634,cartoon,1,elephant,images/cartoon/hf_02634.jpg,42998c7d7de461f8ecbdac91e6c25cfcf66bc8cd203576df990d1aff68c00fb0
2635,hf_02635,cartoon,1,elephant,images/cartoon/hf_02635.jpg,9a3de30dfc370e153250732f9160232276635d5d409cf1360b1dabbd0346a9e6
2636,hf_02636,cartoon,1,elephant,images/cartoon/hf_02636.jpg,cc62ac0b1624a0877ac2885eeec96eb652b762104ab6f41abd32740753e8c9f2
2637,hf_02637,cartoon,1,elephant,images/cartoon/hf_02637.jpg,441acb23e1c4633a19a3468d57f762496644692dc8a6fb46156867a5aa6b0cb4
2638,hf_02638,cartoon,1,elephant,images/cartoon/hf_02638.jpg,2f1cc7f542d782c62f60c820aedcccf286fb6cfb6e20c6d8e942e332a0d473c8
2639,hf_02639,cartoon,1,elephant,images/cartoon/hf_02639.jpg,53a23f6ca2e7bd4f434193768d407df84e089dea8bbcabdac780a9ca255b8ef4
2640,hf_02640,cartoon,1,elephant,images/cartoon/hf_02640.jpg,04d7deba02541d093ad8861223227ead17648372b86b8310bd5e5555c2040475
2641,hf_02641,cartoon,1,elephant,images/cartoon/hf_02641.jpg,a8fab3ac76be5034b0a1beb078259a79aae12a205d508350dce91564164075a8
2642,hf_02642,cartoon,1,elephant,images/cartoon/hf_02642.jpg,3484f3ce37e3dd5693c9532507b89ea961a843c996ca88fe5ddc82e30e8d8660
2643,hf_02643,cartoon,1,elephant,images/cartoon/hf_02643.jpg,6d4ec22f9026d0bd04e45d2900c8be2b06283cff5b811cab938c825d63aefc72
2644,hf_02644,cartoon,1,elephant,images/cartoon/hf_02644.jpg,386451954a6fbf33b5c64d55036759e2224006ed2fabf93535de4f21b209ca4f
2645,hf_02645,cartoon,1,elephant,images/cartoon/hf_02645.jpg,c56eec80b5eb2eeb1febd81d94f9044d7a23b82ce769036f57a303f5113a8883
2646,hf_02646,cartoon,1,elephant,images/cartoon/hf_02646.jpg,3762fa5c3d03ecd2de85c5ea2fd11548e32c07a6f8c24caad4cd6a0f5b27baf2
2647,hf_02647,cartoon,1,elephant,images/cartoon/hf_02647.jpg,d5507210a48471bc5c44b024b3e5da58f69361f749d22ba0b4984a39aecb4a50
2648,hf_02648,cartoon,1,elephant,images/cartoon/hf_02648.jpg,fc983ab98550fcdf2c69a6e7fd8fa4193a7696eab35ea4541124b4564e3eee8b
2649,hf_02649,cartoon,1,elephant,images/cartoon/hf_02649.jpg,704b022a5daa2bcdafcf032bb2b4ab09344db43509b1a102e634b03785207de2
2650,hf_02650,cartoon,1,elephant,images/cartoon/hf_02650.jpg,bdca0b4cdeafe66f586a41aaaa381303461428a1f76c8d9ef19a92d3a3f31235
2651,hf_02651,cartoon,1,elephant,images/cartoon/hf_02651.jpg,9b5ddf7e14d300fa079aeb1b2d848d1c6649c962d2867cfb4442995a27652c2d
2652,hf_02652,cartoon,1,elephant,images/cartoon/hf_02652.jpg,fb0beba91292187710b8d770c89126e137f595788bf1ce4c161239e45ff7e728
2653,hf_02653,cartoon,1,elephant,images/cartoon/hf_02653.jpg,48e34f6e49ab683068d608e2e1d79f3e0e2b39ef1287c241fa5dc323529331f7
2654,hf_02654,cartoon,1,elephant,images/cartoon/hf_02654.jpg,52da1b352caadbe45527e9964421f227b8883b8279d26e320a80ed7f667a0c8d
2655,hf_02655,cartoon,1,elephant,images/cartoon/hf_02655.jpg,84d2efc1927f4fecc09610a092e4085e941289d52f22501486fea8d693373ddd
2656,hf_02656,cartoon,1,elephant,images/cartoon/hf_02656.jpg,3506c0068624f1256892a24a6c00c57f13e64975b5301380038683ceac4c440a
2657,hf_02657,cartoon,1,elephant,images/cartoon/hf_02657.jpg,a60a23dda7435f0eb767811eaceeda150b0dd4495763444f4a2f25da90ac1369
2658,hf_02658,cartoon,1,elephant,images/cartoon/hf_02658.jpg,723f148ed59766b6ea241870fcb942474597392bfe8914824476192b684ae6f2
2659,hf_02659,cartoon,1,elephant,images/cartoon/hf_02659.jpg,2daa9921466aa5e1a20310122376d71f624dab526a2cf1b3bc84c50b560c445d
2660,hf_02660,cartoon,1,elephant,images/cartoon/hf_02660.jpg,43044312c1ab3d997e7af4a6b53f23bf3c2d088b4c6e58a9fe8f13104464b1b6
2661,hf_02661,cartoon,1,elephant,images/cartoon/hf_02661.jpg,9fb80158ce06ba2caeb63c41ae94b3d9e732e48f598d7d58c5701bed213db374
2662,hf_02662,cartoon,1,elephant,images/cartoon/hf_02662.jpg,702ad2047f5dafd1242d8392ed212725731ea46536412a87aa642a6929249b17
2663,hf_02663,cartoon,1,elephant,images/cartoon/hf_02663.jpg,70e2655dfe7c8c08dc04d076f5584180daacaf9199edad862c8457f0d70ac645
2664,hf_02664,cartoon,1,elephant,images/cartoon/hf_02664.jpg,49424b12c40f18c24e789269e4b99acd7eb4872734e1dd3d0127aef69196cbfa
2665,hf_02665,cartoon,1,elephant,images/cartoon/hf_02665.jpg,a8206fd5620845e6a43ddf22a9551a0c07a8a92b7a5051b1b46736e2edb239ee
2666,hf_02666,cartoon,1,elephant,images/cartoon/hf_02666.jpg,9373c48d0318fab826ca4734151af8dadcc45627f7fe0d9cbf35d423a3c3b22e
2667,hf_02667,cartoon,1,elephant,images/cartoon/hf_02667.jpg,bcb94fd939f412f40256c5fbf7bf1a52eb4fb0e70c5a4de06dbb76312a3676a6
2668,hf_02668,cartoon,1,elephant,images/cartoon/hf_02668.jpg,ba1d3ea7763837b2c15d24140ce14a2243c1662ec117e7295c05bc320e451ae8
2669,hf_02669,cartoon,1,elephant,images/cartoon/hf_02669.jpg,477297fa0e145066ee58119c9f2db14ac053a23604fb0e5f1a83e4bdc1dca14a
2670,hf_02670,cartoon,1,elephant,images/cartoon/hf_02670.jpg,513c0ffe528aedf44e1e776ff1f7a9c23595195581c031f2fda23895922f9488
2671,hf_02671,cartoon,1,elephant,images/cartoon/hf_02671.jpg,7ed3a2fc4b85e7146124bb27dbdcbc57ca620c0d1db6a6e78565410aa1dd11da
2672,hf_02672,cartoon,1,elephant,images/cartoon/hf_02672.jpg,0f85940d63e120403392fe6ebd16600fb1ffebd0e9bf9812a37f19c2b4ad6545
2673,hf_02673,cartoon,1,elephant,images/cartoon/hf_02673.jpg,b8ecbf1c1546329f747d24bf3730ea3c3327f4477582c25b3ebb0a3f354b8bf8
2674,hf_02674,cartoon,1,elephant,images/cartoon/hf_02674.jpg,38defb745cc3733270f4629e3d912a1e4e5b5cf36e4b802467e67cfa53cbd31e
2675,hf_02675,cartoon,1,elephant,images/cartoon/hf_02675.jpg,58d66cbd3756818346f2eb4f2a6e14562cb5e5e7e6ffa60ab59314661139b354
2676,hf_02676,cartoon,1,elephant,images/cartoon/hf_02676.jpg,5b2d155d6662d2de09d920079a9218970fffd03f788f2914abc2369112a54b05
2677,hf_02677,cartoon,1,elephant,images/cartoon/hf_02677.jpg,41ee7c549b7a1cf4fa226b2442a77ac726407f372df9c63b05e71e67423c6330
2678,hf_02678,cartoon,1,elephant,images/cartoon/hf_02678.jpg,2573a29fdbbf2d4eb8d7b5dfc13ce3dcfc559f17ab1728e28fc49a6f39199bee
2679,hf_02679,cartoon,1,elephant,images/cartoon/hf_02679.jpg,6c48b5e44604e4fd5bc9fc1af63b2d5354edee6478a9c67294ad4e4246319072
2680,hf_02680,cartoon,1,elephant,images/cartoon/hf_02680.jpg,638822d3a805fee3a90b00fc36a676122bf0d58cc46acfa0d97f1ba3226bb42a
2681,hf_02681,cartoon,1,elephant,images/cartoon/hf_02681.jpg,37a71d2c85e6b9ca2e4e3002460689337b35d52b90c1442e9c183380001b834a
2682,hf_02682,cartoon,1,elephant,images/cartoon/hf_02682.jpg,dee0c8ec79ffc64c2fc1c63e0e6811a59facdc7b840e89e061ee35349c32d09f
2683,hf_02683,cartoon,1,elephant,images/cartoon/hf_02683.jpg,f7a1f5c58caa033ec87c6b1ecdeb7425b818f3637fa402830c5a3b6a30fe524a
2684,hf_02684,cartoon,1,elephant,images/cartoon/hf_02684.jpg,1969aa48c9ac4c4a8e42da05983b32a29b490e476c7c51c9271d0c52ef8e8b45
2685,hf_02685,cartoon,1,elephant,images/cartoon/hf_02685.jpg,6fe6afb900cbc2ee0ac68f939f414095f27704694fb435e0f584a9614d510af1
2686,hf_02686,cartoon,1,elephant,images/cartoon/hf_02686.jpg,7a552c9447fb7f9db8b560334ced99b0f86138d008fccc68abd655de4de20c65
2687,hf_02687,cartoon,1,elephant,images/cartoon/hf_02687.jpg,db75450bae18e6f7e39fa87071c2e56278accdb817e34f7e09fce4404f5cd6a1
2688,hf_02688,cartoon,1,elephant,images/cartoon/hf_02688.jpg,67c51f890e79c1e8d3533489f6e34be60f68c223b2257c8304565650014886bc
2689,hf_02689,cartoon,1,elephant,images/cartoon/hf_02689.jpg,ac67321feac1174a53127b7306adc4f03c3a851a69884e766632a2d987925d08
2690,hf_02690,cartoon,1,elephant,images/cartoon/hf_02690.jpg,28029f0016f5f9128da52a27d74bc9a188a56b1a68a5d5938b3c5f6b5df0999b
2691,hf_02691,cartoon,1,elephant,images/cartoon/hf_02691.jpg,a107b4b28c1ab707d11ecca558c3f94e8b6c5e0efdfb255784bf3bb0872afb70
2692,hf_02692,cartoon,1,elephant,images/cartoon/hf_02692.jpg,d6f7c9b8942b69e75f97f82103f287d1948ef062ab4af13547673b60ed671d33
2693,hf_02693,cartoon,1,elephant,images/cartoon/hf_02693.jpg,879cbed956aec63416c3abcbe16eb44c94fa2f236b64832f36f3e16f10373066
2694,hf_02694,cartoon,1,elephant,images/cartoon/hf_02694.jpg,43d12e92f24f607c9e848fd066a100d92eb0426991c538c34b33ae61234e9a23
2695,hf_02695,cartoon,1,elephant,images/cartoon/hf_02695.jpg,9c8da01471759e52ff899242b6866680ede4da137207747ea5bf5f2f7bfd5f5d
2696,hf_02696,cartoon,1,elephant,images/cartoon/hf_02696.jpg,43552d3ae0fa47a7240392dad2e7f4e714aa6ecdfd7a4b9bc24e2fb0ef012769
2697,hf_02697,cartoon,1,elephant,images/cartoon/hf_02697.jpg,996c56956a304924646a6e542bd10616de9f8b7ef28067213290d991bf549c69
2698,hf_02698,cartoon,1,elephant,images/cartoon/hf_02698.jpg,ed24981ccccbf0448bf72e7eda278f2860af092ff79382ef14f4e5fa8cd87a73
2699,hf_02699,cartoon,1,elephant,images/cartoon/hf_02699.jpg,d7ecedd79e32e98915f69421526c06ca10d62e3e7ffd75be147b8c20cbf4cd67
2700,hf_02700,cartoon,1,elephant,images/cartoon/hf_02700.jpg,6935a94e625b5a3b87471a07abecfdce5ef5cd21d83196944f1da0e039d4e83a
2701,hf_02701,cartoon,1,elephant,images/cartoon/hf_02701.jpg,f03ab67262c6c35a867ed61079e5787bc0cfb4d27bfcad6d8a06ea83083707df
2702,hf_02702,cartoon,1,elephant,images/cartoon/hf_02702.jpg,8c0a38b61ea21b77d36985facd66190ff69b165076354290656efad7be2938df
2703,hf_02703,cartoon,1,elephant,images/cartoon/hf_02703.jpg,27a9bc0108b32d2e1a22478f2a926405ec1c0f85a1637c43360a1b40e0ead53b
2704,hf_02704,cartoon,1,elephant,images/cartoon/hf_02704.jpg,303e7bb9e1353567126b4a8330043b230599f1b99aa6fc16f9a64682cfc6b344
2705,hf_02705,cartoon,1,elephant,images/cartoon/hf_02705.jpg,3a40e320f98d659fdf02d45002ca6d9724aa5941a1ccc6e4cf44f04987a670e1
2706,hf_02706,cartoon,1,elephant,images/cartoon/hf_02706.jpg,af8cf87fcb0b64c840c716aad32279d6c74016d090f9c25cc03b344b4a195ba5
2707,hf_02707,cartoon,1,elephant,images/cartoon/hf_02707.jpg,fc38b390e7af820b94218cb231011a71cc8abd880a1ee3118f56aad058caceda
2708,hf_02708,cartoon,1,elephant,images/cartoon/hf_02708.jpg,5a272c3c403b2cb6187f13c997f460ba36fc70b577bfc6e0fb860161d352bc1e
2709,hf_02709,cartoon,1,elephant,images/cartoon/hf_02709.jpg,09d3fb759fcf3b50a5a83c28614d8211bd5cf81684e9185410cfdc0d4143d45d
2710,hf_02710,cartoon,1,elephant,images/cartoon/hf_02710.jpg,6e1095895835391eb629fd44160210905f6c20b49d8c9e4305c53a7a91695d2d
2711,hf_02711,cartoon,1,elephant,images/cartoon/hf_02711.jpg,daf158cdd2fc388a9fb03a9e8cab35957e09298157bd5672b970ae7d22815dd8
2712,hf_02712,cartoon,1,elephant,images/cartoon/hf_02712.jpg,0dae853aa21fbe085df32308615b34c7bec268f8bf5f2b1aa9f9643dada97cfd
2713,hf_02713,cartoon,1,elephant,images/cartoon/hf_02713.jpg,54f99149effa51d213f1d33ac033d8401f79f95f36c8fdaa70d0ea6462a9d508
2714,hf_02714,cartoon,1,elephant,images/cartoon/hf_02714.jpg,8b55ea03f05a1702664d00e8ba738f252a780716ab56c3c4cf15f0a16754778f
2715,hf_02715,cartoon,1,elephant,images/cartoon/hf_02715.jpg,e2c9ccdb0e86f66c5c37caf78d6f383a09617c62eb5f28b9faa5ad8e673948d9
2716,hf_02716,cartoon,1,elephant,images/cartoon/hf_02716.jpg,38df02eed240801c56f9283d8f5338cb4e6b42fb45c0339c8a5a67ddb1570ac6
2717,hf_02717,cartoon,1,elephant,images/cartoon/hf_02717.jpg,946a0bbd0bcdd1be5189c5bc904798777db6d9ded9fee23710c0b23c8d8e7f47
2718,hf_02718,cartoon,1,elephant,images/cartoon/hf_02718.jpg,b926c1326e142d73c1324755c5e9b34013ed4409c69937f52bde024faf8d1499
2719,hf_02719,cartoon,1,elephant,images/cartoon/hf_02719.jpg,6cf920aab092e22d85aab131d9117da2ac1a1af3ae1b24d08a914a4e84a01d36
2720,hf_02720,cartoon,1,elephant,images/cartoon/hf_02720.jpg,dc06c7c2e5ceefb30c1aa93e5b878b79f9004ea0c023a9444620c7048d505587
2721,hf_02721,cartoon,1,elephant,images/cartoon/hf_02721.jpg,e8a67904ba06f2c72b4d98a4c5bda9ba89318c52003d60756a5e86d753be543a
2722,hf_02722,cartoon,1,elephant,images/cartoon/hf_02722.jpg,2c4aa8278d0a17402d25e569d744520537d5571f9873e17a25c26aef337dfc4c
2723,hf_02723,cartoon,1,elephant,images/cartoon/hf_02723.jpg,c6abb68e31743af310bad132986d2bd346da2914090b27a11334220883eb505d
2724,hf_02724,cartoon,1,elephant,images/cartoon/hf_02724.jpg,eb08fc9dbb7ff6f9612202cef7b5cc607bb870eae54375e958c9df1020435b9e
2725,hf_02725,cartoon,1,elephant,images/cartoon/hf_02725.jpg,9aa12e9bdb8452de1b7ceb725d5ea0988ae7748742f5aba548642f56a983d81a
2726,hf_02726,cartoon,1,elephant,images/cartoon/hf_02726.jpg,fe90ad210e97801160ce7a363e09a472a66b23924695dde8568ff39bc7455b60
2727,hf_02727,cartoon,1,elephant,images/cartoon/hf_02727.jpg,5a5b28375a94db3b1feed696204ac6f4f279fa58d392fbedf4812a44df0cadc5
2728,hf_02728,cartoon,1,elephant,images/cartoon/hf_02728.jpg,2d161155f88092602dffa449ece27b073147e1bab5d8b0397eac28e9f55e3958
2729,hf_02729,cartoon,1,elephant,images/cartoon/hf_02729.jpg,5140d027fc6daae73f0572c891f0ca629837d69f0236ea758fa1c28ba3047809
2730,hf_02730,cartoon,1,elephant,images/cartoon/hf_02730.jpg,fcd8785c66ed371b49d2a7f126f088a57eb6c138f8c02eaf1fa273789a84406c
2731,hf_02731,cartoon,1,elephant,images/cartoon/hf_02731.jpg,c97a37e0022a8e78f4e41ca97b0bcba3bd2392b7051996c4a477d3d90e50bcad
2732,hf_02732,cartoon,1,elephant,images/cartoon/hf_02732.jpg,2321f90e7c2ebcde54cd3b0d270a541faace156fe634603a795e921af194ea35
2733,hf_02733,cartoon,1,elephant,images/cartoon/hf_02733.jpg,78d244b7b2bf5b0f482ec3c36ce324a8721c8be39b2677352a4b4f3a2b19148d
2734,hf_02734,cartoon,1,elephant,images/cartoon/hf_02734.jpg,9f06e77a72aa0f1287ace449df0aabb8d657d41435cad3f74b8af45f8aaa1799
2735,hf_02735,cartoon,1,elephant,images/cartoon/hf_02735.jpg,bcd4f4d3148f32562f07fdd53b8ecc808e5327919c0d6887a2015ace731ce2f2
2736,hf_02736,cartoon,1,elephant,images/cartoon/hf_02736.jpg,b4bb12a47b96d09c66c1b0261fc0c39b7dfe1b350cf53739b10706913d507b7a
2737,hf_02737,cartoon,1,elephant,images/cartoon/hf_02737.jpg,d16ddc5e32f4ef4862d7229e4308a8a70fb79553028a051543ba68fad3b85706
2738,hf_02738,cartoon,1,elephant,images/cartoon/hf_02738.jpg,07b881a9c91a2fd3fda013177bd73de574cbeb2dd4966db221b628b8d9c2cd4f
2739,hf_02739,cartoon,1,elephant,images/cartoon/hf_02739.jpg,069b65999d0f2d0077c153679755f70f4495dacbdace7fd0e715ead7153edbdb
2740,hf_02740,cartoon,1,elephant,images/cartoon/hf_02740.jpg,c39d84982e525bc3566b81cd6195a6f1d69d78a0c1586b87782986513d94a41c
2741,hf_02741,cartoon,1,elephant,images/cartoon/hf_02741.jpg,9de574828f15e2ca1cb6319819fd2618c30aa8ff91ad10e300d873d94700f323
2742,hf_02742,cartoon,1,elephant,images/cartoon/hf_02742.jpg,117b459b2e0d6343916ce2b92dd3bb15a8c378ec3a546f44ec7ba3dc1c2b15d1
2743,hf_02743,cartoon,1,elephant,images/cartoon/hf_02743.jpg,6cb31bbcfc12214f425f7798b211f8153271c13356450b2997649a1187393e47
2744,hf_02744,cartoon,1,elephant,images/cartoon/hf_02744.jpg,5722f95f7255382194eda76cf99e286b08620f76695d16207f2033ff3649085a
2745,hf_02745,cartoon,1,elephant,images/cartoon/hf_02745.jpg,37c27e001a9cbfa4fe75786210e7b45cb3a5bb4771ae0cf10dcc6b6da9263c6c
2746,hf_02746,cartoon,1,elephant,images/cartoon/hf_02746.jpg,2bcca8738c6e4e0b9ce8e4b69b5a9d121c42b8ac76dc6aa7007b388e56b40e0f
2747,hf_02747,cartoon,1,elephant,images/cartoon/hf_02747.jpg,88817093ef0ca972f70a2e4e7a7c0879c20a0ad2ec5108f9c8ec6d09a53d6dca
2748,hf_02748,cartoon,1,elephant,images/cartoon/hf_02748.jpg,8487c9c5bdfe3d340895b49461847a824ed21986e04a5281d56d4254b84d451f
2749,hf_02749,cartoon,1,elephant,images/cartoon/hf_02749.jpg,0df9c8bf1a35a58d555eea115bbee3160c8b4f98381e62ba549eacb4b696aec0
2750,hf_02750,cartoon,1,elephant,images/cartoon/hf_02750.jpg,5d7c02ff425c3e4c3c31ca94acb17950ca7ffee64d216936d12a4452dc615fbf
2751,hf_02751,cartoon,1,elephant,images/cartoon/hf_02751.jpg,b0bd008102b1875d6e838aac95dcbc9828eca2474e2990e6d8c83fed67a5e648
2752,hf_02752,cartoon,1,elephant,images/cartoon/hf_02752.jpg,ea904cd944f8971b6431cdb4a81074591ae17c3f2d2584de748e464a10ffa3b2
2753,hf_02753,cartoon,1,elephant,images/cartoon/hf_02753.jpg,e25e8c489124f0913aa053f47020d385c9298bfb3c98fffb91f294b987695334
2754,hf_02754,cartoon,1,elephant,images/cartoon/hf_02754.jpg,5c2658d833dbdaff0b0d0ea39714c2770e1355ca1e916031e4524b94c8023aad
2755,hf_02755,cartoon,1,elephant,images/cartoon/hf_02755.jpg,8c8c95e5bfd0efed57f9cba69ef23b660d32541a662d52d7beca6584183016e5
2756,hf_02756,cartoon,1,elephant,images/cartoon/hf_02756.jpg,ba2685ea2c837d36d4cd2fcf373540615590b528ac630be23ce16f40dd440f97
2757,hf_02757,cartoon,1,elephant,images/cartoon/hf_02757.jpg,749e7d9365c817ef1b7d08e72a266060cfd92e6486e03f788dc952bcf6ac08fc
2758,hf_02758,cartoon,1,elephant,images/cartoon/hf_02758.jpg,b1a29b815d25e37a93ef198b325c7bbf658816eae637ebf2107c288d6019bbeb
2759,hf_02759,cartoon,1,elephant,images/cartoon/hf_02759.jpg,c53fccd89d1aa4deb0c4be58df541e29df5b56e436f36d9ccf2d0d6ae24a4bb8
2760,hf_02760,cartoon,1,elephant,images/cartoon/hf_02760.jpg,0524be33fcaef09946551c88e19fe38605cd20595360137febf6d9ffffc6cd2d
2761,hf_02761,cartoon,1,elephant,images/cartoon/hf_02761.jpg,0a22065e49b708b63edcc9f703904307e33db704909c2fb0e5a684c82237fe53
2762,hf_02762,cartoon,1,elephant,images/cartoon/hf_02762.jpg,d6d656a2a61b43eeb59dafb8b01f25c68c2fc1ffff6aa5cfa15f0e5c2908d51e
2763,hf_02763,cartoon,1,elephant,images/cartoon/hf_02763.jpg,578b88420acbe5a9130eae29398124f0b94a52276207a48c8a60a04c1918f940
2764,hf_02764,cartoon,1,elephant,images/cartoon/hf_02764.jpg,1cb4e857453b19cbfe3611266df9ff6fbfca9810f646048b365036c4315c3e9e
2765,hf_02765,cartoon,1,elephant,images/cartoon/hf_02765.jpg,d60be4647212493a5eeecae43391cf28c5a91fe791f36ca52b3c049cae545c1e
2766,hf_02766,cartoon,1,elephant,images/cartoon/hf_02766.jpg,10971a77cb6a6dd4150773ee4835a40f796107c6ac342b7b5efd6f7655c7dbb9
2767,hf_02767,cartoon,1,elephant,images/cartoon/hf_02767.jpg,787d371a3fd2401411b893deeb51a29961468aa6fd95cb3b98678142587d63f9
2768,hf_02768,cartoon,1,elephant,images/cartoon/hf_02768.jpg,e31b1d6b6c5400bf7f6cff4822ca9805820ec40ef581ffe78351caec50a10348
2769,hf_02769,cartoon,1,elephant,images/cartoon/hf_02769.jpg,f0898d5a459e310f58ec6d85f26f49d27cb0ce5cdc6774bbb8fc026dfe4f37d6
2770,hf_02770,cartoon,1,elephant,images/cartoon/hf_02770.jpg,5f3531030a340bbd3f0d530fc7a69c59a85badaa105ed2c92ad0031ce806501b
2771,hf_02771,cartoon,1,elephant,images/cartoon/hf_02771.jpg,a8ed2e0945912cd6ab084f4cf3a3b53f5ac0082d801414215cd071650356cb7f
2772,hf_02772,cartoon,1,elephant,images/cartoon/hf_02772.jpg,6745bcd14bd568d74d7a58c62f667088a44e27dca446b6f44e9651ca916bcaa5
2773,hf_02773,cartoon,1,elephant,images/cartoon/hf_02773.jpg,e0d779a3c5379a5b19fc3c03f0e3be156f39791eb78c77fe62a13b47ffb34686
2774,hf_02774,cartoon,1,elephant,images/cartoon/hf_02774.jpg,605239a7805eb8b817a2824359142155b6c75e26a71c01c898113b6daec32e72
2775,hf_02775,cartoon,1,elephant,images/cartoon/hf_02775.jpg,1e3320e696f290016680a754b5ec56a9606a8905b764d3b1aff91e1fce5b0658
2776,hf_02776,cartoon,1,elephant,images/cartoon/hf_02776.jpg,84d730e950e56ae755a727dc88dd2c8e22f7161bb72c38c36bb622ae486a2890
2777,hf_02777,cartoon,1,elephant,images/cartoon/hf_02777.jpg,08379f172a1b019a66418f445ac1d6f4f1dcdd3765b96dc8c025ee6bba64ce0a
2778,hf_02778,cartoon,1,elephant,images/cartoon/hf_02778.jpg,fe6d65aa1e3f736c5f06ac907dbffdb74b7aa8e4e5bbb0ad09ae99c7b0f636d7
2779,hf_02779,cartoon,1,elephant,images/cartoon/hf_02779.jpg,c814a87b24226ac500f9a861f716b11b943841f70ba181e42066d1708ae50296
2780,hf_02780,cartoon,1,elephant,images/cartoon/hf_02780.jpg,0843a13d7ca4e69c2cdb05d215425cfc66c1766e4001132fd40bfc39c33c669e
2781,hf_02781,cartoon,1,elephant,images/cartoon/hf_02781.jpg,2ceba8e8c3b467eed035e1157e36564b06ee4258f0bc0efe603c5969d70fb533
2782,hf_02782,cartoon,1,elephant,images/cartoon/hf_02782.jpg,b14a7e2597c8f24c8cedd42fd35e0a5ade68cdb33305a5891f3b916e93a702f4
2783,hf_02783,cartoon,1,elephant,images/cartoon/hf_02783.jpg,e28b360a1a3bc941da041174321fdf76012581a33f5c6fe5db5350459dc87a10
2784,hf_02784,cartoon,1,elephant,images/cartoon/hf_02784.jpg,2941bb2c1cf7ac04b4fef43286e91568ad6cd9709356c6eaea1a15c3e6a2e0eb
2785,hf_02785,cartoon,1,elephant,images/cartoon/hf_02785.jpg,551d3c1477dda4e419f84ec91ec1cf992674b696964fab39ff72288ecb122aa7
2786,hf_02786,cartoon,1,elephant,images/cartoon/hf_02786.jpg,1fff54ad4122aa4bb708a1be637dcf862c361e79e0993eb8be1db62d10d86fc3
2787,hf_02787,cartoon,1,elephant,images/cartoon/hf_02787.jpg,5a42742baa7c4e9736068dd229a366d56fe48d03ca9018a0a3c150de112e3d54
2788,hf_02788,cartoon,1,elephant,images/cartoon/hf_02788.jpg,b9410e6763066b198509bbf20323add59c8691d1bf7880325f6a29b866b7538c
2789,hf_02789,cartoon,1,elephant,images/cartoon/hf_02789.jpg,7c0380d2a5cf954cf7815457b5a4adcebfdd436d75ec0825f240225b3311bd0d
2790,hf_02790,cartoon,1,elephant,images/cartoon/hf_02790.jpg,f30d256a28df6c6205e534e1f81b372e6328b275a29d5557d568464b7960a3bc
2791,hf_02791,cartoon,1,elephant,images/cartoon/hf_02791.jpg,096093aebee2367079b36895633281d2590f1b798af13baa52f2b21086c02160
2792,hf_02792,cartoon,1,elephant,images/cartoon/hf_02792.jpg,d7c9a9f840ae4b1fa11d46f35ea54657a7a047c5125830cd18fda0c6bee04076
2793,hf_02793,cartoon,1,elephant,images/cartoon/hf_02793.jpg,3e8b2069ef3aecda32cfb8d6e1ce58b2a274379f5d7bbe6d651ba7f10d78089b
2794,hf_02794,cartoon,1,elephant,images/cartoon/hf_02794.jpg,f155fa7aad1b65723d4367d0161392cbda44a340a2cf831cf43f7a790b567f7e
2795,hf_02795,cartoon,1,elephant,images/cartoon/hf_02795.jpg,973323d5d9e322f73b91b8096d13dac0e56bba54dbb2f82e3943839978080527
2796,hf_02796,cartoon,1,elephant,images/cartoon/hf_02796.jpg,d880e03f96021f0f791121a6c3be4e0c6cb1be4722e6d0e5412ce21d64238f38
2797,hf_02797,cartoon,1,elephant,images/cartoon/hf_02797.jpg,b826aaf8e68b9825af0b248fc03b4d81c22c7200221c180413d31ae394f4f859
2798,hf_02798,cartoon,1,elephant,images/cartoon/hf_02798.jpg,2bfe670d8b180dc1cd8ac1cc65312ee0e8569c27ba42ead7dd1a38e5e77fab0c
2799,hf_02799,cartoon,1,elephant,images/cartoon/hf_02799.jpg,e3128bd7d8544b7764117bb5023dfb95a820a07ae5600ce9732bec3c10c41171
2800,hf_02800,cartoon,1,elephant,images/cartoon/hf_02800.jpg,9a0a899e20790ae5eb90dbaf79027965ba4843adcd1c354da5cdb5d0a548f2d7
2801,hf_02801,cartoon,1,elephant,images/cartoon/hf_02801.jpg,57f46bf71430cc6e99d0b75e03b8a8715e59bfb1c5ddca776ff63b24471f5db4
2802,hf_02802,cartoon,1,elephant,images/cartoon/hf_02802.jpg,345173c1d376aef117b00792bc43c6ce2b51f635c4ec0c939b8fe2a4be06a1fe
2803,hf_02803,cartoon,1,elephant,images/cartoon/hf_02803.jpg,65acd7639b3e03f658d7f673821ac4b74929b62c9b1d7e9c0b316c4ffb302117
2804,hf_02804,cartoon,1,elephant,images/cartoon/hf_02804.jpg,e3a55d58d590a2a3dd97b2b8e120015a70686c380bb01d44c3bb46a1b7851d85
2805,hf_02805,cartoon,1,elephant,images/cartoon/hf_02805.jpg,0deeb385b782dfe663d1c93eb6a3b7301e7fbd97f222e79f4761fe40f5384ae1
2806,hf_02806,cartoon,1,elephant,images/cartoon/hf_02806.jpg,13d72b62fc481988470480687a58f88277deb26cd806545f9f36a929edb9af58
2807,hf_02807,cartoon,1,elephant,images/cartoon/hf_02807.jpg,a36e3daf855d60eac02ce096d7e34e10f6646a316adff73b1dc28c641747f395
2808,hf_02808,cartoon,1,elephant,images/cartoon/hf_02808.jpg,d755ec826d1b3061b88f79bf2ed74cf256880166e5bff3f1d3e00689bba8d2d0
2809,hf_02809,cartoon,1,elephant,images/cartoon/hf_02809.jpg,404bce6cae3f1a1d0b6ecf8cce7d7695a49d9b56c4f3f0de10616c47baa4486c
2810,hf_02810,cartoon,1,elephant,images/cartoon/hf_02810.jpg,0855537645c857b4b7bce83244e458fc6cad9865d13d6394082396859eded06a
2811,hf_02811,cartoon,1,elephant,images/cartoon/hf_02811.jpg,4b7e86ee3108ffc8cfaa56a1d70e5cc8d99bcd2e1aa8cfb76f734519097a00bc
2812,hf_02812,cartoon,1,elephant,images/cartoon/hf_02812.jpg,d0d9cd744e0dad0958cb1ce13008bf74b4e3abbe86f2dc37d7cd36f017c8cda3
2813,hf_02813,cartoon,1,elephant,images/cartoon/hf_02813.jpg,42763c92933653916babef9e6fb759fd726e7ab6f28a4e0fa8d906a1de7d10e9
2814,hf_02814,cartoon,1,elephant,images/cartoon/hf_02814.jpg,c9963817e31a6136c9647798819adbe13572ea09334937b1c3c2b459d3bf11d4
2815,hf_02815,cartoon,1,elephant,images/cartoon/hf_02815.jpg,9d19fcca62a762caeeb0abd484850ccb4ee5324cf659d906087c16ef4ce37527
2816,hf_02816,cartoon,1,elephant,images/cartoon/hf_02816.jpg,d1755e333c394e8a714f324942c7128cb058457c4bedca26cdb784f216a90fa6
2817,hf_02817,cartoon,1,elephant,images/cartoon/hf_02817.jpg,28632dd2528b30cb67b456f355c59549a74f23b5a81cb9e245835fec1da0af68
2818,hf_02818,cartoon,1,elephant,images/cartoon/hf_02818.jpg,12f648a4e9842a966ca240e00f53fcf569903c8b667c258ab168cdb92fd021bc
2819,hf_02819,cartoon,1,elephant,images/cartoon/hf_02819.jpg,72f7d41d4a5fa3d1afae254cf2824f06667dbaec6b70c61293d57335c346ecdb
2820,hf_02820,cartoon,1,elephant,images/cartoon/hf_02820.jpg,7878deb4a0b1a106a72042b4ffb3672d31dc5bb5bb10ca21d253a6fd44847933
2821,hf_02821,cartoon,1,elephant,images/cartoon/hf_02821.jpg,718e4fb28e2f46c8eca1e77fcac453b59b3b0ceb354174ebb08d4a06a7a8c611
2822,hf_02822,cartoon,1,elephant,images/cartoon/hf_02822.jpg,f5709b1df72f20e5d3aa9db45d639efbac1fa81ac1dc8fd4ff02b2893c03cdec
2823,hf_02823,cartoon,1,elephant,images/cartoon/hf_02823.jpg,065ae0a02bd367cd3170903ba35c5d2cb2ed14a7c2256858ee1c8a72880b290e
2824,hf_02824,cartoon,1,elephant,images/cartoon/hf_02824.jpg,8e2c84535c4fda3957f7c63b0a56281fd661ba5f420c616b46f60ba14592e44e
2825,hf_02825,cartoon,1,elephant,images/cartoon/hf_02825.jpg,557f9bad7f36dad7880456b3e3be3f0ce4aa69e51d523a795f7d5043a1ee5ea7
2826,hf_02826,cartoon,1,elephant,images/cartoon/hf_02826.jpg,7af2dc1006dad5372b90a783b8afb94486d9cb2862a271d8c871c1d9fe100179
2827,hf_02827,cartoon,1,elephant,images/cartoon/hf_02827.jpg,999cf388cd10e9f4dcb0fea65ffd20f9a35ebe0336a3ba1a3bb0cbf9f0ce7ef5
2828,hf_02828,cartoon,1,elephant,images/cartoon/hf_02828.jpg,404a81681cad9dfbe2629442d978a89fce9b89f6822d7f7c8a43a6f49fea71ae
2829,hf_02829,cartoon,1,elephant,images/cartoon/hf_02829.jpg,944aa4a43dc93d85327dc29f29838d306e9beb2f2aabc93e6f8aab00d167b02b
2830,hf_02830,cartoon,1,elephant,images/cartoon/hf_02830.jpg,6f8069840255d26ed40fa3432be5793ed52940ef6f404d7e2353e388aa348f8b
2831,hf_02831,cartoon,1,elephant,images/cartoon/hf_02831.jpg,9b8f17fd33d1e997b961330ac2c2cd005d1716bcbbb08fdb5ccaf9bcf2f52400
2832,hf_02832,cartoon,1,elephant,images/cartoon/hf_02832.jpg,d3acebaea107e62f8d62687950562aef6b3e09fe6f5b597bd651300090012b71
2833,hf_02833,cartoon,1,elephant,images/cartoon/hf_02833.jpg,f258c2335adfd5fede92a02a31f87a8db76c8b38b5a241a6ea12b34bfc05d995
2834,hf_02834,cartoon,1,elephant,images/cartoon/hf_02834.jpg,f7e07c2131c207b4511930392bfe3b1e6f71185dfb6ab427150f0a09c8802b7a
2835,hf_02835,cartoon,1,elephant,images/cartoon/hf_02835.jpg,9c967c877bf9e31240793f58f7ded329fe86da6bf3817734e02c605a4b6cddf5
2836,hf_02836,cartoon,1,elephant,images/cartoon/hf_02836.jpg,c7be16783f042ec5e86640e924db4fff23971fc39a18e6d3e9c2630c9c95e7d7
2837,hf_02837,cartoon,1,elephant,images/cartoon/hf_02837.jpg,dcbf3ed6ad32d204a067344664ac76b6aa59184a702dfd3c2487800139c5accf
2838,hf_02838,cartoon,1,elephant,images/cartoon/hf_02838.jpg,d04d260ca46e9ceac952f7db8a9b42b26afb6446e72e3281ad6bf15e45a02038
2839,hf_02839,cartoon,1,elephant,images/cartoon/hf_02839.jpg,6e97c116dc7b9a503b10351341cc3bbfdb0279ebca66d4d35921c6d668ffaf6a
2840,hf_02840,cartoon,1,elephant,images/cartoon/hf_02840.jpg,c075bfc65608f075bf7f4f8c9912aacade8f4531a23c898af5db3a2268ea8706
2841,hf_02841,cartoon,1,elephant,images/cartoon/hf_02841.jpg,ac0494e76712e67bd39cf96eb68e84480ea5472a783111748668e9b310377d2d
2842,hf_02842,cartoon,1,elephant,images/cartoon/hf_02842.jpg,96b9d711af7927f50ec03190e5b66dce9428ae8aa0a885cbbe3fbcdc4b4580c1
2843,hf_02843,cartoon,1,elephant,images/cartoon/hf_02843.jpg,9b7132077e5dceaecc563f66ba46c263fe4912a20dc78c11b0efdd96ac809f11
2844,hf_02844,cartoon,1,elephant,images/cartoon/hf_02844.jpg,a81b8a8fbeae4a6c3484c4525c4f77f7a4369a66baf3e1c3065081f6ebd764d3
2845,hf_02845,cartoon,1,elephant,images/cartoon/hf_02845.jpg,482b38153d69a84f22389fcba444b594bcbaf22744688ea51110c6cebd0027d0
2846,hf_02846,cartoon,1,elephant,images/cartoon/hf_02846.jpg,fa7e69d992b5eff39d5dd5f7d3899f17e2186aff2c6e24d139f75826c63217b0
2847,hf_02847,cartoon,1,elephant,images/cartoon/hf_02847.jpg,c38a76d37e79eda5b727e1564d5c986e564eb8c64193774b5f1e71d77c25321a
2848,hf_02848,cartoon,1,elephant,images/cartoon/hf_02848.jpg,af53510580c8534e895813c79bd39d6f98ff628e7dcf149c0bf61279b1cb7b5e
2849,hf_02849,cartoon,1,elephant,images/cartoon/hf_02849.jpg,f36eb2c4d6b52e5530435bcc4dcaca9df0348d8ecd58bfc7116ed24356c46a68
2850,hf_02850,cartoon,1,elephant,images/cartoon/hf_02850.jpg,0a14df4c36ac603f67e7c2b742aad9ef42f8264f1c3c38595f7249101304d76e
2851,hf_02851,cartoon,1,elephant,images/cartoon/hf_02851.jpg,0c82ebee3b41f746d6de43ed925c20dc8d0094679af9620c31f2d49f84108dbd
2852,hf_02852,cartoon,1,elephant,images/cartoon/hf_02852.jpg,6ba0ac54660750f195ddff2887c05d3209969af86109a474991d26c488a9933c
2853,hf_02853,cartoon,1,elephant,images/cartoon/hf_02853.jpg,4281267a70722fb9b545eb44cb41e6c2d8d45e2faf63d46c88e6b417e00f2e72
2854,hf_02854,cartoon,1,elephant,images/cartoon/hf_02854.jpg,063077239bf7236bfa98559f055ffb438456ffa0b1d79b35aa56531703b221d3
2855,hf_02855,cartoon,1,elephant,images/cartoon/hf_02855.jpg,6ba3f96e7323cee080be818df42b9f1f6be0adfbe6bd4d547689d62e57dd4a42
2856,hf_02856,cartoon,1,elephant,images/cartoon/hf_02856.jpg,beaddf8ca45b45b928d783e665f4805fd7de962b980001b485960eeebfb5ee79
2857,hf_02857,cartoon,1,elephant,images/cartoon/hf_02857.jpg,a9270e896017cb40eca1376677ede7df701e231fb78f465b1dd13f2ea38ffc6f
2858,hf_02858,cartoon,1,elephant,images/cartoon/hf_02858.jpg,ca69aeb309d20162213e78580e5ba5b1993608453c982727f4c86aed355c2899
2859,hf_02859,cartoon,1,elephant,images/cartoon/hf_02859.jpg,1c2f66bdd58d42efc013d80f65d396144bf9f7fa1d6f2f686ea4faeb7b967b57
2860,hf_02860,cartoon,1,elephant,images/cartoon/hf_02860.jpg,c968e94e0fb1ad944b985a9df84076b2f2d4d79fbcef842c9048e4acdd98c501
2861,hf_02861,cartoon,1,elephant,images/cartoon/hf_02861.jpg,25ed40daba706fb7c2b99cf3abc11fd2a4ed8fc64e5617aaee1a2eb4652c2316
2862,hf_02862,cartoon,1,elephant,images/cartoon/hf_02862.jpg,1720980f91d93cfc0afbe740897bd24c235497731b764b33585a01eaae678521
2863,hf_02863,cartoon,1,elephant,images/cartoon/hf_02863.jpg,66ded60b4491fb49380831226c1a82a28d3c356275f1e7efaa7aba2c63d7227c
2864,hf_02864,cartoon,1,elephant,images/cartoon/hf_02864.jpg,b2900b594a3154e8551124ceabcdc1374fd297c6d1c8425777dbf01df1f0bd7c
2865,hf_02865,cartoon,1,elephant,images/cartoon/hf_02865.jpg,9fe5d05538a351e75d2131a47d6229e34fe0133288127427d2494d1df6e4d5a1
2866,hf_02866,cartoon,1,elephant,images/cartoon/hf_02866.jpg,6d03894011ee6fc335835c066b3aca430634b1fef13cb7cd40c6a3e897f8a979
2867,hf_02867,cartoon,1,elephant,images/cartoon/hf_02867.jpg,d538924015984c596d7b916c95a2a626d52e3d1d5d46cd87d24989aa860818a0
2868,hf_02868,cartoon,1,elephant,images/cartoon/hf_02868.jpg,d6910240ecd5cf68d8a0c3a668580ff80b2addc08edb34cecf8bdfd107129cc4
2869,hf_02869,cartoon,1,elephant,images/cartoon/hf_02869.jpg,687fb07b64bec5a50f7e9e0261d5850765e8d0102da93dd64981af48c20f3705
2870,hf_02870,cartoon,1,elephant,images/cartoon/hf_02870.jpg,dcfa77d231db3d42f5eafbcdbf2b378dc35d5a0279d2e234c78e2814913602f2
2871,hf_02871,cartoon,1,elephant,images/cartoon/hf_02871.jpg,0f4ef94d9a08ff146f6be696f87a6351ccf4d4d7684cc9d0eaf213b5563128e6
2872,hf_02872,cartoon,1,elephant,images/cartoon/hf_02872.jpg,648b0ee6cada26c5c2db5a631fdfb5cb939f19a90ed7e4450f8ffe04343eae6b
2873,hf_02873,cartoon,1,elephant,images/cartoon/hf_02873.jpg,356cf8140ea356cdc50c36399a77e219bd483a891c15da788cdf460adb49dcf4
2874,hf_02874,cartoon,1,elephant,images/cartoon/hf_02874.jpg,78dc5a90f11069befc23f573c1890600f5517cfbdd3eb908deea6721bff6b50a
2875,hf_02875,cartoon,1,elephant,images/cartoon/hf_02875.jpg,23f76665434ce5841fc03a2c855b7d8594c4b85f3aa0392c19a525607eddea9b
2876,hf_02876,cartoon,1,elephant,images/cartoon/hf_02876.jpg,00e5b142439ae1a90c7776115b0f17f4c0607bc863670bcc33bc8acb4f1c93b0
2877,hf_02877,cartoon,1,elephant,images/cartoon/hf_02877.jpg,36c21328a80dc1abdb84908154428da90dbd694c4a1b707d2963fdc7f5293db1
2878,hf_02878,cartoon,1,elephant,images/cartoon/hf_02878.jpg,b3327e5c7460e65f70a72b3dc932c743417d6b9b0ab6c1fd3641e9231b7b3cf0
2879,hf_02879,cartoon,1,elephant,images/cartoon/hf_02879.jpg,f722f031a9ddf2e8a71b44f37e8c5b767b9eb84d6580d8f2be7f91bc947bed4c
2880,hf_02880,cartoon,1,elephant,images/cartoon/hf_02880.jpg,60fe2bf1fe54fea9aa534711a76ad4c7e603cf710c96b961bf63675650d152bf
2881,hf_02881,cartoon,1,elephant,images/cartoon/hf_02881.jpg,cfb8c5d8c21c28c63ad052d7d1076d4208d59b5d8bfb87db474bcce22213cea8
2882,hf_02882,cartoon,1,elephant,images/cartoon/hf_02882.jpg,b628d1002054ae841f76a012e5745d16832b2643c823f55fb5a144e63394b9f9
2883,hf_02883,cartoon,1,elephant,images/cartoon/hf_02883.jpg,a2bc3164770f6198fc5e79abbc991ffa2992d59a9ff8764de5a871ee2f175588
2884,hf_02884,cartoon,1,elephant,images/cartoon/hf_02884.jpg,5853d36261c7983f0c9021b444c1389d2720dd99289177da440e45b2cecce339
2885,hf_02885,cartoon,1,elephant,images/cartoon/hf_02885.jpg,acfd364b849de4a73411d4c9f1bb50974d5138b4c1b89e6aca87a183796f55a2
2886,hf_02886,cartoon,1,elephant,images/cartoon/hf_02886.jpg,a6b0ea7bffdb80bcd1358f025f2e3e51de27d6c32ff068b3d7e6bd2c9797714c
2887,hf_02887,cartoon,1,elephant,images/cartoon/hf_02887.jpg,a74d7e56b6a15e46ebca093f78ee17b291385af5106d81cc55d9258cad66f890
2888,hf_02888,cartoon,1,elephant,images/cartoon/hf_02888.jpg,d9c4e9b17b9747e1b41c7a22df698b0b9d94dd99d710fc4bd105a0b500e8bec3
2889,hf_02889,cartoon,1,elephant,images/cartoon/hf_02889.jpg,881c801649eeca91a90a8065e79661d3cbb4f2703089689198a852fd7abee5e2
2890,hf_02890,cartoon,1,elephant,images/cartoon/hf_02890.jpg,a83119e695dd44f290dd11994fcab30b01959beeb953f5846c5913ae405bd777
2891,hf_02891,cartoon,1,elephant,images/cartoon/hf_02891.jpg,4501ebce161c3d6ff43eb4991b29cd81b59ca9aa5e4f3eba8a9187035b731566
2892,hf_02892,cartoon,1,elephant,images/cartoon/hf_02892.jpg,c4b0ad0742bd29434ff808014531848935660b63990817e95d00205c98224c51
2893,hf_02893,cartoon,1,elephant,images/cartoon/hf_02893.jpg,0e5e442a1fa52e70ef26e52b4565d82d10e8d8afe6b57cb635b75ee18844c2b4
2894,hf_02894,cartoon,2,giraffe,images/cartoon/hf_02894.jpg,7dfb480c49ea0c77558d767afb22be819a8273c5f15bf7c5287fbde7909a7f44
2895,hf_02895,cartoon,2,giraffe,images/cartoon/hf_02895.jpg,33887d615cb0e0beeeed86a11752c4bc75a281ceeef2fc4878e0bc750e8e5389
2896,hf_02896,cartoon,2,giraffe,images/cartoon/hf_02896.jpg,20f749b937fa7c27c35eda3d92327862c6e8e80b91813ad58e82afbc5952ad8d
2897,hf_02897,cartoon,2,giraffe,images/cartoon/hf_02897.jpg,028cf36b1ca4026a140e011f5df40b9681592eb66e6c3593523ab2b22c270b73
2898,hf_02898,cartoon,2,giraffe,images/cartoon/hf_02898.jpg,3cdc96c06a233131d38af53dd1e38588c707444a5f21b6b7aa791709c255b859
2899,hf_02899,cartoon,2,giraffe,images/cartoon/hf_02899.jpg,291052d34d85d34b3700fc5fb1911386ca2d615b880d9404b7bcb61fa614befe
2900,hf_02900,cartoon,2,giraffe,images/cartoon/hf_02900.jpg,c75d5aad87924173c9ac622ea765441a18c40646d726285d0c346edb30cc9e87
2901,hf_02901,cartoon,2,giraffe,images/cartoon/hf_02901.jpg,a3b93fb95f597ea718f532349376bfe9f023626787cd3e2c1dd63cb9d092c0b7
2902,hf_02902,cartoon,2,giraffe,images/cartoon/hf_02902.jpg,76c225ee0fcb9346520cac9ecd95a8eeb5f75c9e3f68e6c6ef47ef3b110970dd
2903,hf_02903,cartoon,2,giraffe,images/cartoon/hf_02903.jpg,512f81825f6fe9c34ea2032031713a4ea7aca973ae597a83fac70d4c38117436
2904,hf_02904,cartoon,2,giraffe,images/cartoon/hf_02904.jpg,9a1be4cb0c3c2bb40c622f87f17eeea9fada5e033f662be05c4999ba1a05c7aa
2905,hf_02905,cartoon,2,giraffe,images/cartoon/hf_02905.jpg,d66c25159d6de51e9496cb123bdf97d5f51a69556ad3a0604240a82db85a536b
2906,hf_02906,cartoon,2,giraffe,images/cartoon/hf_02906.jpg,1737a467e823aa97a290f363ff85535f7a21c1d9ae81d18dadc838f7e71a2947
2907,hf_02907,cartoon,2,giraffe,images/cartoon/hf_02907.jpg,ac3bf275833083a5a669b753ca434c966a94fc8b654fca270c95887585d4c615
2908,hf_02908,cartoon,2,giraffe,images/cartoon/hf_02908.jpg,6653828a640f8c701e0559b65fc1866766e1aac3ca827a418c0161066d1ce20f
2909,hf_02909,cartoon,2,giraffe,images/cartoon/hf_02909.jpg,146b4d8a3ec2c286feadbd589e1cf38a30cfe5a77e04c3e10b41bf895e7daad7
2910,hf_02910,cartoon,2,giraffe,images/cartoon/hf_02910.jpg,d5a9e5978ff8bc15d8d37edbd1a999b9f1f1210197d2eade352057479e5c5659
2911,hf_02911,cartoon,2,giraffe,images/cartoon/hf_02911.jpg,dbae8a90d7f5be23fcbe5fe27ec2ec7f00402ec26b70b0bc9b5c51b70441cc24
2912,hf_02912,cartoon,2,giraffe,images/cartoon/hf_02912.jpg,a377222f81bfd3aeffccd5da546bff263cdc356c18064e770e93b244bcd017fd
2913,hf_02913,cartoon,2,giraffe,images/cartoon/hf_02913.jpg,22edd9d3563fd5277d903ab68c7c2c95de38594512671c045601b98e124fb060
2914,hf_02914,cartoon,2,giraffe,images/cartoon/hf_02914.jpg,b805f84a752c3fdffcaf6f5a2c9c2eb68854e34b70418b791bdda4ff88b28747
2915,hf_02915,cartoon,2,giraffe,images/cartoon/hf_02915.jpg,cb17da7f657b9b862b626ed6de2d00964ea2383dc0f8610046dea69d740004c6
2916,hf_02916,cartoon,2,giraffe,images/cartoon/hf_02916.jpg,5b371ea0b67ff1a32cd58a50de65e62a8b4be1ed07c3c0600983513e69102100
2917,hf_02917,cartoon,2,giraffe,images/cartoon/hf_02917.jpg,d3c7d6788974a0278f8fccf1b75b02ca71c5dfc89674b5a2722aeb5a8013ef22
2918,hf_02918,cartoon,2,giraffe,images/cartoon/hf_02918.jpg,2ee4c92e582ada9c1170dfbcf41b895d4908bb6f03dd828565ed25c5b734131d
2919,hf_02919,cartoon,2,giraffe,images/cartoon/hf_02919.jpg,26491460998df7a538d72113409276a8e796f7bbce20fd2d0aa62b4a9c229016
2920,hf_02920,cartoon,2,giraffe,images/cartoon/hf_02920.jpg,e59778f5a7ef4f6b363da0d55ebefded845ae233cef164dc7cbd8063e993473c
2921,hf_02921,cartoon,2,giraffe,images/cartoon/hf_02921.jpg,89c024d9295721840f6bb7e985f2d730b14cc3b9d1c73d157fa7617aea4491ec
2922,hf_02922,cartoon,2,giraffe,images/cartoon/hf_02922.jpg,9dc8c32e7bc6a69644b7498f8bc1b6c249d46434645ff8e887f0cb1a194f1f20
2923,hf_02923,cartoon,2,giraffe,images/cartoon/hf_02923.jpg,02ff01edec35133f7b44242d040ca138ac1ff308a77f4ea7298e103bad396777
2924,hf_02924,cartoon,2,giraffe,images/cartoon/hf_02924.jpg,d91dbce02be7863eca0c4f8bb2550d0b639bef5a3c5b13ea5f2d0bfab0982da0
2925,hf_02925,cartoon,2,giraffe,images/cartoon/hf_02925.jpg,da5147ac15d43b910f4ca1b3ec4b564802e33652369f3254d143b34662a43ef6
2926,hf_02926,cartoon,2,giraffe,images/cartoon/hf_02926.jpg,05e4c044daa12ecc0ccf1b654d3a00e15604deafe557703dc4251f7c34797316
2927,hf_02927,cartoon,2,giraffe,images/cartoon/hf_02927.jpg,cba43a896320a509b207d5e6b35285f047f03dffb3bc88d61e5d22b0bbb50ffe
2928,hf_02928,cartoon,2,giraffe,images/cartoon/hf_02928.jpg,af581b076a79cf6606896de2cbdebbd507473d50cab88dd84ac3075ef6be6431
2929,hf_02929,cartoon,2,giraffe,images/cartoon/hf_02929.jpg,33e7e968746bdf8dec359da7bbfcada6e97943ec0f83f0467b6cb0d1192519e8
2930,hf_02930,cartoon,2,giraffe,images/cartoon/hf_02930.jpg,c7a659a34fafc5736d8b51980c19382d74f42e6b771fe1e71a0de8ad63b72a1e
2931,hf_02931,cartoon,2,giraffe,images/cartoon/hf_02931.jpg,2d438e3b8e72935432653fc494b76bff7506f8300fa1a8bdce044a37eeae3fb3
2932,hf_02932,cartoon,2,giraffe,images/cartoon/hf_02932.jpg,27e43443831c17e8563f7a6370a54d6072edaf56c2292103528e6abc892ac0f9
2933,hf_02933,cartoon,2,giraffe,images/cartoon/hf_02933.jpg,bbd8bc332bda697e0ac17a9e140b90ef64ddf0d137255b2ce681c4e0341ae52c
2934,hf_02934,cartoon,2,giraffe,images/cartoon/hf_02934.jpg,52522f5e84fc071db2c3e87088516839b5275a01d7dbd909b12c58e272e3cee6
2935,hf_02935,cartoon,2,giraffe,images/cartoon/hf_02935.jpg,4135380ddf4d4c1dbc1492fda18512936fe82320d1f79c2cf06004df13052ef1
2936,hf_02936,cartoon,2,giraffe,images/cartoon/hf_02936.jpg,e46b79ca0da7197afd0aa041221dc4520b8b2851a18d4230c13ba27364db66d9
2937,hf_02937,cartoon,2,giraffe,images/cartoon/hf_02937.jpg,42eb42bd1621d650409ce9643174acb9df52b1af8732da1425e3918e1b1dce14
2938,hf_02938,cartoon,2,giraffe,images/cartoon/hf_02938.jpg,f2add12b4684ece8a04e2c3bb7bff7fc62c963332834a522d34021bab57912d0
2939,hf_02939,cartoon,2,giraffe,images/cartoon/hf_02939.jpg,9d2fa28307659a523a82c530751baa49c92df4f4b25224d91548bf7190e014f6
2940,hf_02940,cartoon,2,giraffe,images/cartoon/hf_02940.jpg,5d1b6b5441f88fc7182586b24009c50d04d9de2a9666305b9a6571cef7f1abdd
2941,hf_02941,cartoon,2,giraffe,images/cartoon/hf_02941.jpg,bbb19b0b0c55a46b58c894a3ea824ddd7a1843519de55da406bdccf64e7ba74a
2942,hf_02942,cartoon,2,giraffe,images/cartoon/hf_02942.jpg,be3ee4ef3e363079bee761353c7ff1d3ef52e18323d4f639e8d726c884bd8ff8
2943,hf_02943,cartoon,2,giraffe,images/cartoon/hf_02943.jpg,d199fbdffa7b4c12da9a050589629ee6a811b9f1bb5252e11ebaeaf81d56bde6
2944,hf_02944,cartoon,2,giraffe,images/cartoon/hf_02944.jpg,7044d9f5bde99644c84e361f4e23ac4115950e168c82d9fa76b8f469053f173b
2945,hf_02945,cartoon,2,giraffe,images/cartoon/hf_02945.jpg,fdbf35d97e12ce21ce9b6e5b11557b319d67fca6db4f9d4c26ec5f10e8bb3258
2946,hf_02946,cartoon,2,giraffe,images/cartoon/hf_02946.jpg,c91ec2d90dcf4bce483cb03013d765f64db27d7bf495650b8d2a36e33b0ca66e
2947,hf_02947,cartoon,2,giraffe,images/cartoon/hf_02947.jpg,e8c2f952b85e98d7e947fb4fdea177869b3d0788ee9d7000dd9cf13a5f2a1abd
2948,hf_02948,cartoon,2,giraffe,images/cartoon/hf_02948.jpg,957b0e1356fae866168332c4d7e2f5092fc3e0f4ddfa1c1c231626cf90f49b0e
2949,hf_02949,cartoon,2,giraffe,images/cartoon/hf_02949.jpg,9b439653f1c8065df2551f0a099eda1d884e94c0a5ae852100c147eba7afed34
2950,hf_02950,cartoon,2,giraffe,images/cartoon/hf_02950.jpg,72d7a349128904735c9711088d06456e9956e7fd5e917a46d743711fbfb141b4
2951,hf_02951,cartoon,2,giraffe,images/cartoon/hf_02951.jpg,af075f74dc1075621b1a0a652fca755fa840cf77eebaf85d3abd07e95d20bbab
2952,hf_02952,cartoon,2,giraffe,images/cartoon/hf_02952.jpg,469121e3818eade7cb533f9497d42aef09914f2c95d7da843c6a869e4787c5a5
2953,hf_02953,cartoon,2,giraffe,images/cartoon/hf_02953.jpg,0ba3b98a905be1d041078d8dd36f80ce4d2e0327c5440757309052dfc2eb0339
2954,hf_02954,cartoon,2,giraffe,images/cartoon/hf_02954.jpg,d1a1f4fd3b38cba69186dbdd47c9acdcf1a197c45803539e17c1b82178f7c1f8
2955,hf_02955,cartoon,2,giraffe,images/cartoon/hf_02955.jpg,1e4d6bc5135d34bf3ccb7fed313c4e0e61a4f16c54c3c88e9a1d90187dc382b1
2956,hf_02956,cartoon,2,giraffe,images/cartoon/hf_02956.jpg,1bc0e12c8d6a59983b02df292cfa705a17926d0a92bd6f9e287fdbdd568f0d36
2957,hf_02957,cartoon,2,giraffe,images/cartoon/hf_02957.jpg,2da8fd3fcfdc5b9d3d564584c1002efb3a793bb33474e730a55a69cd3c73392d
2958,hf_02958,cartoon,2,giraffe,images/cartoon/hf_02958.jpg,fea91aeb3771d4855d32b242a13dc2768aff5eab919ff772e330ca57895f5a49
2959,hf_02959,cartoon,2,giraffe,images/cartoon/hf_02959.jpg,ec2b93b4fdb2d9366995bbba6837a3086586a54944295f73d4af5749f679b39c
2960,hf_02960,cartoon,2,giraffe,images/cartoon/hf_02960.jpg,6e66b6359c0d0d45044c1ea9f95cf7d6b71b6ec2e569853a148c2359913a0b7e
2961,hf_02961,cartoon,2,giraffe,images/cartoon/hf_02961.jpg,6ba504ac4a30621e5ae4e80616a07f01a327556700c786bccb769c3a92d42135
2962,hf_02962,cartoon,2,giraffe,images/cartoon/hf_02962.jpg,4c3262a154018df17d6c83e7cc3693391dc6a4270449659925fa68a6c6e9027a
2963,hf_02963,cartoon,2,giraffe,images/cartoon/hf_02963.jpg,4ffc1d9177e3d2780cededc859d73bf0aa1eb57b921ca1bf74bf03b5aeb64bb0
2964,hf_02964,cartoon,2,giraffe,images/cartoon/hf_02964.jpg,c05818cbe85aca4ec3505568a817bb06f8ea0ea0b7593e4a549cfc2c5b776e1e
2965,hf_02965,cartoon,2,giraffe,images/cartoon/hf_02965.jpg,7f2bbb5a035280693b5a527615331de2e6eb421970c6e88906e9adbb883b2c2f
2966,hf_02966,cartoon,2,giraffe,images/cartoon/hf_02966.jpg,b2ad61b5499b93816a7301aad18e0cd4c6cc75f4e48a8e473e25eee938d03a5e
2967,hf_02967,cartoon,2,giraffe,images/cartoon/hf_02967.jpg,fdd961bc038794cea0380cada0ceb512021aeb9b888722aaec1b42f7123047b3
2968,hf_02968,cartoon,2,giraffe,images/cartoon/hf_02968.jpg,0f3f7a8ace1c5491c4881174638aca581c9a99cee65eb087aaa5772528afc8ee
2969,hf_02969,cartoon,2,giraffe,images/cartoon/hf_02969.jpg,d7f360be0bd934d414165f0a200c3af0da3d38a1a9f526810a2f7b84426af447
2970,hf_02970,cartoon,2,giraffe,images/cartoon/hf_02970.jpg,ad4f4ed51cdeaad28bb65465e59c7bd2fcb60d7d698998b600995195bec83487
2971,hf_02971,cartoon,2,giraffe,images/cartoon/hf_02971.jpg,cedafd2d9d78a229938d6201b47f5bfd9cec7e3ba360d4b4c1e04ea230d2c641
2972,hf_02972,cartoon,2,giraffe,images/cartoon/hf_02972.jpg,008cb93f1e68e45940e35f9115738e7627379b3d5fb2ab9b6f89c7c57ca9788f
2973,hf_02973,cartoon,2,giraffe,images/cartoon/hf_02973.jpg,bd084e6bc89abeade7a129f32b1c876f7d45a6c08c4f87d1c0b6fd809a363424
2974,hf_02974,cartoon,2,giraffe,images/cartoon/hf_02974.jpg,51b69b7a4702eb1e08a7f47b3057379791f2dcbc7a9cf12b77d5e526d09b42f1
2975,hf_02975,cartoon,2,giraffe,images/cartoon/hf_02975.jpg,a0865563532a698c13925bb9008bfd4611ed8b9b88171d41d6a112949fd037b7
2976,hf_02976,cartoon,2,giraffe,images/cartoon/hf_02976.jpg,0f3caee8e53cd005f7b87d8cd62d0dc46827200bb01aea50b65bf29e8284d5ea
2977,hf_02977,cartoon,2,giraffe,images/cartoon/hf_02977.jpg,ba689ede6dd153a0de69115873c7558bbdda52733a53c42dace2df6848f56b8d
2978,hf_02978,cartoon,2,giraffe,images/cartoon/hf_02978.jpg,ce4d75140303310eee96952d79c0c4067ab2223eace6ffcdbcbfee8bb671c87f
2979,hf_02979,cartoon,2,giraffe,images/cartoon/hf_02979.jpg,fb98442ebbc3f9e6096903c780b375d56c8d2604413ace4ab4b66d7806381881
2980,hf_02980,cartoon,2,giraffe,images/cartoon/hf_02980.jpg,309f4a3b9e180f6b6eb050a2b5089b32ad0aeb475eb53c1257fa53dc18be3b6a
2981,hf_02981,cartoon,2,giraffe,images/cartoon/hf_02981.jpg,3ff056a54e6d6efc7a743f9e690677c4cc3c265725859d73c780b7775a6ae4b7
2982,hf_02982,cartoon,2,giraffe,images/cartoon/hf_02982.jpg,0a195b3db37bd3b278f3998543fed36295fd46e1e4518145ca45d0ccd130e5e5
2983,hf_02983,cartoon,2,giraffe,images/cartoon/hf_02983.jpg,378b17efa10450819d79bc134ad92d04938226511a9cb406d1bc03f6313dbc4d
2984,hf_02984,cartoon,2,giraffe,images/cartoon/hf_02984.jpg,06be48d4427564d1529bd99ad6c9e41fba4fbca0bb4f8a76739eac98062e4806
2985,hf_02985,cartoon,2,giraffe,images/cartoon/hf_02985.jpg,d7e9e3f3c43b793beb7b4dca2e9b61d12cb21078b726913cbcea6567ebf63238
2986,hf_02986,cartoon,2,giraffe,images/cartoon/hf_02986.jpg,5808f822fdd9a22f4fd5b526d467a8c83c2e2e6e4cc37b3ecc6e752b465bc4e3
2987,hf_02987,cartoon,2,giraffe,images/cartoon/hf_02987.jpg,cc76fd60a0984c72fc89137c52a31f6d14ae7b3c372c94bf5338ce551c95a805
2988,hf_02988,cartoon,2,giraffe,images/cartoon/hf_02988.jpg,650687a412083ffb5d6364390220134a868e40159e164af2362763c3545f997c
2989,hf_02989,cartoon,2,giraffe,images/cartoon/hf_02989.jpg,64caf98efec956215fbe30068e57b609e5a878d8d87d0720b4421c8f19203300
2990,hf_02990,cartoon,2,giraffe,images/cartoon/hf_02990.jpg,ff13075ceb070e90f516ac3617b1aa3c6e489e6f7dfb4af0a9a5b617b29b9d2c
2991,hf_02991,cartoon,2,giraffe,images/cartoon/hf_02991.jpg,b9875234321665dda21b2142c99c22be07bb4f8c6d918c7592113e6a8e750b7c
2992,hf_02992,cartoon,2,giraffe,images/cartoon/hf_02992.jpg,63badef5feeb0f60fd2065ba2f6497dd61165b42d57f1a56b22d0227ded90ae4
2993,hf_02993,cartoon,2,giraffe,images/cartoon/hf_02993.jpg,aefd41ec6b2fa3c2798a8677cc89b8e5a6fd2f237e3724738da1a82fbca6ed90
2994,hf_02994,cartoon,2,giraffe,images/cartoon/hf_02994.jpg,8563d4ae4595da9f18d11f3a69c1843757e4dfb411da94420ebceff3c93ac9a9
2995,hf_02995,cartoon,2,giraffe,images/cartoon/hf_02995.jpg,99f3b710fc2c6e687145b7767ec3f54f708caa04adee8217bfceb3129043317c
2996,hf_02996,cartoon,2,giraffe,images/cartoon/hf_02996.jpg,2b8dccd8e0b079ab06f840c5217794f0243c6b696e12f029b33e1296009aedb8
2997,hf_02997,cartoon,2,giraffe,images/cartoon/hf_02997.jpg,bb7e27ed627acc427bf3996cc3ed54076e342ef7b908959de2c3df74ebb3fa02
2998,hf_02998,cartoon,2,giraffe,images/cartoon/hf_02998.jpg,5b81ee525af99373a1482c45a28fd127bed27aa450410f5016e0c18f8f2a180b
2999,hf_02999,cartoon,2,giraffe,images/cartoon/hf_02999.jpg,793f89ea11904425cb5ddd83ecd4d6c9cd9ef0d3484c875c960f08467c0738bb
3000,hf_03000,cartoon,2,giraffe,images/cartoon/hf_03000.jpg,717497dc3809ae158908744d5f453afdd754f0400b65ce34233350f48f5a4430
3001,hf_03001,cartoon,2,giraffe,images/cartoon/hf_03001.jpg,f8b0f86b04eb992c36888be56559bd5b34210fa63445f52fd6be649d1e0d80d4
3002,hf_03002,cartoon,2,giraffe,images/cartoon/hf_03002.jpg,4c0df95bda458fae1706a98ced693b3eba6de018afab89e87e9969ffb13bc394
3003,hf_03003,cartoon,2,giraffe,images/cartoon/hf_03003.jpg,ba2d5cadd4f307c26610abd3df92d0270a256d8a24d4be6fb4f1951a4fe73178
3004,hf_03004,cartoon,2,giraffe,images/cartoon/hf_03004.jpg,cdf85d1cbe99a475087cca591c8fd2ad80fc635f78c70b4e2619ada77d560211
3005,hf_03005,cartoon,2,giraffe,images/cartoon/hf_03005.jpg,649cbfa3830d5bd2316c878f0f6d8ccbed0ac780d450d4ed2694ca761f5ea5a2
3006,hf_03006,cartoon,2,giraffe,images/cartoon/hf_03006.jpg,3564fa4716bcae56f984f9a14db49d9a7de5461e292eb119964c3522e5961428
3007,hf_03007,cartoon,2,giraffe,images/cartoon/hf_03007.jpg,8165f80ec02f4b387dd41c9da20b1c0f5ea70206d58d40920fc491c3eab898d9
3008,hf_03008,cartoon,2,giraffe,images/cartoon/hf_03008.jpg,e46da036299b54f3a8d2f47445d95e4a0d6dabfcf875df946376f98b24addc51
3009,hf_03009,cartoon,2,giraffe,images/cartoon/hf_03009.jpg,173734b161575266d0697d6d2b1958a1c61a1fa62b8b58e02365b74acec047a3
3010,hf_03010,cartoon,2,giraffe,images/cartoon/hf_03010.jpg,7765f4707f3a9006c7ea918c922e85edeb67642a6b2139cc8672cc1576189b3e
3011,hf_03011,cartoon,2,giraffe,images/cartoon/hf_03011.jpg,fe74141b59e717c645fd03cfdec874b1c519e37b48757a816b8a48fe2dc417f9
3012,hf_03012,cartoon,2,giraffe,images/cartoon/hf_03012.jpg,ddb42f3f8a82213a950b5f6dc1fc0d404ef2269ef689b4a6c700100be2b9ed76
3013,hf_03013,cartoon,2,giraffe,images/cartoon/hf_03013.jpg,bef43647bd06ece3ca4fde6f221f8bcd9e6a3119fa7e1e7c1db738c0cb00f6fe
3014,hf_03014,cartoon,2,giraffe,images/cartoon/hf_03014.jpg,991e8e78b00af5dcd57b2e4db6837e71781b0bbad0a07537bc0a2b6d75d4d8c8
3015,hf_03015,cartoon,2,giraffe,images/cartoon/hf_03015.jpg,4a338d699c7093f77aa5a370e140557d1ac60eecbb370635777b1bb095c8f787
3016,hf_03016,cartoon,2,giraffe,images/cartoon/hf_03016.jpg,ee74c0739e4115d961de66542acaa35095e1eb0f71e79297d02a4a41bb0a8cd5
3017,hf_03017,cartoon,2,giraffe,images/cartoon/hf_03017.jpg,fc9f2bc58ad6ab6d8ccdeeae052b2d166335a06595bd798f80a62bdad5176ea2
3018,hf_03018,cartoon,2,giraffe,images/cartoon/hf_03018.jpg,71db38874331be05f72ad733c8bb166b8ca7bcf448fbaf6b333554ee8ab0c81c
3019,hf_03019,cartoon,2,giraffe,images/cartoon/hf_03019.jpg,8b71d101f4692c62f5808c8c8acf8ed7939c8a472a8dffc3e5da8695196d4521
3020,hf_03020,cartoon,2,giraffe,images/cartoon/hf_03020.jpg,f4716dc72751407975d47e71c8c8617cd83421edcf4747181916c4e34fc7941f
3021,hf_03021,cartoon,2,giraffe,images/cartoon/hf_03021.jpg,61d5af0d01f3c5de5fd20c40ff3c6b2e074b84d3fcda87a7b3814d39199957bc
3022,hf_03022,cartoon,2,giraffe,images/cartoon/hf_03022.jpg,6a59ff6aa85c77b72fbabbc266b3c2fbd7916abf58427009de460d3252911f81
3023,hf_03023,cartoon,2,giraffe,images/cartoon/hf_03023.jpg,63c0b022a06941aceb2fa377cea55091a60f350e6996ba1ca20a6c09cd131d6e
3024,hf_03024,cartoon,2,giraffe,images/cartoon/hf_03024.jpg,811dce75894d1ab547e060f4aba14568b25f5c54d2cc4a154b933303da512072
3025,hf_03025,cartoon,2,giraffe,images/cartoon/hf_03025.jpg,655f4935b8a9beeb95b38f57961b23a8d1bc966129ec5ff3fd09330b7fbf0ba7
3026,hf_03026,cartoon,2,giraffe,images/cartoon/hf_03026.jpg,29d404398b7005b8a41f22e7bb9f932e52e98d83990fa45c53a3e04455e1e206
3027,hf_03027,cartoon,2,giraffe,images/cartoon/hf_03027.jpg,733edb74093cb809a3106a54338946f699440c10656203d260bfe1e35278ab7b
3028,hf_03028,cartoon,2,giraffe,images/cartoon/hf_03028.jpg,326f925ddb6df39b6fb4c5b0e844658073b16cd990cb1a214c446dfd8ed82e73
3029,hf_03029,cartoon,2,giraffe,images/cartoon/hf_03029.jpg,07589edbb023a8b8071b578e5bfcadb4079d69e2d84ab0e69ba3ee26affd35f4
3030,hf_03030,cartoon,2,giraffe,images/cartoon/hf_03030.jpg,cee17233d5832049f2ae88637b5f01a8507eccc383ac60cb92ee5bd3e4558dd7
3031,hf_03031,cartoon,2,giraffe,images/cartoon/hf_03031.jpg,0267994423f7b233d7691d50a98410ef8616106d95d9f3858e5bcb6736525b52
3032,hf_03032,cartoon,2,giraffe,images/cartoon/hf_03032.jpg,3e2efc4e9eeb55efc35157a4d58eb6a529254b45e9e42a3e9b72d22f7fc847eb
3033,hf_03033,cartoon,2,giraffe,images/cartoon/hf_03033.jpg,5b5889ed63ca2994d06bcc7fc8af11d18646d4ef0316847b81d80c5d54082141
3034,hf_03034,cartoon,2,giraffe,images/cartoon/hf_03034.jpg,51f90299def6613237a1088b26964d5b08f8245b2c329c9a445fd99dd98b50cc
3035,hf_03035,cartoon,2,giraffe,images/cartoon/hf_03035.jpg,931038ab31beddc9e03cebd7616b77db3c9365dca9c83ca27996556bf31e9dd5
3036,hf_03036,cartoon,2,giraffe,images/cartoon/hf_03036.jpg,964ffa13fcbfc49e7569feeeb12f6c14f82f93102dab3e0b8531589a8c2aa737
3037,hf_03037,cartoon,2,giraffe,images/cartoon/hf_03037.jpg,6b711364baa56c253ddf6aba1e63aa913656ca05fba7c35a10b71307cd0ab9da
3038,hf_03038,cartoon,2,giraffe,images/cartoon/hf_03038.jpg,05c597657da63cdcc87b2148381cf41fcfb3190a1a25d3a7e38c03550cc86ea7
3039,hf_03039,cartoon,2,giraffe,images/cartoon/hf_03039.jpg,9984f53c2dfad4aa2548a003a5db000c22b82889703f4e953a5f61531d3f9e8a
3040,hf_03040,cartoon,2,giraffe,images/cartoon/hf_03040.jpg,f3cd57e61f310a0481965e5244fa48cec9a78edbad81657d01f96928f586932f
3041,hf_03041,cartoon,2,giraffe,images/cartoon/hf_03041.jpg,0bd661b3de377a68e2f8fde31ba1d68c9477ce331bae3e328517f3ae4b964742
3042,hf_03042,cartoon,2,giraffe,images/cartoon/hf_03042.jpg,9ad354acedc9210d7478a675750e1ad9a48546dbdddbb7cf2049fd5721a1c1eb
3043,hf_03043,cartoon,2,giraffe,images/cartoon/hf_03043.jpg,50cf8d37843f8ae539404441bb06d5d6c00dee7ddfe29693a61d432e89e5458b
3044,hf_03044,cartoon,2,giraffe,images/cartoon/hf_03044.jpg,8de3b8affdda3ab3cb87882be0139fd4515c5a56bb25c51954a1295c0880ffc7
3045,hf_03045,cartoon,2,giraffe,images/cartoon/hf_03045.jpg,3fab9945831bd80cf4d0b9cfda99aac802820191fde03437529064de8e0707f7
3046,hf_03046,cartoon,2,giraffe,images/cartoon/hf_03046.jpg,cdf9a0fcd93359ad6ec3f88e7fea2fada0e67d6861ede402fc559bbad4f0cda5
3047,hf_03047,cartoon,2,giraffe,images/cartoon/hf_03047.jpg,8c07707d4d099a44717aea7d7de7aed63595eb6d4beaff694be377cf6ab9b765
3048,hf_03048,cartoon,2,giraffe,images/cartoon/hf_03048.jpg,63e9f850dfc5f749af6c23eb26b5dc58a3710fd127de2399ff3354245ea0295b
3049,hf_03049,cartoon,2,giraffe,images/cartoon/hf_03049.jpg,f5ed24543dd319e7f066c3a242df50468254768c78b124bcee702692aadcb979
3050,hf_03050,cartoon,2,giraffe,images/cartoon/hf_03050.jpg,e766f559659f0058b3c63b1cab520523db0a74c0f32a3200df16161bf6a7a2de
3051,hf_03051,cartoon,2,giraffe,images/cartoon/hf_03051.jpg,c1f085f39a9df2bc119e3ec8b353e70bdb3cf96e350103e82546def71c84738a
3052,hf_03052,cartoon,2,giraffe,images/cartoon/hf_03052.jpg,3add8167afebc0308db56c1e5bbd848c2afdfdff33d2aaaf6c9e83e1686027c2
3053,hf_03053,cartoon,2,giraffe,images/cartoon/hf_03053.jpg,112e615e24227a800e03c37616b5af85f7fb8f34dbce994c4106ba3f9168edd8
3054,hf_03054,cartoon,2,giraffe,images/cartoon/hf_03054.jpg,7b6527f4281a3b0314a8237f062de6aa8b01b1d54aac94e92e6e5ace8e396805
3055,hf_03055,cartoon,2,giraffe,images/cartoon/hf_03055.jpg,fc8225e11c32624de25652e54631a59d354c7cb3fd82837a83fb7feeacb6dbf2
3056,hf_03056,cartoon,2,giraffe,images/cartoon/hf_03056.jpg,63d53f737af6d671452466feb27a5bead7d353e1a241619c7103d8ae69f9986f
3057,hf_03057,cartoon,2,giraffe,images/cartoon/hf_03057.jpg,723289471e9b07bbf92646917c549d1c526cd5acb47a8ef0a501b66f137c0126
3058,hf_03058,cartoon,2,giraffe,images/cartoon/hf_03058.jpg,50d41f958dda38c363cc229d8cc2d5ce5b3fa01136b708fa4128379312eecc40
3059,hf_03059,cartoon,2,giraffe,images/cartoon/hf_03059.jpg,ea42c4c6c4f31419fd6a93fd3f7b2128b13de01b585107c614b7ba90f650f996
3060,hf_03060,cartoon,2,giraffe,images/cartoon/hf_03060.jpg,311a6127ac31d97c30e400ef0e402fef6806f8d685e2e369e269f726064e6ade
3061,hf_03061,cartoon,2,giraffe,images/cartoon/hf_03061.jpg,12c81aa7b3cff849ec105d43727b59496cea6db523c9c8ad08c6c291048b47e7
3062,hf_03062,cartoon,2,giraffe,images/cartoon/hf_03062.jpg,da95de9e2e7679704ad5e1e992c4b602b9295bed2fa200085d5a929f860d2c63
3063,hf_03063,cartoon,2,giraffe,images/cartoon/hf_03063.jpg,2d2356fb8c7e3690ea397384104793b2add9979d7cae81d2f3897d24814146c1
3064,hf_03064,cartoon,2,giraffe,images/cartoon/hf_03064.jpg,b9f42f4d26f951dc1d9ce8e86ce0eb9bc55c765f3529423b7d57a737adeaedad
3065,hf_03065,cartoon,2,giraffe,images/cartoon/hf_03065.jpg,9e756949e928dbdfe1241796bba784b0e4a6e507069616e02b52306e23687596
3066,hf_03066,cartoon,2,giraffe,images/cartoon/hf_03066.jpg,65b37c3c29485ed998399c1cd560feac475e709a426b881b44c7742c5abbbc5f
3067,hf_03067,cartoon,2,giraffe,images/cartoon/hf_03067.jpg,17a900f21a7c1041aa4c85390ff86fa1118586ae97b1bbce27c0b67f95dfe263
3068,hf_03068,cartoon,2,giraffe,images/cartoon/hf_03068.jpg,443b00608832e83a9b9466f92794c5d37a0c233ac6c13d02076a26ec8b5d6f88
3069,hf_03069,cartoon,2,giraffe,images/cartoon/hf_03069.jpg,49f7eb6a4d8ef4f4b064f51f413de71c452fe6314362f44a63852a16ded9fda1
3070,hf_03070,cartoon,2,giraffe,images/cartoon/hf_03070.jpg,4cba227a4c8fa846c7598c0315869786b5bf93ff5831b86a554a81169c89e649
3071,hf_03071,cartoon,2,giraffe,images/cartoon/hf_03071.jpg,2a09c5ddac273ed410911cf32cfe96c24ca784a43282d8f7d73de9b61f6e2c80
3072,hf_03072,cartoon,2,giraffe,images/cartoon/hf_03072.jpg,1b25f53dc4d67be4798df282dd93bbd12a5e03a0f438d2e7d909cb820aed5f97
3073,hf_03073,cartoon,2,giraffe,images/cartoon/hf_03073.jpg,a763def8f1ea1f462080da3e6db22c1a91a868e572135f943d63cf32728e7cc7
3074,hf_03074,cartoon,2,giraffe,images/cartoon/hf_03074.jpg,7e6623ee060cfd1519d2d9cd1ebf016196cb1ef78c88b1e70a2477e69c3fcbf3
3075,hf_03075,cartoon,2,giraffe,images/cartoon/hf_03075.jpg,bb9d321701ebcecf15bcaa9081f9316ee82b26d4d9bc6c281f5ea8a86cc7f954
3076,hf_03076,cartoon,2,giraffe,images/cartoon/hf_03076.jpg,1daf87509202a4a068012b53c97f2b1bce7cf45e048654d5364b3d44dad0bd53
3077,hf_03077,cartoon,2,giraffe,images/cartoon/hf_03077.jpg,e6111b57e87fac4ae0a3273fd79bbf9323c0e2864f9dbadb862e7f5594d5c789
3078,hf_03078,cartoon,2,giraffe,images/cartoon/hf_03078.jpg,40022e47097620b76b7bb461f017d8a0b28bd8b40037e0fe10837f7e02bd08fa
3079,hf_03079,cartoon,2,giraffe,images/cartoon/hf_03079.jpg,a4147f0f65ec510678721dfe86ff5b139e7723b4a24ffbd709188bd7d2cc9b1b
3080,hf_03080,cartoon,2,giraffe,images/cartoon/hf_03080.jpg,e96a6d41e1291658419ae439edfd021638a04ce21c46d1d21b28de1d0ee637c6
3081,hf_03081,cartoon,2,giraffe,images/cartoon/hf_03081.jpg,c351640fa8b681b2f3be581da11f77301c1c1aece40af5353bb0a07cb1695edf
3082,hf_03082,cartoon,2,giraffe,images/cartoon/hf_03082.jpg,3803172e225569a7744947db768e0c6fbb2d8bd9d855f56dce2d09e0bfa2e4b3
3083,hf_03083,cartoon,2,giraffe,images/cartoon/hf_03083.jpg,b36d01fa1830844c5ed98011f97f3a4ad7bf3a016e26b4d48146c5696dd25e83
3084,hf_03084,cartoon,2,giraffe,images/cartoon/hf_03084.jpg,1091aadf57b39f58bab51c36663ab1a974df2a62c470ce5fcce641ee5c4654b5
3085,hf_03085,cartoon,2,giraffe,images/cartoon/hf_03085.jpg,0e76f28c3b7041e453d284f3518404d72238697138f707c909d4e7d1af5b03da
3086,hf_03086,cartoon,2,giraffe,images/cartoon/hf_03086.jpg,6df2009b1a814668b5e03c6bf453ee970a4d575df89b23de8a9dd24d8ebff23a
3087,hf_03087,cartoon,2,giraffe,images/cartoon/hf_03087.jpg,f7e7cc671429b54bf42e9e8ba8952f18f4924261850c40d5cf7592a749910ac8
3088,hf_03088,cartoon,2,giraffe,images/cartoon/hf_03088.jpg,e5a7212d5f5c982b7da7a88cd83e9cf88c9f24b5d6839c7ac268c509273df0f1
3089,hf_03089,cartoon,2,giraffe,images/cartoon/hf_03089.jpg,fb937da5d7b3ceda5a0c538259833a7a74551cc67a3ae351ea50786283ac8795
3090,hf_03090,cartoon,2,giraffe,images/cartoon/hf_03090.jpg,5b8f3145f838dea9fbc01bf8393ae7a33d166f0c0695eba2583120d1ac0860d9
3091,hf_03091,cartoon,2,giraffe,images/cartoon/hf_03091.jpg,f6517d8fa3596c3fb80924c18027b04cfa916f1089ee99740bd6bcdc0727c1d0
3092,hf_03092,cartoon,2,giraffe,images/cartoon/hf_03092.jpg,b5bdbd6f7b0665f931a2398cdea2800bb096133ddfed3293eb7cbaeda097cc80
3093,hf_03093,cartoon,2,giraffe,images/cartoon/hf_03093.jpg,638cffd477c8008b9d476b0f158fded14c40c07b80fb6e21c612d9078aab5d54
3094,hf_03094,cartoon,2,giraffe,images/cartoon/hf_03094.jpg,eea340f339cdb76ef31871629ce63f70b4b51d6f6c77422d36faf21717c7760e
3095,hf_03095,cartoon,2,giraffe,images/cartoon/hf_03095.jpg,b0164cf6019f652e441790cf87cba35bf8071a982f012e5a3652965b8ba7acec
3096,hf_03096,cartoon,2,giraffe,images/cartoon/hf_03096.jpg,46468b42eae9a8a346953cefc2ed32dbccf68c68b098cfdf9351490331f640de
3097,hf_03097,cartoon,2,giraffe,images/cartoon/hf_03097.jpg,18c3b2bae9dae70a94b5981a3bdfaecce50457b185bd2b93075c42484e85645d
3098,hf_03098,cartoon,2,giraffe,images/cartoon/hf_03098.jpg,e5735e8eeaa86078dd4d8c29dbd941e3f3979c2c5c474e1c5f84b8d669f316fe
3099,hf_03099,cartoon,2,giraffe,images/cartoon/hf_03099.jpg,6b1f94eb35561a2c428766dae9710fbe097f42dad9d1ecdd5baec84d4907b4de
3100,hf_03100,cartoon,2,giraffe,images/cartoon/hf_03100.jpg,fe6d874ccde519b14661ecdb7797f478396e7515b19f4c03df15f7a24343ba04
3101,hf_03101,cartoon,2,giraffe,images/cartoon/hf_03101.jpg,505dd8d9cd52fde0fd496f6804eba93340d72d51fa252344736d10377ee07fed
3102,hf_03102,cartoon,2,giraffe,images/cartoon/hf_03102.jpg,69a775710a7e016ffd9d93729154d840588fa85f1f7b038b5e9bc7e6f621b97e
3103,hf_03103,cartoon,2,giraffe,images/cartoon/hf_03103.jpg,9d41841f352ae0f9ef1fd04ac8de9ff54016333db489d40ab3805d4e5da9f922
3104,hf_03104,cartoon,2,giraffe,images/cartoon/hf_03104.jpg,bc075d12e77e97a32242b221e913375e1a3811c8f1f2c1ef85eeabedd41d2e25
3105,hf_03105,cartoon,2,giraffe,images/cartoon/hf_03105.jpg,091e15ee1ce01612dd39955bfced546b15f2bb4bd8c8b1068725c70b01a97663
3106,hf_03106,cartoon,2,giraffe,images/cartoon/hf_03106.jpg,950e3749f00194016b98a4f9b1e43e5dc590455239937b8ff2428a20bdd932b8
3107,hf_03107,cartoon,2,giraffe,images/cartoon/hf_03107.jpg,c628b707cc1f81573696cd122c3ac2c04d43520ae7923cc4f35a476946ac8e8c
3108,hf_03108,cartoon,2,giraffe,images/cartoon/hf_03108.jpg,b8db1f9e928bc4c0a56d495ee0728b6a23e2be2559f84be148a38fe6957d05b3
3109,hf_03109,cartoon,2,giraffe,images/cartoon/hf_03109.jpg,6e0c0f76d1b45132b9d885b9777f172d21860b7adb273bf459f12536ced9926e
3110,hf_03110,cartoon,2,giraffe,images/cartoon/hf_03110.jpg,6c1d578a58f23a36def67587d77779421aba4008372fb820e4d41afc57a2dd07
3111,hf_03111,cartoon,2,giraffe,images/cartoon/hf_03111.jpg,c436087570baee2ebbb3c5ae228b3c60d9533b7a1fe45a0d6c334298040e0f42
3112,hf_03112,cartoon,2,giraffe,images/cartoon/hf_03112.jpg,353b9e9558632c993abfb4a417b87056f430646416573ee1892792c9e0527624
3113,hf_03113,cartoon,2,giraffe,images/cartoon/hf_03113.jpg,35fc9756ebfef6b45f9e542f6496c64e53352c06c857f7c7e593adcc76c38f29
3114,hf_03114,cartoon,2,giraffe,images/cartoon/hf_03114.jpg,37848121b84fc621ef4f77ee62b1fe5815ab5878de9e4c850eb59feef0b47d4d
3115,hf_03115,cartoon,2,giraffe,images/cartoon/hf_03115.jpg,b849561088fdc71ac19da900f33fa7549e285554be8bb2e162ec7f034b54a5fb
3116,hf_03116,cartoon,2,giraffe,images/cartoon/hf_03116.jpg,7c5beeef32e64bb2b33aa8907cbd3b15180a162f140b7cada06e9228d8c93b26
3117,hf_03117,cartoon,2,giraffe,images/cartoon/hf_03117.jpg,cddc5241ab2fc8a39157d4eab91bb0ee06b96e444fd6973a662808b9eff1fa9b
3118,hf_03118,cartoon,2,giraffe,images/cartoon/hf_03118.jpg,141399d861adffbcb85d34f6742ad7b4b300ea94220b2ef8d6d1fda41d1dc978
3119,hf_03119,cartoon,2,giraffe,images/cartoon/hf_03119.jpg,99e0cdeec2d2539161441cd02097b973ac0e148c7129d37d6fc25c230073b5e8
3120,hf_03120,cartoon,2,giraffe,images/cartoon/hf_03120.jpg,0bcfd60a26151172e2f2c3034bdbdba18c5ac32efa57a9de99d79fa38a8c585d
3121,hf_03121,cartoon,2,giraffe,images/cartoon/hf_03121.jpg,70727c1521e0104255b15dec7a691fb8f247a65edfd004f630542b5c6853b535
3122,hf_03122,cartoon,2,giraffe,images/cartoon/hf_03122.jpg,ba8d8c8b6df803cfaddfcfb8fc102c0938f8ce5e7f0bf3a77f1d267696051a8a
3123,hf_03123,cartoon,2,giraffe,images/cartoon/hf_03123.jpg,99b63529d3c810ac356ea6926d011b80db59cfd4989b7ae4181c1cababb3cf2b
3124,hf_03124,cartoon,2,giraffe,images/cartoon/hf_03124.jpg,376d61ce4f3cf5440d00c9d9e9255bbce90748a98d4e7e44a83020fd9e85513c
3125,hf_03125,cartoon,2,giraffe,images/cartoon/hf_03125.jpg,1d79e62f2aaa67f5e59e9291f33cdaa0d52301594397c59ed75a2274432268c0
3126,hf_03126,cartoon,2,giraffe,images/cartoon/hf_03126.jpg,a7ea6d44b92a7018991272598e6f94208367fdffab62d4f001fc42f467b4ec8a
3127,hf_03127,cartoon,2,giraffe,images/cartoon/hf_03127.jpg,9c1b17e6052b31b0ec0fc3f601afa45ab3f2892d1eab5741c1a29fce7a2d35b1
3128,hf_03128,cartoon,2,giraffe,images/cartoon/hf_03128.jpg,77a953992ee76a22550dc0dd6bd17b093e3d97579951ea99ab4e09caebca65b2
3129,hf_03129,cartoon,2,giraffe,images/cartoon/hf_03129.jpg,78e41efcada983d8030422cedef663490c74dea7f67ba680ebb17220813e8400
3130,hf_03130,cartoon,2,giraffe,images/cartoon/hf_03130.jpg,c15afac32c8e12a2234ea75b2ae79c9a3b86cc2f9928dbf2725534c5a08b758e
3131,hf_03131,cartoon,2,giraffe,images/cartoon/hf_03131.jpg,3de813d96cc03aec208e5ad1fce44cbb3a7cf234ccddef54c789d2d6d0fe33e9
3132,hf_03132,cartoon,2,giraffe,images/cartoon/hf_03132.jpg,6341bb4650139324f4c3b0bc83b77e140d10c6ab6f82e17987ace137c5e394b6
3133,hf_03133,cartoon,2,giraffe,images/cartoon/hf_03133.jpg,6d9ee6c19f317efde9c6a0d1e8ce86d36a6a6e1d9657a4807e624e415b0e4aa6
3134,hf_03134,cartoon,2,giraffe,images/cartoon/hf_03134.jpg,7c310f4e29873282679c6de4e5e4f02ee2f28ed155cd2eaaedaf3813f4326c41
3135,hf_03135,cartoon,2,giraffe,images/cartoon/hf_03135.jpg,2047a1a18ad4a71904d0481f99af338723d3d74cbfaef5e663d6ebe4a0501b28
3136,hf_03136,cartoon,2,giraffe,images/cartoon/hf_03136.jpg,16a8f5fab37902a332933939586a16e7e9e95127b0406db487265e25265d42f5
3137,hf_03137,cartoon,2,giraffe,images/cartoon/hf_03137.jpg,936e6ec5bb6572de065ec3c65c843913c1d0940a24eca47c4681d74f2ca3d0c8
3138,hf_03138,cartoon,2,giraffe,images/cartoon/hf_03138.jpg,0d1e9c7f2c89565a2d61a5d42ca12304542d432eadb83ed5a35f56b8fc9e0db2
3139,hf_03139,cartoon,2,giraffe,images/cartoon/hf_03139.jpg,c281e1b6eaccc14a38567bb18801f92320963896f987bf56ada82709d2a16215
3140,hf_03140,cartoon,2,giraffe,images/cartoon/hf_03140.jpg,01f84d1e50d3154b924aa6b6465cd6203850aeb24f8034ecdac118c905f42dd2
3141,hf_03141,cartoon,2,giraffe,images/cartoon/hf_03141.jpg,c5f5aea8cdb8de724b0ae893bb3d6aa0bbf22733c51db97253ccab87b9e599f8
3142,hf_03142,cartoon,2,giraffe,images/cartoon/hf_03142.jpg,cd30da6e90fc9b8f3e16b830e73026537fabb4baa28610fb10c839fa0a13b899
3143,hf_03143,cartoon,2,giraffe,images/cartoon/hf_03143.jpg,a786d35312b8fa7d7d9be1d5904b3821300c949420f8f0d9dd5afae3d437a78e
3144,hf_03144,cartoon,2,giraffe,images/cartoon/hf_03144.jpg,07582bf70036201a083fcf0424d115f772db0221f1825b03fcf84977dcdc163e
3145,hf_03145,cartoon,2,giraffe,images/cartoon/hf_03145.jpg,90b448f8895abef133faeb67f284ad291a0a292f1a6a5bb173d175f278433aac
3146,hf_03146,cartoon,2,giraffe,images/cartoon/hf_03146.jpg,fd09203354be89c7933320c7bcac037034c01d9584ba2a583bbfacde2ea72680
3147,hf_03147,cartoon,2,giraffe,images/cartoon/hf_03147.jpg,0373fd7e43faf629e47df80a1112316e51fa7ebbfcfe292975fdc898556aa706
3148,hf_03148,cartoon,2,giraffe,images/cartoon/hf_03148.jpg,c073449eabff320a7b029c57b8ad35c9f810be5bf4832f13fd4ce77506f15793
3149,hf_03149,cartoon,2,giraffe,images/cartoon/hf_03149.jpg,bf93a3e34da0233f7e6a73d521222275d69331bddcf4783e6a83f5a2f0c7ff8f
3150,hf_03150,cartoon,2,giraffe,images/cartoon/hf_03150.jpg,8230acb4595702ae290866d71ebd2d5abf23b6f2c5fd3b4a786cf025c7d5b292
3151,hf_03151,cartoon,2,giraffe,images/cartoon/hf_03151.jpg,22890fa070158ca733c98d84591561753650dd10ec7ff1ba1dfa4a28cb759bab
3152,hf_03152,cartoon,2,giraffe,images/cartoon/hf_03152.jpg,244385f1469e067004864e226e078103875e60e3171fcac560d402971bcc1b1c
3153,hf_03153,cartoon,2,giraffe,images/cartoon/hf_03153.jpg,93f1639d87780bca494a007300bc055f303bbe25d4ce7ea17095b531d373def7
3154,hf_03154,cartoon,2,giraffe,images/cartoon/hf_03154.jpg,fc71ac36f1c28d632c4e738ea7edd717ea5de60f460a938803b01616e03025c6
3155,hf_03155,cartoon,2,giraffe,images/cartoon/hf_03155.jpg,575c15cde15ddb8b1e76c1608bc5d93aac50b91d96ce3f58f94629598e1ca365
3156,hf_03156,cartoon,2,giraffe,images/cartoon/hf_03156.jpg,cbdd581c4771f3318ce0133b2995d210936c49c99570e8b0f114a8dc6b87c376
3157,hf_03157,cartoon,2,giraffe,images/cartoon/hf_03157.jpg,812a1b433c1a9dd95c5d9d574009e58f902fae6cda6b7141185d8e6a2f135aaa
3158,hf_03158,cartoon,2,giraffe,images/cartoon/hf_03158.jpg,944b47012d5f7b2ee41a30c5f48d6159dfc9ba603c1747cb1efb9460c817da2a
3159,hf_03159,cartoon,2,giraffe,images/cartoon/hf_03159.jpg,ea63cddef8dd20e5dc2fad5c14469950550f22e13b46c5a20380ac391996b3da
3160,hf_03160,cartoon,2,giraffe,images/cartoon/hf_03160.jpg,ad11855509f87d48922ab21c63b367c64322e3b59b235196a462864edacfd23e
3161,hf_03161,cartoon,2,giraffe,images/cartoon/hf_03161.jpg,4c21608c9fb0850920d9ff749dc9e42623b21c277a414cb3572e62899d66450c
3162,hf_03162,cartoon,2,giraffe,images/cartoon/hf_03162.jpg,4509d1bcd87a47633182f2cd64bdf2305f28f6f3e0f39915142d587beb9f0db8
3163,hf_03163,cartoon,2,giraffe,images/cartoon/hf_03163.jpg,f854b283f9c54431d70aa6ebf2506a03ef7a1a26e3c7e1c3713ddccab8645171
3164,hf_03164,cartoon,2,giraffe,images/cartoon/hf_03164.jpg,37014c15cd93d6bb9a2ba4478d7f998cee39d950a3e4c67a0b5bd6ccd37e0b56
3165,hf_03165,cartoon,2,giraffe,images/cartoon/hf_03165.jpg,09be08ff9a30c4536a71188469c10133cf29ab9133aeabaeb175087fcfd40ac5
3166,hf_03166,cartoon,2,giraffe,images/cartoon/hf_03166.jpg,849d12b2bf5845bbaec1cf5e2dc9d1d3967b031f9122ef71b789ffbb1c541d11
3167,hf_03167,cartoon,2,giraffe,images/cartoon/hf_03167.jpg,5432a7213b8466470b9479adf3dbfc993b2a13e2499f4a67d5f3ebb16c32f8c1
3168,hf_03168,cartoon,2,giraffe,images/cartoon/hf_03168.jpg,d2ff101e97bb17cb75c9958875a19b6b8e5cbb440a4892803d407240eb803307
3169,hf_03169,cartoon,2,giraffe,images/cartoon/hf_03169.jpg,34a9eb0c8b42c4a18ec30529c935f6c1afe8fc51a914339e04144894287a0060
3170,hf_03170,cartoon,2,giraffe,images/cartoon/hf_03170.jpg,a20372c6a98d5b7f175d3293af335e5cf590ac7850ea347bed97a156707754d6
3171,hf_03171,cartoon,2,giraffe,images/cartoon/hf_03171.jpg,ffce5070523974b01107cf056e952310ccc593172a3b4fc56c28b63ef48d1186
3172,hf_03172,cartoon,2,giraffe,images/cartoon/hf_03172.jpg,68830ed0503b01b4f56f083eb90e2946b4c8382bb43e62d22b1b12bba6f2b78b
3173,hf_03173,cartoon,2,giraffe,images/cartoon/hf_03173.jpg,10e75a514274b2f98f10d647fbe2155de403cc6441dd0bbb927c556c379388a4
3174,hf_03174,cartoon,2,giraffe,images/cartoon/hf_03174.jpg,c3d4949880c038090dbcdbc1ddc417e9d7e50a090006198cd948aa88e802022c
3175,hf_03175,cartoon,2,giraffe,images/cartoon/hf_03175.jpg,03edb4638072fa547c8b807e4ce29a766891cff0c53730277c049a585b567034
3176,hf_03176,cartoon,2,giraffe,images/cartoon/hf_03176.jpg,faf6e5a2361e2bc883b31e5c51bf6928e398ef140b699235833edf52b0610542
3177,hf_03177,cartoon,2,giraffe,images/cartoon/hf_03177.jpg,50458c8246d8a33608100e7defd4ac5c58e70e1a29a9e207b58a899cb1826884
3178,hf_03178,cartoon,2,giraffe,images/cartoon/hf_03178.jpg,665afeace69c2bfffc5863d92c7674e886554c4d5a6aade60b18f3b8fbeb7768
3179,hf_03179,cartoon,2,giraffe,images/cartoon/hf_03179.jpg,20349cabe116c098058fb2109f841f1520d9b9e7c802bd3c2670e5aa90e1802d
3180,hf_03180,cartoon,2,giraffe,images/cartoon/hf_03180.jpg,2e8a59f4db571925e51cf602f5efde65a4df8f676faa85a6a1b86494989e2323
3181,hf_03181,cartoon,2,giraffe,images/cartoon/hf_03181.jpg,0a0b3e923c50c46aeb2a51f03a1d5b94a0bbd5116399a48232d08480262d65a5
3182,hf_03182,cartoon,2,giraffe,images/cartoon/hf_03182.jpg,cd30d77f3e194be62d55425e54aab6b770e1f9e05946c9045622eaf1002219db
3183,hf_03183,cartoon,2,giraffe,images/cartoon/hf_03183.jpg,4f7f483c74fe12c1d49f8ac3cc52296fcedebf6dbff0acebd856f974222f1696
3184,hf_03184,cartoon,2,giraffe,images/cartoon/hf_03184.jpg,f82c38063876b14205939a50b76323c535b30a9724cbe16d0356225e4e03d66d
3185,hf_03185,cartoon,2,giraffe,images/cartoon/hf_03185.jpg,1980d949c86f192648e58aa47ac660b0be737a3ecbf588241caf756e8f159afc
3186,hf_03186,cartoon,2,giraffe,images/cartoon/hf_03186.jpg,57ffd57c3f6d0f96866dc4b28e788d6dac5c964cc5310f0ba0f5a931ea77c635
3187,hf_03187,cartoon,2,giraffe,images/cartoon/hf_03187.jpg,58904bc40557c193af5a090beba37c5489536c60d86483f42d8711d5aad75cc0
3188,hf_03188,cartoon,2,giraffe,images/cartoon/hf_03188.jpg,2436e2f3cc608411f19f09506ceef250b2a0e1e2c0824ef0a21522036990b4f1
3189,hf_03189,cartoon,2,giraffe,images/cartoon/hf_03189.jpg,d8de7451ff9025170d33894858c499ca238c8bfb23fd545a22d385f8ffc39b9b
3190,hf_03190,cartoon,2,giraffe,images/cartoon/hf_03190.jpg,c1d2bdb34b84591c0f7802abf04d85ce4a6c89f27c897cba1dcd57596b72c1eb
3191,hf_03191,cartoon,2,giraffe,images/cartoon/hf_03191.jpg,b1697119975218c25198225b5bf3832565bb6c7db89511d93eb03463e98924d2
3192,hf_03192,cartoon,2,giraffe,images/cartoon/hf_03192.jpg,ef6f965870cc48b096404f65dcbd591e490e95cf0e428d78619495bc7abd8b6e
3193,hf_03193,cartoon,2,giraffe,images/cartoon/hf_03193.jpg,7cf340dfb36ccfd36084b38f0d84bd26e51df2464d3ac3c2a0f296f218b6f3c6
3194,hf_03194,cartoon,2,giraffe,images/cartoon/hf_03194.jpg,16ac0a2ca97430e168cd4ce99d61ae54f2c2f6bf5d7b1f3e1405f66d25d7405e
3195,hf_03195,cartoon,2,giraffe,images/cartoon/hf_03195.jpg,4452e921d8f24204fd113c50888363c342b5d95f746787561a718a92490bdef5
3196,hf_03196,cartoon,2,giraffe,images/cartoon/hf_03196.jpg,0db64362e81f6feaf723d5f7b440014dd9ae5600eca01e117b20b2549f3010db
3197,hf_03197,cartoon,2,giraffe,images/cartoon/hf_03197.jpg,c7e4c39ea8d368b61937e8f90fd162a3eb47ba7e4884c5152bbf9a25ebb22bb4
3198,hf_03198,cartoon,2,giraffe,images/cartoon/hf_03198.jpg,b8e8fee82bd3ba5bdf29b96b597085f3187ca20ee4556cb3aecd1617d6a1734f
3199,hf_03199,cartoon,2,giraffe,images/cartoon/hf_03199.jpg,62d57f482ce0ea04256e3470051a1281fe12481cc9d3d3ed420f89e1c8f90012
3200,hf_03200,cartoon,2,giraffe,images/cartoon/hf_03200.jpg,58c1640c7e5eab0b830fbc9f844a149c5418897bb2547c5dbe6a0ead17c356d5
3201,hf_03201,cartoon,2,giraffe,images/cartoon/hf_03201.jpg,c2a16f22bcea51fe0538f37b4034cb684c624f13ffd470e3b998691611879ec9
3202,hf_03202,cartoon,2,giraffe,images/cartoon/hf_03202.jpg,d8a52f4adf883767966cbd0d8f61506913f68c070b2d29be1158087cfed8c473
3203,hf_03203,cartoon,2,giraffe,images/cartoon/hf_03203.jpg,93803881e3f889b813c8057866004c7c70515c41a99969da3fa181a5c45a9b46
3204,hf_03204,cartoon,2,giraffe,images/cartoon/hf_03204.jpg,2941c736b9c8d998b4c55961e6919052552668fa186b2f03bac59673002f3ee3
3205,hf_03205,cartoon,2,giraffe,images/cartoon/hf_03205.jpg,e01bc78e6e262f0e64a1791a433c6afbc6bc2e1cffa589b0f93cbaafa316aae5
3206,hf_03206,cartoon,2,giraffe,images/cartoon/hf_03206.jpg,1555f6d1ad378a9cfc285564c05cd17d5b6282dfa99f5c9e7d2c7190eed7944d
3207,hf_03207,cartoon,2,giraffe,images/cartoon/hf_03207.jpg,8261815a72f128a7b4495f66647e8d0e2987bc817ca61e5d5eddd4ba96555fb0
3208,hf_03208,cartoon,2,giraffe,images/cartoon/hf_03208.jpg,1799c77709f24c8bd74744197b521f1dcf6cbc246bc18a68b136dd7fb72981e6
3209,hf_03209,cartoon,2,giraffe,images/cartoon/hf_03209.jpg,7d3c8a5870fe6c5838ad9ca7877e9117d6489a395ca1a1f19b6f6f03ef697c0c
3210,hf_03210,cartoon,2,giraffe,images/cartoon/hf_03210.jpg,179e7721b449a5f36925f579b341483257b6c73cab570501819d4877192dd8db
3211,hf_03211,cartoon,2,giraffe,images/cartoon/hf_03211.jpg,23cbde39c6a2574df7dac935a9d9032dab7cc6c2426972665e39f90bfbe31bdc
3212,hf_03212,cartoon,2,giraffe,images/cartoon/hf_03212.jpg,606881cd38493a207be5ebe2ebd7d20208b7ca7d80c02e910398876af005f2e6
3213,hf_03213,cartoon,2,giraffe,images/cartoon/hf_03213.jpg,ae2fa5b44ec8073f79f624fbab4126066aa6ed5603217e4836f306c12104fb18
3214,hf_03214,cartoon,2,giraffe,images/cartoon/hf_03214.jpg,e39ff9c2955de44e7ff50095894706a74a394e3e5bc2004df58c47337232550d
3215,hf_03215,cartoon,2,giraffe,images/cartoon/hf_03215.jpg,d8520001069e43c946cde183ba2f6e663df5db9b6755755a0fadb9e5c43b246e
3216,hf_03216,cartoon,2,giraffe,images/cartoon/hf_03216.jpg,deb77106106d7633b0d5f72d8755dbfb5c4c413d30b25001162e982f8608825b
3217,hf_03217,cartoon,2,giraffe,images/cartoon/hf_03217.jpg,805e12358625fdec2e359db39d4c22b021edb8c147cf438f20500ff404f91b62
3218,hf_03218,cartoon,2,giraffe,images/cartoon/hf_03218.jpg,9ed13c29ce2ba2a9839d752fd8d51ced3ba143144988b5b84a237aa046454310
3219,hf_03219,cartoon,2,giraffe,images/cartoon/hf_03219.jpg,d84781c1f9c6c157a7b32829167c2610f07ad76cd5d6594a50b8a1839246fa97
3220,hf_03220,cartoon,2,giraffe,images/cartoon/hf_03220.jpg,813e917141590269859ad1a0b996e12e892c722d75e70d4ee2320191d38f7d16
3221,hf_03221,cartoon,2,giraffe,images/cartoon/hf_03221.jpg,38ec389f40926eefd3ac9bcbf775311f88646394dd3148543d594ee2c6517602
3222,hf_03222,cartoon,2,giraffe,images/cartoon/hf_03222.jpg,f7a77fcf12a9e36d780f7b8675020a3cd3b4441de6e6039753a9d51dd66aeb21
3223,hf_03223,cartoon,2,giraffe,images/cartoon/hf_03223.jpg,934a7192d806255d84c1d9b17d8188e4ef4e9c392f274b4e2202590eca39bed5
3224,hf_03224,cartoon,2,giraffe,images/cartoon/hf_03224.jpg,c7c57f40ccf0f49320a718313e8c70f6dc1e5f8ac8eb912b29d99518710f68ce
3225,hf_03225,cartoon,2,giraffe,images/cartoon/hf_03225.jpg,4e137bd2db356370938b393763f606e0e3b0bb36ed87a5a2c05d16752fa56710
3226,hf_03226,cartoon,2,giraffe,images/cartoon/hf_03226.jpg,ab0cd4c92969ee7c26bc7c946b5f1bac3b032ce0029f1ff41612614e0c9b940e
3227,hf_03227,cartoon,2,giraffe,images/cartoon/hf_03227.jpg,030bbf0962ddca03326d02a8b67bcdfe2ffa8062551dbfc5dcdd5f584780d7da
3228,hf_03228,cartoon,2,giraffe,images/cartoon/hf_03228.jpg,8c5b1a70519362fe1c7e26bc8a82884c28f6191c70e3e1302157e233205e1c61
3229,hf_03229,cartoon,2,giraffe,images/cartoon/hf_03229.jpg,d12669e00ac794b63df788410e00e58e2011029293de957432214fa1b9705115
3230,hf_03230,cartoon,2,giraffe,images/cartoon/hf_03230.jpg,9e1258bd677f8aca29445283ffef38a6e2241dfe484a112de64435efd645d831
3231,hf_03231,cartoon,2,giraffe,images/cartoon/hf_03231.jpg,647d05aaf984dbf25c2bb9326384efa5d4acb2f27e6586c44819086bed6dda17
3232,hf_03232,cartoon,2,giraffe,images/cartoon/hf_03232.jpg,8cc3f750c8dc0010a9c2bf3be965730dfaa2aaef81aba672dbe85a66b0ec29d7
3233,hf_03233,cartoon,2,giraffe,images/cartoon/hf_03233.jpg,38acff41ca1b6cb83340de08f3df1bf102679295e9cc5961c0265cf425f005ff
3234,hf_03234,cartoon,2,giraffe,images/cartoon/hf_03234.jpg,db30f0205fdb1aa5a52bb1cb0af127e5ae809f123e0bcc6c3def9f2fbfff532d
3235,hf_03235,cartoon,2,giraffe,images/cartoon/hf_03235.jpg,af9b55d73a21813891575ce133848ee7a60e45fa7ba5abc6c3a1cb8f27eb1b0b
3236,hf_03236,cartoon,2,giraffe,images/cartoon/hf_03236.jpg,ee91b2009b39baabaa72c55ad51d4761a8c079ae26972f8550c9799d9b0dd887
3237,hf_03237,cartoon,2,giraffe,images/cartoon/hf_03237.jpg,9dcd5f5b22e9c1997097ff3e57afd35bd54353637ad2d7b65fe7de6a8b524cab
3238,hf_03238,cartoon,2,giraffe,images/cartoon/hf_03238.jpg,efee417ea10a79fe625aea0a58afffb3b0ba44b0275687aa3d71a7f3eac481b1
3239,hf_03239,cartoon,2,giraffe,images/cartoon/hf_03239.jpg,0a36a19acbfeef7235e018e877afcf400438f0734e341bd4f5c950a09df28b7d
3240,hf_03240,cartoon,3,guitar,images/cartoon/hf_03240.jpg,a7b112fce20dc017eb7f0bba9bf933e7e8d1bb2538d2f43dc8a31d671fefa2eb
3241,hf_03241,cartoon,3,guitar,images/cartoon/hf_03241.jpg,194afdfa64f45ab5f643e065660494dc9b21c2840d4eaf2dbe98aa9abf366824
3242,hf_03242,cartoon,3,guitar,images/cartoon/hf_03242.jpg,021deb48b1bf049f4c885aeea90dfdcb53b8e6a609368327242451105596342b
3243,hf_03243,cartoon,3,guitar,images/cartoon/hf_03243.jpg,853ab0e6b9ed21d98490e99dc8161f669a64653aab33545dfcc928133821bb60
3244,hf_03244,cartoon,3,guitar,images/cartoon/hf_03244.jpg,a9db569626c4c996ad7f6871a1a9730690488d36132ec1f7c8a83097d5d5fd01
3245,hf_03245,cartoon,3,guitar,images/cartoon/hf_03245.jpg,424fc23a251ccb76ec1407f9be98c40a34d2330cc84dbcebb268095189983256
3246,hf_03246,cartoon,3,guitar,images/cartoon/hf_03246.jpg,bfb86160c7c41290504d2c1d2ccc63562299a908063f7b34404bdef03b160585
3247,hf_03247,cartoon,3,guitar,images/cartoon/hf_03247.jpg,81aed80d4f9c5d47549be93a0b3dd1d51badcf566384949a7f6be047f7719c7a
3248,hf_03248,cartoon,3,guitar,images/cartoon/hf_03248.jpg,dc88739fd9d04fb571934d760412bf8a80accd63ba7a630e7620bc659291d410
3249,hf_03249,cartoon,3,guitar,images/cartoon/hf_03249.jpg,04086f8a46b79bc22b0091ed75d68bde17b6af270093444a7dcef4941da33cf8
3250,hf_03250,cartoon,3,guitar,images/cartoon/hf_03250.jpg,525026fa1fc175de3bd9a15dca3de7728cfa7f80b2341baf57942478c385380f
3251,hf_03251,cartoon,3,guitar,images/cartoon/hf_03251.jpg,1316cf1fb28d43e67f385b6977e61b71d03ed29aa922ac0a675544d93b04d21f
3252,hf_03252,cartoon,3,guitar,images/cartoon/hf_03252.jpg,6fd730b289d985c2cd8ee611b90135702f7341a5693a8046e1cc7aa65ba7a0f8
3253,hf_03253,cartoon,3,guitar,images/cartoon/hf_03253.jpg,7bcd5c1e8d157575cb02826e8079fa973120c0a5b9ff924720830f46aa2f3e8d
3254,hf_03254,cartoon,3,guitar,images/cartoon/hf_03254.jpg,c82e4bd9cdeaa12b7408796b7d72461eaf803795cf6dc0a1d0119b6d94944eb8
3255,hf_03255,cartoon,3,guitar,images/cartoon/hf_03255.jpg,ea99b32e1c663d1f4dfcc96e2d0d43c27b23a4f90fc53c829cca5ee85c89a1f7
3256,hf_03256,cartoon,3,guitar,images/cartoon/hf_03256.jpg,808beb41a977aaa2ae4e56ec2a18241b6322f93b5863b7e70721b701ed87c82f
3257,hf_03257,cartoon,3,guitar,images/cartoon/hf_03257.jpg,a5f72a72e5a91b0248ed17cf2c9c5c800b337b954abb697cb0caa639bfbf6576
3258,hf_03258,cartoon,3,guitar,images/cartoon/hf_03258.jpg,25cd6fc32c2591c1973b58aec0b21e9924487fdb5279ce9ca03fa2c88bf9d49f
3259,hf_03259,cartoon,3,guitar,images/cartoon/hf_03259.jpg,9773fee2c42d9365483b3fe397dee38426315c62aa0a0d5aec0d7a20659ec563
3260,hf_03260,cartoon,3,guitar,images/cartoon/hf_03260.jpg,2453e803195062fc52a979cebfa25a38c58433f1d9ee2ac394a375c1bbd6172b
3261,hf_03261,cartoon,3,guitar,images/cartoon/hf_03261.jpg,1bebfe691db2bd97884ff3520da54736cd36e3a942cd1d5e248c9fe61493e161
3262,hf_03262,cartoon,3,guitar,images/cartoon/hf_03262.jpg,0eb680388bd2c2ad1dc5dd49e0adebca9654e0c93ddab7b7aec693ea3f863010
3263,hf_03263,cartoon,3,guitar,images/cartoon/hf_03263.jpg,3d338cb80c090e1ae6d4f74772cc4636c0bb94bc208dd93fd8ca2c8448a48e02
3264,hf_03264,cartoon,3,guitar,images/cartoon/hf_03264.jpg,ea19da5ab22fd27bf9f9d8365a6f45a5f1d9122d6f81c8262512a83026bbcf6e
3265,hf_03265,cartoon,3,guitar,images/cartoon/hf_03265.jpg,573aadd645600a76412a7a2b324e9ca94bc81c7200cd5102a57d065549e2912a
3266,hf_03266,cartoon,3,guitar,images/cartoon/hf_03266.jpg,56e1df3489a5b867f7b9614e60e225a0285b3898dc2bc6c8cc70b5f526a73707
3267,hf_03267,cartoon,3,guitar,images/cartoon/hf_03267.jpg,5c7849dfb04dd003247385b790afb8d1cd5a6ad719014a38bac12fadb8e38fcf
3268,hf_03268,cartoon,3,guitar,images/cartoon/hf_03268.jpg,2c9fac000b95baf9fba2682f8fdd9aeb9a03afd90a9631e232e9a79a3b682337
3269,hf_03269,cartoon,3,guitar,images/cartoon/hf_03269.jpg,7d1db64e0b5d5d51cc1a71c44ade1ba64ea5d3c44ad64a042b4f085bddb7947f
3270,hf_03270,cartoon,3,guitar,images/cartoon/hf_03270.jpg,5c9f4b662e8747e1a6743b60188fa91c25903c7b0b9101ef7bf6a7d871e7cf0f
3271,hf_03271,cartoon,3,guitar,images/cartoon/hf_03271.jpg,dc4720c3866f273fa90e6b9ecf0c47d9256b948aba7ad84c673acce4961f1ae8
3272,hf_03272,cartoon,3,guitar,images/cartoon/hf_03272.jpg,5d96586d8868205d6c038340814ea845ebd1eb3932909d6c0dd686fb88d84ae2
3273,hf_03273,cartoon,3,guitar,images/cartoon/hf_03273.jpg,2485a17b131c1ecb4c53f437677cafff26d489718d1c1a6f9508c42232da3541
3274,hf_03274,cartoon,3,guitar,images/cartoon/hf_03274.jpg,fb5dc9b093ea687413ce89479b501ae258311ce2e525ae701a72db1978493b38
3275,hf_03275,cartoon,3,guitar,images/cartoon/hf_03275.jpg,e90ca586f0169385e68fccf5be11d6d74a06cb615f8dc63011057749a4a8f190
3276,hf_03276,cartoon,3,guitar,images/cartoon/hf_03276.jpg,cc747570395db4a3093b97cc58d2929e70d5d73e2ec7328d5b42540edcb6a2fa
3277,hf_03277,cartoon,3,guitar,images/cartoon/hf_03277.jpg,81b8e1697334497eaece35510a10afda020ae5cec75703fda9f9eff642950b47
3278,hf_03278,cartoon,3,guitar,images/cartoon/hf_03278.jpg,93de565134c034d6af656f7455030c315d31b70822f72597e473169aa4ee5160
3279,hf_03279,cartoon,3,guitar,images/cartoon/hf_03279.jpg,4838aee167282942af1e22e07999ce8c00bf213aad8e7ff6894b91ad5acebb8a
3280,hf_03280,cartoon,3,guitar,images/cartoon/hf_03280.jpg,cbe454bb4f4b1552830833ea39515f47b60f7e778924979cc10d55061b9158f4
3281,hf_03281,cartoon,3,guitar,images/cartoon/hf_03281.jpg,7f43b464641600715723acf6911837e9bf4e7e7d6df091147e7b7b968ed10761
3282,hf_03282,cartoon,3,guitar,images/cartoon/hf_03282.jpg,3f1f0f25199e3076c997271e7930b625d5112e7f426a106b99472079f4eee664
3283,hf_03283,cartoon,3,guitar,images/cartoon/hf_03283.jpg,a73f114d56ffe85a72cb43c12196bd8b27ffeb8645ced27b8d45536a5fc13e16
3284,hf_03284,cartoon,3,guitar,images/cartoon/hf_03284.jpg,c86c63d8cfc1722f487e1508d06e81f0cb18c8383945f8e58f4c91c426dc7f51
3285,hf_03285,cartoon,3,guitar,images/cartoon/hf_03285.jpg,e6495b90d544ee85fa19301071dd70ecf3e38c3d11877d301ab13dfb1bf8f653
3286,hf_03286,cartoon,3,guitar,images/cartoon/hf_03286.jpg,d95f5835f2930b3fa46421426fc3e15875ac809fd72396b29975b54a4c854001
3287,hf_03287,cartoon,3,guitar,images/cartoon/hf_03287.jpg,b4b4bc4bc52de3603de746e88c948f89bdc3247e4c16b9c7ac0228beb9851db1
3288,hf_03288,cartoon,3,guitar,images/cartoon/hf_03288.jpg,d44029106cfc9a63fc4ed92fcf774c6d01b0e4e834c15be5aeb9515b36088e12
3289,hf_03289,cartoon,3,guitar,images/cartoon/hf_03289.jpg,05286b8f3acc06785ca922ff7735d7740e72ba5d6eb0654aafb4efd373496cf3
3290,hf_03290,cartoon,3,guitar,images/cartoon/hf_03290.jpg,7f00cddedc8efe849eec73548dc83718640faca41f666f4c0de4b0417f2c1a89
3291,hf_03291,cartoon,3,guitar,images/cartoon/hf_03291.jpg,2feee73e7e2ec25b0d6e5a33b267cda619c189be3f71a77d762a3c3b2e365f92
3292,hf_03292,cartoon,3,guitar,images/cartoon/hf_03292.jpg,34a8bf64840916721b472bc5a83043cec45f5d013c06dcd5991abe1d9c079db3
3293,hf_03293,cartoon,3,guitar,images/cartoon/hf_03293.jpg,09412c5a772e8e0903582fa1d18548e343d3638e27f8e2373b18018652338a66
3294,hf_03294,cartoon,3,guitar,images/cartoon/hf_03294.jpg,e7a95f3b1846ed20d10868e4a77c86935abcad72513bb0cdb252ad949c4e62a0
3295,hf_03295,cartoon,3,guitar,images/cartoon/hf_03295.jpg,08cdf276ed54c5c78f9484370892bcbc71e5147b30748e41b5f18bf1e6882fc3
3296,hf_03296,cartoon,3,guitar,images/cartoon/hf_03296.jpg,12e32270b76fadc675fb465edb5d00784406e16625238036bfcd3ed61691fa2d
3297,hf_03297,cartoon,3,guitar,images/cartoon/hf_03297.jpg,72332c19ed43b72d9c3a97196821c7dc2a3493b3a330ac94712a517cd4bb39ba
3298,hf_03298,cartoon,3,guitar,images/cartoon/hf_03298.jpg,e8ff74ae103301e4c759d5f86e6112059238b665547a5e54593d0954b33fa0e2
3299,hf_03299,cartoon,3,guitar,images/cartoon/hf_03299.jpg,f6a00cc8dbec87ff1791690020a54bd4b9cf1cd6e0335248426b1a7bfcc8174a
3300,hf_03300,cartoon,3,guitar,images/cartoon/hf_03300.jpg,69cfd05ef5609fae90ce4eb6f2a5663ea10ba27291a96306915f2441baf81ae0
3301,hf_03301,cartoon,3,guitar,images/cartoon/hf_03301.jpg,06e2c321202bcdd76c215ec5733102ff4e0a152d0d8529321b5b2ed053b86dc2
3302,hf_03302,cartoon,3,guitar,images/cartoon/hf_03302.jpg,77931ceec4128dc73e8ff84fd0db3ecf5d1a25d933c332ca494458335d963fea
3303,hf_03303,cartoon,3,guitar,images/cartoon/hf_03303.jpg,1ce88b61e47f679a0e2922484dec616c921d6267dc9e92d0b487335cb9ddd75f
3304,hf_03304,cartoon,3,guitar,images/cartoon/hf_03304.jpg,a7933296a241072ec5cdd106a5a22fd65e1adcfb9f4edca198f267865cb18639
3305,hf_03305,cartoon,3,guitar,images/cartoon/hf_03305.jpg,7750ebdfd062b92a052e953a33878f37b7f0a902feacf8c736f305175a7a1841
3306,hf_03306,cartoon,3,guitar,images/cartoon/hf_03306.jpg,34a2f00158c0a4ccce38ccba8a2959b5873cf82d861a54951c0ebffe9ef7e0ad
3307,hf_03307,cartoon,3,guitar,images/cartoon/hf_03307.jpg,17a3c41e6e5f06217154e8f2ce468c9c240161411fcfd64dd991903d45c7883c
3308,hf_03308,cartoon,3,guitar,images/cartoon/hf_03308.jpg,3fb1244d890c83378ef9b785242fd01379b548104cd293634fa1aeb42ee8ceae
3309,hf_03309,cartoon,3,guitar,images/cartoon/hf_03309.jpg,8ef8748181c644c0b5a66e4192cacdc19753ec8c365215c16af62eb312aba258
3310,hf_03310,cartoon,3,guitar,images/cartoon/hf_03310.jpg,fae5d89456c393335e5cd2154664422d5197e9cbbad859f994365fe3f30a0f1a
3311,hf_03311,cartoon,3,guitar,images/cartoon/hf_03311.jpg,018ffe85b69442e6291545ff50bf89825a0440d06ada14d4d1fa63b1c56aa59f
3312,hf_03312,cartoon,3,guitar,images/cartoon/hf_03312.jpg,6decea921210e04479509976ae70ddcfbd84fcd64e59baa589e4926f26888079
3313,hf_03313,cartoon,3,guitar,images/cartoon/hf_03313.jpg,9fc63a4e0eb0f61ec76cca61502f73fec084ce7827cb89e38be9fb2217070aea
3314,hf_03314,cartoon,3,guitar,images/cartoon/hf_03314.jpg,8b3a4ef7ad6d13e5e5ce058bb83a96356aedae3869649dc3b8875f0432f790c7
3315,hf_03315,cartoon,3,guitar,images/cartoon/hf_03315.jpg,595f1c14641702ccdd2ec78e69baabb40db05d5f55da57164d65167a4f6e0c55
3316,hf_03316,cartoon,3,guitar,images/cartoon/hf_03316.jpg,873da69d672db6d5ed1d8869958778852d8c067a3810132e6af681fef0f848f3
3317,hf_03317,cartoon,3,guitar,images/cartoon/hf_03317.jpg,872310747f86d930503a19ed28f9a9fe3cfdd5a4ea8326c7ec0f611fcba9778d
3318,hf_03318,cartoon,3,guitar,images/cartoon/hf_03318.jpg,9283df9a6975500cd8d4fcdcddeb218baad42c94f2653c26d16ca1ddb526fbf0
3319,hf_03319,cartoon,3,guitar,images/cartoon/hf_03319.jpg,a1b312e3c94ac483c56aec4d4775b14804b9cd8f2fc036176553e996ccc0db7f
3320,hf_03320,cartoon,3,guitar,images/cartoon/hf_03320.jpg,78dc606b4718b8cfdb914203e5eab9f02db3a8d3211b3e2d364e71130d5b6b53
3321,hf_03321,cartoon,3,guitar,images/cartoon/hf_03321.jpg,2eb64fff93601762855a9296839a326ae7f7c534909cfeeea5202db9f696a024
3322,hf_03322,cartoon,3,guitar,images/cartoon/hf_03322.jpg,855e7e797e322aa0ce25ad273a27a852026a9fff6cbeffba32f5b11b708d1029
3323,hf_03323,cartoon,3,guitar,images/cartoon/hf_03323.jpg,6fe3a5cd086669366dcf2b1acff35070f39508debdd02477c4bce9030369e163
3324,hf_03324,cartoon,3,guitar,images/cartoon/hf_03324.jpg,2f3578312b387da9e25dd210d291bfffa77529f4882904fef8f98539099a7910
3325,hf_03325,cartoon,3,guitar,images/cartoon/hf_03325.jpg,2a1b7147e45691c9c15c7a88a56e3af47e930b128dfd223faf967d3f5d5135d6
3326,hf_03326,cartoon,3,guitar,images/cartoon/hf_03326.jpg,37be1017ff8c6a3207fb515c1585f6c2d39363c37512ef81b83b2da0147433b5
3327,hf_03327,cartoon,3,guitar,images/cartoon/hf_03327.jpg,f732ae3eb430004b6c164c0fc9918986ef9de1747f9f59f2514bfc2624ca265b
3328,hf_03328,cartoon,3,guitar,images/cartoon/hf_03328.jpg,1e29a1bd57397f170912b5c1411f1d0b43d2bcab16c5bdd2f519569ac425c5f6
3329,hf_03329,cartoon,3,guitar,images/cartoon/hf_03329.jpg,912cb3e853ff084f0f25d1359f3d815a9c33b46f525441daf7de6697f33315e9
3330,hf_03330,cartoon,3,guitar,images/cartoon/hf_03330.jpg,d61044c5c6300fe5698048ccbdfedd928c0cc2338eef9eff7b0e12227d1c434d
3331,hf_03331,cartoon,3,guitar,images/cartoon/hf_03331.jpg,97d559cd602dd521b8d4939dbcf91dc7c47c79e344ab8a70be3160cbe6bae398
3332,hf_03332,cartoon,3,guitar,images/cartoon/hf_03332.jpg,155a49ae9856c742f32ddefb2fcc51006a2ccd956296b4bbc560a07f8f0454f9
3333,hf_03333,cartoon,3,guitar,images/cartoon/hf_03333.jpg,50ae0979cd0fc904fb6d501eb9bd08284faf02282b6cc1ae7a34b73dc3bd4238
3334,hf_03334,cartoon,3,guitar,images/cartoon/hf_03334.jpg,fdc3744cf531025738d3438e942b9251f93121e77372058e80f7ea59c4705f97
3335,hf_03335,cartoon,3,guitar,images/cartoon/hf_03335.jpg,fa78e52fc3e1ab106a8f2c440d4e2f7f370e8d7b4cb2ec2e3d61101f341d76da
3336,hf_03336,cartoon,3,guitar,images/cartoon/hf_03336.jpg,5475a7aeac2429a36f7b3ff4a7422498a88db30d33d289489c91ee896128e121
3337,hf_03337,cartoon,3,guitar,images/cartoon/hf_03337.jpg,31730beb8e8cfcab6b220b9704b64adca33fff2dd3a955bfe6e2f1dc801a297f
3338,hf_03338,cartoon,3,guitar,images/cartoon/hf_03338.jpg,20425b705e7d763af6d19341b0bb6b228b29eb6a8c9dc647ddf4d78f2e1ce8db
3339,hf_03339,cartoon,3,guitar,images/cartoon/hf_03339.jpg,9e64d71bc8677c7c8570f8a4959a1b454c43ace0b5c5ddfa801719122dd28396
3340,hf_03340,cartoon,3,guitar,images/cartoon/hf_03340.jpg,45dba9d957362335e2eeadb9e23166a8ae6390eb28538e60a01527b181de3526
3341,hf_03341,cartoon,3,guitar,images/cartoon/hf_03341.jpg,84c0b6f9c1e27edd83f151e6c0ea0f546afb99beb708a035838202b842bf0467
3342,hf_03342,cartoon,3,guitar,images/cartoon/hf_03342.jpg,5ba6cec4b2d067c486fbe283cc6518e760795a2af6e03903870fe94cd78cf7c4
3343,hf_03343,cartoon,3,guitar,images/cartoon/hf_03343.jpg,cf2ee4b155608bad9d2950b203d0c0eb2cf13495d875d5295f2e00e5dce2f529
3344,hf_03344,cartoon,3,guitar,images/cartoon/hf_03344.jpg,08cf3dcaca4ad61c9f48d8b0a54f83934fe49ce4d19c53d4b1e37b68483e10a6
3345,hf_03345,cartoon,3,guitar,images/cartoon/hf_03345.jpg,95bf5bc0e306217d6a9b92ffdea46f53d2c8b42aef2fd0519006833c4c0e4e8e
3346,hf_03346,cartoon,3,guitar,images/cartoon/hf_03346.jpg,80f2b06fe2b119ae1824697bcea86a108566637a325b0dd007daaf90ca85c14c
3347,hf_03347,cartoon,3,guitar,images/cartoon/hf_03347.jpg,f91dde7e5be601b81ee2336ddfbb37ea287a59355c28ecd4c40f515c0f808af5
3348,hf_03348,cartoon,3,guitar,images/cartoon/hf_03348.jpg,2cbd2605ea4764e1121d1df23946f787c54e038b0c97b3ca817759ea2123460a
3349,hf_03349,cartoon,3,guitar,images/cartoon/hf_03349.jpg,d1453e27faebd9a18816118d2879903675bae3a1ec176530e73306f8d9053274
3350,hf_03350,cartoon,3,guitar,images/cartoon/hf_03350.jpg,cf67819a93ebbcb4d079cc159c9abd5391831292882f2961a999c0f386301a27
3351,hf_03351,cartoon,3,guitar,images/cartoon/hf_03351.jpg,ede16d230e012125a1fe75d0787c52c0cb387a60ee3b56555e16246a7e298227
3352,hf_03352,cartoon,3,guitar,images/cartoon/hf_03352.jpg,c19d8bee0f94e348f0039d1d9727704302ff1603cc243b7a581d1aeabbc3b2e4
3353,hf_03353,cartoon,3,guitar,images/cartoon/hf_03353.jpg,e39d718bf97df9931b9bc50d6693fe8298157c12e6c81a19c0ee3da863795f74
3354,hf_03354,cartoon,3,guitar,images/cartoon/hf_03354.jpg,e0526f5424eb0918f9d0975e13b6552d19209ba6a4059715b66e7375fb8d829d
3355,hf_03355,cartoon,3,guitar,images/cartoon/hf_03355.jpg,69342a4c806b187831151500ed4c8d36564cdc5849f7ca921fa48335abb68f58
3356,hf_03356,cartoon,3,guitar,images/cartoon/hf_03356.jpg,b84691b134c878a461446c794dd516515f9814898f7b1bc7c8ed9e5b23ed8acc
3357,hf_03357,cartoon,3,guitar,images/cartoon/hf_03357.jpg,735a4ca94a8a97cf8eee3cd98f62aee2e8e0e3eef6ca43a17f741deafde69e3b
3358,hf_03358,cartoon,3,guitar,images/cartoon/hf_03358.jpg,d0a9bd00b3ea7277790fa9b84948febfa948385937917d0216c4a34eec503413
3359,hf_03359,cartoon,3,guitar,images/cartoon/hf_03359.jpg,f8e7ffcb3007380f085ca4a14016cfcd2fd85133db453d6c7beb43ca85f6a768
3360,hf_03360,cartoon,3,guitar,images/cartoon/hf_03360.jpg,52cea2a5f395c2825e655b6b00f4653d8b1425cf594a3b25311ab6cebf417d52
3361,hf_03361,cartoon,3,guitar,images/cartoon/hf_03361.jpg,379b092d9af81cf8dd00cc032b2bae6ef1aaee0c96f2a1fd6ceeb51fbdb498b7
3362,hf_03362,cartoon,3,guitar,images/cartoon/hf_03362.jpg,c4047f92f79de52cf09451aff559545f2fcf95464ae33da27c487a0cce8efa8d
3363,hf_03363,cartoon,3,guitar,images/cartoon/hf_03363.jpg,7176bb31f9f057e8a0efb84caabfc8f20cd507e71050f87bbf099249cf57fa49
3364,hf_03364,cartoon,3,guitar,images/cartoon/hf_03364.jpg,a812bbfb81c43358ad5085e76c801664f494d67b0000b719554c44400e573e40
3365,hf_03365,cartoon,3,guitar,images/cartoon/hf_03365.jpg,254e79c21f8ce75446d94112154fac4413bdaa74496edefbf32385f0fb1c80d8
3366,hf_03366,cartoon,3,guitar,images/cartoon/hf_03366.jpg,481fb67e220863b273194d03d83294f2a0a9fa748736f00dc1239548343de592
3367,hf_03367,cartoon,3,guitar,images/cartoon/hf_03367.jpg,ed20b629d3bba9d4b128b4f35bca52a8a81cd322ab6cce82b4aee714d62dd77f
3368,hf_03368,cartoon,3,guitar,images/cartoon/hf_03368.jpg,1d0db2ba82b83497ecad1af62943656dd0fbdb2556c5ec23b167d8a79b148f45
3369,hf_03369,cartoon,3,guitar,images/cartoon/hf_03369.jpg,2f0befbaf8b3187cce29d3673139f53e82158fd13be54288be17de1bd1a5e39e
3370,hf_03370,cartoon,3,guitar,images/cartoon/hf_03370.jpg,735f51913e3c0bc7aebba273f10655cce9009747c7cc4b2fc42976ea076d40b1
3371,hf_03371,cartoon,3,guitar,images/cartoon/hf_03371.jpg,ec77ddd3137a4f6d85f50ffdb778d99486d7737d46c6ccfcc491a57692e2002a
3372,hf_03372,cartoon,3,guitar,images/cartoon/hf_03372.jpg,50e930a25cc02f731ab39f095a09c2244d6108b4a9275cc6b13a9199c6f1133f
3373,hf_03373,cartoon,3,guitar,images/cartoon/hf_03373.jpg,12546b5fd02daeb932a876b301f72f0b8d3186b7f1d853324e352828fc166d0c
3374,hf_03374,cartoon,3,guitar,images/cartoon/hf_03374.jpg,255c16e498875e49bbf928cd0207177f129a028a46cbeea603da271cbe044659
3375,hf_03375,cartoon,4,horse,images/cartoon/hf_03375.jpg,84f7928e50afe73fa87c8eee34e2178d7445de92f4aeb408d673eb5979bc3e61
3376,hf_03376,cartoon,4,horse,images/cartoon/hf_03376.jpg,023271b99e3692b66b4095a2cf391a25fb877a3089f568b116d2a31287e60fd5
3377,hf_03377,cartoon,4,horse,images/cartoon/hf_03377.jpg,e3eda755e640123ae98a8d75ec970a87f18598c5da01472afb4e103a4c5dfe0f
3378,hf_03378,cartoon,4,horse,images/cartoon/hf_03378.jpg,7a909e6b77d61713a33e02bdf365663b1d62a99d18f5bfdb9155f3ed5ee945c3
3379,hf_03379,cartoon,4,horse,images/cartoon/hf_03379.jpg,f23a4d24fa14f8ba9c88df926fcc65289e5383304463f2201fcf1e5506559071
3380,hf_03380,cartoon,4,horse,images/cartoon/hf_03380.jpg,26ed99bec1fad93c8a1b0061be98f2066214924c2cef515dcf96465e70efcaf5
3381,hf_03381,cartoon,4,horse,images/cartoon/hf_03381.jpg,5ea63fe0b033bf80b08ed801008b1e7bb50da7de481f1052a463346a656b146b
3382,hf_03382,cartoon,4,horse,images/cartoon/hf_03382.jpg,c5fd0d79c71b23484a8807eda7ae7c7ff46dca842d29aab57647fe835b76ff3e
3383,hf_03383,cartoon,4,horse,images/cartoon/hf_03383.jpg,01a902f255ebb4e67d4c9795612784c457b485cb516619417b7292d6891c979e
3384,hf_03384,cartoon,4,horse,images/cartoon/hf_03384.jpg,ec5f8b5e255f720d3d9415a295d22db51648214d872c53d9c2c72a31dd319ca5
3385,hf_03385,cartoon,4,horse,images/cartoon/hf_03385.jpg,8f0f4013eba074aa404dde979b2dd8f1fa32586d08979e7715a44f0d74af3921
3386,hf_03386,cartoon,4,horse,images/cartoon/hf_03386.jpg,aa7999d2e7ff87956376fc7be124e1758795f3a95906d0119019444edf62862c
3387,hf_03387,cartoon,4,horse,images/cartoon/hf_03387.jpg,f834944e5d7614d603f3b79c79352cfae708147c524b62dd5ba7d78d5e111292
3388,hf_03388,cartoon,4,horse,images/cartoon/hf_03388.jpg,380bb5c71a9908674a0502a67bd7bef8c02a16b6295bd057239b85b1fbc230a2
3389,hf_03389,cartoon,4,horse,images/cartoon/hf_03389.jpg,e5164ab5d2e93a1df4d83ddc8f39d77a449eefafc750f241d3a9d22b78d2cf96
3390,hf_03390,cartoon,4,horse,images/cartoon/hf_03390.jpg,e3f329a0a0d4c23b8cbbfb8224ab20c92ed481f6e9a5fed2da7dec75f15709e4
3391,hf_03391,cartoon,4,horse,images/cartoon/hf_03391.jpg,01975d41f2fd7afef8d681f5445604d205332dd0a7a5b5206f9947202be64959
3392,hf_03392,cartoon,4,horse,images/cartoon/hf_03392.jpg,5a2b4faf5808f9f12fa54df1585ce5561d25fc12b0461a833c257c7960a6c52b
3393,hf_03393,cartoon,4,horse,images/cartoon/hf_03393.jpg,79858182f3c887951aceb15770d8908076a7118dd7f4d770b2784860d4a1cd36
3394,hf_03394,cartoon,4,horse,images/cartoon/hf_03394.jpg,0a801a624bfd00a23c2bb6fd9de9fbe417309627e02deff6963fe26ac0eb81b2
3395,hf_03395,cartoon,4,horse,images/cartoon/hf_03395.jpg,9d0b4710aa034f3ebe433748e92be372c6593f75c7b9c97d35ba5d4bf0cc30c5
3396,hf_03396,cartoon,4,horse,images/cartoon/hf_03396.jpg,fcff10f6bfb0d5358d176f4ec5c9351b32a99d0873bd16c81c24e4f410725d3f
3397,hf_03397,cartoon,4,horse,images/cartoon/hf_03397.jpg,1c998b37411a5104ddf3190d4c76b7655ed651b911428aeb49926023a48be10d
3398,hf_03398,cartoon,4,horse,images/cartoon/hf_03398.jpg,3e98e2fb131d380f5c23251602681446a62084933a14e917515f2f0ff1102a97
3399,hf_03399,cartoon,4,horse,images/cartoon/hf_03399.jpg,bae712f1c1b188f7ed3be0e3467293389916c84533d22c52ef5740cbfb972f0a
3400,hf_03400,cartoon,4,horse,images/cartoon/hf_03400.jpg,941f2d26f66674156fe29dd2f6db4f8e2fc30a4c71df393104ec8a912157af5b
3401,hf_03401,cartoon,4,horse,images/cartoon/hf_03401.jpg,637d3d5571d34ae2f7e85b0b6408775a3dee07fc1842a8d966640205cbd1a21f
3402,hf_03402,cartoon,4,horse,images/cartoon/hf_03402.jpg,2677e9f6516b362c22cc8260f69e78de32b5dce8a8b101b4c26affa97a1be5c5
3403,hf_03403,cartoon,4,horse,images/cartoon/hf_03403.jpg,5db385bf3ac2ad1b10099788724e61855d9b3a78781ebdf728f09f95138818d4
3404,hf_03404,cartoon,4,horse,images/cartoon/hf_03404.jpg,e33c4e4d5e55a13ead7c60fda1c4f5e09ea67e845239577bb2824108e9a1e140
3405,hf_03405,cartoon,4,horse,images/cartoon/hf_03405.jpg,d96e66c6fcfa170351fe105e4e3c937d301f754afd8e56001220a64c56788fc4
3406,hf_03406,cartoon,4,horse,images/cartoon/hf_03406.jpg,d683ab2fd458c11ea8b0ba01e82f4ebdacda28bee62af1f30e5f51db20bc8a54
3407,hf_03407,cartoon,4,horse,images/cartoon/hf_03407.jpg,002d05a68ae2b7954a41126e405553b53a9918ded30db271c342186491c414cf
3408,hf_03408,cartoon,4,horse,images/cartoon/hf_03408.jpg,37d230e4bb45b54854f995e7f61af21795696340548cb2c9df9352a2e1b42f17
3409,hf_03409,cartoon,4,horse,images/cartoon/hf_03409.jpg,5e015123542a8ade635456281b89c57318060f3ba4652e3d9211ea15320f5d7f
3410,hf_03410,cartoon,4,horse,images/cartoon/hf_03410.jpg,7fffd205715e335db4f409624c61197817f0cb5f6b6474344242c033fa087776
3411,hf_03411,cartoon,4,horse,images/cartoon/hf_03411.jpg,def464fb129f070d4fe851e91e2a8e28012f03d20ea745c83982df07c410bc24
3412,hf_03412,cartoon,4,horse,images/cartoon/hf_03412.jpg,8a4133c8af9f9e2543d68a0e90d4d86449a5d8d3929f08c2cfa3bca10d04fde8
3413,hf_03413,cartoon,4,horse,images/cartoon/hf_03413.jpg,94399fa21d8e83410551c46c64d9807ef362ef20cce7fb06b08387b5eeb935ec
3414,hf_03414,cartoon,4,horse,images/cartoon/hf_03414.jpg,076219632305f96d3ad51a6ab00f007ec0a5670ab8ae7db7ff9d366759f3129b
3415,hf_03415,cartoon,4,horse,images/cartoon/hf_03415.jpg,f051ed613bd09b5d9d6c83618155068df9d4daf6d2a8c4e5cf4579ba6de0cb25
3416,hf_03416,cartoon,4,horse,images/cartoon/hf_03416.jpg,c74e9c7293ce52fa01cdc87e5a62c4ef2d526b1b8e2cda9e3bbeebff9f18ced5
3417,hf_03417,cartoon,4,horse,images/cartoon/hf_03417.jpg,ca2910132c23768d16629eabf7de43f04662202fe100df8d8552126cb119db59
3418,hf_03418,cartoon,4,horse,images/cartoon/hf_03418.jpg,356942c0d889ae4496a05da3548b3e9915b2b506cf5fb595d0fc15d035be36be
3419,hf_03419,cartoon,4,horse,images/cartoon/hf_03419.jpg,152a31f405236cc964114e7d3b18fbe5f19bb57949cec9c5e89a4061227ed6ac
3420,hf_03420,cartoon,4,horse,images/cartoon/hf_03420.jpg,37bedbe74ba97768b8e142188d2d8e0140cffd80aacf0943768e9eeb85b58621
3421,hf_03421,cartoon,4,horse,images/cartoon/hf_03421.jpg,67415deb6e4d3c5c1bc8914ce95f9eaa9e2a9706d1a6be3387fbe3fe12d15fa6
3422,hf_03422,cartoon,4,horse,images/cartoon/hf_03422.jpg,17bf30b2e3ab908655145793a70fd71146354d58d1edb7e0de42c0c977ce6827
3423,hf_03423,cartoon,4,horse,images/cartoon/hf_03423.jpg,f83cf8db6a6e8aba6b844f4ca0bc7331cf68010d88b413d334fa9bda04421ce9
3424,hf_03424,cartoon,4,horse,images/cartoon/hf_03424.jpg,59806be3e5e22143f1a03b9ad603891c66047f67802c5e4330d463d6d2afd6de
3425,hf_03425,cartoon,4,horse,images/cartoon/hf_03425.jpg,386c03bd21532698ea35e4bfd695a660b6d151c993641fb79fbbff3b1f803c8b
3426,hf_03426,cartoon,4,horse,images/cartoon/hf_03426.jpg,955940613166c75507cd0a78c8aa0d87c2030942f2de2cba433732a82581fe1b
3427,hf_03427,cartoon,4,horse,images/cartoon/hf_03427.jpg,412e5a2b70a2a036520d31c58d7a6ef6c99649ab4a10448aaf38a22b93623b48
3428,hf_03428,cartoon,4,horse,images/cartoon/hf_03428.jpg,0801dd470a7a1731d64eb2654d74565a5a2c4d26a2061cd1832b4836ff590171
3429,hf_03429,cartoon,4,horse,images/cartoon/hf_03429.jpg,ea6e06a09561b6efc8eea8c010b096ee62e9b16f42d9d941c83ab6f336c1c475
3430,hf_03430,cartoon,4,horse,images/cartoon/hf_03430.jpg,4fbbd95dbfecc2e2f4df29d60ced9fd054eb2b772daa4fb387b283fc052263d5
3431,hf_03431,cartoon,4,horse,images/cartoon/hf_03431.jpg,517d46361f2d00e832aa5d9499a2d6ba2bd919bc235e1dca466f90a25e8b0743
3432,hf_03432,cartoon,4,horse,images/cartoon/hf_03432.jpg,3fc84feee8c949cc1853591e198cf77630d0e9d1e142fafcf9eccbece2632413
3433,hf_03433,cartoon,4,horse,images/cartoon/hf_03433.jpg,7bcf3a1bce1e4bf44ca407d90bf6b32ba3a9a2ec32b3f08838adbf2ef24f61df
3434,hf_03434,cartoon,4,horse,images/cartoon/hf_03434.jpg,446dd2826d22496339fe8172bc37240fbd1dc9268307e97153453b8d09c72861
3435,hf_03435,cartoon,4,horse,images/cartoon/hf_03435.jpg,1ed5d993a8a05315c006ff7cd633ff8222220a0d62fbeef2d706cec56618c896
3436,hf_03436,cartoon,4,horse,images/cartoon/hf_03436.jpg,081ae521b2071346d056d21a9b0972e0c3ac86ccd3e3dd03eb340ed0ef12f967
3437,hf_03437,cartoon,4,horse,images/cartoon/hf_03437.jpg,813d7ca8cdfddb33531d2550a1683144eb05733b54593a7c8ab6b2fad77810e6
3438,hf_03438,cartoon,4,horse,images/cartoon/hf_03438.jpg,edb050c2f1a962bdde8dc09ce11f7d1e0835c3a4f7ee30b3a07c8a60c62034e3
3439,hf_03439,cartoon,4,horse,images/cartoon/hf_03439.jpg,6d3c878fa9153b2830c1e6f79e4177e54506c2a265b94f87779d7dbf7bff0335
3440,hf_03440,cartoon,4,horse,images/cartoon/hf_03440.jpg,013a74655b2fe7e1154217096860eca31c1b2b3bfa42f19bad0c6020bb07e12c
3441,hf_03441,cartoon,4,horse,images/cartoon/hf_03441.jpg,24f60cd460d18d61cfd222ecfc929d832bd7e6640574bedfe1314d8e4924d4c9
3442,hf_03442,cartoon,4,horse,images/cartoon/hf_03442.jpg,316852b07675c9b9b02441252e952f925d9234f8c13d0ef40d8b48512dae5c2e
3443,hf_03443,cartoon,4,horse,images/cartoon/hf_03443.jpg,2f21d50c7974e904b0da5f02ff28683225a406b9b2a8febb2241b0b8a9ede6da
3444,hf_03444,cartoon,4,horse,images/cartoon/hf_03444.jpg,3cdaaefde3b6745905bd4306a124c389018670fbeb60afa289f524b599b9f1cc
3445,hf_03445,cartoon,4,horse,images/cartoon/hf_03445.jpg,abc506bcd37a29ee1e8aac6d43956a2371766e32550a43ff245dd41951587f8e
3446,hf_03446,cartoon,4,horse,images/cartoon/hf_03446.jpg,b5839c31a36c075bb076caec35e3b8bb655d068fad9d716584462ea5c846d9af
3447,hf_03447,cartoon,4,horse,images/cartoon/hf_03447.jpg,12347cececc47191cbe4a510e4c2a5c92b2aaed5fc0da1611545551d0b3a4b13
3448,hf_03448,cartoon,4,horse,images/cartoon/hf_03448.jpg,4c4397cbf5054be830d8e41900508c46416aaca952a4491bfe9df0e753190d7c
3449,hf_03449,cartoon,4,horse,images/cartoon/hf_03449.jpg,25434af99bf1c948a43eedb6479716fa102b1b8783ce2e6e1cc7b752aa5e09b9
3450,hf_03450,cartoon,4,horse,images/cartoon/hf_03450.jpg,77f35f1346f37f91daa3ab25df9832995f095f849494fb2527304edbb12ca961
3451,hf_03451,cartoon,4,horse,images/cartoon/hf_03451.jpg,146953c2a1c960e6fd7e8f466ebfbacefc7a9a86389108c0a0f1a9456d1146fd
3452,hf_03452,cartoon,4,horse,images/cartoon/hf_03452.jpg,80bc14aba39d6902a5bb39bf6684af6640d17d64ec90fc9cfeaf9b18a81b0aec
3453,hf_03453,cartoon,4,horse,images/cartoon/hf_03453.jpg,97214fc310d718460cd5d03a34bc9647cfd575f64f892bcc781f72f44899b5cb
3454,hf_03454,cartoon,4,horse,images/cartoon/hf_03454.jpg,ee003da30d9d3eee1e74846c066d6c6ba84150e517042aa9883cd428aef86fec
3455,hf_03455,cartoon,4,horse,images/cartoon/hf_03455.jpg,2abec4c2885863b7c643851057fccb14eab07f3c6edf88a0d371d5973e9b64d2
3456,hf_03456,cartoon,4,horse,images/cartoon/hf_03456.jpg,25f43910a4b9994dbc0cd82f286ddfd6d1dfe5561758e3a8b0c35659321f9e96
3457,hf_03457,cartoon,4,horse,images/cartoon/hf_03457.jpg,33056b139fd59b96e21e6f63c5079d31d36777ea6a8bc146c5032ac9f3745a88
3458,hf_03458,cartoon,4,horse,images/cartoon/hf_03458.jpg,3b6c0e8727a7726e49b91925e7c7718e029c3ead396f2f89a6d990b3d31199fe
3459,hf_03459,cartoon,4,horse,images/cartoon/hf_03459.jpg,0c26c2779817d43fdbc036ebf9dc5538bcf12e2cce4e8e61502e4e0f3280e440
3460,hf_03460,cartoon,4,horse,images/cartoon/hf_03460.jpg,2687e75e63c07b719bdd0bc724d9cd86106f178e9900d459822d20ebb328c95c
3461,hf_03461,cartoon,4,horse,images/cartoon/hf_03461.jpg,4f0a4e14491d4f06c06a2fc34e1ac7bf69be8dc424ecd595415256cae9d90382
3462,hf_03462,cartoon,4,horse,images/cartoon/hf_03462.jpg,03396ceb237a43a556efbb4f6bd31d75551e7e6cb332b35ee1503c39ded77d5b
3463,hf_03463,cartoon,4,horse,images/cartoon/hf_03463.jpg,4b70389fe39d470cbcd3115a01541b05c09828c0b0d11bc409a1a84a2d5434cd
3464,hf_03464,cartoon,4,horse,images/cartoon/hf_03464.jpg,eea135ec465f7da491f8956f4c4e4c6f716b512f5c3c2e56430215c980ff8c46
3465,hf_03465,cartoon,4,horse,images/cartoon/hf_03465.jpg,8fe77307802075ae0f2cf57277a76883eeb50864e18a9894a4134af7fa8a4a01
3466,hf_03466,cartoon,4,horse,images/cartoon/hf_03466.jpg,35687df7d4f257ba301f1d0aa05d69920a9b364be738f07d02831a0e9f6d0b0b
3467,hf_03467,cartoon,4,horse,images/cartoon/hf_03467.jpg,8635fe5a873ea62ea8bea09b7225289afc2c64557460a9520c798af6f5263008
3468,hf_03468,cartoon,4,horse,images/cartoon/hf_03468.jpg,3d9106bc93b7316e1fac19322c0457d42833b8a3962ba47f3c56e2f2649cc55e
3469,hf_03469,cartoon,4,horse,images/cartoon/hf_03469.jpg,449c03ac292feaf6d268061f9cb12aec42d1eb9214c20f5ad9ef5d431a9dd3b7
3470,hf_03470,cartoon,4,horse,images/cartoon/hf_03470.jpg,1dbbd98972e42d6193546c46410ea51c205eba6e11313c2af6d309b4bcf2d590
3471,hf_03471,cartoon,4,horse,images/cartoon/hf_03471.jpg,74fc109d31009d2c0e3cae6ad55d692c43c9a3ae9da8f81ade7d984da3a7e531
3472,hf_03472,cartoon,4,horse,images/cartoon/hf_03472.jpg,9325573d513c90321ca63c6634ad1ad7eeca383f00e7ed39ade1e55f8ec6fbe7
3473,hf_03473,cartoon,4,horse,images/cartoon/hf_03473.jpg,dca30e23aed730ca60012b27faf6eb19acb2a550873fdf031b95fdb649747987
3474,hf_03474,cartoon,4,horse,images/cartoon/hf_03474.jpg,e6628ecd50e9376c6a1c0430f968bc975142d8315b96bddaaecff78716467935
3475,hf_03475,cartoon,4,horse,images/cartoon/hf_03475.jpg,bed9241ee97675e8739bc72bb5b30cebff4ec60a639b81af859e789be0ff3613
3476,hf_03476,cartoon,4,horse,images/cartoon/hf_03476.jpg,5fac2c0c295a373a35f20cc14b54b8afacee1c853dbfe6085c9cf0e038e5ea47
3477,hf_03477,cartoon,4,horse,images/cartoon/hf_03477.jpg,44895e838287506d67cc66b0cc709bf0697a6477406fd818c123a27c493779d9
3478,hf_03478,cartoon,4,horse,images/cartoon/hf_03478.jpg,876f85fce22fe9507ecbb843f3067b7f0b3f7b4b257ec04a52b666990ad797c4
3479,hf_03479,cartoon,4,horse,images/cartoon/hf_03479.jpg,93620fbf378a3d485b4424f126a10220b89991f2a51dc25eb6b53a8d9188b6d6
3480,hf_03480,cartoon,4,horse,images/cartoon/hf_03480.jpg,b76fc9f3e692754e745e7cafd8dff8828aae3e993336a17df2e69b85177ccb68
3481,hf_03481,cartoon,4,horse,images/cartoon/hf_03481.jpg,a196f4c40d5e9d8b46d4c4c26b27d71c3daae143eb04f20691719028b57fdefb
3482,hf_03482,cartoon,4,horse,images/cartoon/hf_03482.jpg,12737bbffc9a4e2599678a28ee95716c38b5d84677d776d7249eb2c5934e5893
3483,hf_03483,cartoon,4,horse,images/cartoon/hf_03483.jpg,e8bed739f5f6720777743c28968060046c2abde297f0caa8119c3742cb1605fc
3484,hf_03484,cartoon,4,horse,images/cartoon/hf_03484.jpg,8f1541c8499491d63450082671ddc0bc8e3dbc6590fcf7c0bd287cfa525e7167
3485,hf_03485,cartoon,4,horse,images/cartoon/hf_03485.jpg,055f5e9bfe37480ca1c00f73e2b4401bf104152bbc7990a6054dd0b45bad8ddf
3486,hf_03486,cartoon,4,horse,images/cartoon/hf_03486.jpg,f1374da139a6c07c9671d8d9935abd48ee57e9f9986e3bee531d16137e1b869a
3487,hf_03487,cartoon,4,horse,images/cartoon/hf_03487.jpg,802d9ffe6a2cc47001d11a4f26905014292cb919367b6f45e30c710bcf78f33a
3488,hf_03488,cartoon,4,horse,images/cartoon/hf_03488.jpg,98cae231db4ba77eef56bf34b7358385cc24fec4cc789db7b740b4391f6e1407
3489,hf_03489,cartoon,4,horse,images/cartoon/hf_03489.jpg,884c546c84025b138062e58b27552225ee1918e25ec8d798736278d50169aa2f
3490,hf_03490,cartoon,4,horse,images/cartoon/hf_03490.jpg,4962f7bb9b0b98f8d339790666abb18bc2ce8c59953a9a8ac738cbe0ae84ad86
3491,hf_03491,cartoon,4,horse,images/cartoon/hf_03491.jpg,e73a7bd8b965a9c79bf072d8c36ed12406750c818a37620b2769c99acdb18e7f
3492,hf_03492,cartoon,4,horse,images/cartoon/hf_03492.jpg,ce09e90e1a8570a2fb672fed62edccb5c0c6e6454c1d1b93407e6f5c82c5473b
3493,hf_03493,cartoon,4,horse,images/cartoon/hf_03493.jpg,a7543f30227e751182d9bd70dac22971cdebcd759e5d43205a9c65630426aa63
3494,hf_03494,cartoon,4,horse,images/cartoon/hf_03494.jpg,ad6457f3caf1d8ece81fd7743c8df0935c2ddcebbf73c4885957e44d4bfed7fd
3495,hf_03495,cartoon,4,horse,images/cartoon/hf_03495.jpg,6aaadd44025b6b87f9be187ee0e5cf4dabe5d0faa8a7160dbd77a5dee4133c9d
3496,hf_03496,cartoon,4,horse,images/cartoon/hf_03496.jpg,149ba4a3509a01243d51e278f7cd45b80a98650616fc7590f2a18b6208717243
3497,hf_03497,cartoon,4,horse,images/cartoon/hf_03497.jpg,d1668a05d41053cb93a02944f432d9c97cda1e2c5a9ebab5d6909b44826be95a
3498,hf_03498,cartoon,4,horse,images/cartoon/hf_03498.jpg,ed1c0f194fdfebe5e2d9177a0615405002d7dacbdde7648b590a149155373a1a
3499,hf_03499,cartoon,4,horse,images/cartoon/hf_03499.jpg,001874c5fd1fec44989d0f7b6ab3f3160094d4254cce044f97f1e83b36b07b8a
3500,hf_03500,cartoon,4,horse,images/cartoon/hf_03500.jpg,2016318b78b55d03b1c4f22c1c7d7b66a93dd1b90092605ee411b4a88f2a31b9
3501,hf_03501,cartoon,4,horse,images/cartoon/hf_03501.jpg,d4d63eeab3715a26e7d973d6ee3b927f64659232065df1dc9ccfff562103abe7
3502,hf_03502,cartoon,4,horse,images/cartoon/hf_03502.jpg,8515ceba17a7c9665ef3b255c81602bb33376d4bb94c005220e880aa9cd56e24
3503,hf_03503,cartoon,4,horse,images/cartoon/hf_03503.jpg,05e93e49217a5a969fe2d34062c6489fae05af33a0df926ef8795cb2391ca7eb
3504,hf_03504,cartoon,4,horse,images/cartoon/hf_03504.jpg,578fbd46433c0168f072487abd2fccb95305e4a5f3f84245ca706d60de1748a3
3505,hf_03505,cartoon,4,horse,images/cartoon/hf_03505.jpg,b265da3a04fbb613613385fc24cedc7c3af59656e25f713a781b95e141763f54
3506,hf_03506,cartoon,4,horse,images/cartoon/hf_03506.jpg,9ec1074b378633e603dad187ccd9785f0269b498a0359dec82fdc0b609b95b42
3507,hf_03507,cartoon,4,horse,images/cartoon/hf_03507.jpg,46790a70746e5ec7e6531d756a891f707fabf0a5aaf332e72ba1feaf8e50ee97
3508,hf_03508,cartoon,4,horse,images/cartoon/hf_03508.jpg,23de9d51cd286c6a70e602fa8022ea6e8775783588f84c9c855134a0411d00d9
3509,hf_03509,cartoon,4,horse,images/cartoon/hf_03509.jpg,b02e103f56189a7ea7e414ecc78e05e41f7d1117f3d7bbf2cf08c06ada1a43b2
3510,hf_03510,cartoon,4,horse,images/cartoon/hf_03510.jpg,6eef78e8502361450031bca59a025a83b508e497bb472b68dea61b6ddc128db3
3511,hf_03511,cartoon,4,horse,images/cartoon/hf_03511.jpg,6354f1c47cfaf21dc8cf4cdd32987928a3083ad7138bb64389be22188ca3d6e5
3512,hf_03512,cartoon,4,horse,images/cartoon/hf_03512.jpg,4012d28179ec81f5e89d29005c4468ae0d868722a3a71d016ece7177d4f8746a
3513,hf_03513,cartoon,4,horse,images/cartoon/hf_03513.jpg,df25b561ba610db8af06b7e9ac5a0f1c0036d05d90d2949c2e839957d0bab4a6
3514,hf_03514,cartoon,4,horse,images/cartoon/hf_03514.jpg,080efb6e935381bb123c9381590145d78e1af83e09b7e2aa05a7b9863da7f15c
3515,hf_03515,cartoon,4,horse,images/cartoon/hf_03515.jpg,e833d8dc0b66f14579e7ba88ab2073112c3e8cecbe54caad69efa8baa035c86e
3516,hf_03516,cartoon,4,horse,images/cartoon/hf_03516.jpg,28519a10b0bcaac3ed5a23543c92b07200d5df1ec9aaaaee1eec6e2875519284
3517,hf_03517,cartoon,4,horse,images/cartoon/hf_03517.jpg,68100372236f7992fc87d174b158c4ebc32203a64f5cd78dbb28b139c7a39c7a
3518,hf_03518,cartoon,4,horse,images/cartoon/hf_03518.jpg,0bbe9d3c062c339af7d228f6471f552899665b2e1cabd9a7386ff0a3fd23a9e1
3519,hf_03519,cartoon,4,horse,images/cartoon/hf_03519.jpg,682c3f013321c6e565c6e0ad1ddc3c0d42619bc95ba9f9d14523cb17fb99d13f
3520,hf_03520,cartoon,4,horse,images/cartoon/hf_03520.jpg,afa0dfb9ceba9fffdba5c5b0feb36bea75d43840116a6762a1b375277a59e633
3521,hf_03521,cartoon,4,horse,images/cartoon/hf_03521.jpg,e3e467806cda1a7e13083a4c1caa21585a434f4187753fe75d18e1e738498da1
3522,hf_03522,cartoon,4,horse,images/cartoon/hf_03522.jpg,65aab373b7c6ae03054503502f9748ed0541ba6ef348241071010f003acccd1e
3523,hf_03523,cartoon,4,horse,images/cartoon/hf_03523.jpg,7d47b7cd4836b263978fbb675c5c2c278771f4304264ddc4a9609e68dbafcf28
3524,hf_03524,cartoon,4,horse,images/cartoon/hf_03524.jpg,b8a0ef8e16b38f0c4d0d842305fbfbbce2751ab4af7e64f00d77e3ff4b003472
3525,hf_03525,cartoon,4,horse,images/cartoon/hf_03525.jpg,a23d8bb964b88b8f69220e4be28e68bdc2d734d5f07a6ea243594eb74aaa0c72
3526,hf_03526,cartoon,4,horse,images/cartoon/hf_03526.jpg,03ab7a238de68c477bf7cf25a56ad0b482d249ba44d974eef366f37e4ecdee0d
3527,hf_03527,cartoon,4,horse,images/cartoon/hf_03527.jpg,b08788aa5d5613afa88e4f00d699258331d86cddcb2fa2dca4950cecd1eb9d69
3528,hf_03528,cartoon,4,horse,images/cartoon/hf_03528.jpg,521b1c35757d4b4c2870410a5df7dfbe563b9137479b925b7cf48ac74705f1c8
3529,hf_03529,cartoon,4,horse,images/cartoon/hf_03529.jpg,9f13e7254a1e4457fbf37d0467cfc64ffb786c52ed31b124e8caa5f5b94ade51
3530,hf_03530,cartoon,4,horse,images/cartoon/hf_03530.jpg,461f7cb1e42d40fadb7a6e4a18e108695fd2e324d2e7233f6bdf55974e6b84c6
3531,hf_03531,cartoon,4,horse,images/cartoon/hf_03531.jpg,6197b4702e5063038a8eb1e178751264c142d9c59077a4b45f6274ed844a5e9a
3532,hf_03532,cartoon,4,horse,images/cartoon/hf_03532.jpg,3f27c2d747416868dec592b2eefa111065d4c43d8689f4eba4b083bca88be599
3533,hf_03533,cartoon,4,horse,images/cartoon/hf_03533.jpg,5e7e11680bd6d2d0d34c128dd0bffcdc99d687cb6d8ebc59981df20dc8ab57b8
3534,hf_03534,cartoon,4,horse,images/cartoon/hf_03534.jpg,3d3b8de6db012a9f9d94883dcc37da9b6838a43f87ca4ebadc4a94e6a7a3f5dd
3535,hf_03535,cartoon,4,horse,images/cartoon/hf_03535.jpg,8645d201858e070dfd04d624e2aca1c2a3999b643bcdf8ce7b143b0f22a8fa32
3536,hf_03536,cartoon,4,horse,images/cartoon/hf_03536.jpg,4c1648bafc3742552ba76c81ca4276bbcefc1ce7cbdadde09b56e1db8f9c5ca9
3537,hf_03537,cartoon,4,horse,images/cartoon/hf_03537.jpg,fb199c1f6ccc988f9f2e070eba07c2c40f3fa15992d6d066af4ab9116a652e5b
3538,hf_03538,cartoon,4,horse,images/cartoon/hf_03538.jpg,e25db57058ee91e58b0b086830e0d47f5395b5e25d72262d8bd00bb067d567d8
3539,hf_03539,cartoon,4,horse,images/cartoon/hf_03539.jpg,f4a08311d488953b6937341543e8bfc73625d5a28a5467dcd449eb01a3b39b27
3540,hf_03540,cartoon,4,horse,images/cartoon/hf_03540.jpg,ff0483285c423a00b5f8b18427953cd410d5161be28b2baf86f2fcc28f49c8d1
3541,hf_03541,cartoon,4,horse,images/cartoon/hf_03541.jpg,6c1bd79f410c17be597d4b230faf46385115bbff99855f9a06ef4caf8be50e33
3542,hf_03542,cartoon,4,horse,images/cartoon/hf_03542.jpg,c38337a5ec3e13ec7c94c822ed0c521b8833ca08c7376d8a0b15b6ea0f4c2a6a
3543,hf_03543,cartoon,4,horse,images/cartoon/hf_03543.jpg,094169ffae367ac64e02d07bcadb4818361b60f778b1420e3fb80b9b65cf706c
3544,hf_03544,cartoon,4,horse,images/cartoon/hf_03544.jpg,a3d842f24c3f90357bfe7c8615072886a140e89dde77edf35803ef641d364c56
3545,hf_03545,cartoon,4,horse,images/cartoon/hf_03545.jpg,7fa02574e6e00ebe2fc0650ff567d3dd978681fdc0b2ad7fa21c485fedc37aac
3546,hf_03546,cartoon,4,horse,images/cartoon/hf_03546.jpg,39fbd925bc7d118be3bdd134c5f3f2c96227b9ec438768c7b25ad7e417b126b9
3547,hf_03547,cartoon,4,horse,images/cartoon/hf_03547.jpg,d829a1f616715d0514319bc4770d0ca7c9f1a2e7620258bec1a953fcd47898ac
3548,hf_03548,cartoon,4,horse,images/cartoon/hf_03548.jpg,e852c0c6a498c1ed768c05514019582a693614bfac3a6b9c4a39f26c4d73d3c6
3549,hf_03549,cartoon,4,horse,images/cartoon/hf_03549.jpg,d5f9cf091aeebcde196c838ccbf4e71e86cd9af33abe52a571deefa7312e8d1d
3550,hf_03550,cartoon,4,horse,images/cartoon/hf_03550.jpg,028e2424c7d9ecf485867f06dd232d0114a4760565627cf0d4f5ee74a982a275
3551,hf_03551,cartoon,4,horse,images/cartoon/hf_03551.jpg,4fae55bb150c3e773d449197016c98ebccf629e33b766d9ab022930899201dec
3552,hf_03552,cartoon,4,horse,images/cartoon/hf_03552.jpg,328128f8cb96e50940ad807b158d7946feead90a4457d82fc8b71197fa19d82a
3553,hf_03553,cartoon,4,horse,images/cartoon/hf_03553.jpg,034574d8af45efa2a6935f16bdef7794e1ce10039e05edd27409958808bc4736
3554,hf_03554,cartoon,4,horse,images/cartoon/hf_03554.jpg,8a0a5e38b6b217c58c22549ba7b5cad8dcf1ac13b9773234473db39f45f742b3
3555,hf_03555,cartoon,4,horse,images/cartoon/hf_03555.jpg,1db09e1a6d853c2c790e33815a09fc3fe5aa65a9f98383c5a18b15045313fc36
3556,hf_03556,cartoon,4,horse,images/cartoon/hf_03556.jpg,93d42c9c30dcb232ccadef406c0c7bd4bc9d1b63b62d2cdd4b45cb7aaab7f17b
3557,hf_03557,cartoon,4,horse,images/cartoon/hf_03557.jpg,eab2e1f296981bceba8fc0d03a4db67298e98d4bf94434a049d8baa5ea3fed2b
3558,hf_03558,cartoon,4,horse,images/cartoon/hf_03558.jpg,9aba58bb9e4bc7107bcf81d75f803280ff54d7db740064a7eed82aeffb24515a
3559,hf_03559,cartoon,4,horse,images/cartoon/hf_03559.jpg,570473565e82518c4f636a9987f0b4ecaa521b888fbfcbb0a99680ac0854c170
3560,hf_03560,cartoon,4,horse,images/cartoon/hf_03560.jpg,1c38d0d90b4ea7e60d6ee9d82c8949fdb97a330259c38148b043fd875e3b5b14
3561,hf_03561,cartoon,4,horse,images/cartoon/hf_03561.jpg,87c42ef3c0f800f29146d53fef7dfaa98487f170daa4c4ccc052c980a4d80254
3562,hf_03562,cartoon,4,horse,images/cartoon/hf_03562.jpg,646979d4aa4039d8e764bc2a243df40268a974861f9b21df486841b0275d7dc0
3563,hf_03563,cartoon,4,horse,images/cartoon/hf_03563.jpg,8e491e4d8b116ed21ef4dfafb5142ae74b4453bf4ce788816841909ff16b6519
3564,hf_03564,cartoon,4,horse,images/cartoon/hf_03564.jpg,63423744204865d778e35241c21ccc58eb159c3453f1d1fe9449008df73a67a9
3565,hf_03565,cartoon,4,horse,images/cartoon/hf_03565.jpg,fbe550088ecf8c900ab475b1565ebfd71cdda80304e1102dc2c2af90f6957506
3566,hf_03566,cartoon,4,horse,images/cartoon/hf_03566.jpg,7cc76c631b5a1c668c978c7e96e831c2a57ecfddd32e3b6d1b11d6e79c9d4d43
3567,hf_03567,cartoon,4,horse,images/cartoon/hf_03567.jpg,b27c05bf884b90731e3aa2ee55192635c94a550067b370a61c9d6cabe3064059
3568,hf_03568,cartoon,4,horse,images/cartoon/hf_03568.jpg,04c0b9b53e2436caba92c66b98a767b86100ce6dc504c2740c08f031d0621f2b
3569,hf_03569,cartoon,4,horse,images/cartoon/hf_03569.jpg,299261d3445a234529c2e8027b43fcc28c07853b2729a3dd5d63a48e790ff11b
3570,hf_03570,cartoon,4,horse,images/cartoon/hf_03570.jpg,0ea280360d72621fe87a75660baa3d612039857f04ec71b583ecbde74be36806
3571,hf_03571,cartoon,4,horse,images/cartoon/hf_03571.jpg,863f46336af93a6d1c41e61f55401f2b59d1cdf37b6a1e751cda4450c52665d8
3572,hf_03572,cartoon,4,horse,images/cartoon/hf_03572.jpg,c47bf17015f68f03b7d9fce16891378f2d35488f0b191f35e94c2b1567f0f9b6
3573,hf_03573,cartoon,4,horse,images/cartoon/hf_03573.jpg,0e685dde62a3a01b90ed0384bcab6fed7d03af677f369c83b087272042da5817
3574,hf_03574,cartoon,4,horse,images/cartoon/hf_03574.jpg,c638f7ebdc59f9cc942a4c591f024ff7fb862c3db8e381b61b0154df8af47641
3575,hf_03575,cartoon,4,horse,images/cartoon/hf_03575.jpg,6720752ec92c38b4be15dbc5322ac5edfcc3fdbe76a6b1ffbff888e5cbad35ff
3576,hf_03576,cartoon,4,horse,images/cartoon/hf_03576.jpg,46e37aa388acca539b1e3ad636e104a43485848253c63b0e1863ba21a9181f3e
3577,hf_03577,cartoon,4,horse,images/cartoon/hf_03577.jpg,8e8c368cec2b45c76bdaefea308feee31533d195760aa2a90ee709dff7ff66c4
3578,hf_03578,cartoon,4,horse,images/cartoon/hf_03578.jpg,20f39a3913b01c6c3fa23b983680db293ff286c1f3417e5ff444f229f30f8c87
3579,hf_03579,cartoon,4,horse,images/cartoon/hf_03579.jpg,d20285c570bdce1a2653cff2c1426efc49216420dea5ade3ce6df2ad896b1282
3580,hf_03580,cartoon,4,horse,images/cartoon/hf_03580.jpg,47935749803586d44f01122e10ccb9be2875b36bac632a48b5c3f53d55ec6cad
3581,hf_03581,cartoon,4,horse,images/cartoon/hf_03581.jpg,bff5fef85b7dc1715d0fe762504a91ee8ac63357d63a3d5b419e8f83b413bdcc
3582,hf_03582,cartoon,4,horse,images/cartoon/hf_03582.jpg,52348faa00d399699558bc196379e02c533852d8880f49da10b811a20b53a0d1
3583,hf_03583,cartoon,4,horse,images/cartoon/hf_03583.jpg,da96b34ff64e0ecf32fd90f6e448005b05dc71e9b14bc928e3044d0f493a96be
3584,hf_03584,cartoon,4,horse,images/cartoon/hf_03584.jpg,7e494ae6254eb738bc52bb472ddb59fe586a40a2307b1f1da65e05b22a3d684c
3585,hf_03585,cartoon,4,horse,images/cartoon/hf_03585.jpg,89b385ce7a38bcca734eba5f2a73c5304249d1af8e107856407de9e9ab077eb2
3586,hf_03586,cartoon,4,horse,images/cartoon/hf_03586.jpg,b411713437e590d0da75cd071a44d905c9547f3e52836bb3ed518014099491c4
3587,hf_03587,cartoon,4,horse,images/cartoon/hf_03587.jpg,c48fa5733b7ebb7ad49bb42fd0e93d7258ca646a66b940a56a3464efc666b7af
3588,hf_03588,cartoon,4,horse,images/cartoon/hf_03588.jpg,9367f4021805b9271df4afc207da236249a4e66c60ece53140d95a39088c20f3
3589,hf_03589,cartoon,4,horse,images/cartoon/hf_03589.jpg,2cd247e5e01046c2fafe85ec08e616d0a131e10f76e7f745c43338f9734e217e
3590,hf_03590,cartoon,4,horse,images/cartoon/hf_03590.jpg,2507873b215dacdb0ad1013b1475cb1092c0ef99b294d8885074086d3edaff26
3591,hf_03591,cartoon,4,horse,images/cartoon/hf_03591.jpg,b299d5b91566105e38705ef7aa3cd1d2775842d9ab4de83598347d71040784e3
3592,hf_03592,cartoon,4,horse,images/cartoon/hf_03592.jpg,00966a975d566c451e2d2758c1f7341ebd54489e4aaabc172f0c84c2fb1de08c
3593,hf_03593,cartoon,4,horse,images/cartoon/hf_03593.jpg,41d80988c54041e3547ecbbce899d7e54d198d747363c0f4158042f7658f5292
3594,hf_03594,cartoon,4,horse,images/cartoon/hf_03594.jpg,34787371ca542d6d32c441453908d305ba44d8bce24bf43f6a15796639e95827
3595,hf_03595,cartoon,4,horse,images/cartoon/hf_03595.jpg,065e9cf0a483660f5c88bfe508bed67c5aa976f898f0f34cfea3a58266038d08
3596,hf_03596,cartoon,4,horse,images/cartoon/hf_03596.jpg,27537efcb60204b4aa84382ff7c6d4a5819082b1e71c91cc85a5c08dbf73a152
3597,hf_03597,cartoon,4,horse,images/cartoon/hf_03597.jpg,b8dfec6ed9e65fa0dfc8ad054fab56bee2c54848cdaf53c7c6d88259745c2ca4
3598,hf_03598,cartoon,4,horse,images/cartoon/hf_03598.jpg,2c747836ec8b056e069b2cc9e6ee995ed850809533d08489562f87c0407631f7
3599,hf_03599,cartoon,4,horse,images/cartoon/hf_03599.jpg,c284c0711ceb62a76fcbb0c79fb85bec2787e9852163189ce4e30d95751a94e7
3600,hf_03600,cartoon,4,horse,images/cartoon/hf_03600.jpg,6d0660b5f01deafe891962136d00571e0087082758dc1b4a01bfec041c6bfd7a
3601,hf_03601,cartoon,4,horse,images/cartoon/hf_03601.jpg,d5ef7dc05b00410d91336a470f479eb3ff7ea66a2892850e269fe598f0204192
3602,hf_03602,cartoon,4,horse,images/cartoon/hf_03602.jpg,49a27cee9ce7bab51650605074549b9b81ee30d4a5d1131ec2bb05d84bb9d21f
3603,hf_03603,cartoon,4,horse,images/cartoon/hf_03603.jpg,a543cf32d3b681920069b3a22c34eead5c69effc61f3f6d11b7258065e8ef704
3604,hf_03604,cartoon,4,horse,images/cartoon/hf_03604.jpg,faf6729e4beee54c8960ceed20a80a20ce91580a1c74de11d11d5ea5e79c8e92
3605,hf_03605,cartoon,4,horse,images/cartoon/hf_03605.jpg,8e4f551f2e7df2611f372f6b4acc21f32cde5d424c8e6b84771ef786ada2632a
3606,hf_03606,cartoon,4,horse,images/cartoon/hf_03606.jpg,4f23e3db4bd66f1a3fea12fd3e639d3c839937efb3c5b740ce9bc97cf2a699ef
3607,hf_03607,cartoon,4,horse,images/cartoon/hf_03607.jpg,d644838aa6187232c39b42ebe4446840989991fa53a395ed027dd0160862341a
3608,hf_03608,cartoon,4,horse,images/cartoon/hf_03608.jpg,eed0cc60475b8d39535240a9181cabba4dabf3192b7a637804241ec2545c3b51
3609,hf_03609,cartoon,4,horse,images/cartoon/hf_03609.jpg,1b5c12e78173aef6c29039bb391c63bb751b948c0f0b5528a55e9c6db54bb76a
3610,hf_03610,cartoon,4,horse,images/cartoon/hf_03610.jpg,f5c1c628a4b3d43065d5e5c9726ca568792a99e16455a4a89ece0bc79206753d
3611,hf_03611,cartoon,4,horse,images/cartoon/hf_03611.jpg,8697a6b2f13d24f93ce1ccf5b454e3b34f15739b2f5ed10ef6b9bf1bc4645394
3612,hf_03612,cartoon,4,horse,images/cartoon/hf_03612.jpg,4827aa4685bfbbb7527782af97101f42b19a270f323005b515ab741503e3089b
3613,hf_03613,cartoon,4,horse,images/cartoon/hf_03613.jpg,8b0d1c5dfe38ed8793e71945fa295bf0846b2826879a96a58ca1996379416842
3614,hf_03614,cartoon,4,horse,images/cartoon/hf_03614.jpg,45ead41576c799fa3b1fe32b4c8f1b23f8c6f67c2a7d6505b1321638fb41e797
3615,hf_03615,cartoon,4,horse,images/cartoon/hf_03615.jpg,1fe9e53347eded8a060df6d1277fdcaefc3a919fd1b158e68cedffb13949e83d
3616,hf_03616,cartoon,4,horse,images/cartoon/hf_03616.jpg,2632d17e5b7b2e72e040efe0e206192f3949dd715b7231a33288b189d3574819
3617,hf_03617,cartoon,4,horse,images/cartoon/hf_03617.jpg,9f8a7492aacfc178c96625133e647c0af03925f8b51f957c1e1f2146d55e3ae2
3618,hf_03618,cartoon,4,horse,images/cartoon/hf_03618.jpg,f88ee2c9d74022a679c1fb7efcc382445ae3a3e69b7b739d1925b301bdd48975
3619,hf_03619,cartoon,4,horse,images/cartoon/hf_03619.jpg,9603829e70d149597dd6176c0344d5d0c880f5117dded5ad73ad14987c587c3c
3620,hf_03620,cartoon,4,horse,images/cartoon/hf_03620.jpg,5a8f4d7615e9b1e747cf02e7fc55fa6a1be00d7deb7a7b394d5da15e1f110eea
3621,hf_03621,cartoon,4,horse,images/cartoon/hf_03621.jpg,e1b2cb2328c887aab3fb8e20a60d949ac3eef4fb1237e48b2dea368deee9cc86
3622,hf_03622,cartoon,4,horse,images/cartoon/hf_03622.jpg,9eeb241f1bdf27799859b03d69b66cb60eb8eb3a0feb297f07e973776fde0df8
3623,hf_03623,cartoon,4,horse,images/cartoon/hf_03623.jpg,f6aea62c4608b7d1294e1d864187e3ca73eb17e84888b7ac9571258337f87323
3624,hf_03624,cartoon,4,horse,images/cartoon/hf_03624.jpg,aa94e1df994ac8954be1b86b0bc9fb7855fc42449163614be3cbbc2533e0228c
3625,hf_03625,cartoon,4,horse,images/cartoon/hf_03625.jpg,3f7a139f31bedfe7c98941a4572664aa39da13165ff068e8c5271b03c9a12d11
3626,hf_03626,cartoon,4,horse,images/cartoon/hf_03626.jpg,d932e98cad4dc6548fff1df7da339905df62ebd53cead7565c00c9f27bbe13a4
3627,hf_03627,cartoon,4,horse,images/cartoon/hf_03627.jpg,22d578feef89a43ef7e057aa0d831aa68435722c16c3a360d15115c6c44b4ea0
3628,hf_03628,cartoon,4,horse,images/cartoon/hf_03628.jpg,967e5c5a4d53a7b9ab768924faabf9933bf7014b281c60c484d69b8f478235da
3629,hf_03629,cartoon,4,horse,images/cartoon/hf_03629.jpg,53ef848b1edb3b5749eb7b09cd96e8c263a5ce037a13d2d4ff30f1a808ed59c7
3630,hf_03630,cartoon,4,horse,images/cartoon/hf_03630.jpg,880d65fd780f5769e1986f333b0774724132b1df69c4d862267575170aa283d7
3631,hf_03631,cartoon,4,horse,images/cartoon/hf_03631.jpg,601f815b433088ea274b6def49b80d50a11aff14e671e96d9f76f62e30e4956e
3632,hf_03632,cartoon,4,horse,images/cartoon/hf_03632.jpg,27c217d6d6b11fe9f11b0e2bf07da62e00d9a491ad970a3b1f9b634845477787
3633,hf_03633,cartoon,4,horse,images/cartoon/hf_03633.jpg,f2b5d57acc746362329719af14417279a3e5882b40ae92afd628b4f7be69e8f5
3634,hf_03634,cartoon,4,horse,images/cartoon/hf_03634.jpg,a5bd43527527afbd7f43dedeb410f12c9700991737a7260afd9133c2cd0e2c0d
3635,hf_03635,cartoon,4,horse,images/cartoon/hf_03635.jpg,a29dbf709da2cedc1426b10f52167226c6f9c0786792b7d08fe7a9b72edf0005
3636,hf_03636,cartoon,4,horse,images/cartoon/hf_03636.jpg,57dc002c2408aafad8a68a4b7a7938b0b038a01cade060c6d0fd8ec3d5d779c2
3637,hf_03637,cartoon,4,horse,images/cartoon/hf_03637.jpg,055b353bdde84a9d00b6c86c9dd8ac790d8fe41003bfcdf8e4735cb272d7b08b
3638,hf_03638,cartoon,4,horse,images/cartoon/hf_03638.jpg,958047876cf2fee3228d3e92987f2d73808591419f97423183f598e9a7db920c
3639,hf_03639,cartoon,4,horse,images/cartoon/hf_03639.jpg,9faa2d0fc5fdd37be4b72c00458409dd9edd23bda41417084d2a266b03fee94d
3640,hf_03640,cartoon,4,horse,images/cartoon/hf_03640.jpg,356fabab257a40c029d04b12c4560c866bc925fafa39d45921d19dd06832e58f
3641,hf_03641,cartoon,4,horse,images/cartoon/hf_03641.jpg,1e0ccbc45eb49a581b29e15457db902e12455b38ad6876981f45cdb35448b65b
3642,hf_03642,cartoon,4,horse,images/cartoon/hf_03642.jpg,d2d075dd6d6b646c031b4953ee24a0a81a05ac76180a6b86a7881a918fc03ba2
3643,hf_03643,cartoon,4,horse,images/cartoon/hf_03643.jpg,69ef75327f1594870b48f6180977209e7728f8015a4225853719ebb752681799
3644,hf_03644,cartoon,4,horse,images/cartoon/hf_03644.jpg,28e9b30bde0ef36d19b714420e88264110c7c36853e34f00df2d1ba1733f1f79
3645,hf_03645,cartoon,4,horse,images/cartoon/hf_03645.jpg,32a1e2c4d45bfc3d27d07494f13d19b20db903dee1d65ef8c24d30a8c8b935ba
3646,hf_03646,cartoon,4,horse,images/cartoon/hf_03646.jpg,8bab8dc6505d26d8e057c921870141f895b4740cf680ed78441656621a62dcd2
3647,hf_03647,cartoon,4,horse,images/cartoon/hf_03647.jpg,a8a33f41ee496f0f630147da5100e293a7598bc97162d2781e52e48c4adb37ac
3648,hf_03648,cartoon,4,horse,images/cartoon/hf_03648.jpg,373fa5e62c6441fd865a260a2506b551c51a7ef29a0275cd1309ee7290ea8802
3649,hf_03649,cartoon,4,horse,images/cartoon/hf_03649.jpg,35f8ecd1b4e24a465651951c3eb273424ae5f6e03bef5934479f237d4ad2a9a6
3650,hf_03650,cartoon,4,horse,images/cartoon/hf_03650.jpg,db58ac944be25f7bcf5102471770b2372add591c4669956af82bde20e59149ac
3651,hf_03651,cartoon,4,horse,images/cartoon/hf_03651.jpg,bed67b5fa79a180c1c80ad6f60c8c5fe502fe60b0396497c2229e67a9ed6e6d9
3652,hf_03652,cartoon,4,horse,images/cartoon/hf_03652.jpg,45600e9de0b39724670555eb21736a43903302eeac3634323b65cb520f0bf871
3653,hf_03653,cartoon,4,horse,images/cartoon/hf_03653.jpg,f8f9abb1e0c42c617be659c0055c88fcbdb87f0c207c91c158f43a1c3bd61b79
3654,hf_03654,cartoon,4,horse,images/cartoon/hf_03654.jpg,aea4a68ae7330fe76e750a2c50c0dd11236d51ed5b7a185f4da0afded6ee4015
3655,hf_03655,cartoon,4,horse,images/cartoon/hf_03655.jpg,8e3106b4cb265c029643b4451913448b6154bd77625cff243a6b6b132aec4e03
3656,hf_03656,cartoon,4,horse,images/cartoon/hf_03656.jpg,209ee81c8568de7eba159eef0ea02ac4fa10023c696db97a4a9726e23f7c2790
3657,hf_03657,cartoon,4,horse,images/cartoon/hf_03657.jpg,21d0fb8f541664131a2ac96805e5e0ff87adecab53445134a64f71bfcb8d0ed4
3658,hf_03658,cartoon,4,horse,images/cartoon/hf_03658.jpg,6e61450e11848ef6def6a58ba63bfbd1204619eee0feba4dbaf808d621d98259
3659,hf_03659,cartoon,4,horse,images/cartoon/hf_03659.jpg,1a6300be767a63401a94cdc2066a252947aa84af57525bdb7051b4867565cb25
3660,hf_03660,cartoon,4,horse,images/cartoon/hf_03660.jpg,7b2834f2195bee77b238c1d927e769fa88bf3b750ca4d546bee064df7fa4a5c8
3661,hf_03661,cartoon,4,horse,images/cartoon/hf_03661.jpg,9be0da62085be96410492003b62930157ef554f634e43a915eb10a03eff002a4
3662,hf_03662,cartoon,4,horse,images/cartoon/hf_03662.jpg,4d9d6c5a35bb7cc67f4326306ee28fed2eb6243e6f75624b2ef208bc411379ad
3663,hf_03663,cartoon,4,horse,images/cartoon/hf_03663.jpg,657a6e188f216d6e3de96c5dc2341eb12073e63e8cbd33be953892606ab8d1b4
3664,hf_03664,cartoon,4,horse,images/cartoon/hf_03664.jpg,fad8810615d2d71ed74177098424b3094caba74d28741eb163b13ce9530ecb9e
3665,hf_03665,cartoon,4,horse,images/cartoon/hf_03665.jpg,cbeaba13b31ceb12a4d9a4e9e1263c25bff2c12494190690c8a8411f0cd097d8
3666,hf_03666,cartoon,4,horse,images/cartoon/hf_03666.jpg,c53eb1352389aec0239928301c35713eda809dd6c1469c411cf12b1180f5b684
3667,hf_03667,cartoon,4,horse,images/cartoon/hf_03667.jpg,10b3572f6402535f5be3ae8f9d485948549d842f941049c4ed727bc62fbf375d
3668,hf_03668,cartoon,4,horse,images/cartoon/hf_03668.jpg,81c22f7713a706b2520faf7311fda658319bf98aed1e74629a86fb7a1897debc
3669,hf_03669,cartoon,4,horse,images/cartoon/hf_03669.jpg,b9f7e2d652d59c5c7fd1dc6d4f4cf68a424abf751983adc69e7a2e7dc94867ba
3670,hf_03670,cartoon,4,horse,images/cartoon/hf_03670.jpg,4d6e588b3683e7027e825e1c27de9cb2c2f011af6fe9a52147b4f29a115b5184
3671,hf_03671,cartoon,4,horse,images/cartoon/hf_03671.jpg,c23c7af821f67dc037fdb70a23f56805151e6ce613e02d0bbbc7bbec7f3e7067
3672,hf_03672,cartoon,4,horse,images/cartoon/hf_03672.jpg,65ee4f451d0aa23d6912c3de86d8649ec3158823b88d60f7742a0f8c0d95a83d
3673,hf_03673,cartoon,4,horse,images/cartoon/hf_03673.jpg,8179a437a63eb88ec88ccb62fd81eea0d06def335bff99ff9c71543d84943516
3674,hf_03674,cartoon,4,horse,images/cartoon/hf_03674.jpg,7033d8b4590649d3e3aacc41f11b2ef3b06bc6390a89add28ee6ff2db17be69c
3675,hf_03675,cartoon,4,horse,images/cartoon/hf_03675.jpg,994abe23f7960741a3838bba07aa09d13563703a21405b15a8285c5131954af5
3676,hf_03676,cartoon,4,horse,images/cartoon/hf_03676.jpg,30e11f256d843381de47cfebc47597f7761784a117775f335e64f7e5c088ecbb
3677,hf_03677,cartoon,4,horse,images/cartoon/hf_03677.jpg,b4a2e801a801d99c537c6fff6bbb1d010756cde01b49b6e102e013fcad458e9b
3678,hf_03678,cartoon,4,horse,images/cartoon/hf_03678.jpg,f7dd22e87b382b15e5dddc51f794a4c36bdfbf84d764878dadc3a4cce1d44cdd
3679,hf_03679,cartoon,4,horse,images/cartoon/hf_03679.jpg,c0560a7e1e4b6d195920a42ab36fc9c092ce5912aae02dbbaf76d896d21ea1a3
3680,hf_03680,cartoon,4,horse,images/cartoon/hf_03680.jpg,07c572411536afb0c855ab19a20a96e4734c8c11ae03b4bae371f40a96c0dcbb
3681,hf_03681,cartoon,4,horse,images/cartoon/hf_03681.jpg,3c3483a484cc750c267d16b239729f85e9c8866267ead41afbe1fc0ae08181dd
3682,hf_03682,cartoon,4,horse,images/cartoon/hf_03682.jpg,ba4be28dea1a777bb35cfbc0fc24c72f06457deebf33c4b1f4eaf2757812d1d3
3683,hf_03683,cartoon,4,horse,images/cartoon/hf_03683.jpg,18846dd732c4cfd23ea4c0a7afde3fa4bfcc221509d68802365b2ff75a8f4c4e
3684,hf_03684,cartoon,4,horse,images/cartoon/hf_03684.jpg,a3b4799ea66847a47a020e001d51dc302cce21e0498376b7229ba455cf5567a4
3685,hf_03685,cartoon,4,horse,images/cartoon/hf_03685.jpg,b13c7c743a56a04f2192e2367d4411d406521b6efb3715e96cedc9810702e71c
3686,hf_03686,cartoon,4,horse,images/cartoon/hf_03686.jpg,e45f6a0102b6bcdd1e783836faf62440e8c4751059ea8b3edc2e52d12dc019f7
3687,hf_03687,cartoon,4,horse,images/cartoon/hf_03687.jpg,fbb931bbdd3a6ba572821088b02759c5032ec606a88611cef00ce488e0d73046
3688,hf_03688,cartoon,4,horse,images/cartoon/hf_03688.jpg,e529c6a18f380c21e1752d3b25d920a21dbf679553436ce84b2c3f9d84714c77
3689,hf_03689,cartoon,4,horse,images/cartoon/hf_03689.jpg,c0e87bb95085ead60fb3c2ebb8ec3d81ae8234c42f3e36f857e9663dc8925482
3690,hf_03690,cartoon,4,horse,images/cartoon/hf_03690.jpg,cdcb3b855cc8f6c91283c2fabe3ec1e67d979ec83307610eeb1122af3b8743f5
3691,hf_03691,cartoon,4,horse,images/cartoon/hf_03691.jpg,ca8bf499e3520d8f1fbcf607471d1e7b28f489968b7f271fd8e59e0c2da86612
3692,hf_03692,cartoon,4,horse,images/cartoon/hf_03692.jpg,cc1edcc5e07ea5aafd91bbcadf3074aae0695d89aafdc87a22ffc2078eebf4e8
3693,hf_03693,cartoon,4,horse,images/cartoon/hf_03693.jpg,6d377c23361f169e04f486e30f6f606ecbb6f9a6a1a8eb060a7bbbf5404d4895
3694,hf_03694,cartoon,4,horse,images/cartoon/hf_03694.jpg,8cfed24427e99f9b01c9752ea2258d4e0af82440401cfda996dd90bafe43b2c9
3695,hf_03695,cartoon,4,horse,images/cartoon/hf_03695.jpg,dc6ed53f44eab84ebda7c337b7ea39dda16e35befe4f9509bf94da635c6cb51c
3696,hf_03696,cartoon,4,horse,images/cartoon/hf_03696.jpg,92681c6427b52b30d0be0acb876de963406afd2e8d4290af7a588e730fbb95e6
3697,hf_03697,cartoon,4,horse,images/cartoon/hf_03697.jpg,70f45d00d00a7643ef43c31485952cefbb243b1095a2793ba3f1d1879ebd2a2a
3698,hf_03698,cartoon,4,horse,images/cartoon/hf_03698.jpg,b362c9554cd2aae84586c6bc38d39cb064e214186060306b943e60791ffcd87f
3699,hf_03699,cartoon,5,house,images/cartoon/hf_03699.jpg,27ffc7996be6c6dfcc551256f0b69b99cafc5b28b1d693d5d3dfb33453a2621a
3700,hf_03700,cartoon,5,house,images/cartoon/hf_03700.jpg,e33bdca7a3694ed5fc0ae436ae259e5886960f8a70e69c41007dfbf97cba9a17
3701,hf_03701,cartoon,5,house,images/cartoon/hf_03701.jpg,af37b0fef762a63511095f6f2287e8e928a02e91541518308d138b6a845bf3ef
3702,hf_03702,cartoon,5,house,images/cartoon/hf_03702.jpg,24ebd599547d14cfbe071c0143f732dce9414eb0b658fa9ef71495003e3184f6
3703,hf_03703,cartoon,5,house,images/cartoon/hf_03703.jpg,7af8eee97d8ea97def1e030442cb664ae18ca36856e600a4c4721aeec8e5c652
3704,hf_03704,cartoon,5,house,images/cartoon/hf_03704.jpg,85ee674f9879fbf5c4840fc52573ccbde860b91053e302e292353811a4163db5
3705,hf_03705,cartoon,5,house,images/cartoon/hf_03705.jpg,43c70e0945c6511cfaa6053a2f84d21e7db1b44d4842e3551da801e51bcf803f
3706,hf_03706,cartoon,5,house,images/cartoon/hf_03706.jpg,16a32d8a4e104736ca1415cc68bd2903393a6e8f93e494451dc8a0951268f677
3707,hf_03707,cartoon,5,house,images/cartoon/hf_03707.jpg,c83cce8742f6bbe63aa3c1460122bf77f113bacb84fe755fc0120519af253f80
3708,hf_03708,cartoon,5,house,images/cartoon/hf_03708.jpg,7f73492dab9b1e0ff2bc95f4ae275c61236c33b6f515bdcfd9888a8f542a7e5a
3709,hf_03709,cartoon,5,house,images/cartoon/hf_03709.jpg,e7859abadf28b429844eb04e3a620aae19b3afc4c87550bd1cb3a2931c37f509
3710,hf_03710,cartoon,5,house,images/cartoon/hf_03710.jpg,51acb3451f943db2b3ec9fdae2fe6132f2a33ebedd2c07f3064d92408af07bff
3711,hf_03711,cartoon,5,house,images/cartoon/hf_03711.jpg,5ce1347a1ba2855b456b4e030351901cbcbc9b37c52d949acf11f53a26fded17
3712,hf_03712,cartoon,5,house,images/cartoon/hf_03712.jpg,285e7073569e4d8da3627049aaefc30509216f8062624ca1d1f6dc0d07134a35
3713,hf_03713,cartoon,5,house,images/cartoon/hf_03713.jpg,0b53a5e1c14811250ca188dddf0115da0aee9cfb0bffde6ddf232f31811463ec
3714,hf_03714,cartoon,5,house,images/cartoon/hf_03714.jpg,ea02382b9561ca091950528956428f09c07c1a8f06dd3cfd5e68c6883372e6b7
3715,hf_03715,cartoon,5,house,images/cartoon/hf_03715.jpg,dbf090c9d7a75badbeaff599717504553192c2750db9d6f1226fe28999452c24
3716,hf_03716,cartoon,5,house,images/cartoon/hf_03716.jpg,21d6ac0ed5f45dbaa8e9ba2c72a535788788e1fa67135322b86ce2ae939babed
3717,hf_03717,cartoon,5,house,images/cartoon/hf_03717.jpg,466966521178cffe07961a12ebdbe97a27870259f009d3cece2b6be3cbd9ce88
3718,hf_03718,cartoon,5,house,images/cartoon/hf_03718.jpg,554833bab1d9fad4f3d007278d9e90f5082ae0e421b104ed47460613f19aa51d
3719,hf_03719,cartoon,5,house,images/cartoon/hf_03719.jpg,e8c0f0f395aa996d00af29345b1f2162bae8a88849505fd87f5171c2fda24e33
3720,hf_03720,cartoon,5,house,images/cartoon/hf_03720.jpg,0259ffcfd5c5beeabda7ed0d4e33464541ea73b1bc18288274d5181f5866cd30
3721,hf_03721,cartoon,5,house,images/cartoon/hf_03721.jpg,feeedf5e9a7e9c04a1c11521bffab2b50bad6bd345beb64dd811446861768793
3722,hf_03722,cartoon,5,house,images/cartoon/hf_03722.jpg,a272a4f3c7e84f645ac37c04e80f504144855b3bf807c7f7a1e4e0277b81598b
3723,hf_03723,cartoon,5,house,images/cartoon/hf_03723.jpg,a87af97a39ac3d5c439900a9d7fff3bd4f413ffa385cccad60ebe07029b200b3
3724,hf_03724,cartoon,5,house,images/cartoon/hf_03724.jpg,3dc614b5456473f2b62efaa17f56ffe40ff802fb4765ff433cbfe80cacdb5e09
3725,hf_03725,cartoon,5,house,images/cartoon/hf_03725.jpg,67efbdd5d60e41075a7ebb35a5666705685001b4e17369aa6e9b369f9d18e0ed
3726,hf_03726,cartoon,5,house,images/cartoon/hf_03726.jpg,64fb22f610882bf1888bd68edca777e775f0bf11f4ae694a1f0e2761dda361fb
3727,hf_03727,cartoon,5,house,images/cartoon/hf_03727.jpg,e793feb932c273ee9f7b87f22efa0fdeb3d095f45ea87febcbf4c43fa4121270
3728,hf_03728,cartoon,5,house,images/cartoon/hf_03728.jpg,418ad175aeb73c418030cd4677a9751c00e99a294eb02c0453d3dcec530504ad
3729,hf_03729,cartoon,5,house,images/cartoon/hf_03729.jpg,f13049228174bd1086ba10808a275903cd3d502fcd54db2b235255fdf21b6e64
3730,hf_03730,cartoon,5,house,images/cartoon/hf_03730.jpg,a9879daaa40583ae4b4bb8475b51016a7e66212f1eb26b7c77dc6572303e1c2e
3731,hf_03731,cartoon,5,house,images/cartoon/hf_03731.jpg,7f8d536ce1d6d60985c5bc5986f961162de36a0283fa4aec7ddbf592145a4a5c
3732,hf_03732,cartoon,5,house,images/cartoon/hf_03732.jpg,b751e1ad4e0e56fb8875848ba8db8d4faa195b329cc1f7992f39346da36a238e
3733,hf_03733,cartoon,5,house,images/cartoon/hf_03733.jpg,2b0a880fe7460e617902af394e11507fd10e8cd6c776a52bb9e57415de834c7f
3734,hf_03734,cartoon,5,house,images/cartoon/hf_03734.jpg,e5b119714b3e65b57d0a438cc0c299eb03b113657931d246c87b60b5fe3c53fe
3735,hf_03735,cartoon,5,house,images/cartoon/hf_03735.jpg,d1fae08a32f6cca293531bd8117dae2ac23a9dcfa27b5034f49ff88a26aa7620
3736,hf_03736,cartoon,5,house,images/cartoon/hf_03736.jpg,a59fecfca037a0263c571e98680b2087359e7a6460a05e9c99709ad62a15abdb
3737,hf_03737,cartoon,5,house,images/cartoon/hf_03737.jpg,818f569c4bde49a3c121370c8f465af201d26bfe1ce5fdbaec6b80ad3a90ca17
3738,hf_03738,cartoon,5,house,images/cartoon/hf_03738.jpg,1b12532842f38030a9ac8ff51c543818cce35fb0ede0600ff5d97f62a201fc19
3739,hf_03739,cartoon,5,house,images/cartoon/hf_03739.jpg,9543f9cedc9b966fac5ba97ffc8b60039a4685e3ce83e17da7aeea98a68a11f9
3740,hf_03740,cartoon,5,house,images/cartoon/hf_03740.jpg,b4516e9345fe4acdb74456ac2ce0a8b41cc6cf69ddc02eb77b04095d7f94cc1c
3741,hf_03741,cartoon,5,house,images/cartoon/hf_03741.jpg,9abaadb4b0271d476fa171dc6c92a3e39785606d2dc5758942d8153cff08be26
3742,hf_03742,cartoon,5,house,images/cartoon/hf_03742.jpg,42348a476ecd9b935b18f008a6621539bb311b8a1ccecdf4af55ded86e55c398
3743,hf_03743,cartoon,5,house,images/cartoon/hf_03743.jpg,640c97eff66a83b2a33e153d6d00b7a183969770b475d2eda1f92f0be7a35055
3744,hf_03744,cartoon,5,house,images/cartoon/hf_03744.jpg,31d5e9e99244a37121677b6c5beb101df895ce392c53469db5bf1e8ba297b904
3745,hf_03745,cartoon,5,house,images/cartoon/hf_03745.jpg,15516f2c1b0641eca957b0503d681bb896698d432d3e5102c7fce6fc5ab94df0
3746,hf_03746,cartoon,5,house,images/cartoon/hf_03746.jpg,71bcebb10c4339b39e4cd2b15a0efa2ea607525fb9471c1f13dd1d1dc6eccfff
3747,hf_03747,cartoon,5,house,images/cartoon/hf_03747.jpg,17ad5b3b7644a46634ea1a7c29e3778dc160b70927f07f265d2adbb360367ffb
3748,hf_03748,cartoon,5,house,images/cartoon/hf_03748.jpg,10fa18768c3b2faa6c24b7f8fa33ce1f9c0530570949b294b3bd6ed5fecd6433
3749,hf_03749,cartoon,5,house,images/cartoon/hf_03749.jpg,dee9ad49872b8e184e3b77ef76804e29a4eaae6b150f8b3c2f31b697d9e2ba14
3750,hf_03750,cartoon,5,house,images/cartoon/hf_03750.jpg,88cff9fcd08c5baf055587a488534ff7e27dd2119f302183f4f42cf603434177
3751,hf_03751,cartoon,5,house,images/cartoon/hf_03751.jpg,e93a1abda12d30c5aa660b1cc219b3d731eed988dc240b287bd11d35d683695a
3752,hf_03752,cartoon,5,house,images/cartoon/hf_03752.jpg,f565c9dd07516904d20b82340d8f10c874bfd624be0c1ca682a1f5d02fcfad0d
3753,hf_03753,cartoon,5,house,images/cartoon/hf_03753.jpg,26cf084935da2a3a08b73204e6a02588e905460f4946daba258a2d34c88421ff
3754,hf_03754,cartoon,5,house,images/cartoon/hf_03754.jpg,dddd15afee5f40cf936e29ff82b5cbc427c0b76f29cb389c029748a6d1b5a7eb
3755,hf_03755,cartoon,5,house,images/cartoon/hf_03755.jpg,fed856c2528315c99a76155fdb9d47f66f42d0f6989d68d70a598586da2b643c
3756,hf_03756,cartoon,5,house,images/cartoon/hf_03756.jpg,386fc70d352eb03c8e2f28684b4d6f2e6bb41e3c29051de423aca7a2c54bd6f8
3757,hf_03757,cartoon,5,house,images/cartoon/hf_03757.jpg,a82eff02e508bff61450f55095a8ad3fff4e1191f7783eee6cf639efc12c711a
3758,hf_03758,cartoon,5,house,images/cartoon/hf_03758.jpg,757acf9c23ca9763141de223bc355c75bb8358d37996811097a84eb5a2fb192d
3759,hf_03759,cartoon,5,house,images/cartoon/hf_03759.jpg,95aefac9aacf87dc9a4e10c99dd21087a6550db38534d733f236b529f6232a16
3760,hf_03760,cartoon,5,house,images/cartoon/hf_03760.jpg,3a588b14b46f32c6038da9b90e656bc148ca3ec9291b069dd79dbd0c65a6b049
3761,hf_03761,cartoon,5,house,images/cartoon/hf_03761.jpg,9fc1a4daafe1da6d17735300220978c7d73c2ab7aa44ae5b3570f51a46eb2747
3762,hf_03762,cartoon,5,house,images/cartoon/hf_03762.jpg,0cc8df2ec8b5e0251ef62dea48806fb67cb60a4803ce1d15534916ee6fc3593a
3763,hf_03763,cartoon,5,house,images/cartoon/hf_03763.jpg,9253683bfeac05d921de382476eb95b17a37780ddb487893107d24a888bd7c2d
3764,hf_03764,cartoon,5,house,images/cartoon/hf_03764.jpg,5301fb05ab9f69ca50ef3e142dca41a1a4c8d0c3a3d2b70596d4ac710027f089
3765,hf_03765,cartoon,5,house,images/cartoon/hf_03765.jpg,ff95770bde4a57df8ab2dd64fa93f8aaf4af6dca8e053572150b73517ef87a98
3766,hf_03766,cartoon,5,house,images/cartoon/hf_03766.jpg,d9bc14ee6f2284456bc90885332ba1c5e737fd1bc6d88d2241a9f2041a8b0346
3767,hf_03767,cartoon,5,house,images/cartoon/hf_03767.jpg,37229d9c68ecc653afcf57fa92a48a1ec9d8b4a0e9573d0c37d77da72a0fab1e
3768,hf_03768,cartoon,5,house,images/cartoon/hf_03768.jpg,a11560ad91985e9e7b6508c2e77fcc41ecd6e4a0fc3c909ce724a2310e42dada
3769,hf_03769,cartoon,5,house,images/cartoon/hf_03769.jpg,99d802d091faf49aeadfba2fbfa569def3a30b0f4b5a7cf7737b75488a8befa5
3770,hf_03770,cartoon,5,house,images/cartoon/hf_03770.jpg,07ca80574df686bfe03b2bae931fe09aaba27da4db65bb2f6faa812baed1924f
3771,hf_03771,cartoon,5,house,images/cartoon/hf_03771.jpg,cc19e925a5c89f2430a77bb427b266dc2fa3701e2740af92200e6f3fb0231ad1
3772,hf_03772,cartoon,5,house,images/cartoon/hf_03772.jpg,729b5fb4c7e5f2fcaf630575b484b095611a6b482e144e5c631f4d39ea838de3
3773,hf_03773,cartoon,5,house,images/cartoon/hf_03773.jpg,6f2e02c1460052ced8e21ac354356b20c15cf22044292fde4c9506a64cdfd104
3774,hf_03774,cartoon,5,house,images/cartoon/hf_03774.jpg,51fe0688a809d4eb37d91e0fdd6b30fd49855574c100f9a98e1eace118da1099
3775,hf_03775,cartoon,5,house,images/cartoon/hf_03775.jpg,3b8786328565f9dc5ee7a09f039271140c463fc492765b462d6a50da95bcc035
3776,hf_03776,cartoon,5,house,images/cartoon/hf_03776.jpg,c3e19e98e5cbb793e5319743294e30cddfa8826cf312a058d79e82be042c7f8d
3777,hf_03777,cartoon,5,house,images/cartoon/hf_03777.jpg,b6fa7844098964d10852adaff7575b226c2f6baa18504faa8586d0d4b9243652
3778,hf_03778,cartoon,5,house,images/cartoon/hf_03778.jpg,f1d13c2b211ec0e0f37ecee524c1825b3c5f7dd6ab93ddfdff5c786d2fd81066
3779,hf_03779,cartoon,5,house,images/cartoon/hf_03779.jpg,8207644716b3c98dc1d66a67d2a9227263fe64006dd8a5e51bbb951bc85ec403
3780,hf_03780,cartoon,5,house,images/cartoon/hf_03780.jpg,0b5feb2b8974f64c244ac04d26793c3b24c4a3d02a3dd6a231e6c4ba3d05d545
3781,hf_03781,cartoon,5,house,images/cartoon/hf_03781.jpg,162bb5380fc7952467679c6e1cd5c5c84c34874d0baee4eaf65e95bb441c3ce8
3782,hf_03782,cartoon,5,house,images/cartoon/hf_03782.jpg,1a87d350ae5381755a16c4bcbf291600f075b3ff5c4aced224b634db535f33ce
3783,hf_03783,cartoon,5,house,images/cartoon/hf_03783.jpg,ae244cf4c8344b9c0527cfe9582ea7f9bff675d8859e7b35f9d8a368667930e0
3784,hf_03784,cartoon,5,house,images/cartoon/hf_03784.jpg,663ea19b3487cb03b13bee947066cf60a77baad50380cea2c89dac6ccb60f57e
3785,hf_03785,cartoon,5,house,images/cartoon/hf_03785.jpg,3d2887ccc58f3fad598ed0351db36a1bef8a07e0aa6791b940604972f33ad693
3786,hf_03786,cartoon,5,house,images/cartoon/hf_03786.jpg,786fd2291bd5e74b114d65bcafc7d7f41e4cdfc6ffa7fbcb7e70921948047db8
3787,hf_03787,cartoon,5,house,images/cartoon/hf_03787.jpg,dbc0c59e6bbd3f965cd909cb5572cd09db08eb29c8d22909e66d982f9ffa1c02
3788,hf_03788,cartoon,5,house,images/cartoon/hf_03788.jpg,56f65654c443b8953deede867296fa10e6af8a6303f4c57e81268e94fc63f359
3789,hf_03789,cartoon,5,house,images/cartoon/hf_03789.jpg,a8ca8dfec62adc961ba9520684f7c161021b3cd0f23b51c85807cb9389f8d5ac
3790,hf_03790,cartoon,5,house,images/cartoon/hf_03790.jpg,494fa323c9e7b4bfba9ea46af7f96976754851c52a519e424f0cc08629a43072
3791,hf_03791,cartoon,5,house,images/cartoon/hf_03791.jpg,06f81624f1ef70da971b1bb072ddec92d175e95c372db42c154069deb12e79c4
3792,hf_03792,cartoon,5,house,images/cartoon/hf_03792.jpg,2b9414a99b6f444db47c63caf4dcd81dbf0c220719232aeb8254b1fed0ca92dc
3793,hf_03793,cartoon,5,house,images/cartoon/hf_03793.jpg,4fea7dac137709f044a5bbbb954d39855f6a65d3bf97b0612f90f5e40c37253d
3794,hf_03794,cartoon,5,house,images/cartoon/hf_03794.jpg,ffcc134a333991a0a496f6bb7170853558fc653850f6eff9019792eca219f509
3795,hf_03795,cartoon,5,house,images/cartoon/hf_03795.jpg,7e8f6f060150326654c8efa255a1b5c41644722198e1df1397cadf44382299fe
3796,hf_03796,cartoon,5,house,images/cartoon/hf_03796.jpg,d203a01f4ca1b801b1e95ef8ce3025ce9fe44cf2c4437c8f0447b9c7c1496ea7
3797,hf_03797,cartoon,5,house,images/cartoon/hf_03797.jpg,7be762317d8c7ad0c18851d59a9a79af847bec7d03fc6457359c56facca2c560
3798,hf_03798,cartoon,5,house,images/cartoon/hf_03798.jpg,b68f98de2dcf64d9f78a0a1346dc07a3d94a43e08016392db093ae489225e34f
3799,hf_03799,cartoon,5,house,images/cartoon/hf_03799.jpg,6810536a64b385fe79ce2509167a9ff41d387e31b50c343465a49c394639c437
3800,hf_03800,cartoon,5,house,images/cartoon/hf_03800.jpg,22be026dd3625861c341f7274f25000cb9be161ad6ea02a07f20898d8077b073
3801,hf_03801,cartoon,5,house,images/cartoon/hf_03801.jpg,318e2ec1380b6de3204bb3b731308d723d2b733d9d3866db110ad6ddd31b52c8
3802,hf_03802,cartoon,5,house,images/cartoon/hf_03802.jpg,f3d4ac829cc3d6762bdad12511bf8779951875a688f168b486e39722fc470764
3803,hf_03803,cartoon,5,house,images/cartoon/hf_03803.jpg,fec870dcf119f559fc3fac4cd2743abaca6aa1b694f03a69d6e9f5738c7c4e4f
3804,hf_03804,cartoon,5,house,images/cartoon/hf_03804.jpg,1568dd7e148fbdcf38c44a6223fb2591909ededbdda779adedb9e4d79e00cffd
3805,hf_03805,cartoon,5,house,images/cartoon/hf_03805.jpg,260ec8aeb966d04006da64ffb6bf28e8a06e407233397e2a3e7d4a207e60971c
3806,hf_03806,cartoon,5,house,images/cartoon/hf_03806.jpg,0ab4cc5e709e437d36c7c31399a30774dd392938ba4b7df16d27f8b123daf86c
3807,hf_03807,cartoon,5,house,images/cartoon/hf_03807.jpg,cf380cb6251313fbf41718312252b900ce42e82e8f05d205caaed32628b515a5
3808,hf_03808,cartoon,5,house,images/cartoon/hf_03808.jpg,6ec4028bdd532bb82d605b0318b46d56d6147020b6c08da8655afc274bac5c03
3809,hf_03809,cartoon,5,house,images/cartoon/hf_03809.jpg,f7f738d28e65e2af2696dbb24641a6ebc348cfd97dc10a262d5673c40f404f1d
3810,hf_03810,cartoon,5,house,images/cartoon/hf_03810.jpg,40ae07fa053ae4637f13838ba7f493f5e4c4294cd22ad9af0de99b45cf90506c
3811,hf_03811,cartoon,5,house,images/cartoon/hf_03811.jpg,824b8808e9cebab5a4ceff1b233e745abe81d4a2957a73ccc1f3704955cf513d
3812,hf_03812,cartoon,5,house,images/cartoon/hf_03812.jpg,e277d71beee32c134bd7e72c851ef5aced9820efce6a47a934d6119ada1ff56d
3813,hf_03813,cartoon,5,house,images/cartoon/hf_03813.jpg,7465a58ca23aede467ad6eadc36ee40eabc21067a46b32879ef0469a42d633ef
3814,hf_03814,cartoon,5,house,images/cartoon/hf_03814.jpg,f64124acb105df63c59dd702d1807942b9b3f9c3e215b5de7afb92d6c57c8d14
3815,hf_03815,cartoon,5,house,images/cartoon/hf_03815.jpg,9f79b6c752b23a3fe420016dd3fcc4bfcd5d5522dab7302673d8d2cdfa68e727
3816,hf_03816,cartoon,5,house,images/cartoon/hf_03816.jpg,a0c4748098dd8662b8dab38214fca037e64efd51a2edf085113237f9043b8ac7
3817,hf_03817,cartoon,5,house,images/cartoon/hf_03817.jpg,3e2c1f2a64c2a50a4526d809df133261677816a24e2042ace8d4425459049273
3818,hf_03818,cartoon,5,house,images/cartoon/hf_03818.jpg,69b9ad94cb86bd59abdcaaa3732e2527ea67b68279f5a52799e9c77cdfa676f4
3819,hf_03819,cartoon,5,house,images/cartoon/hf_03819.jpg,a6d6053050b7ef1e1a90fff3e4bfa2c6b8f25715d3bda702ff3a280090e5fa13
3820,hf_03820,cartoon,5,house,images/cartoon/hf_03820.jpg,ec13ead8e83339cbac7f158043e58bd886dd58a81b13375db79c531c8e62754a
3821,hf_03821,cartoon,5,house,images/cartoon/hf_03821.jpg,dacab679a5ec19614ffaa87a8072fb0510c69e8c7f0451a6cad66ceffbce55c4
3822,hf_03822,cartoon,5,house,images/cartoon/hf_03822.jpg,0a1d27b9d6a73ea10f849a8bd2960929312e6341b0959d17579108bc35b96c3c
3823,hf_03823,cartoon,5,house,images/cartoon/hf_03823.jpg,5390e69d823b432c865c24e47162db0aba947357f996c220072a1f8806dbcafb
3824,hf_03824,cartoon,5,house,images/cartoon/hf_03824.jpg,16000a7d2db880fc2061f5b377f773403c24ee4d66246c87a122f283e264f11f
3825,hf_03825,cartoon,5,house,images/cartoon/hf_03825.jpg,60e6877d24a8a0dce883f59d0183bcc084ad320c8b4ca134fec4ef29d489ada4
3826,hf_03826,cartoon,5,house,images/cartoon/hf_03826.jpg,9e02751bf550cc7abeb0603f79d139c416af2cb86c474e48f492d26acf366d72
3827,hf_03827,cartoon,5,house,images/cartoon/hf_03827.jpg,1b3258e50da7c70cc2f7efe08047df5db130b9ff33ca68a2f1d5bf3a8369dd56
3828,hf_03828,cartoon,5,house,images/cartoon/hf_03828.jpg,9f12387b75c5398d92a167948ae7e17f9f4dfd90621a643c42ff66407624397c
3829,hf_03829,cartoon,5,house,images/cartoon/hf_03829.jpg,f7dc04ae59fc862471922f1b05506bc99fd87271b0a71af245ee9875cda1ac59
3830,hf_03830,cartoon,5,house,images/cartoon/hf_03830.jpg,4a7c47bb1834091c4ac01864e9acfa88d9d073623c3408302293a38e3aaa0f3f
3831,hf_03831,cartoon,5,house,images/cartoon/hf_03831.jpg,c66b0aacfdcb10a758df9c8bf5b9e25d74b792b9fecf875f884265393cb260a1
3832,hf_03832,cartoon,5,house,images/cartoon/hf_03832.jpg,9290bf98e8b14115a61ae159bcd26e858044d107b0c6f8e6e0667e390fbb9223
3833,hf_03833,cartoon,5,house,images/cartoon/hf_03833.jpg,87a79c15e5fe655529c4722c1ccd418144483b148c4291e26af324801e6fcd56
3834,hf_03834,cartoon,5,house,images/cartoon/hf_03834.jpg,6bc7cda102fa58c8999b9c52d0c58a314cd1da454e665f845b6c61799ada44ce
3835,hf_03835,cartoon,5,house,images/cartoon/hf_03835.jpg,1a4c51138ce99fea5c3666e7b0e9a54c323b7c1f9bf0a9d87d21bb61765ab0ec
3836,hf_03836,cartoon,5,house,images/cartoon/hf_03836.jpg,e55037a1aa78a063d721ac2e41a5948003737136fbcc84e9df109e5925ed02d5
3837,hf_03837,cartoon,5,house,images/cartoon/hf_03837.jpg,d3af4fcbb3f44f5ff3aa5ad3b3d4c147741bf697dc5f24c2fdd7f24090bd9b6e
3838,hf_03838,cartoon,5,house,images/cartoon/hf_03838.jpg,b23db34f5936dafdf8d49082c4b7a0e8829039dda831cfd1af6c9cdc80c8c32d
3839,hf_03839,cartoon,5,house,images/cartoon/hf_03839.jpg,d4a1e110c178a2e9f65918f843470b4eb1362c16ca19f6303c628eef35853911
3840,hf_03840,cartoon,5,house,images/cartoon/hf_03840.jpg,874807759ca9350afa6da4a523e173302bf0ca03be86123e9dd194ea53d99af4
3841,hf_03841,cartoon,5,house,images/cartoon/hf_03841.jpg,5f2e2b52196049719562523fb9ff267e0cdd6f1167f92f0fcf291bfedbff7b27
3842,hf_03842,cartoon,5,house,images/cartoon/hf_03842.jpg,561f55c9979dcf2c703bd2980fa0164f106e417940e4101ed817fb0c10088fac
3843,hf_03843,cartoon,5,house,images/cartoon/hf_03843.jpg,da0aa5439112c84200c56c049b15ffa420980f5c3e325f7ca8981834f2110a42
3844,hf_03844,cartoon,5,house,images/cartoon/hf_03844.jpg,2cb8a340c70ea4edd9e915998e231c45519d1bea53ae58879fd1289c27a86880
3845,hf_03845,cartoon,5,house,images/cartoon/hf_03845.jpg,8e8a801d80198273bcac64cdc64ea53974aa3770cb17baec0e64124993174374
3846,hf_03846,cartoon,5,house,images/cartoon/hf_03846.jpg,e6d1bcad4ea1d57b1d1be7dd892082e338d479470af93e6ce958b83100e7b6c4
3847,hf_03847,cartoon,5,house,images/cartoon/hf_03847.jpg,a6882ef77a46a2fbeccfdecda25cf0518677282883e5eadfe49912993b4dfca7
3848,hf_03848,cartoon,5,house,images/cartoon/hf_03848.jpg,7db2d1af54a4f54c94efc33bfe6f8c62b253d82846917e87c9a7a292efa9275e
3849,hf_03849,cartoon,5,house,images/cartoon/hf_03849.jpg,a820e1355e73ca53481c2c58de41f6c6071e8f89fe31dc1621afdfc16dc08c64
3850,hf_03850,cartoon,5,house,images/cartoon/hf_03850.jpg,d389223fab19971ec6928fc473f656dce4d72749b94b1c328ca12085468b9aba
3851,hf_03851,cartoon,5,house,images/cartoon/hf_03851.jpg,47b0abcd7be5594543a73b23e5dc81355ea23109b5806cfb854cb5b81b77eb37
3852,hf_03852,cartoon,5,house,images/cartoon/hf_03852.jpg,f1516a76383bce95bbfeb3e313785627b3924e5d5953be100804888f6fffa233
3853,hf_03853,cartoon,5,house,images/cartoon/hf_03853.jpg,e5ba33a6fd376cfac56fe47de7d2136f4d2ed658a4fdb9aee51b73cc2f71c012
3854,hf_03854,cartoon,5,house,images/cartoon/hf_03854.jpg,c2fa2f0e22812033c25f1c49a001dc90803dfed4afdb87bfba698b563de6cc04
3855,hf_03855,cartoon,5,house,images/cartoon/hf_03855.jpg,f402b32280d6f064e2bd14dad9618c518213202f4cb82058f00dadb2f3cbc4ad
3856,hf_03856,cartoon,5,house,images/cartoon/hf_03856.jpg,fed5eb132ae427669a0a5a4e0e298490438a50df79a37e0c88adafa734e6d0d0
3857,hf_03857,cartoon,5,house,images/cartoon/hf_03857.jpg,3cae3c025a2428e7c0b1ceea229370b853ca83d6a1b9146fc46e040ab298c1d4
3858,hf_03858,cartoon,5,house,images/cartoon/hf_03858.jpg,c74cb6bf657e137da2efe322e21babb3845b3e3a8e3845afa1904c762c4dc8ec
3859,hf_03859,cartoon,5,house,images/cartoon/hf_03859.jpg,2f68e6fae035261628f7d898ecc7b92886d7fe51adc488a4ff7e828ee7493bde
3860,hf_03860,cartoon,5,house,images/cartoon/hf_03860.jpg,90d142966fe978f52001b32ef41b9519c7b07bb66af405566390f943386dae17
3861,hf_03861,cartoon,5,house,images/cartoon/hf_03861.jpg,b3517b1dd77fbb0a5ba69eba51b3e6387b3d713c272de66f23a7c8ade48425c3
3862,hf_03862,cartoon,5,house,images/cartoon/hf_03862.jpg,1b076e93156f5b121f636cc0f00ae363beeadff6ca1b658c9bffbb044f890507
3863,hf_03863,cartoon,5,house,images/cartoon/hf_03863.jpg,bd3d091df8c8f9d6f20785c75cae86902bb94a35360275d2802e78a2c0c45b83
3864,hf_03864,cartoon,5,house,images/cartoon/hf_03864.jpg,10d8474df3d5188525011ff19f7d2ac8c716a6afbd6a43767caf46f5a95f627d
3865,hf_03865,cartoon,5,house,images/cartoon/hf_03865.jpg,bb1deb61202af708209b4db5ff784b0a3419168e74cb3f624db6b5349e5592c0
3866,hf_03866,cartoon,5,house,images/cartoon/hf_03866.jpg,f297e2d5466acbda35dc1e20423c534a47aec3a5719ba85b61d8f9d9a067e8fd
3867,hf_03867,cartoon,5,house,images/cartoon/hf_03867.jpg,f99f3a8f954a30add8700cea63da1d40aca100b8aa8f81a4e2791484c4160867
3868,hf_03868,cartoon,5,house,images/cartoon/hf_03868.jpg,3955022bad3e41b56a939df46dddaf1fb3595938d83074ad558504a10f079c49
3869,hf_03869,cartoon,5,house,images/cartoon/hf_03869.jpg,7e6b47226aa9ea8be840714f22885b52710ed9efc0803fb498b811e50ea51761
3870,hf_03870,cartoon,5,house,images/cartoon/hf_03870.jpg,3e11226f688af4ead70284da5692464789137af7d07055a1d66cce0521f1e31f
3871,hf_03871,cartoon,5,house,images/cartoon/hf_03871.jpg,015d9b1747af686532d6beb2ff35203b84185718c6c6299afce4327e297022f2
3872,hf_03872,cartoon,5,house,images/cartoon/hf_03872.jpg,2d0cc6c8e0491fb391f75adff4e0ee45f36131a632dbe8e44128564387c526c8
3873,hf_03873,cartoon,5,house,images/cartoon/hf_03873.jpg,c4725807326740354c2c02db4b5d78e4cdf3e4340cd41eaa4ef8ff0f35a67113
3874,hf_03874,cartoon,5,house,images/cartoon/hf_03874.jpg,996de9a76b23d775d9ef5c791413a7e85a6e1ad3e9b68b90ffa24be83a558f48
3875,hf_03875,cartoon,5,house,images/cartoon/hf_03875.jpg,fc2766029afcc14b018919def1ba1ed5417d34b5d16669565f7a14a9a604a2a4
3876,hf_03876,cartoon,5,house,images/cartoon/hf_03876.jpg,43bf8105b70e5234deacb59ad90a5bf2c69e489b2ea1ac105e7b4beedaa952ae
3877,hf_03877,cartoon,5,house,images/cartoon/hf_03877.jpg,e15da01438dd3bccff1bb613ff37edafe9fb294bbb4e59a6e0bfc8efd4b3e4aa
3878,hf_03878,cartoon,5,house,images/cartoon/hf_03878.jpg,108f8c3ffb4836b4e77c5a02902a76a4133656c836b7efd86dc398562c0796df
3879,hf_03879,cartoon,5,house,images/cartoon/hf_03879.jpg,c000bb2a8f7095f25b36ccecc06efbe29ab6895ce2a07b3abbe47ab49f26070a
3880,hf_03880,cartoon,5,house,images/cartoon/hf_03880.jpg,f02db18ec4a6486f320da1371b28244361bdfc95de399e98b16aa840c1fdbe58
3881,hf_03881,cartoon,5,house,images/cartoon/hf_03881.jpg,cae8963fec4fce1a2629251e45ba7c827b960c2406728fbb6b3e7b6264d70154
3882,hf_03882,cartoon,5,house,images/cartoon/hf_03882.jpg,10870e2cd5c21c1026569a6c6ede6a82f9fa6c7255be578eb9bb976e53755b17
3883,hf_03883,cartoon,5,house,images/cartoon/hf_03883.jpg,76b63063c21970222954b1f20ad28b64de5f3e1aaa7ff07b44f963e62128e9b3
3884,hf_03884,cartoon,5,house,images/cartoon/hf_03884.jpg,704e3febd3e96d93363509af9d0ae98499cfaa1f08dcc967801b8a37cd432da7
3885,hf_03885,cartoon,5,house,images/cartoon/hf_03885.jpg,8d01ef2b7ddbe38bd9073ea2a49cfc78b595721ef032c3ae8c3b03b5f049f842
3886,hf_03886,cartoon,5,house,images/cartoon/hf_03886.jpg,40bdb3548dd680be48ad40c33a0b99023d5fe65ff294cffd28ee22a5507a7177
3887,hf_03887,cartoon,5,house,images/cartoon/hf_03887.jpg,eee10e599761396b935e4510974b1a5b2a9a6188d2614693e73aa412111edede
3888,hf_03888,cartoon,5,house,images/cartoon/hf_03888.jpg,1e982fd33c044c30d17a71a43e0b21c9ffbbb62c091a6dabb5d98ff98ea17a42
3889,hf_03889,cartoon,5,house,images/cartoon/hf_03889.jpg,801c0838368468eca05aa2f8544ebd4740f314d48a58d2c425d03d4e7f055e0a
3890,hf_03890,cartoon,5,house,images/cartoon/hf_03890.jpg,3fe23f36d5813db2a5264f9f19c3789712484249ef21b49d6448370118d67b94
3891,hf_03891,cartoon,5,house,images/cartoon/hf_03891.jpg,3aee066a4cb7d97e8428af5720269d4897a68a0497183f828ae44b33ce9eadeb
3892,hf_03892,cartoon,5,house,images/cartoon/hf_03892.jpg,c07512ae0580b8735e8a3fac1731ae222973a83fe57bd71902d52c66514d700f
3893,hf_03893,cartoon,5,house,images/cartoon/hf_03893.jpg,24438fcccc9dbe6fff7da05165c83528980d9a5cd0ab83b4fe9b6bcc776ddb55
3894,hf_03894,cartoon,5,house,images/cartoon/hf_03894.jpg,fc6c87fe49b3265957ea21fa05ee47f9201fe7a36ae6f70bfe30cf1f10f61c0c
3895,hf_03895,cartoon,5,house,images/cartoon/hf_03895.jpg,4b2471a3ac9ebf14108bf70c341feaa6baf1680018b05bbe547011d6fb5745b3
3896,hf_03896,cartoon,5,house,images/cartoon/hf_03896.jpg,79b1a012d3a34970ae9e2c9ebb8cebfdc2db977c07a1cf9d4cd3f1bdfd633f59
3897,hf_03897,cartoon,5,house,images/cartoon/hf_03897.jpg,56b95b93e4a89687d3ace86699aec119bafca2c5c4cb4d1305199135064f5dec
3898,hf_03898,cartoon,5,house,images/cartoon/hf_03898.jpg,76361bbc59068395a080709f0f4573e64f9c91b5b02657a078d703a24acfedc1
3899,hf_03899,cartoon,5,house,images/cartoon/hf_03899.jpg,b4b369490964722f91ccca168af320e7fb64596af02577a2679c4e50ec377003
3900,hf_03900,cartoon,5,house,images/cartoon/hf_03900.jpg,cf02c611dae02b8fcdfe0591b55756d8a6a2fbf1443661241ff6fd085aadde31
3901,hf_03901,cartoon,5,house,images/cartoon/hf_03901.jpg,85724b46ef523db93c6b151456630d43e05ac30da3ed9cc194133a68ba5d3e13
3902,hf_03902,cartoon,5,house,images/cartoon/hf_03902.jpg,fbc121f8c4752205346d4b3d2edc31e067ec0594edcdb1a168530e180ec342c9
3903,hf_03903,cartoon,5,house,images/cartoon/hf_03903.jpg,0ac414d830da56d3cfedb41a394df4d84aa898f2c21adb47df00c22b7a89e269
3904,hf_03904,cartoon,5,house,images/cartoon/hf_03904.jpg,c342d87d947327c519bb42e926bc20d573b5d71b74f3c2b265d6f41d8d477887
3905,hf_03905,cartoon,5,house,images/cartoon/hf_03905.jpg,6ee127214b15fed0a561d434f804278e54a7902fbe260dce1ae6e16528fc1452
3906,hf_03906,cartoon,5,house,images/cartoon/hf_03906.jpg,dedb8058dbb24a4628ebce6b6602f7065cd8cdf00c2e0c3a2c2aff53cfa77aba
3907,hf_03907,cartoon,5,house,images/cartoon/hf_03907.jpg,b8d176d7d53507cafe92953ef103ca9b4bb8e567203b8b346e74157b156ce26c
3908,hf_03908,cartoon,5,house,images/cartoon/hf_03908.jpg,24dde6805bc035596e2f1c15e9c93f00b4831da3f50fcd53eceb31107615ee88
3909,hf_03909,cartoon,5,house,images/cartoon/hf_03909.jpg,465a3fcbdd1030a387b96b859e2bdec447884508c4d3c36a821fcb4f45c5599b
3910,hf_03910,cartoon,5,house,images/cartoon/hf_03910.jpg,ac54787fe5f5b6694dc89458acf76b0d019e068c98f517869cbcd36f1c942605
3911,hf_03911,cartoon,5,house,images/cartoon/hf_03911.jpg,c4d39260e6c863dfc76d619b2884110d86aa091eb0ae396ab746a4c3ceaa7c41
3912,hf_03912,cartoon,5,house,images/cartoon/hf_03912.jpg,c30ef782e83ab2b540bc79bc2afccd9a078def4e516bb4f9a04329e878e82379
3913,hf_03913,cartoon,5,house,images/cartoon/hf_03913.jpg,4bec82b04e80356c3554048d235374eaf5373008be8c3a8ab34c1cbdcdb0706d
3914,hf_03914,cartoon,5,house,images/cartoon/hf_03914.jpg,bc17ce04680376f08051aa44a4401a093202a9dc3cd8011741d15e84c5451524
3915,hf_03915,cartoon,5,house,images/cartoon/hf_03915.jpg,6241da8740dcc0e2715ebc340f3be352c8bc9c9cd6fb3234fdee3a2af60798cd
3916,hf_03916,cartoon,5,house,images/cartoon/hf_03916.jpg,de640f812d1488260834a273ad7cbda859a28df826c87ca16fe7c6b9d759f896
3917,hf_03917,cartoon,5,house,images/cartoon/hf_03917.jpg,fce4b18f4b766b41558802d21b4b53bfd52788ebee7b0de2f05c223baf7f88f8
3918,hf_03918,cartoon,5,house,images/cartoon/hf_03918.jpg,1a3bb6fa2d24b3fc4648d41bdf5706aaa67a9ef49297a0a09ba1108f4c1e186d
3919,hf_03919,cartoon,5,house,images/cartoon/hf_03919.jpg,96d5cc7a93fb266e2fadd9fa7c3c6d227ad2b9813a6a82ad66fc814198891580
3920,hf_03920,cartoon,5,house,images/cartoon/hf_03920.jpg,b3d90fc2122be71a2f23ffccd4e8be5495945248a3df4172b33dea49d7637765
3921,hf_03921,cartoon,5,house,images/cartoon/hf_03921.jpg,2eed016bf5ae578c336290f7039f538f61b0c4e15ed08c69a1cb3be153fab55e
3922,hf_03922,cartoon,5,house,images/cartoon/hf_03922.jpg,38920a41d0ee70432a891cc64a03d9b8ae6b4dd01c391cec92f7c5b47226464d
3923,hf_03923,cartoon,5,house,images/cartoon/hf_03923.jpg,63df5e3dd4d3692e9992f840bfbd88827ab2c033a8eaab127cac6289e5e56258
3924,hf_03924,cartoon,5,house,images/cartoon/hf_03924.jpg,e81926e9dc60a332b6e505256469e81666a22f9df8e2bf944f3814de8140fef2
3925,hf_03925,cartoon,5,house,images/cartoon/hf_03925.jpg,e3a45c26ea661bfc18e4d69ba830b3f8ef83799c384f7ac067052a62ead56d8c
3926,hf_03926,cartoon,5,house,images/cartoon/hf_03926.jpg,ece74db5e1708e0fdf1d7538c4e6becda67939a6b18d58763ec4f28b8b8e4195
3927,hf_03927,cartoon,5,house,images/cartoon/hf_03927.jpg,748099c75c195d48ab34e40ee97bcedf02631b64f0506db32260321a3298ca67
3928,hf_03928,cartoon,5,house,images/cartoon/hf_03928.jpg,5f214fc9e63aa1da07ac71623c3536b3d3b261b0c1c44c2ddcb09a8b2e5cf875
3929,hf_03929,cartoon,5,house,images/cartoon/hf_03929.jpg,140d8a5ea80ee6ddf6737aebb3e985930f7b257642af3b73ec93ee69065e6b96
3930,hf_03930,cartoon,5,house,images/cartoon/hf_03930.jpg,c1fe28676443995cb4cde7501ae458661e2ed176f5c49fad48e2c13ccea4e902
3931,hf_03931,cartoon,5,house,images/cartoon/hf_03931.jpg,bb2d83919a20b9bf0c6cffbc02bf82ec096128eb96720fb1618a874cc1a680c6
3932,hf_03932,cartoon,5,house,images/cartoon/hf_03932.jpg,0e0ca1b349d5dd91a8bb0b01ca187c504c4f9f800437e1facd2ade7756e0d5dd
3933,hf_03933,cartoon,5,house,images/cartoon/hf_03933.jpg,73d07495584e1ef87a7d7ee5915af36f1b99d6603480b44c81c24b0e0da679b0
3934,hf_03934,cartoon,5,house,images/cartoon/hf_03934.jpg,9e3bf0c982e818cc5a8546d48bae1f2dea8c4493f0a51f4a064cad766c859ed5
3935,hf_03935,cartoon,5,house,images/cartoon/hf_03935.jpg,9818cd539ddf555dec2d23e2016b1a8c10c3871634e37fd2df4fad9b620bd13e
3936,hf_03936,cartoon,5,house,images/cartoon/hf_03936.jpg,2ab9e601c4994964a9665c7ef410d226151b0776a5d9bffa41844f13ec1cb0f1
3937,hf_03937,cartoon,5,house,images/cartoon/hf_03937.jpg,cae179b824a7f0f3b6b2595bbebadbf0ed2bf61f9188acb059a4177ca5e0d2e8
3938,hf_03938,cartoon,5,house,images/cartoon/hf_03938.jpg,c3ca2e1aab760c188398661c2cb9a9d473691381ed403ce5dc3832ff672e1547
3939,hf_03939,cartoon,5,house,images/cartoon/hf_03939.jpg,c660d8129e85d1c7a9d80ede1f5ef0743d636520a11aeadba67b26a5ede740ab
3940,hf_03940,cartoon,5,house,images/cartoon/hf_03940.jpg,614d359cb04e6afac7296aa0b2f2fdc3b5ac65f244ab59e538dda57de5bae6e4
3941,hf_03941,cartoon,5,house,images/cartoon/hf_03941.jpg,1d852e0b5a32bd632e0e63525a221448141207f6b6f5d28028cefc265077eaca
3942,hf_03942,cartoon,5,house,images/cartoon/hf_03942.jpg,ed893de97199cba4920b8f6cb5b7ae8550394519fc1537cdfd67ab77e8b5f37e
3943,hf_03943,cartoon,5,house,images/cartoon/hf_03943.jpg,6299f5a5738433d4f4e5d3cb4fc850d56559277d7eb42173b557afe570bbb308
3944,hf_03944,cartoon,5,house,images/cartoon/hf_03944.jpg,6b91e6c12bd9f2d03e6784f737e88a919f5c6e9fa7b5700361dd205b3ab02119
3945,hf_03945,cartoon,5,house,images/cartoon/hf_03945.jpg,c773b810670601ec146206df112b2c065e796e18a985c4cae4b9972d6dfa36ed
3946,hf_03946,cartoon,5,house,images/cartoon/hf_03946.jpg,2a178ddf5d000e71de51d6447345109b24e15e5b017fcb74852f5058788c89b8
3947,hf_03947,cartoon,5,house,images/cartoon/hf_03947.jpg,a997d4395b3c372a597eca934e9d48b059f95769d750478ea74a4438f5cfb603
3948,hf_03948,cartoon,5,house,images/cartoon/hf_03948.jpg,eab6b0dcc10d68639b794d252420fa776f309b1cf2a59937f9f9166a443fe4b3
3949,hf_03949,cartoon,5,house,images/cartoon/hf_03949.jpg,d1a9b8db5ef07f48cd9a5f9b76764c4eb8f06799ffb7e7f4766c9d49484b5ded
3950,hf_03950,cartoon,5,house,images/cartoon/hf_03950.jpg,cd204ca0fdc9e625ea85d24646f375010e585c8bd0abb9dfee8efb14cb6a5c1f
3951,hf_03951,cartoon,5,house,images/cartoon/hf_03951.jpg,f8a4f3e7605f5cd05e42c2fbc31f1161747095bcf07fc16c187907aa8a90e9ba
3952,hf_03952,cartoon,5,house,images/cartoon/hf_03952.jpg,2a188acc2a4f3c3ae6f0a63407c1f368071ed2ffecbbeafce30beaaf9950adf7
3953,hf_03953,cartoon,5,house,images/cartoon/hf_03953.jpg,2a16648f2648f07118966a835faf8c518e1edaac7b4311fb32b10d0c37da9aca
3954,hf_03954,cartoon,5,house,images/cartoon/hf_03954.jpg,e6fa1761e0c1e3cfa678c7938779966e7be23bdf80d028aeaf9b1ccfcd2e9cd9
3955,hf_03955,cartoon,5,house,images/cartoon/hf_03955.jpg,c4ebc65fea9b874829eb66b6839bf42d1c6f46eb52c5a034ee8eb312454ba155
3956,hf_03956,cartoon,5,house,images/cartoon/hf_03956.jpg,dd9ec7ccf94f707d31b4178d1148581ce8b1fc1908fec01d7368f8405c6be60a
3957,hf_03957,cartoon,5,house,images/cartoon/hf_03957.jpg,bc9f006c6d23946420046b6cab05d66d6e487fd3529a1133230a9283b35c91fe
3958,hf_03958,cartoon,5,house,images/cartoon/hf_03958.jpg,0d89693eece7630524404e87f3e0aa4b89766854c83140bbe328be5204fdafbf
3959,hf_03959,cartoon,5,house,images/cartoon/hf_03959.jpg,b7d57ec82736482de121d40d50c25125259b0226c813c5d223e1d87c47aaddc8
3960,hf_03960,cartoon,5,house,images/cartoon/hf_03960.jpg,93e5339d6f7851c16fe154786211a8945ee2e9bfc99a4f17f81bfde41c8c5528
3961,hf_03961,cartoon,5,house,images/cartoon/hf_03961.jpg,32923ec68a0a431a68156d7de09fce807505de1fd24fa4fcb56ec622a7637f81
3962,hf_03962,cartoon,5,house,images/cartoon/hf_03962.jpg,8c81a543e8151cafbe59202b0623d3b1f7197f9126d9b0fa88ba962f00a0855a
3963,hf_03963,cartoon,5,house,images/cartoon/hf_03963.jpg,8fd768e35b8279394584f4f1973bb42edef9fe2cb77e605a9dbd292304733aa1
3964,hf_03964,cartoon,5,house,images/cartoon/hf_03964.jpg,d37f289fcfae854b9821aa167966163382d3a2791d110156e338aae3fd00858c
3965,hf_03965,cartoon,5,house,images/cartoon/hf_03965.jpg,b0127cb13a9007323bd532805acd2cca46dc19485c9c55d287c88961173d6e90
3966,hf_03966,cartoon,5,house,images/cartoon/hf_03966.jpg,c70eb3e46fb3e8e147b5ce955b24d14480173bf0989c2788fa8a6778317f3e16
3967,hf_03967,cartoon,5,house,images/cartoon/hf_03967.jpg,10faa85b9d36c305a1f58e0df623f0bf9b84f829c0dc4c066e295a8631e7e9cd
3968,hf_03968,cartoon,5,house,images/cartoon/hf_03968.jpg,766fce8a639246e584bd57273eb2cca7da8c0a61a59e4376b8ab4bc81770779f
3969,hf_03969,cartoon,5,house,images/cartoon/hf_03969.jpg,f913b385d1608b4f2c1c28a042b07d861f418807f4aa55d33901845617accd9e
3970,hf_03970,cartoon,5,house,images/cartoon/hf_03970.jpg,92d17348666fca58038d48710ca9223e0bc35eeafa7fb784159b75dc8a5f5863
3971,hf_03971,cartoon,5,house,images/cartoon/hf_03971.jpg,a1d73ddef08baa03644af612bdfa1717b32d3335b679d3282ed2d2a0098edc09
3972,hf_03972,cartoon,5,house,images/cartoon/hf_03972.jpg,be63b87c5f26606c86bc74f820a1036965f2f11c764f78aa5b1fc82e74a9323c
3973,hf_03973,cartoon,5,house,images/cartoon/hf_03973.jpg,7afff25ba258bd4fc88c7d7ed88de01ace2e109be68de8c28e2f40a05375e53d
3974,hf_03974,cartoon,5,house,images/cartoon/hf_03974.jpg,ccad516a0f98ab2e625867107eae54c8e96441d0c99be5285c9fb6f9e6ad92fb
3975,hf_03975,cartoon,5,house,images/cartoon/hf_03975.jpg,31271094b89693524f351f46a1b4a51bb139d8a6e7af2a47005eac37df589847
3976,hf_03976,cartoon,5,house,images/cartoon/hf_03976.jpg,1167ad0953bda3031b8abae4f09ddd3674e79c0dcdfbff6b69cb010ee0139211
3977,hf_03977,cartoon,5,house,images/cartoon/hf_03977.jpg,8cafc9519f2384cf4ec3bcf0abf7c4a293eb26447aedcf32e9a3879c837acae4
3978,hf_03978,cartoon,5,house,images/cartoon/hf_03978.jpg,ba46db3a71936fa57fa98f44cecd8cdffe06cb2e25d6cf1a64a277155d7be8e3
3979,hf_03979,cartoon,5,house,images/cartoon/hf_03979.jpg,8dcb15ff837c0ec4a177285b5daba8ee79f592e3cf80ed92a8f5a63a20ac7ef2
3980,hf_03980,cartoon,5,house,images/cartoon/hf_03980.jpg,3f6c765e341548d6e362f94ec79b143fe0d5f9d3bb5f5e2987010af105549747
3981,hf_03981,cartoon,5,house,images/cartoon/hf_03981.jpg,7688b32d9afdb7a290f764272ccb82c37edfd59c4c6760e0566fb522eea76151
3982,hf_03982,cartoon,5,house,images/cartoon/hf_03982.jpg,106fcc3c91f1171c8a446c5c8d81bf19494ccafda04bb29ef5a931cde0d8f754
3983,hf_03983,cartoon,5,house,images/cartoon/hf_03983.jpg,b028da6a34c493a8995a5b4171b9e4306afee27d021d07e42a0bbd36b67cf736
3984,hf_03984,cartoon,5,house,images/cartoon/hf_03984.jpg,39348233199fca16579d666ae50195be085f5edd1e87d977b97cc4238936ee1f
3985,hf_03985,cartoon,5,house,images/cartoon/hf_03985.jpg,d5db7f4b498348e3abe40ad51783eda5b92291218dee4b82021fecb8c57ce8de
3986,hf_03986,cartoon,5,house,images/cartoon/hf_03986.jpg,54556d4c77d7f0b920ad21dbf1a9d7e1d7cef4e0c3d87a00cf63085fc130feaa
3987,hf_03987,cartoon,6,person,images/cartoon/hf_03987.jpg,8ef9e7a1204e2ff83c032c05775e4e01ae2f7dd49e660e5f9f59cab948125bf2
3988,hf_03988,cartoon,6,person,images/cartoon/hf_03988.jpg,a6582d408067a9b561e26eab80e126a0d94f5ce4d68e23237ea313799d121456
3989,hf_03989,cartoon,6,person,images/cartoon/hf_03989.jpg,bef291cae6aa1a0b100b630f367cb5bfd67df016c6774e0db439219fbafd86d8
3990,hf_03990,cartoon,6,person,images/cartoon/hf_03990.jpg,1e651f0188ab3c061046b653ee18d93db6430b1f217ad8bac31d16e06e92eae7
3991,hf_03991,cartoon,6,person,images/cartoon/hf_03991.jpg,d866ef19fa7607ab933ef07d5a8d84c5eb73c4eb70af3a33a295711dd3896024
3992,hf_03992,cartoon,6,person,images/cartoon/hf_03992.jpg,896f13d520676c8127b067ad516fb2ab9599b4a0d8f97955c398d40459efec58
3993,hf_03993,cartoon,6,person,images/cartoon/hf_03993.jpg,2a4da183c57835da4fa76146cb8353ee31d2b5fb4a6ef54abf040e4c11765fb0
3994,hf_03994,cartoon,6,person,images/cartoon/hf_03994.jpg,1a43b652745ef163ccba5301af14eedfbef8e10d1ff8b086f855b085f9fa5a3e
3995,hf_03995,cartoon,6,person,images/cartoon/hf_03995.jpg,c6309532a438f1171b8c13f4d6c6b4bd0603cef0d1d6efa9098640f46d5571a9
3996,hf_03996,cartoon,6,person,images/cartoon/hf_03996.jpg,a1249891dc3e9a7e579342ccc508a13fa08e70c00a83ce34f6f1b0f59de78969
3997,hf_03997,cartoon,6,person,images/cartoon/hf_03997.jpg,4af6292bf4ad6a20af292873862b3b3f1a58a829e0bcfb5d0cab3d4c14e48999
3998,hf_03998,cartoon,6,person,images/cartoon/hf_03998.jpg,cd862620f85e7f66f8673f0a070a43e7bd34af0fa48db17131eb0ccd67ab0c42
3999,hf_03999,cartoon,6,person,images/cartoon/hf_03999.jpg,34aa4cf75b18df8132c4f9856ff2c44ae03fc98ee9db208334de623d72f22c9d
4000,hf_04000,cartoon,6,person,images/cartoon/hf_04000.jpg,a1ec8834169d44dbc34009798141f7195b87b194314cd640d65b792b178daf19
4001,hf_04001,cartoon,6,person,images/cartoon/hf_04001.jpg,51ecaed5594af53a151fc771c84d94005bc889016e0a239177f8739441e16417
4002,hf_04002,cartoon,6,person,images/cartoon/hf_04002.jpg,b9218f296950ceb082e0bf0aa0f57bd4cec2f8df4766ef9eaa596e3361e8fbf0
4003,hf_04003,cartoon,6,person,images/cartoon/hf_04003.jpg,769a6e1483387706522e02a2540f529766fd8930454e66282c3338e33dcbb7be
4004,hf_04004,cartoon,6,person,images/cartoon/hf_04004.jpg,ee8c997ded338cc7682514bc54b8b2b0cea33c666e831cbc8e01491625c847e4
4005,hf_04005,cartoon,6,person,images/cartoon/hf_04005.jpg,06b49ee5f2f5332261cf656c74a3c3475284a0cfca2b8e196ab1ab2a594345ed
4006,hf_04006,cartoon,6,person,images/cartoon/hf_04006.jpg,27a724a9dc7f7a2a0adbc721e4cb30e37d50bad6342cec9e7f65ae5e75a0b4d5
4007,hf_04007,cartoon,6,person,images/cartoon/hf_04007.jpg,b31ca40d2912697a24ebc4085ba2072dc6958507f75ec0e55f061e825cf74917
4008,hf_04008,cartoon,6,person,images/cartoon/hf_04008.jpg,f017288feb0980b81184e5e671aaabe16b5fcd551caf6d872924c62a03b8a4b9
4009,hf_04009,cartoon,6,person,images/cartoon/hf_04009.jpg,ecd8603241e65ec4566282a68ab32c5e756695f267758a840afe9373a9b2e2f4
4010,hf_04010,cartoon,6,person,images/cartoon/hf_04010.jpg,d9ad3a6de14d6eaa0d50fa1da106bdcf2d6970387699fea225261ef623384f59
4011,hf_04011,cartoon,6,person,images/cartoon/hf_04011.jpg,50a1bb17f8d8fb03d836a8e71a6aa26d881533f76bb0d6b08f0e3ec24cbda33a
4012,hf_04012,cartoon,6,person,images/cartoon/hf_04012.jpg,f3d49eb128389f1af8635da74e31b95e2530509a014bdbfbef468ec5317200ba
4013,hf_04013,cartoon,6,person,images/cartoon/hf_04013.jpg,d77c3cc0524cd2c250f7b8b134d62ba2fdabc29b20aacc27f307bd83d0053843
4014,hf_04014,cartoon,6,person,images/cartoon/hf_04014.jpg,b5c69045c034408d64c235e0dd153ea0595ab0143070cdc7e6b58f8537f52ac3
4015,hf_04015,cartoon,6,person,images/cartoon/hf_04015.jpg,61da2ccc5c6263c0511f98bad5d86b84fad8beb091196405d8215e633deccb90
4016,hf_04016,cartoon,6,person,images/cartoon/hf_04016.jpg,1a4f21fff30b7bb5a8023532d283d70f208cead1ca2ac45af7d505bf8a34622a
4017,hf_04017,cartoon,6,person,images/cartoon/hf_04017.jpg,86298168e95566c9301016a8ecdabc6759ff7b18b400908c4d2fc06f15534aa0
4018,hf_04018,cartoon,6,person,images/cartoon/hf_04018.jpg,f17a2cb365daa44d0ae607b86ee8f7712c1a282cf732819a9a06923ac20637a6
4019,hf_04019,cartoon,6,person,images/cartoon/hf_04019.jpg,50570498521b00f619be40f4a9e2388da1760af9342c2381b163fba88a492f89
4020,hf_04020,cartoon,6,person,images/cartoon/hf_04020.jpg,5a3f6e665fa3fe841965d0736109a828a62eb8d54e4387d55cd85e58fa9226d3
4021,hf_04021,cartoon,6,person,images/cartoon/hf_04021.jpg,9c6862c193e0b44f89fc309a8c2fb1e0b9c4bbba99ebb7e2f8702f55f2aa80c1
4022,hf_04022,cartoon,6,person,images/cartoon/hf_04022.jpg,bfbfca94bd3e022a5055e5e23a5710526fe730b330e591a37e40c31c8c9d25c1
4023,hf_04023,cartoon,6,person,images/cartoon/hf_04023.jpg,518bcfd7b84420f87952761e4cec559cab67f6f8e9dba76e566bf2dcc019edc4
4024,hf_04024,cartoon,6,person,images/cartoon/hf_04024.jpg,9a1de4318d935d2a34310277cfa4b49f7a420d6ae497bbff439eb8381aed82de
4025,hf_04025,cartoon,6,person,images/cartoon/hf_04025.jpg,25e97927f06c52df7e78da5c587da0671a3d1cf632ca6aec4da82f0432759854
4026,hf_04026,cartoon,6,person,images/cartoon/hf_04026.jpg,7037d3b236cbcad4a02fc70681a8c8b30ba8e0c7e494f886b176e3edd776b906
4027,hf_04027,cartoon,6,person,images/cartoon/hf_04027.jpg,42248f96430726e0796f9bff18df94921248717ccf6b7dc0a9d7cc3eafef59de
4028,hf_04028,cartoon,6,person,images/cartoon/hf_04028.jpg,e8f565a50533bd770c69c78cab04114762f3d02aa48cefec7f7d06cca55b4498
4029,hf_04029,cartoon,6,person,images/cartoon/hf_04029.jpg,651e28c6b9f3c3353c809fc8ae812df47967ee92be3e24ec522c01900e3fe584
4030,hf_04030,cartoon,6,person,images/cartoon/hf_04030.jpg,2fbc9a287a0e408685a34ca28875e4f4bc078be75a7c3340796d43aaf3fc2f02
4031,hf_04031,cartoon,6,person,images/cartoon/hf_04031.jpg,7c9788d84c58d7e1d69e91b9d70754da68965cc8ab2740cc5d66019b10c564b1
4032,hf_04032,cartoon,6,person,images/cartoon/hf_04032.jpg,d09b10461bc182665c083654f088d8aaa583d1ab4c057c1d54281bccc19395c2
4033,hf_04033,cartoon,6,person,images/cartoon/hf_04033.jpg,4315317c41089c1af3e04c0f678dc692c189867ebbb2642630bf2a4cb50db419
4034,hf_04034,cartoon,6,person,images/cartoon/hf_04034.jpg,58abd841e90786f0ebf0d94edcf92a2581382daa4ac817b9a9f5f2f3b3866169
4035,hf_04035,cartoon,6,person,images/cartoon/hf_04035.jpg,85e88ac3625a2ca3b69aa03ca1d14d62f455dcf2914ec00aa91b7b249ec8fff7
4036,hf_04036,cartoon,6,person,images/cartoon/hf_04036.jpg,583ac36ff011f2103dfd8903a93f0321354ed122faeee7d94821c01e5320db28
4037,hf_04037,cartoon,6,person,images/cartoon/hf_04037.jpg,8b509d8b5b3d133207901e22c89835ac973b26bff06b574e059afee119c99cad
4038,hf_04038,cartoon,6,person,images/cartoon/hf_04038.jpg,e151ae8db5da94c1db927bac8374f65c33ec49e6bcaef6e3db0fbca0b68a5bf0
4039,hf_04039,cartoon,6,person,images/cartoon/hf_04039.jpg,e5c9f183ad0a42a3f94d8d05e48becdf4fc6730cde349ec45d92241b8d738d62
4040,hf_04040,cartoon,6,person,images/cartoon/hf_04040.jpg,e9614eaa12dc2509b9c0411b17de0d8fa110652466f29c9ac836dbfb782b1067
4041,hf_04041,cartoon,6,person,images/cartoon/hf_04041.jpg,f1bd41c37f8cda9ce33eb9812b28f8e9ce1be3de60b7ff4555afc36c736267ef
4042,hf_04042,cartoon,6,person,images/cartoon/hf_04042.jpg,21d3548ae1140eff7fa347488573b3298267257159a3feb8b11858e7cba4b642
4043,hf_04043,cartoon,6,person,images/cartoon/hf_04043.jpg,6db5b529f824d999b7d58341550519f34bf5df28c99f50959d477200e06db5c4
4044,hf_04044,cartoon,6,person,images/cartoon/hf_04044.jpg,eef2ed97989e8511db6d748009aceb8e27fbb5d58c826588c165ddd427a8ac39
4045,hf_04045,cartoon,6,person,images/cartoon/hf_04045.jpg,65fb757f2d37b90836cde02906a8bc7e96ecebe058c3395c3fd316037a3bdec3
4046,hf_04046,cartoon,6,person,images/cartoon/hf_04046.jpg,14688752f3d925f861385669eb2940ebc58511949069111d6de438ca72cceb43
4047,hf_04047,cartoon,6,person,images/cartoon/hf_04047.jpg,4964e5af1d1a354edc861b5a401625db05e0fc8652c8a01722ffef582226a5b6
4048,hf_04048,cartoon,6,person,images/cartoon/hf_04048.jpg,4530829dc5e937589cffad71dab4149b80102cf6ebd4622edad49468b37a5bdf
4049,hf_04049,cartoon,6,person,images/cartoon/hf_04049.jpg,01f041788199a8bbdd2836c9e726599f357ba71f516b66b32909e50aa056b0e7
4050,hf_04050,cartoon,6,person,images/cartoon/hf_04050.jpg,f91109a4427b9a4667be873654a2909bbc5ea8b507210884ddce4fcb305902f6
4051,hf_04051,cartoon,6,person,images/cartoon/hf_04051.jpg,65079858ac0bab64575abc40f2909ff48b00f20d96f58a98ac0dcb09d63bd967
4052,hf_04052,cartoon,6,person,images/cartoon/hf_04052.jpg,0d151e5eb41d13220bac0e8e45019da03fcea0277fa6b6732e333f68f985e7ba
4053,hf_04053,cartoon,6,person,images/cartoon/hf_04053.jpg,6ad154edabfc9aa034afa8b09a6aaef1db54fd41dc64d614329acf57aae66d4d
4054,hf_04054,cartoon,6,person,images/cartoon/hf_04054.jpg,876918dfec4da28b3e64655a31547b43dd4119f0542fd0278af639e46f46096c
4055,hf_04055,cartoon,6,person,images/cartoon/hf_04055.jpg,80320389c93a28510295d5cd375103d90c2bdc29dad85ba493fa934fde9569a9
4056,hf_04056,cartoon,6,person,images/cartoon/hf_04056.jpg,0e6b4d9f074e7397ff485c467e27cdacc76bf23542449e13876ccef9b25dfd4e
4057,hf_04057,cartoon,6,person,images/cartoon/hf_04057.jpg,26cbccb3350baf87056d1badf476e29457502a4547187005147b8845c1aed198
4058,hf_04058,cartoon,6,person,images/cartoon/hf_04058.jpg,5696f924de31c1f4b926b4b953d97bb30fb77dc62260f45139513372c9f9e82c
4059,hf_04059,cartoon,6,person,images/cartoon/hf_04059.jpg,e8e324b685420e1cfe791990ba4eefc2e3abacc3387fa06443a581cb43efc995
4060,hf_04060,cartoon,6,person,images/cartoon/hf_04060.jpg,2ae94162e2544c6ab129eec8b4fd1704dd4cb097b9f932bad8670d11de990b34
4061,hf_04061,cartoon,6,person,images/cartoon/hf_04061.jpg,096df7e0219026319d39a83cebf4d8ab18e439c42733d4e8196d76443c0f7807
4062,hf_04062,cartoon,6,person,images/cartoon/hf_04062.jpg,f48d93719cb32f3bfc50b51abd1bd11175904240013cb81854290bb250f95bae
4063,hf_04063,cartoon,6,person,images/cartoon/hf_04063.jpg,7891b1fd3e1b266efbfc5f3328c0aa231b37a77af7a7f383777999060f17fc63
4064,hf_04064,cartoon,6,person,images/cartoon/hf_04064.jpg,caf2b39c4baa047c83cf378010dd73cb53dc9f58b3cd0734bb69ef1711a978d0
4065,hf_04065,cartoon,6,person,images/cartoon/hf_04065.jpg,068a90ea99730c863540def2ebdd656ceaf4012da21a7d52a699c2188708f24b
4066,hf_04066,cartoon,6,person,images/cartoon/hf_04066.jpg,37379d15560aa1d6f8d3acd8d4dfaf947dac8c424ca6dcea4fef260c1762045e
4067,hf_04067,cartoon,6,person,images/cartoon/hf_04067.jpg,b2de78fdb9c1d191f95476926736780ddf7ae6dd072aa482df89ba03bde08421
4068,hf_04068,cartoon,6,person,images/cartoon/hf_04068.jpg,1a22b3e708b8de1a38698e55e3adc26c04f3badd9758b3d5a77df1f37945e289
4069,hf_04069,cartoon,6,person,images/cartoon/hf_04069.jpg,cb3e969b40c9418c560ad0bb44fafa2c0ed0efec5ce28055bf0b99bb28e205c9
4070,hf_04070,cartoon,6,person,images/cartoon/hf_04070.jpg,9e849b5024c5a79ae0d7fc77ef07abf1d4c0f35a49bde1c79160263f23c5e186
4071,hf_04071,cartoon,6,person,images/cartoon/hf_04071.jpg,c75558e371f71cc0413e50cd907f301895c8d3e49ca2ada1753233a69345c167
4072,hf_04072,cartoon,6,person,images/cartoon/hf_04072.jpg,2cd70ad3b25cf446b66814b34607b15e9724ff90f7c0a98c42e40c870027f323
4073,hf_04073,cartoon,6,person,images/cartoon/hf_04073.jpg,d7c3f545036649852935c1cd9443db6731e7627692dd8b73ce6c37e400a63f21
4074,hf_04074,cartoon,6,person,images/cartoon/hf_04074.jpg,ae32ff5dbfb1e4053f15eb2288fb201009176d7ce3c9b1730c6ec221a9924f88
4075,hf_04075,cartoon,6,person,images/cartoon/hf_04075.jpg,422c8848bf510a4d88860f7498bb5d4198f8bf66979f156738a011ab12b491d1
4076,hf_04076,cartoon,6,person,images/cartoon/hf_04076.jpg,f111c2b224f4a5e56d22d21585a2e989f53b76ecb2cd63420653e59ade006c28
4077,hf_04077,cartoon,6,person,images/cartoon/hf_04077.jpg,e7478c108cb21d42383e51488a035044ea18b3fae1f2e8d197153ff34a0f3ebf
4078,hf_04078,cartoon,6,person,images/cartoon/hf_04078.jpg,b5c3e6554bfb36f072b11190d920d052a10f89cca6232e30a461380ed2a43871
4079,hf_04079,cartoon,6,person,images/cartoon/hf_04079.jpg,bf8cc82be51faa10570106ce26b2e1284d5de4e33c3a8927b1ef57486f7b65f1
4080,hf_04080,cartoon,6,person,images/cartoon/hf_04080.jpg,9043bc39940b188ec23b39dff00f78bf9f9706a27254086ffcff246d89623c76
4081,hf_04081,cartoon,6,person,images/cartoon/hf_04081.jpg,8403a9736efda9a4f60d2d01cdafeaa90f54166d04710a209a7df54787741689
4082,hf_04082,cartoon,6,person,images/cartoon/hf_04082.jpg,be3ec1925d3cbeb9724aa73738671500a04e57150ff176f36f17ec376f23173a
4083,hf_04083,cartoon,6,person,images/cartoon/hf_04083.jpg,1a302f24b4209c10b17d3c484dab96a591c727a7727b6c7753c7be5d226c980d
4084,hf_04084,cartoon,6,person,images/cartoon/hf_04084.jpg,2f0141f863a344c9242974e9d9e8e12748940a690f125af210bcbba1e0cce273
4085,hf_04085,cartoon,6,person,images/cartoon/hf_04085.jpg,d9046174d6a05f746b4965a1c8e8d515fe4696801e036b05ba118075bda80363
4086,hf_04086,cartoon,6,person,images/cartoon/hf_04086.jpg,016cf53a679f3b6270f5bd92231867d87b8619d08dbfbab2403697c03a020285
4087,hf_04087,cartoon,6,person,images/cartoon/hf_04087.jpg,c1f1460449045d3a23e46e563a114f0962bcd83107ca278aade066701bac7122
4088,hf_04088,cartoon,6,person,images/cartoon/hf_04088.jpg,71676a5478c0cbb3daaafbec9655239acd691913b498f84f686985ad1959ce41
4089,hf_04089,cartoon,6,person,images/cartoon/hf_04089.jpg,10cec9a6a130b473490c93e30c3ef0c67b8760636063324503ac94a9d915f3c2
4090,hf_04090,cartoon,6,person,images/cartoon/hf_04090.jpg,2aecc00170e24ec89d0f2e11702103c4f7d37411095eb3c94d13e64ae559ce9b
4091,hf_04091,cartoon,6,person,images/cartoon/hf_04091.jpg,024f57803f15e0c4d044da2cfd6f30e4213ef08080ae6d0c37926b9f62d89584
4092,hf_04092,cartoon,6,person,images/cartoon/hf_04092.jpg,4cff87290287bd404875ef2a6cd3462807bb68efa199ed6bbe85ef58468da6fc
4093,hf_04093,cartoon,6,person,images/cartoon/hf_04093.jpg,a42dbd819a88a94fbc117a6d69d755bff821a09767d59390f446470bbf6ac217
4094,hf_04094,cartoon,6,person,images/cartoon/hf_04094.jpg,393a074ff906eb9c467692af631fb4ae5ef6ef11d5ded229219d2a4abb32f5af
4095,hf_04095,cartoon,6,person,images/cartoon/hf_04095.jpg,049689aaa8eee3f3d1c3bbe652048bf8cbbd4af2d13e59d4642588c16fe9045b
4096,hf_04096,cartoon,6,person,images/cartoon/hf_04096.jpg,f2122352f313e8afa05a0b427994d236665a4456e65cb4a610dc791eefd6d24e
4097,hf_04097,cartoon,6,person,images/cartoon/hf_04097.jpg,b0d69a3f3102b64b359ac709484178a0bec56e18fbc975b43a272ba38f7576c1
4098,hf_04098,cartoon,6,person,images/cartoon/hf_04098.jpg,093d2f31bd8a012d9b2cd4d154600bc6688f752ecaae39ed1fc19f46e12645dc
4099,hf_04099,cartoon,6,person,images/cartoon/hf_04099.jpg,29f83f265b93846ae8227aa8e12c70a4ba8670faea634be7dc44d33168119a99
4100,hf_04100,cartoon,6,person,images/cartoon/hf_04100.jpg,dd77c1af3e412d4a78e933ccd8e628deed224246d75b11f5f35c97ccabd9eea2
4101,hf_04101,cartoon,6,person,images/cartoon/hf_04101.jpg,c93bc1d2a8c7ec42a56fa09721b9314d609e5e3648889dfe1879854e1bb38a9a
4102,hf_04102,cartoon,6,person,images/cartoon/hf_04102.jpg,ac01d1ee28f96c70ac557031a999d1a3129a052aff0764ad3b4bb6c609b880bf
4103,hf_04103,cartoon,6,person,images/cartoon/hf_04103.jpg,8ca9f7814765cd12898e3907ece988897cc4ceca0260e060b55fb4bd685d68e4
4104,hf_04104,cartoon,6,person,images/cartoon/hf_04104.jpg,6c190b1f2c7891702b9b6e5d9dbac52f304c80a084a593cc9cba79fbfb2f31e9
4105,hf_04105,cartoon,6,person,images/cartoon/hf_04105.jpg,a16c32fa5122ae4a8a01d202ba4cb4a968f847c4f434d153598b8e9a45a8fe3c
4106,hf_04106,cartoon,6,person,images/cartoon/hf_04106.jpg,f73d5042a6b64f1257a4173a677936abc8e22b55aed7ad8a9ead2df4044076a9
4107,hf_04107,cartoon,6,person,images/cartoon/hf_04107.jpg,c80475d88ccf0692a765caff416e1dc4a42d2661f37fc8aa98a7a94ce124c83b
4108,hf_04108,cartoon,6,person,images/cartoon/hf_04108.jpg,60ce168574ff4cb20274deba064af6b1bec0252489994f502aad8a22c28bffe4
4109,hf_04109,cartoon,6,person,images/cartoon/hf_04109.jpg,86a6b23e58ab672282446833deb7935a759b4c2ae3463abbddfc0ace993a4477
4110,hf_04110,cartoon,6,person,images/cartoon/hf_04110.jpg,5144488218bbaef6419268bc114cd7495f6e0765eb223369b6e7e79c7a208ac0
4111,hf_04111,cartoon,6,person,images/cartoon/hf_04111.jpg,9f7388e7cae6642d58c90f477d48e59407b8c5722dc00353ef41aee5af41701a
4112,hf_04112,cartoon,6,person,images/cartoon/hf_04112.jpg,bc72cdda39c523e16c236511a53eae83fc77e545224fa2b80380919addd5e525
4113,hf_04113,cartoon,6,person,images/cartoon/hf_04113.jpg,4f12bbc28b611f05224afad0421c773d07dd662ee8d59dfc968d6108c65bb821
4114,hf_04114,cartoon,6,person,images/cartoon/hf_04114.jpg,fa9ea85cc769b51f8202fc3f4bbbb2a482f9a236593686b49ea63e528e3de878
4115,hf_04115,cartoon,6,person,images/cartoon/hf_04115.jpg,b089e8e3f68a90d56a481077cab6b147938ed79c4552495d22c665c86244aaf0
4116,hf_04116,cartoon,6,person,images/cartoon/hf_04116.jpg,06750b9e10bc541648be48388fb9d49dbdc28012bacd319feaffaff682c50b15
4117,hf_04117,cartoon,6,person,images/cartoon/hf_04117.jpg,c3c9298aaf3574c99014184459e08cfc5895059d35bfae74604fe84997cb3777
4118,hf_04118,cartoon,6,person,images/cartoon/hf_04118.jpg,5d760c7491ec8d3b983dd41e62952086285f39da6ece13c0cdb02f4a10c11612
4119,hf_04119,cartoon,6,person,images/cartoon/hf_04119.jpg,bdf9061ffc94dc5261bd58d445a720ec455a5104e37bc079bb4ff61a9d68352d
4120,hf_04120,cartoon,6,person,images/cartoon/hf_04120.jpg,17518417ed1a42c135d7d252afe76a57c7dab310ca29d618f1f97601a7a5cb53
4121,hf_04121,cartoon,6,person,images/cartoon/hf_04121.jpg,36fc51862473231946cdd3220c5d0b15b14481c41373831c3f1d0cdbeee2537e
4122,hf_04122,cartoon,6,person,images/cartoon/hf_04122.jpg,c058be5143aecd2af423a4081e70ee0fca8f022a79ac19d0ceaf93711912a0c4
4123,hf_04123,cartoon,6,person,images/cartoon/hf_04123.jpg,e1de2b56728056291e2c21cfe2ef321334a370916a3ab4a7e10ef0bf05efc511
4124,hf_04124,cartoon,6,person,images/cartoon/hf_04124.jpg,2a7e46b505fba197674cf8a0283fdd427a71e1033c6e64f6b24549029fa4dc39
4125,hf_04125,cartoon,6,person,images/cartoon/hf_04125.jpg,34cc60b5a3a5880d62c41bc1b5d2133b11f6a6c55ad3b2ece4caac1d3a2d1c3f
4126,hf_04126,cartoon,6,person,images/cartoon/hf_04126.jpg,17ca1f291ef90338c074ce21dab3fb0001db08e3ce75032609bbec43a194b6df
4127,hf_04127,cartoon,6,person,images/cartoon/hf_04127.jpg,29e443297165698819979219b9018d5aab55cdb2a17392e01b0ea44e1272aa58
4128,hf_04128,cartoon,6,person,images/cartoon/hf_04128.jpg,cacc4c38af8fa984d7f23af31342d93bf81166ae6459826c07f939a54f48ae18
4129,hf_04129,cartoon,6,person,images/cartoon/hf_04129.jpg,e708901480231b04caaf6f426998e7622c92afb9b85f08be6e92fd11bc3692e0
4130,hf_04130,cartoon,6,person,images/cartoon/hf_04130.jpg,07e2445eb6796f5246f3f3223b7a8171aac2b0136a8c898c1520083de13cb718
4131,hf_04131,cartoon,6,person,images/cartoon/hf_04131.jpg,320190c087ec21dd974ac265570375c4331646de3284825ac8203c1881c8ce7d
4132,hf_04132,cartoon,6,person,images/cartoon/hf_04132.jpg,249e81133b350ae442c46990d7c88d213ee5346df5697f5401300b62b2ae89cf
4133,hf_04133,cartoon,6,person,images/cartoon/hf_04133.jpg,2b8dd2b45223711346cb47c947237d56dd5b4f71aef67d8ee4b4e13a7aa89736
4134,hf_04134,cartoon,6,person,images/cartoon/hf_04134.jpg,aa25ad0b5f027224b56d30225315a7ea8315ef25be8ec423b8a7b79e5c11b157
4135,hf_04135,cartoon,6,person,images/cartoon/hf_04135.jpg,81e4e1a4dfa6e509a315111db4cb88748a01d7bf29601991feaa51d730f5451c
4136,hf_04136,cartoon,6,person,images/cartoon/hf_04136.jpg,72f5aed7872cd52da37ba25e34d426a011227b726e066fdc89f1b5698a6bfa47
4137,hf_04137,cartoon,6,person,images/cartoon/hf_04137.jpg,494a7e5384535684fcac9cc4628dbf449e4b36e0c41b63a69309c06d7915fa16
4138,hf_04138,cartoon,6,person,images/cartoon/hf_04138.jpg,fc6a40404fa7ad8e62eefb960165e60d525c8e8637b74470bb4d6813213cc992
4139,hf_04139,cartoon,6,person,images/cartoon/hf_04139.jpg,71a0d37b54f4ffb1f8e7cd93dea050dac94c24c98b685d6c18e6b309a49f202d
4140,hf_04140,cartoon,6,person,images/cartoon/hf_04140.jpg,9d3dba5df8adbf10c654edcf01cfc647827b4797c3991543a5be3c420b3d14ee
4141,hf_04141,cartoon,6,person,images/cartoon/hf_04141.jpg,813b3746d21d9272c75ba0db40459dd65f68d8bee3fea9913b1aa8149c2930c4
4142,hf_04142,cartoon,6,person,images/cartoon/hf_04142.jpg,e37b3e9bd07f320f3c296caf93982ec78630f9555ed01caacf930f5923eb50f0
4143,hf_04143,cartoon,6,person,images/cartoon/hf_04143.jpg,e70b2e933ced4e1d79e3c64991d9f308af45c49b3a6b8f62c211475c988c67b6
4144,hf_04144,cartoon,6,person,images/cartoon/hf_04144.jpg,e2efa00c49b6ebc4019d02f6c7ba4ec9fb804b33c3811076b68faccca90f4f8f
4145,hf_04145,cartoon,6,person,images/cartoon/hf_04145.jpg,4e0e0577af22454bb4246c9fda5cbecc661e43e547ba08dd3daef40e6899db2a
4146,hf_04146,cartoon,6,person,images/cartoon/hf_04146.jpg,1445cd04aa7c908793559cddb47fb55581fec47479cff5c7371afdae0ef0b586
4147,hf_04147,cartoon,6,person,images/cartoon/hf_04147.jpg,0997bc9ca10fde20e8c9bdc9f077a859f2199a2884a1046809ba8041accb3d31
4148,hf_04148,cartoon,6,person,images/cartoon/hf_04148.jpg,6c2f037c8c9f0d04acf75dbd25c896c210e75c4c5010bf6bfb616ed8b0abb4e8
4149,hf_04149,cartoon,6,person,images/cartoon/hf_04149.jpg,59b5a8c9c0a21d7cd328d0299d7c44ef1f5ff18e909b42a0f15a87fb337082f5
4150,hf_04150,cartoon,6,person,images/cartoon/hf_04150.jpg,e8c98ef4db0be2d7b70696d1c6c47d7aaaf1bcc678d2b74337c1b55dbd1fba50
4151,hf_04151,cartoon,6,person,images/cartoon/hf_04151.jpg,ef72606495158fcca8ee16446aa5185c5e4d1432ad03463ce143c5aed9dfcbbe
4152,hf_04152,cartoon,6,person,images/cartoon/hf_04152.jpg,a86361ece50a74c57d981042932bd411a54f8e1d98ef80be162ff0ed8e57fd40
4153,hf_04153,cartoon,6,person,images/cartoon/hf_04153.jpg,6b4ce1138bc978e606b2e49bf2ccf7179bcb31dca121b89941f2e47526c02f3d
4154,hf_04154,cartoon,6,person,images/cartoon/hf_04154.jpg,b5f8d980dadb72a2787337803c73027b075d80fbb6d9b6aa960526d859420634
4155,hf_04155,cartoon,6,person,images/cartoon/hf_04155.jpg,881192df84535060f15432510ee1e7c02096f59a5e9bda7123922c89a2176101
4156,hf_04156,cartoon,6,person,images/cartoon/hf_04156.jpg,8801757a8b3e712ba79bc52ec652a454ef77bd439779cc8e741aea00cb18b2c4
4157,hf_04157,cartoon,6,person,images/cartoon/hf_04157.jpg,a72b0cefcd906b98be2fb6380d0980d88770d6d999bc43a2c48e08fb1bc5bcd4
4158,hf_04158,cartoon,6,person,images/cartoon/hf_04158.jpg,baab0aadc10a7342a0b6d9480e5979eff67fb0de03dea205d8bc5bb3fc6a7176
4159,hf_04159,cartoon,6,person,images/cartoon/hf_04159.jpg,b97b7924203443dc2054e5837d0951fa54f20ddbbaab0a9546376bea8ad1d16d
4160,hf_04160,cartoon,6,person,images/cartoon/hf_04160.jpg,d63feab457027fcba0214167c1f4f965cd03d95798d12851e39243e0e912f67d
4161,hf_04161,cartoon,6,person,images/cartoon/hf_04161.jpg,a4030d7415076cf55cf74ed9ccc0e991439e958addd4250cb849ebe72c3bd2de
4162,hf_04162,cartoon,6,person,images/cartoon/hf_04162.jpg,27e735e9a1993ec9e9fdf5c88df66e740d8f1c5bf02b632d966373d2c6e81d58
4163,hf_04163,cartoon,6,person,images/cartoon/hf_04163.jpg,321aba12cb20922223f44f97f7db18d377c59395569343e4a689e1ea304f0792
4164,hf_04164,cartoon,6,person,images/cartoon/hf_04164.jpg,fb246c8b4fee5eb35dc1bd1f15296a27738f793b38a497e37bbe2488bffe415a
4165,hf_04165,cartoon,6,person,images/cartoon/hf_04165.jpg,e67e4dfe6dd4fe122e43eac212adc9fcbb77f4087fa0c867b87e5719c326e8a9
4166,hf_04166,cartoon,6,person,images/cartoon/hf_04166.jpg,3c80150ba02dc983ef5fba05e0e37ff41015504917a8a44f6ce59d57a6acf200
4167,hf_04167,cartoon,6,person,images/cartoon/hf_04167.jpg,b7a130ebeb1e483afd0b578490f39eabdfdf0c45c1c3c08a4176fb8a31db1f9e
4168,hf_04168,cartoon,6,person,images/cartoon/hf_04168.jpg,65ba99f9bf1624f949e1b1a4d016330ee6a2e99870c3fbe724abc6527ede7a2c
4169,hf_04169,cartoon,6,person,images/cartoon/hf_04169.jpg,099de1c4f0e199fbdf4981db66bab5e0f3c902670fdcec2d4b55b09f0f33f052
4170,hf_04170,cartoon,6,person,images/cartoon/hf_04170.jpg,f5e1852137341b5683dba8bcceac899a00da693270222cb4e7542109a4fc95f5
4171,hf_04171,cartoon,6,person,images/cartoon/hf_04171.jpg,e3d3582209b3e0003191a1e2ee324ac21efe7b178280c16c18db95acc8967ec4
4172,hf_04172,cartoon,6,person,images/cartoon/hf_04172.jpg,57fbdd0fa112ce5d0ad5be33b579b3fac47199a003e1738c750f27786e357be8
4173,hf_04173,cartoon,6,person,images/cartoon/hf_04173.jpg,a906e64f77b61b2a5f71f87e826653fdc7c9cdd2efe73933fec70fc5fbf50564
4174,hf_04174,cartoon,6,person,images/cartoon/hf_04174.jpg,360e1f42b2ffadb8b217d09f614d2234a5dfc1b3d2c2be03e915bf4efd40e47a
4175,hf_04175,cartoon,6,person,images/cartoon/hf_04175.jpg,fc0fd116d12a3afe9280db3fcf9f06f5e42109a43cd864dbaffac44adf644abf
4176,hf_04176,cartoon,6,person,images/cartoon/hf_04176.jpg,628eabab4ce631871e4dcd058abf98318d5e1b907d719bdf2306cc9886878880
4177,hf_04177,cartoon,6,person,images/cartoon/hf_04177.jpg,f0a39b537be1f9e36dccb44cc6b9014ead39c8557800975a24108a4cb29e5dcd
4178,hf_04178,cartoon,6,person,images/cartoon/hf_04178.jpg,c9c656bae65f02ccd80529f5506b05f44485af73b2d1720f198b246978467642
4179,hf_04179,cartoon,6,person,images/cartoon/hf_04179.jpg,50ebca2b4a44b9cf8fe7030bc863df0b2842644e1d4dce3d9c935ecc695a8d2c
4180,hf_04180,cartoon,6,person,images/cartoon/hf_04180.jpg,107e46b68fbc037b1b80758cbd7a24c969159f7e7fb87e970d22bd50fe15306e
4181,hf_04181,cartoon,6,person,images/cartoon/hf_04181.jpg,4a0bac83d8ef7507975aa7c2da329d8a3fb94ba967927e75f67250dc17a99a64
4182,hf_04182,cartoon,6,person,images/cartoon/hf_04182.jpg,368636a1f88fce611654d842e0f7fdf23d0f8b005dfd970c86dc6632add6af2b
4183,hf_04183,cartoon,6,person,images/cartoon/hf_04183.jpg,821379f77c053ae4067cc787c89908c850e925b3c4b0b3e8b1cece64d76cee1a
4184,hf_04184,cartoon,6,person,images/cartoon/hf_04184.jpg,93dd9e3f871a825d0e75cf9935ea3deacb3ade47bb04acc786ab94ae90cc27ac
4185,hf_04185,cartoon,6,person,images/cartoon/hf_04185.jpg,1e02dc8991b0133f2c7bb7ff9fa3ea934f6e19e84dfda56b42d28813e66828a4
4186,hf_04186,cartoon,6,person,images/cartoon/hf_04186.jpg,1c77772c676a12ab9781bb40bff2e3ed2ff12e2009e0e5ed9f1a5c30c010b29a
4187,hf_04187,cartoon,6,person,images/cartoon/hf_04187.jpg,d694c93d7ef7831715b5e3bf57f8d7b519266d3203f973ba49efb7902d26fe74
4188,hf_04188,cartoon,6,person,images/cartoon/hf_04188.jpg,fbebaf222896cdedfe5d1b21cdfe9fa9ac67919e4940a49f9a15d3105e66688a
4189,hf_04189,cartoon,6,person,images/cartoon/hf_04189.jpg,99f90ac2b07bbf20f88a320748905255a547cb972df3618f3cc3834eeebd91aa
4190,hf_04190,cartoon,6,person,images/cartoon/hf_04190.jpg,97bbe7f4ce467fe6d234b71f18f1d68112b8fec47bc415f6cbf53076f9d35852
4191,hf_04191,cartoon,6,person,images/cartoon/hf_04191.jpg,ad4fcfa2821dbe40da4ed1cda16fbc507fcf5f3e0ca2a27c79d4d852bb53cc7c
4192,hf_04192,cartoon,6,person,images/cartoon/hf_04192.jpg,e4986ea77a2a3cd8391056f7272ef63462ed8e8c453b1d817d562b1f70223c11
4193,hf_04193,cartoon,6,person,images/cartoon/hf_04193.jpg,60c480d09863fcffe9e2b19d0cc91f9099537b4f44a806ac36930e01851c7cdc
4194,hf_04194,cartoon,6,person,images/cartoon/hf_04194.jpg,2fa9dd043291cb41253d84bfe9449c694131fcf891eb2c2aff9d69f907f4bdf7
4195,hf_04195,cartoon,6,person,images/cartoon/hf_04195.jpg,b011ecefcf152111a9f207ca9348339cab2ffd1567a68e0a14935fdfc6356b18
4196,hf_04196,cartoon,6,person,images/cartoon/hf_04196.jpg,20b6aa7e56452e774b215c23296e075c4d97b47a6146eb6812191008d0a2b187
4197,hf_04197,cartoon,6,person,images/cartoon/hf_04197.jpg,6358c715e18898cddf2078accee45a70a94c36666b52d2b97e9807a994fd7475
4198,hf_04198,cartoon,6,person,images/cartoon/hf_04198.jpg,11ff76eae4e5d1d09895f7fa28800bed62e2923a02de76d411bf6a05e10d51b3
4199,hf_04199,cartoon,6,person,images/cartoon/hf_04199.jpg,c15d4738534075d0aa8de2b25c5abc381a50993d302a8c94a2553ae426d37371
4200,hf_04200,cartoon,6,person,images/cartoon/hf_04200.jpg,e3dec2bdd9da7cf7ffe347588c1b0aeec7290f2c6641ab461bb6dc3fc36c1a94
4201,hf_04201,cartoon,6,person,images/cartoon/hf_04201.jpg,d076e139de9180f3fc0de6218eb66a513ed513a8c0b03b7e04b3c45242f14758
4202,hf_04202,cartoon,6,person,images/cartoon/hf_04202.jpg,b94d783ed4e8e687d67a41cf9c68e498113c19b5ea94a1e8f2b75ba7f59daefe
4203,hf_04203,cartoon,6,person,images/cartoon/hf_04203.jpg,62f6e8fce34ea9643dad5a27d90f434873452b3ef1d47fa50e59c6102114dccc
4204,hf_04204,cartoon,6,person,images/cartoon/hf_04204.jpg,bf9944349f97518bec47591d6dc686d188a456fde5ed8048ff1189fe7db44365
4205,hf_04205,cartoon,6,person,images/cartoon/hf_04205.jpg,a3704668268a4b58d1aed3af94f29b2dc6d4ae66c07f9c1426bf006bbaec1248
4206,hf_04206,cartoon,6,person,images/cartoon/hf_04206.jpg,56b21ba4e765eadb8024cb7b20390aa5188da3a30be8a9413fe0bd591be8701c
4207,hf_04207,cartoon,6,person,images/cartoon/hf_04207.jpg,fe466fc32937095591e0f4b5b1471e536630088db27d7fd0e6ec8b295d77aa93
4208,hf_04208,cartoon,6,person,images/cartoon/hf_04208.jpg,b35b8878f159df25f8774bc0216f122b03d5ce66456509553fa42e0a752e922d
4209,hf_04209,cartoon,6,person,images/cartoon/hf_04209.jpg,f1714252920e3b08b4495a73a82880f63d1499fa51be52e12606ef240279a9f8
4210,hf_04210,cartoon,6,person,images/cartoon/hf_04210.jpg,aa888be27d8934178cd8ccc163e38121785c6c2130e5103fa67b977877d88755
4211,hf_04211,cartoon,6,person,images/cartoon/hf_04211.jpg,73c5b19909c4c62db46a79e957fb7228b695811eb64b3065fe9d864d72697211
4212,hf_04212,cartoon,6,person,images/cartoon/hf_04212.jpg,5bf5ded8706fb4e41c76f4d5e3c34c84cf74c6508d2f1192836918c35bbcbf00
4213,hf_04213,cartoon,6,person,images/cartoon/hf_04213.jpg,86143752d7b6521306d6feae074add595ebcd8f71dbe78998370ede34e25037f
4214,hf_04214,cartoon,6,person,images/cartoon/hf_04214.jpg,d2a4509fde7600fca930dda9832246f1d5ab5f8b07282b74ff1a34eb33ec5210
4215,hf_04215,cartoon,6,person,images/cartoon/hf_04215.jpg,6e986d6c019866a08f5c7d5a2435a25d53350e56555fbc64ea06a433e9df637d
4216,hf_04216,cartoon,6,person,images/cartoon/hf_04216.jpg,e3a420585185da93cb3d0caad6c740dce7e75b605853582a171a57aad792c2a9
4217,hf_04217,cartoon,6,person,images/cartoon/hf_04217.jpg,47b1d8ad2a95e4bae5d35ac555ef6705984b18c8a0f10f190d0a449c79cca65f
4218,hf_04218,cartoon,6,person,images/cartoon/hf_04218.jpg,2de1f0ba8ed017b5f701c1470ae98ccb6e0025597bc40cb2be61bf7792a2315b
4219,hf_04219,cartoon,6,person,images/cartoon/hf_04219.jpg,bb8b82f7f5abc020d4bff43fa1ef8f3f646446f1468ff473848a1d8d3fd317ce
4220,hf_04220,cartoon,6,person,images/cartoon/hf_04220.jpg,8d06ad3bb8c83dabbf05a64ce0947287bcdc360e7ad2a30e06d41df901adfecd
4221,hf_04221,cartoon,6,person,images/cartoon/hf_04221.jpg,485443188f46ed4946e14acc085f782188694ebbe97a00094566c4031b6de744
4222,hf_04222,cartoon,6,person,images/cartoon/hf_04222.jpg,900e1f66e3efe2b5aa827c4112c1ce0569e9a9f6b79d06baa7238c4a744b485b
4223,hf_04223,cartoon,6,person,images/cartoon/hf_04223.jpg,932659918462842792c199cded8c02a9a3ad663eb57884d0801ea2d951801b7b
4224,hf_04224,cartoon,6,person,images/cartoon/hf_04224.jpg,367f12d6fcecbb05ddbf1d98329187ed6cbf06db0a2e216db1c8e8a5af8d751d
4225,hf_04225,cartoon,6,person,images/cartoon/hf_04225.jpg,b32bd8f66156fa7a679bfb8905ce38358b586a567f4489f54d32d3d037ca2599
4226,hf_04226,cartoon,6,person,images/cartoon/hf_04226.jpg,730f278b34e59cd349c891a9927435450b41ee60a8658c060e64d03838fac0c2
4227,hf_04227,cartoon,6,person,images/cartoon/hf_04227.jpg,1edec6370b3a7f869bb547676cdf903fcc6f349a98e7591ada7cd466f5817252
4228,hf_04228,cartoon,6,person,images/cartoon/hf_04228.jpg,35078adaec37769afe0f6b06d857372b55c8d00c96ac3a166846fb3b8fb6eb76
4229,hf_04229,cartoon,6,person,images/cartoon/hf_04229.jpg,7635beb251d2368b205307f361c4d19b8ca80dd1a240804e52f89dc93e26b358
4230,hf_04230,cartoon,6,person,images/cartoon/hf_04230.jpg,2ffcdc89bc69a31351fcde4e7b7171ff4ec798009c4f53b8b8c0f47d3446434d
4231,hf_04231,cartoon,6,person,images/cartoon/hf_04231.jpg,ef16f43281d5fbb9075a482cb2f12b389c237eadf1e1bacc7a1ea7480992080e
4232,hf_04232,cartoon,6,person,images/cartoon/hf_04232.jpg,e22a2a17ae1027f174f491271c603d6f2c5d477b0f6594461d2d78616d10e97d
4233,hf_04233,cartoon,6,person,images/cartoon/hf_04233.jpg,4d8903459aee9956d67b423b2bfc0d4317f942510182633b88a241bc94dd510b
4234,hf_04234,cartoon,6,person,images/cartoon/hf_04234.jpg,deccfd5a73936c51317886489d3ba4abae6e6e2c019b4c792e9517a641f3c1a1
4235,hf_04235,cartoon,6,person,images/cartoon/hf_04235.jpg,48bf2492edc7caa12e9c8e1572fbc8367746aa53f6ab7d969066aae6de1d2582
4236,hf_04236,cartoon,6,person,images/cartoon/hf_04236.jpg,eeeb63e536a646fec8f84ed452c5a3a919ab1f530e96ac6c62262557b6e8e2b7
4237,hf_04237,cartoon,6,person,images/cartoon/hf_04237.jpg,b358cea152cba0ea02832b743d41870255155309a68bf9ad6a2d029657647bb3
4238,hf_04238,cartoon,6,person,images/cartoon/hf_04238.jpg,7e4cae2b5fc0383d9a290c8eb0270a6d35400acc0804cb636689edc2e40e74b6
4239,hf_04239,cartoon,6,person,images/cartoon/hf_04239.jpg,1c3c7e24456223a2e20ace4635065412b44f6b09992f77deef19ab3cf0a9d3d3
4240,hf_04240,cartoon,6,person,images/cartoon/hf_04240.jpg,f913a771a2da25284423e5830ace538ab2b333d811f27fe3776c1be99f79dd39
4241,hf_04241,cartoon,6,person,images/cartoon/hf_04241.jpg,c9d7950c88155a59d913cb4d7ef51e3e5de39b85fc3b061f97e4c4ec671f06a5
4242,hf_04242,cartoon,6,person,images/cartoon/hf_04242.jpg,0f9bd4f2d42810aab15613fb8d9d28da552067adbeef109ba28112005f3743f1
4243,hf_04243,cartoon,6,person,images/cartoon/hf_04243.jpg,018884ef481c10daeb8b225fc1f4d23e244a5ca7189d8a84d3305dcf26cf2acd
4244,hf_04244,cartoon,6,person,images/cartoon/hf_04244.jpg,94c7bcbf138015c977c17b27d75d35a937c5d833af2d38e94b9cd4821b8358ba
4245,hf_04245,cartoon,6,person,images/cartoon/hf_04245.jpg,55b5d02c4cfdc1dc1903decf9cfe0c142127a4db9af9b81722c69c90b2eadc6f
4246,hf_04246,cartoon,6,person,images/cartoon/hf_04246.jpg,532cd13be2a5ed8aa4cc63e01b0659a73e5ca508632dae84719333c4caa2eabd
4247,hf_04247,cartoon,6,person,images/cartoon/hf_04247.jpg,c4ec7afe5343e5adaa631c12855a456df93bee773b6ffd329961a30d9688553c
4248,hf_04248,cartoon,6,person,images/cartoon/hf_04248.jpg,d05fef966287186b3a92a94100aa213cd84573e4feb32e53e6b72a79a9d123e6
4249,hf_04249,cartoon,6,person,images/cartoon/hf_04249.jpg,0632051d94460223d96e74ebc52f7bbe29ca73b2365355a15d258563635d0af1
4250,hf_04250,cartoon,6,person,images/cartoon/hf_04250.jpg,cf52dc42bc91232300078f92a3cbed6abfc4f83428f9546c4b45470d97bfb416
4251,hf_04251,cartoon,6,person,images/cartoon/hf_04251.jpg,56f870f312d41c614368ebbb5fa2e7109ed4b0439a17275aab20f9316f18857d
4252,hf_04252,cartoon,6,person,images/cartoon/hf_04252.jpg,a941935796344763ec7f8f482664713e94c93e2b28f833fb207cd666b4ff21a8
4253,hf_04253,cartoon,6,person,images/cartoon/hf_04253.jpg,a00c7b31095e0146de0c2d36d6a993d49e075f94bb1f435f473f51b29eac6e2c
4254,hf_04254,cartoon,6,person,images/cartoon/hf_04254.jpg,6f7a37c95ae2ad9c56aca8834e737aca9a1e63b19e60e1f08e5760f3735e4cdf
4255,hf_04255,cartoon,6,person,images/cartoon/hf_04255.jpg,c0e241513d789b8a26d3b5fb5d7103c7227197511b113544bc610d642dd0739c
4256,hf_04256,cartoon,6,person,images/cartoon/hf_04256.jpg,ed8604cf1c43dc49676581c2680ed6707a73f2d89a85d785be5c8d1ef09a9f02
4257,hf_04257,cartoon,6,person,images/cartoon/hf_04257.jpg,4f3cbc304d3d1a98d31d312d2691a0295c2954e9e4222ebda558e44bc4629eae
4258,hf_04258,cartoon,6,person,images/cartoon/hf_04258.jpg,f7c2d95cd1f70d97da2ec044795c627e8028b02050050184196a0826e22c11f6
4259,hf_04259,cartoon,6,person,images/cartoon/hf_04259.jpg,2ada4d25e67816e9a32a0c98ebe3f511e2a35f4d32d416e2369d202ccfa4f860
4260,hf_04260,cartoon,6,person,images/cartoon/hf_04260.jpg,98497337c3b2712bae0fc25a445f3b377f12507c02b947630827a72c469bac44
4261,hf_04261,cartoon,6,person,images/cartoon/hf_04261.jpg,4e7736e1bdefe5c12fcddf9ae4a91c7b7ba765e6524d514116bd4eeda66b6bb8
4262,hf_04262,cartoon,6,person,images/cartoon/hf_04262.jpg,73bf73f521f63fc0509da4e62613cc4ee1ba05a3ba6695a9b7bc49b57c13e9c9
4263,hf_04263,cartoon,6,person,images/cartoon/hf_04263.jpg,7ea857627d3cca46b7b663215d6181c24b5905a96dc8ce57776ebed23321f4d5
4264,hf_04264,cartoon,6,person,images/cartoon/hf_04264.jpg,2f82929b59f55a3931a5b39fbce679e36a9c7dfe89782aeb87f5dda602c716af
4265,hf_04265,cartoon,6,person,images/cartoon/hf_04265.jpg,1077f77b8283ab056c1ad8e8edf9edabe63f6b273c22abc7a3e0223fad3fe1ca
4266,hf_04266,cartoon,6,person,images/cartoon/hf_04266.jpg,bb43c21f833d56c1b936417c113c234611d5d179e2ed67470fb056be0d08b950
4267,hf_04267,cartoon,6,person,images/cartoon/hf_04267.jpg,df6abbbcedac39374d9ffaa6b70b3bad8cd5b1e3806f3d2006787d36f6be5966
4268,hf_04268,cartoon,6,person,images/cartoon/hf_04268.jpg,f82f3c389cb864bdb42eb48f2e9b761d675f5938edd0e547e15cd4fd22ce3e02
4269,hf_04269,cartoon,6,person,images/cartoon/hf_04269.jpg,de02f8c2009f8d32934a6feab528c6f7d4e13066a4bb61f602456008b33060b2
4270,hf_04270,cartoon,6,person,images/cartoon/hf_04270.jpg,bcada1ff19203feb32757f66c4d30eedf17176def5e04bf2862763e72a367afe
4271,hf_04271,cartoon,6,person,images/cartoon/hf_04271.jpg,5bcdebf76b122580454aa766b9cb43e8b2600d6e0868ff07813ec543beab16b1
4272,hf_04272,cartoon,6,person,images/cartoon/hf_04272.jpg,3661905ec52c2cb461bfc437e04b99ddf7901d975cebcff9f8667bf1c2ced265
4273,hf_04273,cartoon,6,person,images/cartoon/hf_04273.jpg,0b6daa705d6a7dff30c5269f3b04fe54f366a0540e310d5e70fe218581aa9874
4274,hf_04274,cartoon,6,person,images/cartoon/hf_04274.jpg,460a648953b719d4e0a9bf57a9fe6eb49d6c6fce9cbb7bf954d725eeb812031a
4275,hf_04275,cartoon,6,person,images/cartoon/hf_04275.jpg,16521a559b54cbb35872c81ed365a9b19e4de597511f71c7f3464516eb5460dc
4276,hf_04276,cartoon,6,person,images/cartoon/hf_04276.jpg,693130078f29d5340d26c779a9de03cd187cd60359a0a9384d6a43fd087e4fec
4277,hf_04277,cartoon,6,person,images/cartoon/hf_04277.jpg,18581dc1463be27654f5b5889a23eaa1ab653b3f33edb748f1a8cd41e3a35bc1
4278,hf_04278,cartoon,6,person,images/cartoon/hf_04278.jpg,77eafac37ba913d389c97f5c74e770e03e5f61b8d3e21f127d0e7832cf6de1ab
4279,hf_04279,cartoon,6,person,images/cartoon/hf_04279.jpg,862905605c28dfe796e99946f60f9a2d827451d4e703145f66fce5e665f47d30
4280,hf_04280,cartoon,6,person,images/cartoon/hf_04280.jpg,81453a6d93d2b3e9f3f2e593aa6f91626e372c4f21ec7002161ce77feb41f4fa
4281,hf_04281,cartoon,6,person,images/cartoon/hf_04281.jpg,e376fdbb59d453e3b34ce5cc2063c76b8d0c2e1d5d093682808773b25a56bbab
4282,hf_04282,cartoon,6,person,images/cartoon/hf_04282.jpg,4c928f4aea7a15b589acca25ffbc40cea6075af1ee84c83e7a5ac7c0947db68a
4283,hf_04283,cartoon,6,person,images/cartoon/hf_04283.jpg,3b9f32c21df585975aff07442c5775c1597d61317ca7b8c8a6a91a91d9e4dde5
4284,hf_04284,cartoon,6,person,images/cartoon/hf_04284.jpg,e95be45c19d58e301ecf06771c248268b7935f6fa387e8055ade25033a067f04
4285,hf_04285,cartoon,6,person,images/cartoon/hf_04285.jpg,ca88271a7f966f01d1363328a6ab0e27ac28191f702ed013da61079d7fbbbdfb
4286,hf_04286,cartoon,6,person,images/cartoon/hf_04286.jpg,69759e23ea226b4c824fe4e798cb0a7f3040ad6c404bd820016f073ab39b701d
4287,hf_04287,cartoon,6,person,images/cartoon/hf_04287.jpg,384f4f51159b8cde3a72d2ca9d357cc08d45e796a6b266b53fd69a77f9005285
4288,hf_04288,cartoon,6,person,images/cartoon/hf_04288.jpg,81d9a0419b123eb0f7867d74815c32a29c488fcd857b50b08d9c2eda32cd9870
4289,hf_04289,cartoon,6,person,images/cartoon/hf_04289.jpg,e4d163f9d6449a243d4ba6d1de097452d4dc06a7f46f412de21bcffb53dd94fe
4290,hf_04290,cartoon,6,person,images/cartoon/hf_04290.jpg,64ae8ea6a66e49102aacbe8e79861d939f196dfbb38ae0385e3086f673dff9d7
4291,hf_04291,cartoon,6,person,images/cartoon/hf_04291.jpg,b951f2b033fb4ec1ef5d350003ec78d72d9b4365a73cc3e134f0db80c771033d
4292,hf_04292,cartoon,6,person,images/cartoon/hf_04292.jpg,1099e1d31f2c4e510f1eda2deddbcf02a1857bb0f8302b13288c66428ea20d86
4293,hf_04293,cartoon,6,person,images/cartoon/hf_04293.jpg,27572e8e8e117dd470986a414ad31bbf899f6665501ffcce11b843b20af59165
4294,hf_04294,cartoon,6,person,images/cartoon/hf_04294.jpg,38cc60135d8d26912146f4df1cbf058b04712c0a15d07da430d3c508a12cbafa
4295,hf_04295,cartoon,6,person,images/cartoon/hf_04295.jpg,85442b8daf9e363b5a0c532732ef15a7d2e95dc76621d7ac8c7dff377dbfa928
4296,hf_04296,cartoon,6,person,images/cartoon/hf_04296.jpg,0b1e41cb8d15ea4b0fa326be1d93c5d95a5dd39d6b14594e62aa129d72bb452d
4297,hf_04297,cartoon,6,person,images/cartoon/hf_04297.jpg,7fd3bd17213725f5e1592c0124fbba35e02cfe0b0f7b111492cedba34bb5d4d1
4298,hf_04298,cartoon,6,person,images/cartoon/hf_04298.jpg,9e751d8d5a141c064676014fe06d7f7a6c1997477e678bf500f43175538d50db
4299,hf_04299,cartoon,6,person,images/cartoon/hf_04299.jpg,64e086262d5ed1082a435335cdef214b580123307e35d273e9fdc1ce3eb9b710
4300,hf_04300,cartoon,6,person,images/cartoon/hf_04300.jpg,53395276660efab94f66cb04d0c0a3f0f1c7e9cd26d17d1f3ddd8e48f6ff8269
4301,hf_04301,cartoon,6,person,images/cartoon/hf_04301.jpg,8b040ba22a53b23d728b7e5ed755120e9df8f09bec0aff41b6d4c7cd8809272a
4302,hf_04302,cartoon,6,person,images/cartoon/hf_04302.jpg,ee0d448bb57ee225e9ae405351f501324787c9ae5e4567355bd6ce9004b4f491
4303,hf_04303,cartoon,6,person,images/cartoon/hf_04303.jpg,cd8a36f5f9367abd6b5dd0f85b82889bcb8eb55962801e659e9e17a6a8ee0024
4304,hf_04304,cartoon,6,person,images/cartoon/hf_04304.jpg,636362b326e2c3ff7f15a141fefe33034b84c127d166086dd84a4638fa48fc02
4305,hf_04305,cartoon,6,person,images/cartoon/hf_04305.jpg,0288fff911858cc8e85f0dc685f113e3055c145d6e4ebfc56d39a9c0899c2b88
4306,hf_04306,cartoon,6,person,images/cartoon/hf_04306.jpg,c730e525dd4b38032bf65d1e23d4c8720598d8e4e8032f46b3ab4d4099b931fd
4307,hf_04307,cartoon,6,person,images/cartoon/hf_04307.jpg,8da2b385b0b345f1561e7c35013aa7adba800c54f9004ce972ec58f8672cf38a
4308,hf_04308,cartoon,6,person,images/cartoon/hf_04308.jpg,4bc716442034bef67ab27c9871663ea7b930d2d0ea4a9d1a2a5c94b646632992
4309,hf_04309,cartoon,6,person,images/cartoon/hf_04309.jpg,18c71310d682b00045ee0cd9537caeeb877e8ed1dfa00399a57786b61afd4283
4310,hf_04310,cartoon,6,person,images/cartoon/hf_04310.jpg,378971c653cac70887122af24d282f3449b4fa3639f9a5b0c815de39e9ffa6fc
4311,hf_04311,cartoon,6,person,images/cartoon/hf_04311.jpg,0fa6fa52cf7dd3500b9300be5c98d3607809246ab4193546e9df636981b77c9a
4312,hf_04312,cartoon,6,person,images/cartoon/hf_04312.jpg,56e6cb83bcd9fdb32867e94062e05faef37a14337fa1b403822b694f35d36f2a
4313,hf_04313,cartoon,6,person,images/cartoon/hf_04313.jpg,cb0111c7f9eb7f117b78dd4196eb9c9b858af91c4d5db9747d998333ff639987
4314,hf_04314,cartoon,6,person,images/cartoon/hf_04314.jpg,d2f6d4d5d337723685d4eff9f08e40c0f0799e3a9959df3e1b1a3131b3371e6a
4315,hf_04315,cartoon,6,person,images/cartoon/hf_04315.jpg,24949a28531467090a336e3d2866a5ea5bb16f01b164fcdadf01525b1e1b0f66
4316,hf_04316,cartoon,6,person,images/cartoon/hf_04316.jpg,14a46a6766763d7dcae4c7e65cb9b808c198eb46bf7c2dcb78cca37070c71695
4317,hf_04317,cartoon,6,person,images/cartoon/hf_04317.jpg,a52d2c152a6c37bcb95e69806f8425f2f78c48588e0d4b1bd519b8a007ce7925
4318,hf_04318,cartoon,6,person,images/cartoon/hf_04318.jpg,44c0a5a0a4528848f2d55e6b41ec41cdb56a0bace68f364826f2997d1ef3ec7e
4319,hf_04319,cartoon,6,person,images/cartoon/hf_04319.jpg,4c6587d0d0dc5608f3e554901049b5656eb5008a4f43bf69975872fb684cdd9c
4320,hf_04320,cartoon,6,person,images/cartoon/hf_04320.jpg,d5cc9f44f8a5c4e40bb57ae19c782719da9eaf736c07751f8b44fba3893928f9
4321,hf_04321,cartoon,6,person,images/cartoon/hf_04321.jpg,73f9451716b83caacbd0c3829504ebc4eac53a5d6a1691a6c0f2d0375e3ab265
4322,hf_04322,cartoon,6,person,images/cartoon/hf_04322.jpg,1f61bf24fc8cae22b605ae5ba4f3990915d604bb1f26474b4e559c2db78ff967
4323,hf_04323,cartoon,6,person,images/cartoon/hf_04323.jpg,32ab58994a70c9ea2365b27b52ca9740054df01140575e4f9ff9943692453c74
4324,hf_04324,cartoon,6,person,images/cartoon/hf_04324.jpg,02de230e90d8b7990a315d32588f4c5f2c1bfb1e941d8935dff5f7472c505ac3
4325,hf_04325,cartoon,6,person,images/cartoon/hf_04325.jpg,f86920fb73144366c548afe56a3912343a68050f15abd210d80659f66147a808
4326,hf_04326,cartoon,6,person,images/cartoon/hf_04326.jpg,f9cbe018f7aa32cf7cb8f26ce715d5305789d9cc03e974ff99d9919f8b0c6a68
4327,hf_04327,cartoon,6,person,images/cartoon/hf_04327.jpg,55f83f3aebdda122575ea958de2b93f3a27c2d06b1fcda89bac3480cbb2dc7eb
4328,hf_04328,cartoon,6,person,images/cartoon/hf_04328.jpg,67d394a69f76755e75ca68837fab23f1a8ad4c8395545602f365147e82591ddb
4329,hf_04329,cartoon,6,person,images/cartoon/hf_04329.jpg,705d7eb8e8fee6119d98a399af04e52ddc7d6bfc6160d5d15c6399b8c9bba040
4330,hf_04330,cartoon,6,person,images/cartoon/hf_04330.jpg,b30fee926244957b37b80f6e56451d1d074dcd3d8f1571437d78cfc156bc8c5d
4331,hf_04331,cartoon,6,person,images/cartoon/hf_04331.jpg,35db85f8b3dd2a2e4bf09cd1200062611eb84f08673953e61ac3efcb7c584887
4332,hf_04332,cartoon,6,person,images/cartoon/hf_04332.jpg,3b950ba44e08e51be0cf006742e9d6e705121bfb296c2864e63bf22c80a5940e
4333,hf_04333,cartoon,6,person,images/cartoon/hf_04333.jpg,6e818380125fd0eb20fc9599225a312208a74039852672427171bb2ca8070102
4334,hf_04334,cartoon,6,person,images/cartoon/hf_04334.jpg,e7cb1fcbe45d0966cc715e25fa147565d772d5e87096d8fb6d244f5173188f0f
4335,hf_04335,cartoon,6,person,images/cartoon/hf_04335.jpg,8653fc80fd00a2102dd4a4f8a7c222f52e6242baccb3d91c76d21491b5550044
4336,hf_04336,cartoon,6,person,images/cartoon/hf_04336.jpg,11183caa2fd3e7450a0db74417568fe34e2518f776431df56d30081385763d8f
4337,hf_04337,cartoon,6,person,images/cartoon/hf_04337.jpg,7703fac777c9f1e410dfd8155078c745dc9b6edeb65717b3889fae46cc22a439
4338,hf_04338,cartoon,6,person,images/cartoon/hf_04338.jpg,b82f30bc8c9bceb22495ade1bec685d37f586d43a9b7cae4e9cca0b949e90fa0
4339,hf_04339,cartoon,6,person,images/cartoon/hf_04339.jpg,a1f10688560c1472ede95a1782c6d0727bd45a03a3af9dbad8d572c0a38f80eb
4340,hf_04340,cartoon,6,person,images/cartoon/hf_04340.jpg,24b383ceac9a7c27d68b7015f03687940a1cccfe09bfd97053540c9a78109a0b
4341,hf_04341,cartoon,6,person,images/cartoon/hf_04341.jpg,6ce1d631b078f0fd6735cd41e681d340031a09879875b50b0da497001457d26f
4342,hf_04342,cartoon,6,person,images/cartoon/hf_04342.jpg,d797f727365b264a193f61d859f1a9a9e87f9be15473f427af4faa69419a68ed
4343,hf_04343,cartoon,6,person,images/cartoon/hf_04343.jpg,c9d7792c981fdb2c291dfaa7c7d8aa6a0a8e4e4d4674d3a9d30d05c03c64a484
4344,hf_04344,cartoon,6,person,images/cartoon/hf_04344.jpg,16992f468429b3bf68c69dc1ce4a3ce8e5a052534f5d8ce50a003ffeb7ee1091
4345,hf_04345,cartoon,6,person,images/cartoon/hf_04345.jpg,75483f21c4cf92011241d12efe29de867a40c1f2bf18091597a700bfa2f0001d
4346,hf_04346,cartoon,6,person,images/cartoon/hf_04346.jpg,4cc8481c46f0140e6ef8621f0f209ce579ec121f95dcbe3f5f905338d11c6cac
4347,hf_04347,cartoon,6,person,images/cartoon/hf_04347.jpg,b38ced0e9c5874285c6083853fe3f546e587beb57285aefab3c20e672ad5f28e
4348,hf_04348,cartoon,6,person,images/cartoon/hf_04348.jpg,bc49f6c96ab63c8c684a947af972b643cb7534d2f263abc49854c4d8e9d96086
4349,hf_04349,cartoon,6,person,images/cartoon/hf_04349.jpg,4da6c20dc4526584e73e2bfef6e138aba443a86e5e511ea22e0d4727513b3cbb
4350,hf_04350,cartoon,6,person,images/cartoon/hf_04350.jpg,40e3dc8ee54042fc3624c43c802eb5e76bdc8a5ea7de0de2fa8c02c9824912b8
4351,hf_04351,cartoon,6,person,images/cartoon/hf_04351.jpg,b1dad747adc318186e1aa6d97a0615d0ca8f87f0419ace19abe0b4df55bc8d45
4352,hf_04352,cartoon,6,person,images/cartoon/hf_04352.jpg,e8b69b71f95efd38670e56ef0595f4473d2cadfc4e81a233e0a630ee680b0c4a
4353,hf_04353,cartoon,6,person,images/cartoon/hf_04353.jpg,c753e17456623a91aaf38005995da3636134fb3db1d0ab0a3e3ed72234e71597
4354,hf_04354,cartoon,6,person,images/cartoon/hf_04354.jpg,da5392f59be912370b8a16243abf5898cdbbb21ae87d0a86b141862630479ebc
4355,hf_04355,cartoon,6,person,images/cartoon/hf_04355.jpg,714f6b2ee93a6a0f032832851628e7a899226870eff9ee6448b34296766db715
4356,hf_04356,cartoon,6,person,images/cartoon/hf_04356.jpg,5b56e21946221fbc0e1f638b64a414348eded934e03f7cff7f819f95445a1eb7
4357,hf_04357,cartoon,6,person,images/cartoon/hf_04357.jpg,57e67c89037617ca06cd5afbaff9a06230395226fb8af9d95278926a495ecd3a
4358,hf_04358,cartoon,6,person,images/cartoon/hf_04358.jpg,693f65fd51fe752a9b2e1608c37d268180ec78bdddf078aa147ca8c0051d0964
4359,hf_04359,cartoon,6,person,images/cartoon/hf_04359.jpg,2a476364128c5c7adb3edfba6fa61e2a2a5b446ff52f133dc10b86232d67836c
4360,hf_04360,cartoon,6,person,images/cartoon/hf_04360.jpg,04c8fc8583a9d32e6753fbce81b85d7be338d802d45f1a461fc3040c9ac7842a
4361,hf_04361,cartoon,6,person,images/cartoon/hf_04361.jpg,2007b632ededb5532e2f471f2d2410a03821cfa9416f12de8d8d7ca08246f616
4362,hf_04362,cartoon,6,person,images/cartoon/hf_04362.jpg,1f00fe4b325e31b0f04a07fff6b7717e3c7d5c2365c895e07963599202189679
4363,hf_04363,cartoon,6,person,images/cartoon/hf_04363.jpg,810468334056ee07085fab9268fda546de60facb49a66414f4f9162c1c99d7e0
4364,hf_04364,cartoon,6,person,images/cartoon/hf_04364.jpg,12c62ef1d59ffec8fb5e2cb516db0edcb7310d3c6c693c98262f8110e749903b
4365,hf_04365,cartoon,6,person,images/cartoon/hf_04365.jpg,2c5b893bfa32c6b92bb3d3c78b18e09c8d5f1a27a9bb9380c13e1b1aae93f94f
4366,hf_04366,cartoon,6,person,images/cartoon/hf_04366.jpg,8f62d884c84daf1908b0208d7fa3298d0078ac9e26da0c7d39763db64ca45b67
4367,hf_04367,cartoon,6,person,images/cartoon/hf_04367.jpg,68d266120100a322f875abe643f58f27cec41d638fabef728731253051fcede3
4368,hf_04368,cartoon,6,person,images/cartoon/hf_04368.jpg,212587e505e5e491fb337bdd69518305042e8f9c0a231070b7f65d2d7671327f
4369,hf_04369,cartoon,6,person,images/cartoon/hf_04369.jpg,ebd65c6f21c9894d3305ed006b96d08f8bdc55a77f1cd782c98af1a1fbc6b2b7
4370,hf_04370,cartoon,6,person,images/cartoon/hf_04370.jpg,3a8b9d3668ad103d018e37847ec4f95e9851dd47b55aa0299d10da0f00ed2bad
4371,hf_04371,cartoon,6,person,images/cartoon/hf_04371.jpg,7afc16316ffb5ac4e1c0b037aabf9d0236459c2487495ee42475ba848f056a23
4372,hf_04372,cartoon,6,person,images/cartoon/hf_04372.jpg,57b97e9a8e3c1d1ac37e5c428fcf9abd570a330840e967df49d6cc898a2d71a0
4373,hf_04373,cartoon,6,person,images/cartoon/hf_04373.jpg,54ceae39c795b1d58f148ad14481b350a11a4b69f756fd5f63958f25b66f39ab
4374,hf_04374,cartoon,6,person,images/cartoon/hf_04374.jpg,97408cd77d3ffb4c67967ea55bdb933a06f8ecc04206a949fd42ee687928bbeb
4375,hf_04375,cartoon,6,person,images/cartoon/hf_04375.jpg,7793f645bb5792ac39a52aa57e8a8f7cd87b7a17f774d24d538ddfcedca91d62
4376,hf_04376,cartoon,6,person,images/cartoon/hf_04376.jpg,78aa05824030fec3dfaf8ca6f73bf1f12e5dccad4b800a59277be945e3c72f0a
4377,hf_04377,cartoon,6,person,images/cartoon/hf_04377.jpg,24fe35cecb9c7fd9f66bd1cfb8f8644f633ab2a51a6f00c08bd5d6045a04b309
4378,hf_04378,cartoon,6,person,images/cartoon/hf_04378.jpg,7a3f69336b4b79ccb18011c4eda106dfef2462a134eb76270d90aaa9712d7f00
4379,hf_04379,cartoon,6,person,images/cartoon/hf_04379.jpg,8c676e231e3d4baf7c8037c01643ac3e9006f142386c5102804b3fc824916bb7
4380,hf_04380,cartoon,6,person,images/cartoon/hf_04380.jpg,77143c85cec4f64675dd031fab23bb61e61b54beea760c702f48176955ce8239
4381,hf_04381,cartoon,6,person,images/cartoon/hf_04381.jpg,9359349d86a2ee3f0335a846c7eb19f8f4b973831a4300ddbd9bae49a3ed061a
4382,hf_04382,cartoon,6,person,images/cartoon/hf_04382.jpg,d5ecd205737a47036b89dc245e856649390c465100ce2cdb69389701dcc42ea4
4383,hf_04383,cartoon,6,person,images/cartoon/hf_04383.jpg,5ec91256eeb83401a1d260421ca474d455f8cc3cdce10d3ef2e25497a4d06fc8
4384,hf_04384,cartoon,6,person,images/cartoon/hf_04384.jpg,12c6e67ceb6a6e5ceadfe4a6f8d51764f8d9b6c2a1e7ec26dee6ab1d0bbb544c
4385,hf_04385,cartoon,6,person,images/cartoon/hf_04385.jpg,6f215d0a05619c2ee9495766c13b2155e3abe5178d1bffbab27099886bb7ecc8
4386,hf_04386,cartoon,6,person,images/cartoon/hf_04386.jpg,a9733b55df3f3ca5fb859d0f6e8ca9e90d5fd740c35144eefca5da9ee3829fc2
4387,hf_04387,cartoon,6,person,images/cartoon/hf_04387.jpg,6a1a6391e0c83748a32c56e6a8c4105a99f97235e6a2830d5eb60d47011d50a4
4388,hf_04388,cartoon,6,person,images/cartoon/hf_04388.jpg,5deeb3a5fb9dde3658701b2f0c513becf909337fe3bb416669ba82c8c894ca5e
4389,hf_04389,cartoon,6,person,images/cartoon/hf_04389.jpg,fbd4bfcf5bd58675d4e54054bc16a6fd25f6587990e7420cf5698e3519b6d24b
4390,hf_04390,cartoon,6,person,images/cartoon/hf_04390.jpg,cadfbc464634f783a2f135d4924ee1faba907b6cc1ae338d7c452426d906e7f8
4391,hf_04391,cartoon,6,person,images/cartoon/hf_04391.jpg,d42fee6a5c0e65bcd242c851e4ddce5be2a45b2b21d698db90b64459108cba8a
4392,hf_04392,photo,0,dog,images/photo/hf_04392.jpg,ff6f4c80d7232314295d86ea3f974d7e995555bb8d88f862b8f1b4e6b82068a7
4393,hf_04393,photo,0,dog,images/photo/hf_04393.jpg,e3210ac7824b1116bb0df6ca88c4cf3fa7602b00d09e80e06b3112eeed81a719
4394,hf_04394,photo,0,dog,images/photo/hf_04394.jpg,2ed80be9405a75875ca9c2e331273571c0f7f4ab9b2431ce2f7e0e556c46824c
4395,hf_04395,photo,0,dog,images/photo/hf_04395.jpg,945ff8fcb0f651bc950b459ed9f10c1c6d364ee07c8b05d0283a2920efb757ea
4396,hf_04396,photo,0,dog,images/photo/hf_04396.jpg,d158ca870288361878bd9fa5e6fdf636814de86a9da5d2deebbc1db940c75815
4397,hf_04397,photo,0,dog,images/photo/hf_04397.jpg,94d093baddd55a9590d2d6307b1d7ef4d70245935f4ab05086b53acda0fb9f86
4398,hf_04398,photo,0,dog,images/photo/hf_04398.jpg,67f9b326b089e96f7c5311033941c61c7ccdcb00744beefdf8355f84a5d05ad8
4399,hf_04399,photo,0,dog,images/photo/hf_04399.jpg,d8d702ef3a3c10f7d78ba17bb3b52ad072987f1f8e79402ee130d92d188628c9
4400,hf_04400,photo,0,dog,images/photo/hf_04400.jpg,eb208aba4f8142d17735567882e3a8226ebdef8810001000e98c75bf2b8be71b
4401,hf_04401,photo,0,dog,images/photo/hf_04401.jpg,2d43a40e8f9fe03005435d867891e0b7c7c2461f6db1f9ee4a4780e4b8dfb149
4402,hf_04402,photo,0,dog,images/photo/hf_04402.jpg,be6efdb75d5988b63275090251eb33ed53aa8ae126474cdfa85eaf427f7e3489
4403,hf_04403,photo,0,dog,images/photo/hf_04403.jpg,0912fed58b236776358bb5c6c6b9ca7f4ffe61b8b7dcb57ed603329d0c625313
4404,hf_04404,photo,0,dog,images/photo/hf_04404.jpg,1a86ead695d231cd3d7da41424afd1e5c41c3dfb929298e747b075fa6bd6a3b4
4405,hf_04405,photo,0,dog,images/photo/hf_04405.jpg,b5f5303a71d6f93be1b280016090ac2a7ee16714925e59cea2fe83977099ed3a
4406,hf_04406,photo,0,dog,images/photo/hf_04406.jpg,58aefdc068678fda3154ff94c645e51a372efc88624baf651211e381f47cc39f
4407,hf_04407,photo,0,dog,images/photo/hf_04407.jpg,ca206c1a5ae84d2e402243c2d37adc084ce90a2b0204d7f0ae90522d66979431
4408,hf_04408,photo,0,dog,images/photo/hf_04408.jpg,575f64c176cfb57d1f1074ebca93bb0923d9d74d8e4191973298681076e538e0
4409,hf_04409,photo,0,dog,images/photo/hf_04409.jpg,41b870f1e0e1a974b5e2de1bd8861536f6c2a509c5929553fe924ab798ac7804
4410,hf_04410,photo,0,dog,images/photo/hf_04410.jpg,736fa68d3841bffb6e287cd7e7cdc489251ce9523d2d832c8f1257ac35a492b2
4411,hf_04411,photo,0,dog,images/photo/hf_04411.jpg,7039e49399a1cbf0ef1a406d4e098633f6e8931bf781d0018d79dc2cf98d0ac1
4412,hf_04412,photo,0,dog,images/photo/hf_04412.jpg,7c0837d66fc2ae534afd74d127aa75868aa5ef7b3a3cac7610212656c4f8b882
4413,hf_04413,photo,0,dog,images/photo/hf_04413.jpg,cb6f8d0cdb012d3b3b3b92b4a88a9272a5d20e1db071c342d8d4a5fec1e5b281
4414,hf_04414,photo,0,dog,images/photo/hf_04414.jpg,3d2954d9f229a08e833e2a676756dfa0b1612b23e5c5f836f8dda0eeecced11e
4415,hf_04415,photo,0,dog,images/photo/hf_04415.jpg,6878b9c9171bfdf07c703d7251e4f55cb1888c8b2ea67428fb399b34936fd7f7
4416,hf_04416,photo,0,dog,images/photo/hf_04416.jpg,7c9edfce9ec6c3cb8b5484808a2dd5163f7c0c258f47d312f58a11479f334553
4417,hf_04417,photo,0,dog,images/photo/hf_04417.jpg,899752aa499fa600aece2d28c8be032ee7a1d0e844b385437b1c7e829e99cbcb
4418,hf_04418,photo,0,dog,images/photo/hf_04418.jpg,babfefbda16be134d2af33e9e384638ac014213b11a833e6bba3d6781599a066
4419,hf_04419,photo,0,dog,images/photo/hf_04419.jpg,86c4feee5c7d0bd3e34ed9f4138abb50d55ae6429cc11d360a60fd7fa9443452
4420,hf_04420,photo,0,dog,images/photo/hf_04420.jpg,0b08e40aab3b162986ea99c6d4b8e4c5d9961ccc3a697645b0e3e964d3a4d19d
4421,hf_04421,photo,0,dog,images/photo/hf_04421.jpg,61a8ddb817208ac6fb4e71744066110938d62df343522cabc17cfa15435f06bd
4422,hf_04422,photo,0,dog,images/photo/hf_04422.jpg,e7b978e9505702dbe0f69aca2021fa845413206ac58b0e12a0df4d89c60543b7
4423,hf_04423,photo,0,dog,images/photo/hf_04423.jpg,d49ffd976c6b1de714e56c910daf4d39b6a8b99da88b97987e56e9ba2e44da9d
4424,hf_04424,photo,0,dog,images/photo/hf_04424.jpg,7b20d436648d0e73a09954d1263379c7e3eee6738eb97269d45b422ae10eaa80
4425,hf_04425,photo,0,dog,images/photo/hf_04425.jpg,4918fe7725cadb18e6797133b2e7e573bcb8a9ab96fe85e7a5caa433e9ccee6a
4426,hf_04426,photo,0,dog,images/photo/hf_04426.jpg,13f872a0090fc89594cb9e8d0281f37a82b96e9591c1aa8b39e275c6b28f9538
4427,hf_04427,photo,0,dog,images/photo/hf_04427.jpg,ed6ccfd6fa143ec0de0201bc08b094c710060d6f2bc31a487018ed1f4331cb97
4428,hf_04428,photo,0,dog,images/photo/hf_04428.jpg,48cd1e62ec9617086fe974c94aa2bab8d6c0d610a6f5daa9ac50b003eed0e751
4429,hf_04429,photo,0,dog,images/photo/hf_04429.jpg,d452a421fe5453da164329dd913ada171749f031054e54e63d2e0ca7158e1c1f
4430,hf_04430,photo,0,dog,images/photo/hf_04430.jpg,dd7052d90a6132733b615f206f79bb8351d4eae13856baa6990efbef4c0d4bed
4431,hf_04431,photo,0,dog,images/photo/hf_04431.jpg,cf26b0c8d3bba840e5302adc2e5d589ebc1d941e011ef6417402fd9fd57edfe5
4432,hf_04432,photo,0,dog,images/photo/hf_04432.jpg,c86c420722b43bc56a912d8030e1de56b55b62d2e2efb95f07167a32cda50d01
4433,hf_04433,photo,0,dog,images/photo/hf_04433.jpg,23b8547ebb9fdd79f1067771a6c032bc023c4f2a91baab2833507bfef215cafa
4434,hf_04434,photo,0,dog,images/photo/hf_04434.jpg,f335f2ab656bee5ae59ea03ef57327c14a5a3e7661f614aaf83c81fdc774e843
4435,hf_04435,photo,0,dog,images/photo/hf_04435.jpg,073a2e9f3572ed1b59463d05fbaeac74ea0d1d40a67eddeb8c92f5171b08f71c
4436,hf_04436,photo,0,dog,images/photo/hf_04436.jpg,187ae180d70c57e13038dec46536d30020179221ceb34d39edeee0f54a8fcfc4
4437,hf_04437,photo,0,dog,images/photo/hf_04437.jpg,26c0fd0bb0dfda2b630cc0f04c8461b54bf50891990a6374348a4f32ee212423
4438,hf_04438,photo,0,dog,images/photo/hf_04438.jpg,7ef0f0c9d422f3638392df13a3eebb56d726cc39d57319f6eb7eaf6b313a9b71
4439,hf_04439,photo,0,dog,images/photo/hf_04439.jpg,144487a45350d1327a3b9b8d37ab1977ec59fc54cbfc8923098283c523360161
4440,hf_04440,photo,0,dog,images/photo/hf_04440.jpg,b4ba91dcae8a0bb927d112311f6308f1bbe6fa006ad08001096f0623820f69c4
4441,hf_04441,photo,0,dog,images/photo/hf_04441.jpg,33a05c6712a190d0932de22dd0a1993b4e5a2c91d9b54a0835951b58a97a1174
4442,hf_04442,photo,0,dog,images/photo/hf_04442.jpg,96b35febf3968fb9de4dbea62783272e3ed0e4f7cbc1c9d6230a2b8b1555b49c
4443,hf_04443,photo,0,dog,images/photo/hf_04443.jpg,149ccb0812ca03709edb1e40cf5702d926e9b8334474e6152582c6a9f49b60d9
4444,hf_04444,photo,0,dog,images/photo/hf_04444.jpg,813d224861c392887e30464900e9ff653c34b69b2c74d34ccda428f5abb8747e
4445,hf_04445,photo,0,dog,images/photo/hf_04445.jpg,c5bf531a11078a1cb390ca9c963ce21f12d39c642cf93648e2d56b545b8766d1
4446,hf_04446,photo,0,dog,images/photo/hf_04446.jpg,14dd3dce91ad60d33c8a1445712bac3f15cdbfbffa15f6fc61b01c9e71b10ceb
4447,hf_04447,photo,0,dog,images/photo/hf_04447.jpg,b6db77a0798d4e3b9aa4ea7e9155d37bdb109f8cd73055be608f55a86ea199ce
4448,hf_04448,photo,0,dog,images/photo/hf_04448.jpg,0fd6b5f861627b17349de4e533ba6e94d4edf1675920e8ae826c84327ad66023
4449,hf_04449,photo,0,dog,images/photo/hf_04449.jpg,4883faec54ab3c58d395a83f5158fafc8c1d4188e8c570d7dff35562554c2be8
4450,hf_04450,photo,0,dog,images/photo/hf_04450.jpg,7db3e3e26ea6bc1e5686169b0e0b5e9ce9bcc00f8435385c05cf2b4e0590da30
4451,hf_04451,photo,0,dog,images/photo/hf_04451.jpg,4eb69780138cd3fbefef1e34380928e248bb6bd6b94056f73d3039e81f6c08d7
4452,hf_04452,photo,0,dog,images/photo/hf_04452.jpg,634899bf882295861961fe5ae3b163fda04018e511ad48c8136d2bfd12ea4734
4453,hf_04453,photo,0,dog,images/photo/hf_04453.jpg,26dc153a2a3b7af83bdc8275bb2db0271b9156c391505e142979bd74ade43636
4454,hf_04454,photo,0,dog,images/photo/hf_04454.jpg,7713d4ce8f7285780d38e80866edd9d737487396f03dd55356c9791c4e32e934
4455,hf_04455,photo,0,dog,images/photo/hf_04455.jpg,4aabc832759460e81c71c2d87bbbb0e351f950f7e8133644612edef9d05311dc
4456,hf_04456,photo,0,dog,images/photo/hf_04456.jpg,1a5dc3a645a22786e7b717aefb4b39590466afa5121da8763b7e04a7ea054044
4457,hf_04457,photo,0,dog,images/photo/hf_04457.jpg,655c78594d86a46c4b5abf22f586a0743f672dc16970f02ac9a60241fe88254b
4458,hf_04458,photo,0,dog,images/photo/hf_04458.jpg,fe3cefc08d2eb920b547a770503d4191fc7f462bd9b996820abb7840086189e9
4459,hf_04459,photo,0,dog,images/photo/hf_04459.jpg,6ffcd2dcec653e96050500ae3b062329d91ce680a245147b5eb4f9e94a659cb7
4460,hf_04460,photo,0,dog,images/photo/hf_04460.jpg,f849c2eeead0cc1a75448d126760886bd8e425379d4f4eb83e76034cab809506
4461,hf_04461,photo,0,dog,images/photo/hf_04461.jpg,61cd543624ba823163e47efc8ae2b91c5ab3b351080f9bfea91d52b28cdd82c1
4462,hf_04462,photo,0,dog,images/photo/hf_04462.jpg,06373f8c3b7a538772c1f98752705bdfc856be7e5f2d9bb629fb1d9c2e08a746
4463,hf_04463,photo,0,dog,images/photo/hf_04463.jpg,2291b2c88ccff04ccb6eff1a015fb99bb0180616d556ddfbc7227174f841b8ba
4464,hf_04464,photo,0,dog,images/photo/hf_04464.jpg,62d77cb4890f6787cc02509f8743b02745fd8dbec1738045447d31c390844b4b
4465,hf_04465,photo,0,dog,images/photo/hf_04465.jpg,7250e437147e9da5ada0d5bfc1cc17b36b03718e5b0b284522995a801c6aa57b
4466,hf_04466,photo,0,dog,images/photo/hf_04466.jpg,f1c8848fa1de2df552b7ecd06a024aaf5b305f7c077dabc2a4d2312ddd94ee7a
4467,hf_04467,photo,0,dog,images/photo/hf_04467.jpg,24bbdcf1496b48f57090949da949427fb7a06199a7057756fa905369f9c7cee9
4468,hf_04468,photo,0,dog,images/photo/hf_04468.jpg,ee8df517c72be63ef176b35af78ad1b3dd8bed8d0474871bd84d60f73e627e88
4469,hf_04469,photo,0,dog,images/photo/hf_04469.jpg,d127007f25c819e2c37776dac01b8108c6a28a46f2a8e982b056a55ad55ec87b
4470,hf_04470,photo,0,dog,images/photo/hf_04470.jpg,622c3d3099f64f3439fd843e2bcefededc6fa634c39a5d5948d7a719e3afdcfb
4471,hf_04471,photo,0,dog,images/photo/hf_04471.jpg,dc8557dca19778c74c479778daa2990ef55ecce5049dcc5931edb430fd397476
4472,hf_04472,photo,0,dog,images/photo/hf_04472.jpg,abdcc884ae0887543859733bdac6139d523cf514c1aa0155eefe5218f7fdfe2e
4473,hf_04473,photo,0,dog,images/photo/hf_04473.jpg,4bf98238bd6a86c8a4eb5c4b11ff05b2a1403c0268c09609f9fdf7dca265367a
4474,hf_04474,photo,0,dog,images/photo/hf_04474.jpg,b1155abe481c2a054b0d5e3bf3eb3793073836c6b7bc5a73091a7f9225a241f8
4475,hf_04475,photo,0,dog,images/photo/hf_04475.jpg,c09730116942f6f2169fb729fdb02ea83b4c9bfefb5ca4e9bd160158f0699492
4476,hf_04476,photo,0,dog,images/photo/hf_04476.jpg,5895af6832667951ba5a977550be673c3f5f9ea2f7cf5ff4c4d9ec092aa4df5b
4477,hf_04477,photo,0,dog,images/photo/hf_04477.jpg,e94e02723effa63732f61d757214d54065b2e2c030d5f620dcc76638fb5b15ed
4478,hf_04478,photo,0,dog,images/photo/hf_04478.jpg,01f97f8093842e5b221f0b14721b75f0b963b2982ae42d44c3e0cfcc3d822e4b
4479,hf_04479,photo,0,dog,images/photo/hf_04479.jpg,77e64e4595a4b57e1de7b04eddf157ecee39e44a267755b5e092824f9021b266
4480,hf_04480,photo,0,dog,images/photo/hf_04480.jpg,6e79a8c079316f3a110e0c5ecc7d8f1b7db959d6f07371e343fbb210e27868da
4481,hf_04481,photo,0,dog,images/photo/hf_04481.jpg,1ae05c86bff896b0bba016187a3c8f92a16b7971e4abf8cfae77eccd462056ab
4482,hf_04482,photo,0,dog,images/photo/hf_04482.jpg,7bdb6368e0d7f51554824848141e2bb51a0357c3cd00fdaa7d4027e9e8911f64
4483,hf_04483,photo,0,dog,images/photo/hf_04483.jpg,805b4f08400c48b0805cc947190628835ba8195d7e98ab8ae07da0beb678d0e4
4484,hf_04484,photo,0,dog,images/photo/hf_04484.jpg,74a881581ba762a73cf9e3dfed6dabcf9e09b37e86146045189ae7c725664851
4485,hf_04485,photo,0,dog,images/photo/hf_04485.jpg,4fcf1c9c8c906f9283448e81dd73988826f5b0c5b3b1694a52114f0e2413e95a
4486,hf_04486,photo,0,dog,images/photo/hf_04486.jpg,0dbcd539b039346171374b6f5584a6bbb563f919aeb5187d85a61076a3ec6cd6
4487,hf_04487,photo,0,dog,images/photo/hf_04487.jpg,501dc0f6ef94abe9aa4ddf37bf4caf5d1e69cdc0a9735e3e7b919bd7f2e2c44e
4488,hf_04488,photo,0,dog,images/photo/hf_04488.jpg,8291a27bcd4fd11f5cd1d94b07dce091dc092206353d52d18858d4ec42b7fdcc
4489,hf_04489,photo,0,dog,images/photo/hf_04489.jpg,00fdd2687cf79fe036af3efd5b9d84bc2abac8ee915640e658ba575625b11664
4490,hf_04490,photo,0,dog,images/photo/hf_04490.jpg,c64bbba867398008f0a91d44fde0c8452729715c0d005473672e6df4a6e64626
4491,hf_04491,photo,0,dog,images/photo/hf_04491.jpg,333b85f31b93c1b36b41adce18d11b9a8db778a40901775df93bce9fcc629e94
4492,hf_04492,photo,0,dog,images/photo/hf_04492.jpg,75e61930f746b90c24474b482737ef6f530c37fd1a1b1527bce54af66a6b7ba8
4493,hf_04493,photo,0,dog,images/photo/hf_04493.jpg,602dd4eca35017d5308e0966b636c9d3bdaaa61595fc5ca1afc701d9530614b2
4494,hf_04494,photo,0,dog,images/photo/hf_04494.jpg,e568cc83d45c01be35504f0c6ddc411bef292455c1c2c773a2227fc2e9d48a89
4495,hf_04495,photo,0,dog,images/photo/hf_04495.jpg,0ef377250f63e253a2d8569f43535e2d2e79002451c9aad72f9bc6f6eb794b48
4496,hf_04496,photo,0,dog,images/photo/hf_04496.jpg,0080718885ae0993baa5e1f47765652bb84743f225e242af26a714361d0d3e14
4497,hf_04497,photo,0,dog,images/photo/hf_04497.jpg,a9b985827f578c0c98cfa00c9e602074d6a13969c8a89c1a113cc7ece01d8595
4498,hf_04498,photo,0,dog,images/photo/hf_04498.jpg,986c9044f823d28c0840e8393c4e205146ce411e88f9e1cdc5788c4aead94345
4499,hf_04499,photo,0,dog,images/photo/hf_04499.jpg,07ec43580571f982bd1694d960a9a98200ceea149552cb67288cd716a9b9f2fd
4500,hf_04500,photo,0,dog,images/photo/hf_04500.jpg,b4ca56b3903bc4c13d3fdada9631957431cadf865fbbfd65fa712ee076b66e9b
4501,hf_04501,photo,0,dog,images/photo/hf_04501.jpg,f00901b5f2bdb6a1a66cd7a63c352f248f8687b9b3b7769cf2d9dedd826eec00
4502,hf_04502,photo,0,dog,images/photo/hf_04502.jpg,ae60613a6b23d9804dda98919fdd4a576c22231c0089a25453178669d4674730
4503,hf_04503,photo,0,dog,images/photo/hf_04503.jpg,a37b5afe1a10d2c7a5c3889d65b9f7ceebb41f1f04639b0333e44febefc5371e
4504,hf_04504,photo,0,dog,images/photo/hf_04504.jpg,7b2a56767ceb0d7812b9f31f67df11561c774420c0fc6c3c271692c2011ad8f4
4505,hf_04505,photo,0,dog,images/photo/hf_04505.jpg,be016a08928f4e2ff82fb63ed118f99bc97d3be2e33a69e6f2c6e05112b96513
4506,hf_04506,photo,0,dog,images/photo/hf_04506.jpg,8794c8890f84e180c177151ab826e798710e18962babd976917a7bedbd6cd157
4507,hf_04507,photo,0,dog,images/photo/hf_04507.jpg,6f1a3d90a2e87a3dc2dce0442ceb707e1ef16c4a30a314b75b458a6acc8e6f6a
4508,hf_04508,photo,0,dog,images/photo/hf_04508.jpg,4cca2c1334d8044e683455969be154fe77f09019669ed933f2bbcff90359d2f3
4509,hf_04509,photo,0,dog,images/photo/hf_04509.jpg,a9df681b7ddc86febef49fbd80a9de49558f9b0babf0bcc4d164e5aebd8085ee
4510,hf_04510,photo,0,dog,images/photo/hf_04510.jpg,8c1b7c3545652868ea8a613de54e598598b0a96704b17267f3469fbf391e722c
4511,hf_04511,photo,0,dog,images/photo/hf_04511.jpg,17cee39a3282a2de7d7b6c21eab8cc88df29a3aac69dc5d8d23779d26816371a
4512,hf_04512,photo,0,dog,images/photo/hf_04512.jpg,2711bc18d47f0bf65fe5d17a2a702fb33339f3a9ac69c69f8e7025cc9dd882df
4513,hf_04513,photo,0,dog,images/photo/hf_04513.jpg,7af978e553ce0b30b643b8e8ad3a1e451c66fceff84771caaed2c9889d1ad26d
4514,hf_04514,photo,0,dog,images/photo/hf_04514.jpg,dde171acd972d4d35b3a24f448d88d8393f205402fa5b49fb91d0f30a5f68f5c
4515,hf_04515,photo,0,dog,images/photo/hf_04515.jpg,b2765f8fcfa5f345ea0c198e18bb60a1d7efe6af4397a4bcf6dab15c41c1ff41
4516,hf_04516,photo,0,dog,images/photo/hf_04516.jpg,5deae576a469fd34ee8163691c269c00754a4fbb92ffb0e2209587ea590a858c
4517,hf_04517,photo,0,dog,images/photo/hf_04517.jpg,798ab623f60d089576d2a1d7fed03c8271245316959bf7cd248e3e3c26589171
4518,hf_04518,photo,0,dog,images/photo/hf_04518.jpg,293dda2753e68333ccb990a6eae7dacc3666310e4b1ccf8de9711b055ba39bc6
4519,hf_04519,photo,0,dog,images/photo/hf_04519.jpg,a9536ab7a55aad9a9f2b7fbba1de6c8cc8ac8950a93a3c702de7f241dc2a01ad
4520,hf_04520,photo,0,dog,images/photo/hf_04520.jpg,dfe813622454be8405253f10f03d1f6b805eca97ae9a9f689f7751fadfbc1b19
4521,hf_04521,photo,0,dog,images/photo/hf_04521.jpg,a55a567a820860cc8ed8e322742f60eeee41e67c63717db74a79c3c409e355aa
4522,hf_04522,photo,0,dog,images/photo/hf_04522.jpg,8483b3c893ee8ce0e1a628b1751467691d41160dd2674a0c498242f95aa16836
4523,hf_04523,photo,0,dog,images/photo/hf_04523.jpg,e1e87378c1742c9dc395efa3bebc2627a5fb3ee858918ea974e99a50540fb7c7
4524,hf_04524,photo,0,dog,images/photo/hf_04524.jpg,077a8e84d0d17c24802fbefadbd8c00f6cc2366dcb940267c210d7bd708e497c
4525,hf_04525,photo,0,dog,images/photo/hf_04525.jpg,747dc28600b08dc7f6c43619c5c7c9545a3cb059dfe9b7baa9d4c957b57725ec
4526,hf_04526,photo,0,dog,images/photo/hf_04526.jpg,aef2e4a90b1fa24c6a2cb0d061334c6f56047f45cdf44ace5b2ce5d645469d8c
4527,hf_04527,photo,0,dog,images/photo/hf_04527.jpg,d6e883dd9e98ae4d80418d362ae093013e7552e549eef92e1cbf37a799b023c2
4528,hf_04528,photo,0,dog,images/photo/hf_04528.jpg,b1e66a84c2b9957378959f7c9e3659cd49459c2ea117bc1ed3b97e57c9fd2c43
4529,hf_04529,photo,0,dog,images/photo/hf_04529.jpg,1c4325fbac6e443f85e0b0ab530455f88c31a747b354b3518f9f5f88e470ed17
4530,hf_04530,photo,0,dog,images/photo/hf_04530.jpg,061633a30e4c4d3f9aa74f4aadee63c88bc5e9600b3b3394bbb87028a4ea5e64
4531,hf_04531,photo,0,dog,images/photo/hf_04531.jpg,a2382d0879f04c22b66854f760ebdec9be407779e5745ea9290460781018c624
4532,hf_04532,photo,0,dog,images/photo/hf_04532.jpg,8e72ababcc7988313b5efe6e990884a0aef2ce7bd01f1eb670a7502b5bec14e4
4533,hf_04533,photo,0,dog,images/photo/hf_04533.jpg,b0f2f5200c9c47152d4460f5533f1e8020436dae478cadd30aee99ef4a273820
4534,hf_04534,photo,0,dog,images/photo/hf_04534.jpg,00156a86465d03b221d25ab0810384021fc4c4eb4f808eb472c67d9d6a173dda
4535,hf_04535,photo,0,dog,images/photo/hf_04535.jpg,20fa45bc42caa9e47b85ac8a41b5a897407647fe07517c92bc56db1d2641b99f
4536,hf_04536,photo,0,dog,images/photo/hf_04536.jpg,0746f2c77bbea2fa530740b60566320d3aa61f494d7b1c8fcc997c9089f1ad9c
4537,hf_04537,photo,0,dog,images/photo/hf_04537.jpg,6759e167eaf980f9f9be34cc9222c035dd28c5f5c337d6f7ac6385e96505c4d5
4538,hf_04538,photo,0,dog,images/photo/hf_04538.jpg,9637463b977115659219ddf19f0a82053f5e8735e418af2710d692f8d116d573
4539,hf_04539,photo,0,dog,images/photo/hf_04539.jpg,7cbc6e15f6705d1e60f26bef800ce629dff22042663ce69e8719b511eb7edf3a
4540,hf_04540,photo,0,dog,images/photo/hf_04540.jpg,8b17c6ce431ed6c74c161a11a66090f4c32959d4ef364b47e73aae4408899444
4541,hf_04541,photo,0,dog,images/photo/hf_04541.jpg,3a79b25b735d7ff30b761276fe6b916739d9903de85ac54738c0b81b93cb45ce
4542,hf_04542,photo,0,dog,images/photo/hf_04542.jpg,157e6348901ebb50e0ce1ac3d75663ddf141a363522e44fe5835e390f399b8d6
4543,hf_04543,photo,0,dog,images/photo/hf_04543.jpg,7a15dc173d70648a19688e99d308b06ea04b872501fa858d8531dea795230f06
4544,hf_04544,photo,0,dog,images/photo/hf_04544.jpg,8d0f9bcb072c4756ab801f2be151c7163e08ef7700d0a65723e8fead1b5b1c0a
4545,hf_04545,photo,0,dog,images/photo/hf_04545.jpg,b29e11f95f1ada7f6d3da11ecbe3ffa7599f25f8e26ee816c0d56ebd1cf29b88
4546,hf_04546,photo,0,dog,images/photo/hf_04546.jpg,3f0927d49fe14ffa46549624613c5d83b0b195158f7442860cce3e22a1a22d88
4547,hf_04547,photo,0,dog,images/photo/hf_04547.jpg,a2fcf89bb59401348bdf649a0082bd3897cb835b3a4243fdb1d3ade747faa34e
4548,hf_04548,photo,0,dog,images/photo/hf_04548.jpg,330cc37be0550d2712d9541c7fb986b4653182034029d403dc32a7133ab5f0ec
4549,hf_04549,photo,0,dog,images/photo/hf_04549.jpg,c91bbb493c38c6bd334e075f410607bdc9d3e106b207be3b8e2b49238595f0ca
4550,hf_04550,photo,0,dog,images/photo/hf_04550.jpg,df2cbfe1a30163a2b83fcb71d062cab80352951920a8f2624be2a3aa44444af3
4551,hf_04551,photo,0,dog,images/photo/hf_04551.jpg,82a56e21387d939c7dbe4d3cc49d0661fef28ee65195faf99aa1ec98a817ce25
4552,hf_04552,photo,0,dog,images/photo/hf_04552.jpg,96e73116371c1773de7acb25f48b02fbb270fcd76ff3c90576644c8b3ad84297
4553,hf_04553,photo,0,dog,images/photo/hf_04553.jpg,ddbc5e4cd726c03f4088b9b0e5cb444953dddcb6ddf7e3248b67bc28a43282bf
4554,hf_04554,photo,0,dog,images/photo/hf_04554.jpg,c866efee3568492105ce24117c179ed1d59729b6e769303b188f8f5b145d4075
4555,hf_04555,photo,0,dog,images/photo/hf_04555.jpg,a48e06d5102333862f9a5cc5b0defd7bfbd71e8083ba266d6d5d7be1463f996a
4556,hf_04556,photo,0,dog,images/photo/hf_04556.jpg,dc69743949a42a505a9f224ccfbabf48e0d7c28e24e95522a9ff4a0f605d5596
4557,hf_04557,photo,0,dog,images/photo/hf_04557.jpg,44d247538b15b33fc61026de555bc2e6ca1b0a2e05b9877f6fcd64f932bd30c2
4558,hf_04558,photo,0,dog,images/photo/hf_04558.jpg,b7c86d89d8ddc909be16b5d2f125b5f6f4ed46cae48bb90c4d38c9b06388b1f8
4559,hf_04559,photo,0,dog,images/photo/hf_04559.jpg,a65b287314cfbf6c998c3f73c4a05835d8f44e0687f41ce9f3914c512a90af45
4560,hf_04560,photo,0,dog,images/photo/hf_04560.jpg,2356fb0264f173aedecf6bbf549d94ca03310ee7bf4916fd847bd3da1cc176ec
4561,hf_04561,photo,0,dog,images/photo/hf_04561.jpg,12c92cdc8811f7586865edd0709f3022a9a2a816320a180cacd3fc572981cec4
4562,hf_04562,photo,0,dog,images/photo/hf_04562.jpg,852473cf6f81e9c77b77a998d01200b3be676b2430bbadd9f8287b1567f98af2
4563,hf_04563,photo,0,dog,images/photo/hf_04563.jpg,5a381e00fb52085053ea3d4bf74f8d986af802090769b296fc24fbaa170bc347
4564,hf_04564,photo,0,dog,images/photo/hf_04564.jpg,4b8cf251ade2c56244c67a33cfb6b96d6e13c996558265d35af368d71b876067
4565,hf_04565,photo,0,dog,images/photo/hf_04565.jpg,73c5a0b133f24e4a7a57c0e0a8fc1761690f20043a1758f72b2824bcc4985d8b
4566,hf_04566,photo,0,dog,images/photo/hf_04566.jpg,fa246d1c04f3c2a02c77e7197490ae19fa0a2a60e17600c0d1bc5694151ea4a0
4567,hf_04567,photo,0,dog,images/photo/hf_04567.jpg,2906af0c1f58be03bc3f3be4a368a151a88d1d36f335c8f35fa9cfc4a6c619df
4568,hf_04568,photo,0,dog,images/photo/hf_04568.jpg,88445f165fa0ec4ae09f9e279123b6c7b2eb1cfc7bda4b658284582a4e74378b
4569,hf_04569,photo,0,dog,images/photo/hf_04569.jpg,32675b9ad26330eb11f000d9aed277689477d4fb05f3885b11d13f82f2069eb2
4570,hf_04570,photo,0,dog,images/photo/hf_04570.jpg,dc15937bba95aafc6c0ec94af298d39e4620b4b80f42a9fff3ff24e0c8162f70
4571,hf_04571,photo,0,dog,images/photo/hf_04571.jpg,a69ce998344e43b22e07a720e2d1c3685f0f10bbd7b19b9ef4fbd40b41e7082e
4572,hf_04572,photo,0,dog,images/photo/hf_04572.jpg,13b71a2d597719119b2d66a48a3fb72d8bae02d2e5a9a207abb5d7e332dd5476
4573,hf_04573,photo,0,dog,images/photo/hf_04573.jpg,e96cbd3b9ba10f16d4ea52cc47bc453ee6286cb1fe9f748e3bf115178d914452
4574,hf_04574,photo,0,dog,images/photo/hf_04574.jpg,32f1f05f6094b8c6bf328ea26c7343bab136ad83307edef18772c9d6aa8bf2b0
4575,hf_04575,photo,0,dog,images/photo/hf_04575.jpg,e316b9f17c103c3d83183cbd3e4ed3384cc947a7413e6963a8ac503e8a496395
4576,hf_04576,photo,0,dog,images/photo/hf_04576.jpg,9745eb8fa3cf5a802ad5bd51eec5526ac88b7499fa0518a3b23fa543895b0506
4577,hf_04577,photo,0,dog,images/photo/hf_04577.jpg,71c066005d609541a5ed10b11d34a5e85b6cbb6b4ebf9bb25537fbcdef6104eb
4578,hf_04578,photo,0,dog,images/photo/hf_04578.jpg,88212cdc9692c5e4032923f5a265905c20bc5985b7297fa09a0ca69294554172
4579,hf_04579,photo,0,dog,images/photo/hf_04579.jpg,2bcaa6140d743a7be12c1d94d3df7d67c1bee2c56650007a2c117eb1b2bcf837
4580,hf_04580,photo,0,dog,images/photo/hf_04580.jpg,e06e8f676fa820b8c86091f0e3bbfad2fdf98565403a22021eccaa916b456fd6
4581,hf_04581,photo,1,elephant,images/photo/hf_04581.jpg,aa093878c7c7cdf0559ffa2e4bfeed1e83a7589a148b28dcec86c12192fb5490
4582,hf_04582,photo,1,elephant,images/photo/hf_04582.jpg,d582d215c744a1ace096aa881c3dd7c1cf633cf787afdb4cc6c6b32ba5b6d520
4583,hf_04583,photo,1,elephant,images/photo/hf_04583.jpg,f39e11648298b7a8b223a55e97d8cfc035ecd59c0bc5a4f8868112c16f45d6b2
4584,hf_04584,photo,1,elephant,images/photo/hf_04584.jpg,bfa8147d70df74890b46e1fca19cb86bbe5b5bbd9c0dd69ed52fd2897cf49330
4585,hf_04585,photo,1,elephant,images/photo/hf_04585.jpg,20b8be1d0c33328ee41ae84a789e4b313b126aacfc8a36a5653829d02e3006d0
4586,hf_04586,photo,1,elephant,images/photo/hf_04586.jpg,f8031e57668402700fd7b67e71f699d5b15f5c9f1bfc511f6c2fbf8a92cb4fc5
4587,hf_04587,photo,1,elephant,images/photo/hf_04587.jpg,6ec1366a8d212cd651eb258197ef3e227c1288483b19704fb86af61d752e5d15
4588,hf_04588,photo,1,elephant,images/photo/hf_04588.jpg,f21305e2568f409da3d5c793b48f836528544162f5669fb9e1601293a161da7d
4589,hf_04589,photo,1,elephant,images/photo/hf_04589.jpg,d42b343e9c470cd212ed9dfd3a340d53eb3b34fd3645cbbbcf11ed1170cfb58c
4590,hf_04590,photo,1,elephant,images/photo/hf_04590.jpg,09cc9d889e4e0ee32c916a2e8dac989fa66bcf584bb802902f0878c4072a3aa5
4591,hf_04591,photo,1,elephant,images/photo/hf_04591.jpg,ed77eba80fe8f1623eb7849d3032341974884fe56b676b8dad975ecd79723e30
4592,hf_04592,photo,1,elephant,images/photo/hf_04592.jpg,fe2122cdae966a80533cb08a509520e323b56c50c3686c7b02179a5c8a307bc6
4593,hf_04593,photo,1,elephant,images/photo/hf_04593.jpg,298063a6847f97d457ac71b49d9e682477ddc04cf885b7d4f764b4432546deef
4594,hf_04594,photo,1,elephant,images/photo/hf_04594.jpg,38b5ff73467f9a5153d769669d944b41fe1a42b1353a890d4b0fd920a0a89809
4595,hf_04595,photo,1,elephant,images/photo/hf_04595.jpg,3a94202b44535a0d81e72db8a8c6052c5757d0514261185fd6048b436456c3b5
4596,hf_04596,photo,1,elephant,images/photo/hf_04596.jpg,a01499efd18e2b360e361c7aa78016715884c615584a34325204ab492b22f774
4597,hf_04597,photo,1,elephant,images/photo/hf_04597.jpg,105466a5fa146236537cb4d38090bc2deb5f2702ff32483ccb4eceb7d7e83a05
4598,hf_04598,photo,1,elephant,images/photo/hf_04598.jpg,c94d653e80048c5bf1c57c5e35d14afb8389f99894dba74083d372c681516806
4599,hf_04599,photo,1,elephant,images/photo/hf_04599.jpg,a425f6d0c427b030ae2cf153b708c1b0d7ba05cf491f13bc12b3f435a3cc2b44
4600,hf_04600,photo,1,elephant,images/photo/hf_04600.jpg,a4845760c90abd85f2d6dac50cac48490834d51aee62de733893057c0729eda6
4601,hf_04601,photo,1,elephant,images/photo/hf_04601.jpg,c5f9ae444f1207e7e6f4767110182485391b040b1ebde3899425f23d0aeadb8f
4602,hf_04602,photo,1,elephant,images/photo/hf_04602.jpg,4690847a72b5b688f578275b7a8b97f6116689cb53e39db745b1f0d46e259317
4603,hf_04603,photo,1,elephant,images/photo/hf_04603.jpg,0f5066b715bbcaeef3bad10a20cd13f99a37bdaadf1a5a7e021485cf81e2a34e
4604,hf_04604,photo,1,elephant,images/photo/hf_04604.jpg,74ea9e96c08af4d0e410ab1d4a3f258c2f83f654a4bf9513a3e58805b79fe068
4605,hf_04605,photo,1,elephant,images/photo/hf_04605.jpg,1ae1e174eb737541b408d0d15d507422ff0c2f659ccf1871bc909dfdafff453a
4606,hf_04606,photo,1,elephant,images/photo/hf_04606.jpg,68153f4110e840e4f6bfd699997d728746224fe39939821be1b8917f5c92631e
4607,hf_04607,photo,1,elephant,images/photo/hf_04607.jpg,e7a7377cba00dc0540449087e20e76bcaa90d634d90f7320db0c6f9854b4e9cf
4608,hf_04608,photo,1,elephant,images/photo/hf_04608.jpg,243cd2fba82b5d8fcb0f663df8fe23e88d996eb5ef0a67ac17d63658896a0874
4609,hf_04609,photo,1,elephant,images/photo/hf_04609.jpg,c3bdbadbb1e270a7b59a9e5935483f111afa1ae2c51016e485c50d0cc556ae9c
4610,hf_04610,photo,1,elephant,images/photo/hf_04610.jpg,c94cc68ccb65ec888d2d5b2ff3967a41bdb51e69242342dec9defc54c8d54913
4611,hf_04611,photo,1,elephant,images/photo/hf_04611.jpg,779b08320e1442776f354db93f92235024bede22199c77af65ff173036828906
4612,hf_04612,photo,1,elephant,images/photo/hf_04612.jpg,9e246c8ccbe9af282455900c1ccdcc757f92d21600a921173bb7970f4cd91786
4613,hf_04613,photo,1,elephant,images/photo/hf_04613.jpg,75f597d109fccf8fcc586bd1565db9a672ca943b7c5241934f076a07b684842b
4614,hf_04614,photo,1,elephant,images/photo/hf_04614.jpg,7c5187edc05086da82e8c58667d51e7c24cb7f1ebd1872ebc6de1ecf6fa98e1e
4615,hf_04615,photo,1,elephant,images/photo/hf_04615.jpg,2b8b0216833a65b3219d63e382986a7bcf98e26963bc060735c08c0401cce97b
4616,hf_04616,photo,1,elephant,images/photo/hf_04616.jpg,deca4f42c244ebfafa562cd470c5d952f246fd1ed70e1aa35f77f08eb5767391
4617,hf_04617,photo,1,elephant,images/photo/hf_04617.jpg,42f6556f461b6b2897b20873f7024eb00746f9fbab571e5637063e800e4077ce
4618,hf_04618,photo,1,elephant,images/photo/hf_04618.jpg,16e9bac6707337f0fee43d83f0ec87255335f42c1cdce06b0cf2fd1c1f2b0a86
4619,hf_04619,photo,1,elephant,images/photo/hf_04619.jpg,a8422712a925af96e4eb6b64efcf17e8f3b913df2f2178367d5865db427043a9
4620,hf_04620,photo,1,elephant,images/photo/hf_04620.jpg,93cf6c606a2d3109f83ea5ffa78bacd55e5e046357f618e3518f836e56877c6e
4621,hf_04621,photo,1,elephant,images/photo/hf_04621.jpg,57bf211f9be35bf8b9b5cf1dabf8ad88d07a3f1d42c751552ae0b276e54dd750
4622,hf_04622,photo,1,elephant,images/photo/hf_04622.jpg,623f94a8804cd8218142cbf244f1b0408191e382efab99007ac024800315fefa
4623,hf_04623,photo,1,elephant,images/photo/hf_04623.jpg,20f0bf75f9301136dc222e9502f7e630be4b7604bd337aa5395471cf4b66523f
4624,hf_04624,photo,1,elephant,images/photo/hf_04624.jpg,4a67734c533ebdecabfa8a0dce4f4f185292bc8a3edaf7749c7d8ec3f19a470d
4625,hf_04625,photo,1,elephant,images/photo/hf_04625.jpg,dfe4fd22b2cadea8a47ee304ef4bbc0aaa480351fd40eea452086f4fe478bc4c
4626,hf_04626,photo,1,elephant,images/photo/hf_04626.jpg,096a842bacb6b7f8ab61ddbe66695bd9c1ec6a93dc9d7c789913400d9a92295b
4627,hf_04627,photo,1,elephant,images/photo/hf_04627.jpg,6cf30b9560b93435e941b2c17ff940d590cbaa5a7d47bcd77f492a7b882fb972
4628,hf_04628,photo,1,elephant,images/photo/hf_04628.jpg,e5376e8fe0ac247acd1d4b84f91ac1ac8997273f0e1c90ea5a705af515f0f1ed
4629,hf_04629,photo,1,elephant,images/photo/hf_04629.jpg,7cce4ff4e30cddb59d93376d1112e5caca692fb4e958fb53ab968cade5660a54
4630,hf_04630,photo,1,elephant,images/photo/hf_04630.jpg,16a81270ab5e9c5c57f8d83f0cf6472e070bdfae0da2fccc6b921677fb1a639e
4631,hf_04631,photo,1,elephant,images/photo/hf_04631.jpg,43963d5c69c537172711e21660a06cc96aa830252bd03bea423a043f0c7e9e7d
4632,hf_04632,photo,1,elephant,images/photo/hf_04632.jpg,64ed6d0701bd8e08a3d653f7d9addc26de0daa3ef733b9fcdc6bd3f77dbc91e6
4633,hf_04633,photo,1,elephant,images/photo/hf_04633.jpg,56070e940307ed9e22f591ba609979e6e21dba18b25cfcc9b39f793742fd401f
4634,hf_04634,photo,1,elephant,images/photo/hf_04634.jpg,b42ec86cc9dabbba2eb26d2c7b2a5cd832c510dc6303e003dcc069046a19820b
4635,hf_04635,photo,1,elephant,images/photo/hf_04635.jpg,1679423742da5ad2e8ba4af0d26543cd207dc720de995fbc8c8447f9000c8286
4636,hf_04636,photo,1,elephant,images/photo/hf_04636.jpg,e7cdbd8d614ee645a152b8985c0235b1e5dc354bc6c977538606fa5b1f2a3f96
4637,hf_04637,photo,1,elephant,images/photo/hf_04637.jpg,712f60aef5fe9b88535d77547193544e31751df322f3dd2eeb9518a07b8bcfea
4638,hf_04638,photo,1,elephant,images/photo/hf_04638.jpg,31f3b776fee9ebdb594e82335810f982083bc63a164efbaa7095a0104adaa82f
4639,hf_04639,photo,1,elephant,images/photo/hf_04639.jpg,b75fa3766401d2968a616589a8d65ab9886f41d451fc8a74bd13e202c12af871
4640,hf_04640,photo,1,elephant,images/photo/hf_04640.jpg,40d384e87f3fbbb8d4795b4193e220104407dee498e8033079f49f93b89dbf8a
4641,hf_04641,photo,1,elephant,images/photo/hf_04641.jpg,48757401e81be013c9457c14f98b0f730354157b49b7f47714d7f2c7060834da
4642,hf_04642,photo,1,elephant,images/photo/hf_04642.jpg,2955c63cff4d8daa72e91cd8826d31180cb629c513b4d0c0f2f0884365da6f7d
4643,hf_04643,photo,1,elephant,images/photo/hf_04643.jpg,c6d6b4a30d985026c3a38e199ea1ad4bc00bcc595fba97ec553b4b34725d4098
4644,hf_04644,photo,1,elephant,images/photo/hf_04644.jpg,1554ee90dbb406aa3cf71b39c12110eb340a7004d024a551556b2a9b530c88e2
4645,hf_04645,photo,1,elephant,images/photo/hf_04645.jpg,42d2e01d5f742526d22b088252f4f71ef785210d5df9ff7d1662af36538c3755
4646,hf_04646,photo,1,elephant,images/photo/hf_04646.jpg,ca58d8011fde8bc75ae67624375ff5bb3c254b15ad6bebfbf3f8511cca451fcd
4647,hf_04647,photo,1,elephant,images/photo/hf_04647.jpg,84fd7b269618d63380f046a8654ee11ffa43203438d24a02873c85a96bfb2c7f
4648,hf_04648,photo,1,elephant,images/photo/hf_04648.jpg,3499c5c05e498284a2dcfd9ac86f509f2051034121eefa0d9545526f5545f1b0
4649,hf_04649,photo,1,elephant,images/photo/hf_04649.jpg,caddf7fdf1f986a7addea25f8e142df5d62db5a91a99cfdde176f6ecfe19c613
4650,hf_04650,photo,1,elephant,images/photo/hf_04650.jpg,2bb93af514b5a8dccd8f64a12631efdb8d86230dcb4bc46caf73eb21eea15e09
4651,hf_04651,photo,1,elephant,images/photo/hf_04651.jpg,9f5bba95df9d897d575bcc44385244148ba48ee8978d508b143bb7eecc18c789
4652,hf_04652,photo,1,elephant,images/photo/hf_04652.jpg,cc785465272411fd20bbf78d25d52aff5adfe6225a85e84511937be38b07fa1c
4653,hf_04653,photo,1,elephant,images/photo/hf_04653.jpg,fe21de335df212f28890ffd45f1d6a3c37989f57e6aa81a859cb33807366f8ce
4654,hf_04654,photo,1,elephant,images/photo/hf_04654.jpg,baeeb9f6a93991d79eacb834931cd6210c388c66b5c696a5791359c608fbc9e5
4655,hf_04655,photo,1,elephant,images/photo/hf_04655.jpg,e2128e7b2cfdeb4231cd3103cfcb40013297faed1f1675a376d5f614e9bfbd66
4656,hf_04656,photo,1,elephant,images/photo/hf_04656.jpg,a062434b08200588d6184213f660a9609aacd21d31213d9a58aee190d5aca14e
4657,hf_04657,photo,1,elephant,images/photo/hf_04657.jpg,77fafdbb1292f4be8e10ddf1067c5db209b46b450cd8f496d4bfcdb9bcf8dd56
4658,hf_04658,photo,1,elephant,images/photo/hf_04658.jpg,6f3272a99768cd56fcac45171d67e17d413a9ebe2c9e58b5f3ef2d3fccee2953
4659,hf_04659,photo,1,elephant,images/photo/hf_04659.jpg,70a480e7d74b3bd038577f79fc88fd0a6af07228c6984ccdd3d972ed7b4bf86e
4660,hf_04660,photo,1,elephant,images/photo/hf_04660.jpg,bbe5d22e94dcb464a303d86811df3cab0b925cb1ee38993e38808653f17e80bb
4661,hf_04661,photo,1,elephant,images/photo/hf_04661.jpg,abdae303a45819074ff8bd3c5bcc4f3f7d51a8bd236127931ce3cf6a4a863822
4662,hf_04662,photo,1,elephant,images/photo/hf_04662.jpg,8aedd5903fa873a94ff715b60368d3cf63c21286631fed0c48970bfa62e748a1
4663,hf_04663,photo,1,elephant,images/photo/hf_04663.jpg,74a9e0a3cb7195e0a76b3427457050f0c8657bd078cd1ff089968ea7e2c63c4d
4664,hf_04664,photo,1,elephant,images/photo/hf_04664.jpg,de3f1664372ad96a26d18b2fb51dbbb47839992db4a5b23c75b4117fddedc4c2
4665,hf_04665,photo,1,elephant,images/photo/hf_04665.jpg,2cf1b75c64f23b44272772599ef210a618a8e8c06204230be8e61878892fb0ea
4666,hf_04666,photo,1,elephant,images/photo/hf_04666.jpg,6c97fe9091d1d105613a8329d05fb5936081f3e9680500b456d03cb84d037913
4667,hf_04667,photo,1,elephant,images/photo/hf_04667.jpg,832e49b517937258c3100f810234bf25ad0763b69c0929ee90838e2340cc096f
4668,hf_04668,photo,1,elephant,images/photo/hf_04668.jpg,c9c58c9ebe590d492d4f0576234da10783eb2747e8248e15ec7ae17d103f1967
4669,hf_04669,photo,1,elephant,images/photo/hf_04669.jpg,3e551473d760c18187d6a3bee5cf6f687f6191e638b00eee32c910c9c25528ab
4670,hf_04670,photo,1,elephant,images/photo/hf_04670.jpg,9f69e04351947d87fe6dd355c485c1eeca32f99a1cfa9b15b173089a053b85a1
4671,hf_04671,photo,1,elephant,images/photo/hf_04671.jpg,c2856a8810d285d231cbc7ebc3fea3f69e5d15aeeb7e9637db1b1a34b3efa965
4672,hf_04672,photo,1,elephant,images/photo/hf_04672.jpg,bd529344f42bd95b6fb6cbf7f9ace14fdd49519e622f83a2f0cccadb644139d3
4673,hf_04673,photo,1,elephant,images/photo/hf_04673.jpg,7a81e6d49d694e224054bb67889e3b055a880099ca57473c43f7478d2acca70f
4674,hf_04674,photo,1,elephant,images/photo/hf_04674.jpg,f244166e2fff578332f65f04353bfe713d99c042d2e2b39624c2ddfbb00eccf5
4675,hf_04675,photo,1,elephant,images/photo/hf_04675.jpg,682fe4dcfcdb16ba4ef112d0c8cb558f2a48a41cd257501ed6404fab30ee6b2f
4676,hf_04676,photo,1,elephant,images/photo/hf_04676.jpg,b9b2f9f22b14c9ea4d2693de1536501517dd269c109428039bc4a0d3d1cc6fb6
4677,hf_04677,photo,1,elephant,images/photo/hf_04677.jpg,de72238a70ceb04831fb723c38762018c402af51d64fd71f73e5218ec50fe49f
4678,hf_04678,photo,1,elephant,images/photo/hf_04678.jpg,a5c416a61334378322c3d2ba6606724ad86635e149dcf0136f49a94d28dd9408
4679,hf_04679,photo,1,elephant,images/photo/hf_04679.jpg,88f0c87a4d334e52ffccf14cca2a3bd61044bfd19c7177c752a7b9e22ccb562b
4680,hf_04680,photo,1,elephant,images/photo/hf_04680.jpg,30b537ace25aca896e4e5d9813273de467533c0a52513bc9af722cefbc2f4aa1
4681,hf_04681,photo,1,elephant,images/photo/hf_04681.jpg,7bde0e91ff2a1cd52f8feb00b12ca556f120eba9904ab79ad7afe330ea7ec9fd
4682,hf_04682,photo,1,elephant,images/photo/hf_04682.jpg,52aeebc99f6039a725ab7b15fb1354d90c654be13b6d803e6b3be3e22e36c451
4683,hf_04683,photo,1,elephant,images/photo/hf_04683.jpg,fe0d0fff09bd241ab9b9b42b4c8a39b816c1fd83d058259ae152778b1aa0b558
4684,hf_04684,photo,1,elephant,images/photo/hf_04684.jpg,a8c26bc7c52441feb99006c0650ddb2faaabf6e9ade779e5f56cba91a7e78ca4
4685,hf_04685,photo,1,elephant,images/photo/hf_04685.jpg,a52827a8c89a34126beef0953b8874a52c313166e29ad8336e1be51d873115cd
4686,hf_04686,photo,1,elephant,images/photo/hf_04686.jpg,b71844d10a748a165c7e072d7f55d79f5bc4499363f042a36595b7c33d361796
4687,hf_04687,photo,1,elephant,images/photo/hf_04687.jpg,17b2d34159b2a7b0c0ce8e906ec39661b09c8eec50bc1f0a0b442b8df1c0376f
4688,hf_04688,photo,1,elephant,images/photo/hf_04688.jpg,71c10817d32bc57e151b15073f1386a494aa38605dea1aeb32dfdd8685db6402
4689,hf_04689,photo,1,elephant,images/photo/hf_04689.jpg,46f8198050eb7cdc6438a898349590782ead693bcc784bd5b1f7a8979ccdbd24
4690,hf_04690,photo,1,elephant,images/photo/hf_04690.jpg,946a6c6da23386a04e95672ad109d9bc55db25bbbbbce7eedf3529dab164c9c7
4691,hf_04691,photo,1,elephant,images/photo/hf_04691.jpg,42809cf4764951d76fcf0cc2185067a19dbd1404bcaf7dee7a7fdd7f701e75fb
4692,hf_04692,photo,1,elephant,images/photo/hf_04692.jpg,1bb10c9b0285180ec80ac873900c8045c0ab08abc0c9bac8c1cd7a9d96a8586f
4693,hf_04693,photo,1,elephant,images/photo/hf_04693.jpg,cfa36955fa4ff1ca1eccd6106bac54d4067c16a180bced25141de8ace41f8ef5
4694,hf_04694,photo,1,elephant,images/photo/hf_04694.jpg,d0ff90d67d5c32eecf662c6d263f0e1698e4a2abb43b0b0fff0bfcfaa22cd6fa
4695,hf_04695,photo,1,elephant,images/photo/hf_04695.jpg,7cca8b2ee56d26edebf179ce8644e495789e8c9a936074d64b6c127789c9ba51
4696,hf_04696,photo,1,elephant,images/photo/hf_04696.jpg,9fea766005de002b981cb75ed7cec3d636727de30bd2604d3607f964cb349288
4697,hf_04697,photo,1,elephant,images/photo/hf_04697.jpg,755fded6e148df598d19b4266461e22b5818765133d9ded9e8419176feab3b86
4698,hf_04698,photo,1,elephant,images/photo/hf_04698.jpg,2416b5833bbb2a9025bcdeb759f5d4c36b0cf90f24a5781228262480dc6f8108
4699,hf_04699,photo,1,elephant,images/photo/hf_04699.jpg,414992030bb3dc6ddd1e46d71fff4e13c74e43b4af5ab79f933d86031b912b57
4700,hf_04700,photo,1,elephant,images/photo/hf_04700.jpg,69d43dda2427a2391dccdddd4a8e162213e673efddecb4186e2c6c838fca78e6
4701,hf_04701,photo,1,elephant,images/photo/hf_04701.jpg,b0e60f9e32339f1fb69348000eb4c94622538f5bc0554ca38b45e0afce203a24
4702,hf_04702,photo,1,elephant,images/photo/hf_04702.jpg,6c532dc726bef7890d5ab83a10c815ab7b573cef7d2c3caba2838a4ce3790809
4703,hf_04703,photo,1,elephant,images/photo/hf_04703.jpg,9b0ec4bb59c3d828262f14e9134ee7cdf5b55c98d7a3e23ab3611d5f1f3e7afb
4704,hf_04704,photo,1,elephant,images/photo/hf_04704.jpg,522c47efbbc3890ed72a2c2a50597b0244de10818e555282ef83f6d7f65a0141
4705,hf_04705,photo,1,elephant,images/photo/hf_04705.jpg,1b37ecfe43e9c83a70769d39549dbbd285589fb2bf4f68c28f0e43966c2f69cd
4706,hf_04706,photo,1,elephant,images/photo/hf_04706.jpg,248203039d91676ee5b9e462182851cfc5b9a350d041ff21590ba0f4d9ed4ce8
4707,hf_04707,photo,1,elephant,images/photo/hf_04707.jpg,2fbb217acd6195cfa321a7d836dbfc902b85df6438a70c773579a80c69c1f2f1
4708,hf_04708,photo,1,elephant,images/photo/hf_04708.jpg,fed7d65a203488254199658c4ae38ce2995f2b07aec5d928687bf00d094ecd82
4709,hf_04709,photo,1,elephant,images/photo/hf_04709.jpg,aca657511ce107ccd2a6f6a7ca453d142cbb27cc48c17c52c53bbda534dc79c6
4710,hf_04710,photo,1,elephant,images/photo/hf_04710.jpg,970d6fc655c41217fdda99be6cb8c0bf35a691fc7cb55c001cc291720dfed9d9
4711,hf_04711,photo,1,elephant,images/photo/hf_04711.jpg,06b7a8fef175e2b1da8141201c41684565a89aa6119f7b75070da34a698c9fe9
4712,hf_04712,photo,1,elephant,images/photo/hf_04712.jpg,8d54f56feadedaf200f87415aa7b73f9480911dd5e41d0b96f16a87ea03aea5a
4713,hf_04713,photo,1,elephant,images/photo/hf_04713.jpg,ca0413fdf0a76410fcbe7699053b579534a129c53d097d3835c78eeef8569ba4
4714,hf_04714,photo,1,elephant,images/photo/hf_04714.jpg,0350e5f25da9fecf8da55343e96a8556d37e2eafecf4bb7f62b6ddd89096f618
4715,hf_04715,photo,1,elephant,images/photo/hf_04715.jpg,c51cabcc0267d43a43d88104059577221567a5f13f2b9c8b4b7807c58d70451f
4716,hf_04716,photo,1,elephant,images/photo/hf_04716.jpg,be45a50e2a138662d04423d615c955b8fccf8f273ead5e8a0ae7f844aaed0c63
4717,hf_04717,photo,1,elephant,images/photo/hf_04717.jpg,6fc454a3bf7d127e4afaeb1b98d9b0eaadeae03ddbcc43cb8f90799c8684f9aa
4718,hf_04718,photo,1,elephant,images/photo/hf_04718.jpg,c37315ce8326ea069692db2cde82db815beb3116c9ece05b9a1d5a876ed36e0f
4719,hf_04719,photo,1,elephant,images/photo/hf_04719.jpg,2295b5f0dbfb766fa32fad4075ee31aba7d6e7f9fd49af8e4f13dbbde5d23eaa
4720,hf_04720,photo,1,elephant,images/photo/hf_04720.jpg,17b674d589f27f7a0fbae2817bdd0cfc5ea33b17ef76cf25c0b393769a0beefb
4721,hf_04721,photo,1,elephant,images/photo/hf_04721.jpg,9ed81d20040756c95059195265cd7eb260776510e3d02d00f5039d726ec50901
4722,hf_04722,photo,1,elephant,images/photo/hf_04722.jpg,fcbcafe7739c44945ca267a1d37f4a7c2e6e3abae73a3eec6f1f29e7b1d9dbc3
4723,hf_04723,photo,1,elephant,images/photo/hf_04723.jpg,4af1fc0e77aae2c49081569caa0984719d144166b2cce3530a44b44ca81dbae3
4724,hf_04724,photo,1,elephant,images/photo/hf_04724.jpg,461dc31b1af7b58740d82a874df2be1f3ca5ac8eb758f97195d6148805721183
4725,hf_04725,photo,1,elephant,images/photo/hf_04725.jpg,0f87ffae8bb3a883e720870c0cdb6b339460306b348eaecbe89fd075df9c1aeb
4726,hf_04726,photo,1,elephant,images/photo/hf_04726.jpg,93dadbc21ec4000cd45d7726825b01690d8c1b46f1d2d5592f060e128693e15d
4727,hf_04727,photo,1,elephant,images/photo/hf_04727.jpg,bdb1cd668d0232ace2b99601d2eb5759d7097146f6744c6145d13b886a2e02a1
4728,hf_04728,photo,1,elephant,images/photo/hf_04728.jpg,993040130d63828dc42dd149a0adbce780740bdf051ac85988b4ce127c75f39d
4729,hf_04729,photo,1,elephant,images/photo/hf_04729.jpg,5fa2ae4f4e8c88835858f135ba0070144ea679aea90ba5b792278c722aa8f5d7
4730,hf_04730,photo,1,elephant,images/photo/hf_04730.jpg,b5a0d774778022487dd36e4f83ca053e2cd4ca96937149310dcb75c0fdc8d339
4731,hf_04731,photo,1,elephant,images/photo/hf_04731.jpg,20638d9da0ac4370ed13789544cee6456bf3bb7c893a5b43bcf9021ef517ef56
4732,hf_04732,photo,1,elephant,images/photo/hf_04732.jpg,40cee04bae1baa28be84492b65a026d19decbc101922d5562e467e62e7b59cd5
4733,hf_04733,photo,1,elephant,images/photo/hf_04733.jpg,222ec361289f61fb2309557af254b32dd9b3fbab650e4fbcc2cf7f0460bbac1d
4734,hf_04734,photo,1,elephant,images/photo/hf_04734.jpg,ccc8d97fcf7d2dc054228b0df2ae94043905f26d9a9e8d14bad1d039c5af39a8
4735,hf_04735,photo,1,elephant,images/photo/hf_04735.jpg,dec32d6dd325005eeac73ff0898be44d894dd485d113dcaf993c6d051513757b
4736,hf_04736,photo,1,elephant,images/photo/hf_04736.jpg,e244c50274a2c08ae3a3331befcccc55f5a3cc123b0ec2791da676c677fb07cc
4737,hf_04737,photo,1,elephant,images/photo/hf_04737.jpg,3de72a026bffa4d3d06555520ff1c0536be464edba233401c72a5ba77d138f8d
4738,hf_04738,photo,1,elephant,images/photo/hf_04738.jpg,411f250598d5a3d77a1ceb6fdb1f6f3f076bf7b563f3add45ec1723ed9fb8f36
4739,hf_04739,photo,1,elephant,images/photo/hf_04739.jpg,71ab82cf963aa095719ca463841ca0c94a4f4248a7f5d98784fbaa03abfa78ce
4740,hf_04740,photo,1,elephant,images/photo/hf_04740.jpg,2bb59f559cefb23fa37c535cdac26d0207dfc4b6373a78fb182d99ea541e3771
4741,hf_04741,photo,1,elephant,images/photo/hf_04741.jpg,80c2dcbaa405170919c800fdb42688f3d94e6c72aea8e2c811f1a0ee58441450
4742,hf_04742,photo,1,elephant,images/photo/hf_04742.jpg,4586675cbc5c10569635bd4eeef878f6e9f65cf95de1956ead37450b8207dcdb
4743,hf_04743,photo,1,elephant,images/photo/hf_04743.jpg,ea43e2230e9e79635454965a711182ef1390caad4c3d59049696f825a3dec91d
4744,hf_04744,photo,1,elephant,images/photo/hf_04744.jpg,08ae3510809c349a6082d1a0d16efabc4b49548b28a3af5e8ed81f3ed0ee95fc
4745,hf_04745,photo,1,elephant,images/photo/hf_04745.jpg,346eeb04aa9d5a900bd6da2dad5e539fe9d8f05bab187d4d0475779497c0ca63
4746,hf_04746,photo,1,elephant,images/photo/hf_04746.jpg,867933508f4aced1e21ef1d537f602afaa9178f70f7408be1e53f7cef1e7c6c1
4747,hf_04747,photo,1,elephant,images/photo/hf_04747.jpg,a60ecb7141690ed2cb44890bf57ee776d7a9f11a5c79c6c95fd5bba8e6ee7859
4748,hf_04748,photo,1,elephant,images/photo/hf_04748.jpg,b423db642b57a3a1fd3a5e59873118b177d495c04d4978829c4f6d9ed38aa253
4749,hf_04749,photo,1,elephant,images/photo/hf_04749.jpg,5facf700a503336def81f058f5393274279c1102adbab6db537ad4cf3628cf3a
4750,hf_04750,photo,1,elephant,images/photo/hf_04750.jpg,c82c1340aba743c41f2a1a1a579f8f82867d39072ad17c130ee167a569a81ddd
4751,hf_04751,photo,1,elephant,images/photo/hf_04751.jpg,52de01214176fbce16cdd1a21153f1349b5e7e5d81cb6e94fb941326ec1cd31b
4752,hf_04752,photo,1,elephant,images/photo/hf_04752.jpg,6517d2b4cef63a9d7e592e823dd8f0a967a68f22c975c444292f35772a16229c
4753,hf_04753,photo,1,elephant,images/photo/hf_04753.jpg,bfdae6b4f1fbb603f8ce683d9646aef0b739101df22778fe7ebf03d41bccb1c5
4754,hf_04754,photo,1,elephant,images/photo/hf_04754.jpg,28b18e9d774f6a3c5408b3542d16ac0e7727d539f91f4398d837e3662c42f615
4755,hf_04755,photo,1,elephant,images/photo/hf_04755.jpg,4cb5625836b4140f833d85998c7fe6a0bfd1fb400541fa1b33d08a22980ad85c
4756,hf_04756,photo,1,elephant,images/photo/hf_04756.jpg,963e75978d2c169b849dd5ad363559b125de0258dcdc4b7529c6372b46c3cc40
4757,hf_04757,photo,1,elephant,images/photo/hf_04757.jpg,d6e206dc51cf2a5f1373245562f821de464a0453fa87ffd67fdba8c8403447ea
4758,hf_04758,photo,1,elephant,images/photo/hf_04758.jpg,fb13d9270e826b3ffb9b8de3d280b7fa6fe553c0c2d5caff286005afe3f75bce
4759,hf_04759,photo,1,elephant,images/photo/hf_04759.jpg,1b0514e88c17c2699c14d8e866daca18e3f6d990cfc5c3ac66fd79240974e2ed
4760,hf_04760,photo,1,elephant,images/photo/hf_04760.jpg,958a95e34aa30db3bfdfa91d5c6469cbc4b8fbca28ebccdb3a227be41ee40552
4761,hf_04761,photo,1,elephant,images/photo/hf_04761.jpg,738d42b8659c225cbc5c5ef5c7ffc45b326b6dd236f4a5800e8820e7dad05383
4762,hf_04762,photo,1,elephant,images/photo/hf_04762.jpg,95de34c81bd50393e03d67edc61a40d755c7c1b6de224db119ceef2c851e1c54
4763,hf_04763,photo,1,elephant,images/photo/hf_04763.jpg,9f2305816ea63979cce6ea0568a074f18ae7b51f3feaa0a732e2d4cca94c92e3
4764,hf_04764,photo,1,elephant,images/photo/hf_04764.jpg,216ffc301a02efa8882a22bf5ba357510c3fbbc62119f461da95ba45531d437c
4765,hf_04765,photo,1,elephant,images/photo/hf_04765.jpg,4c511386efa041b25603952c63b3c2cfbcfd509d5e4246569593803fc6b2fb86
4766,hf_04766,photo,1,elephant,images/photo/hf_04766.jpg,d540ee1c1cb4c33c51d5f9afb78e5bee0abad476b34a9ebfb94fc30d6bd810ab
4767,hf_04767,photo,1,elephant,images/photo/hf_04767.jpg,dfab03c3f4e1e61176b80035ff63765a58add54954fd584fc190fc598607fd89
4768,hf_04768,photo,1,elephant,images/photo/hf_04768.jpg,295ad3f8205c5eef73c4d36f0c076447faa217574b2814824e125d8f8a0d9512
4769,hf_04769,photo,1,elephant,images/photo/hf_04769.jpg,39194cab47cc58a68a0b94f9b392609b9e0675e95b8a16efd8db18e2e7cc69a2
4770,hf_04770,photo,1,elephant,images/photo/hf_04770.jpg,eb65ff300f909bb0515eb77e744092d79952e57f90c4e0e259225deaad519b7d
4771,hf_04771,photo,1,elephant,images/photo/hf_04771.jpg,28998846e67744d8e96edb11eb5ae601b6317b6b1ced01019f5bdf6aa8f75ccf
4772,hf_04772,photo,1,elephant,images/photo/hf_04772.jpg,078dfcb8a8a114c91478b18a90536d4dbf641a9e7cd27dd9f2f7eb635da94b8a
4773,hf_04773,photo,1,elephant,images/photo/hf_04773.jpg,5cd74431add64c945a18186768fcb6a091ebe5f53503c1ab1fd99b409a80bf15
4774,hf_04774,photo,1,elephant,images/photo/hf_04774.jpg,79f6d52bca63b174dcadbb7429edc6929239e80704205925a86912b9587cc022
4775,hf_04775,photo,1,elephant,images/photo/hf_04775.jpg,7118ddb685fb911f589294838dc4be88740918006974a356fa6274251388bb77
4776,hf_04776,photo,1,elephant,images/photo/hf_04776.jpg,396dfe0731849f2745919973ac10498c57d8c50fffca62c54ea0ecf50284d439
4777,hf_04777,photo,1,elephant,images/photo/hf_04777.jpg,f4c10b1196a3c636847c1a7e88053cb2b6e1321352b688cf4db61fef29249343
4778,hf_04778,photo,1,elephant,images/photo/hf_04778.jpg,2b3298b193e8e26ae7ce53caa3cd5e8da1e10ad088c1a51ababb49cbd0abf890
4779,hf_04779,photo,1,elephant,images/photo/hf_04779.jpg,6ebc7b2b0bfe86a439420daedfa6dfcba72066fe9758abe463c903dfbdcbd6c2
4780,hf_04780,photo,1,elephant,images/photo/hf_04780.jpg,2661a87333f1c8823eeaf8e4b8d36ff17c5d47a2dbe251cd304c8e5f5f6841eb
4781,hf_04781,photo,1,elephant,images/photo/hf_04781.jpg,7c475611cedd6c6e8a7456918b12cf716dc6d62f03cd2290262cc2c018edae85
4782,hf_04782,photo,1,elephant,images/photo/hf_04782.jpg,f4cc356cd02c675ec6c714d226e4bcf6da0bc25478f63cf0b15d1358e7376879
4783,hf_04783,photo,2,giraffe,images/photo/hf_04783.jpg,e56232e39e1232c3912f6f372111fc9bbb1cc6d3564f87ab9a767b27f9f612a3
4784,hf_04784,photo,2,giraffe,images/photo/hf_04784.jpg,96c864bfffda1a28cbb71a523f6f0de206b0e58b62c9bdf182c2df5e48e55b8a
4785,hf_04785,photo,2,giraffe,images/photo/hf_04785.jpg,7f22200a5fccea10c5cca5914591022949b7779a3addde6fec7a4abd3b128639
4786,hf_04786,photo,2,giraffe,images/photo/hf_04786.jpg,05ebff8c616971569bf866248cdf98c27a66e64de13b87f7c128a84dbd5621ac
4787,hf_04787,photo,2,giraffe,images/photo/hf_04787.jpg,a00b62ad612d006d5b19b1c998dfc11fead9cb13aeaab97708034f100ae0056d
4788,hf_04788,photo,2,giraffe,images/photo/hf_04788.jpg,6f5b700eb711f1abd7cce9afea8f41809840b6dd22a7d87c3be57d82e6c07078
4789,hf_04789,photo,2,giraffe,images/photo/hf_04789.jpg,0a3ee7d15da4eb85f6342e850af4eeeb623e7b37d6fb655819c4b1310d346493
4790,hf_04790,photo,2,giraffe,images/photo/hf_04790.jpg,0ea97c31fa7b815f71096e566e1d445ef63e39b2a9c6344647a4de2f59792859
4791,hf_04791,photo,2,giraffe,images/photo/hf_04791.jpg,b526e4743848caa63686bcd62e42f92eac93c072742259e6824759a7f0d4ccdc
4792,hf_04792,photo,2,giraffe,images/photo/hf_04792.jpg,4b1921c49c49dd202f7b6161832d0f842bba35c48c5aa709197607dcb9b93463
4793,hf_04793,photo,2,giraffe,images/photo/hf_04793.jpg,f7dda129517d322d8cbd9f4e67f06b7d59e6915a1c774f0e70d42a4d7dd34060
4794,hf_04794,photo,2,giraffe,images/photo/hf_04794.jpg,2a17bb43f9b8f2992a2aaa105df7fb187ff3a1fbff1317056b838af08aba3660
4795,hf_04795,photo,2,giraffe,images/photo/hf_04795.jpg,cf7167e2ee9cadf9bed85d723df9e7f16635e5c6ce45eaf77e9610de6ea19f2f
4796,hf_04796,photo,2,giraffe,images/photo/hf_04796.jpg,53ead2df94b566ee8b56b555fc144a9a3390a766d524447a0d461335ff400a37
4797,hf_04797,photo,2,giraffe,images/photo/hf_04797.jpg,124c827d48c028f3da36163978b747bca218481850c1716d01b85ce59d8be26d
4798,hf_04798,photo,2,giraffe,images/photo/hf_04798.jpg,7e2b6c49d9783afefe360833c7a921f7d85d2d87b89c25bc37992ad79772c643
4799,hf_04799,photo,2,giraffe,images/photo/hf_04799.jpg,f50012546b8f5d3d535af548a5d525dba7e0fb4e2868e7ead6e83962332361bb
4800,hf_04800,photo,2,giraffe,images/photo/hf_04800.jpg,a427f47b52328e4b468e3b7efbf2cd47bf06cc0f10acba731645d50326b4549a
4801,hf_04801,photo,2,giraffe,images/photo/hf_04801.jpg,43f5d8cf6abbe274cfede87b15a80d2e374b556337e823d225814b29399385c5
4802,hf_04802,photo,2,giraffe,images/photo/hf_04802.jpg,492216ce7b586fe44c6f83eae6a1546d10cb6057be81dcdc7443beef7843c889
4803,hf_04803,photo,2,giraffe,images/photo/hf_04803.jpg,05a261f1e14b5c85d45db3263fffe096f21dbb6aca5689c87b0fa7b4d7d793f5
4804,hf_04804,photo,2,giraffe,images/photo/hf_04804.jpg,6cb06e6d7817ab83e896ca94592cef48e10cbb6a24a4ac8c2e85a733f9c62d7f
4805,hf_04805,photo,2,giraffe,images/photo/hf_04805.jpg,0dd34994503eefb199420120fade7ad498e1fbf05421071ed7a25d6f5240de59
4806,hf_04806,photo,2,giraffe,images/photo/hf_04806.jpg,04db0bfbabe0dc2d2c7da81a69628d6debf6587f6b65106589da128282dfd99e
4807,hf_04807,photo,2,giraffe,images/photo/hf_04807.jpg,7eda692c3f9a52918b8bcf1308a787286d0edbd058eb6a4e349601d78fc9259e
4808,hf_04808,photo,2,giraffe,images/photo/hf_04808.jpg,f7f3027bfe1d0dd4ba295b4d50d507c3931c537cb8fb0d1361922f90e62e043d
4809,hf_04809,photo,2,giraffe,images/photo/hf_04809.jpg,56dac7467d562b8aca50deb75c415c208c8c43e24d63a9b2433512bf2f150773
4810,hf_04810,photo,2,giraffe,images/photo/hf_04810.jpg,e97ca7fe48350e2fb3aa18f033ff8494a0d8b37efa23237391a787c6141a4cd0
4811,hf_04811,photo,2,giraffe,images/photo/hf_04811.jpg,f8a7cf5adf122d5e94d05bf11d2729b5625e149acbe58d67354501244623be81
4812,hf_04812,photo,2,giraffe,images/photo/hf_04812.jpg,03dbf08971462cfeea3d27be9b18fe0f7abfa62ba78a4a4637d703bd2b6e5714
4813,hf_04813,photo,2,giraffe,images/photo/hf_04813.jpg,bd6654dd749817996aabf70d2a9f4da01a55abbd10dc7d3e4debbe215548aed6
4814,hf_04814,photo,2,giraffe,images/photo/hf_04814.jpg,1c1741a88a9dd317fb4150d2eba6335cf63feaef4b24c1059251a2a659ddd376
4815,hf_04815,photo,2,giraffe,images/photo/hf_04815.jpg,1cbddd94d4858bc5df7e82d67ccf78a5fb62d274ebb9a5e8ce8228a7a23bc77d
4816,hf_04816,photo,2,giraffe,images/photo/hf_04816.jpg,eb70645830c8897966a5e63f89af7d5c5e0188b54aafc8d20cba0ad8f99f2e60
4817,hf_04817,photo,2,giraffe,images/photo/hf_04817.jpg,18371c5c0a42b85fcb02062db15c8c0e7956a98284fefa341f1b7b512f05eaf2
4818,hf_04818,photo,2,giraffe,images/photo/hf_04818.jpg,de0a58d1bd55226b143348937a86377156c4594ad9094fea5c33967da3728e55
4819,hf_04819,photo,2,giraffe,images/photo/hf_04819.jpg,fdf0ffbedd32321c84f764e4645be3a7437af2c297a5c24ba61c295059eaa0f0
4820,hf_04820,photo,2,giraffe,images/photo/hf_04820.jpg,53771dcd5edd986fcd4cf85d243faccf91803644e9d57b3e168569de15517d74
4821,hf_04821,photo,2,giraffe,images/photo/hf_04821.jpg,358ffd9eb337a84df2c5cbf08992ed93c895c32be023dc573514bc727f2ddd74
4822,hf_04822,photo,2,giraffe,images/photo/hf_04822.jpg,08a1b2a0c3d030c03db81c3728aa531f15feb4db62025dbb53ebcf865d4a47f1
4823,hf_04823,photo,2,giraffe,images/photo/hf_04823.jpg,5c91049f3b21eabeee091439eb345eb0b8120e50de21cd982fda8b97c26b2024
4824,hf_04824,photo,2,giraffe,images/photo/hf_04824.jpg,7a06569f856f9a278e4683f457fd53925ab32cce75224586e0e07f8a7a826ee6
4825,hf_04825,photo,2,giraffe,images/photo/hf_04825.jpg,e570f4c5ecdfc6993d555e9a93a01014f0b5b2ad69f3a742339aca03d650e3ca
4826,hf_04826,photo,2,giraffe,images/photo/hf_04826.jpg,d5530ea8731ee3547d01cdec1d8dbc04c455530d5b968b1c7f38cc494d605ad6
4827,hf_04827,photo,2,giraffe,images/photo/hf_04827.jpg,669fc8daac7f8fe501436d71e9dc0340a60efcc056c0c59d01fd9181aaef914f
4828,hf_04828,photo,2,giraffe,images/photo/hf_04828.jpg,d78ec2c99765895286b7aaab167313da861b89dfdedb00783629a3b663ce61fb
4829,hf_04829,photo,2,giraffe,images/photo/hf_04829.jpg,6483ca4be37752ed712742b9150a07930fedd9d5dd4e9722b7407c4823416c05
4830,hf_04830,photo,2,giraffe,images/photo/hf_04830.jpg,5be49ffb8656d3addd4fe8a48d0de294ed8644ddf58af213dbcee1922453286c
4831,hf_04831,photo,2,giraffe,images/photo/hf_04831.jpg,640066818eacfac51260efe0d91cf2540e97a1f754f1e874c6cd47f8f03a45ea
4832,hf_04832,photo,2,giraffe,images/photo/hf_04832.jpg,640b727128d7741aa664fe830bf62dce5f638d2d1554f61d060bbd8b1733c8b4
4833,hf_04833,photo,2,giraffe,images/photo/hf_04833.jpg,eb447e9d733212ace1060abd36c0de7f1c55b9e35196da458b0fbf62795edeb4
4834,hf_04834,photo,2,giraffe,images/photo/hf_04834.jpg,2b527bc3f869f2bd05770a853f9bedd0cd6fa1765644ca2dc0475b59d73d1500
4835,hf_04835,photo,2,giraffe,images/photo/hf_04835.jpg,68461d358376cdcf28b5cc06bbfb2b6f08d908c778c610ac47189f8ec5e5d8c7
4836,hf_04836,photo,2,giraffe,images/photo/hf_04836.jpg,46052f3c664797c1a9e26cbfef0e862436815032978eb82b8011983b40fe7278
4837,hf_04837,photo,2,giraffe,images/photo/hf_04837.jpg,0aeba0606eef76e5e48726ecb4d4d50b8f9c26870e1c254331324fd97051a5f0
4838,hf_04838,photo,2,giraffe,images/photo/hf_04838.jpg,8e21f95fca043cb7c098b951c507afd32fcb595fae78fdfe725127d5cdd851f9
4839,hf_04839,photo,2,giraffe,images/photo/hf_04839.jpg,4be782b2c2e184763fca7b86d0c3f0d88c4dd9c758e10f53f612dd0e5d852844
4840,hf_04840,photo,2,giraffe,images/photo/hf_04840.jpg,ee67e56823e2261b1a83fd4cb98e8b38ea8460553fa1cd5319e196a5156d0abd
4841,hf_04841,photo,2,giraffe,images/photo/hf_04841.jpg,4e984e2e0b7dd6814a3c5209673289734fbfde5bc8968b0cf8cdd408b78d55e0
4842,hf_04842,photo,2,giraffe,images/photo/hf_04842.jpg,a3ccaf217a032dcc9d7f6e63b41467aed8fb6ae2251cb6539aa09a2024f55660
4843,hf_04843,photo,2,giraffe,images/photo/hf_04843.jpg,e0a4f2af641145fad06a13c405ee8b9e57a6c7ebc634f62e37b1f47e14f45b1d
4844,hf_04844,photo,2,giraffe,images/photo/hf_04844.jpg,82ddcf141e5ca0fa88d50f8d21c4e2e4216ff443dcfa58404cc8d85a90bc9773
4845,hf_04845,photo,2,giraffe,images/photo/hf_04845.jpg,8f6a4781d329015230f44f35befdb19a1867044b9a5005f6963e9628e23d25c3
4846,hf_04846,photo,2,giraffe,images/photo/hf_04846.jpg,2f31de365a5504b76a580b16962b5127e699b61dec9afe210cdfd7e69f7a8ba6
4847,hf_04847,photo,2,giraffe,images/photo/hf_04847.jpg,3b619c6bbe839d34b288e15200c03f8145852d36e56e7ca6fb19b14d4c6d793a
4848,hf_04848,photo,2,giraffe,images/photo/hf_04848.jpg,1ee2b7a9b3dcd22d575daf52e5d0e2214de0d3116646976008c87c56aa4f2c36
4849,hf_04849,photo,2,giraffe,images/photo/hf_04849.jpg,43d0e354d8423e914835219f2011fc743e17b9860d5c48f9a98b3731a05190a8
4850,hf_04850,photo,2,giraffe,images/photo/hf_04850.jpg,58681ae0021064715b0c7396f7a7dc67fa526c55bff1bfb87507149ba11d93e5
4851,hf_04851,photo,2,giraffe,images/photo/hf_04851.jpg,9dfd2ec45aad47b5b54fa74a06b9d2ec9171e18be1a065c11cada8319cb52fe9
4852,hf_04852,photo,2,giraffe,images/photo/hf_04852.jpg,0593e704955534618a2d5a056ebd088c2d4cf97da60e5e943ebf95a010ef634c
4853,hf_04853,photo,2,giraffe,images/photo/hf_04853.jpg,a52ca905d6262c454cc06450a05ba2d96d7acae286054611d9604d530f5402ae
4854,hf_04854,photo,2,giraffe,images/photo/hf_04854.jpg,0efc01300bad2bb9591fd93017b45e716a21d54018ced4ffb815ff16dfd67bb6
4855,hf_04855,photo,2,giraffe,images/photo/hf_04855.jpg,d9586bdf67527826f23e35773e81a9933b55455fecdd268aa2f0733f0fcbb505
4856,hf_04856,photo,2,giraffe,images/photo/hf_04856.jpg,422ca9593882d1b6e538b88fc562dbf4153a8eb25bf8c491a3cdc288d5ea6634
4857,hf_04857,photo,2,giraffe,images/photo/hf_04857.jpg,6cb4d9915eb820f2b56ad22cc87e045b7268294a8cf155bc24acd248b70f2b39
4858,hf_04858,photo,2,giraffe,images/photo/hf_04858.jpg,f2a4a973c93e5f9f9b5ae611ed1a44f35e16409c59269803299af99459829046
4859,hf_04859,photo,2,giraffe,images/photo/hf_04859.jpg,a98f2902fa5a831c5692ea5627887aba35a92f65d271c1db793e64dc6ba1c6af
4860,hf_04860,photo,2,giraffe,images/photo/hf_04860.jpg,b293d0a1b7e27ed478daa739f6ff832daec1785cb03614d0288c929e7d4b269a
4861,hf_04861,photo,2,giraffe,images/photo/hf_04861.jpg,4b06a2575dea5f366e6d4c6746f0f57d4d919eacee16b72cb3c2ff2d82061fd8
4862,hf_04862,photo,2,giraffe,images/photo/hf_04862.jpg,b0279f7e1ea5869b4cc7b505084b80b9f55e5ec3eff3b838d892212321a0457b
4863,hf_04863,photo,2,giraffe,images/photo/hf_04863.jpg,dff3a6470de7459c8f127d395b65069cad7e57ad6ab2fc02e53fc9bd64d0b8e5
4864,hf_04864,photo,2,giraffe,images/photo/hf_04864.jpg,bb7ca0c5fff6f5b8a06981390291123f25e99cc1f2223c9b6b8b13598a4b6169
4865,hf_04865,photo,2,giraffe,images/photo/hf_04865.jpg,7533bd8f3a26b7296d0028c7ef3245ca0a56cf450895dc7289f4398dc572077b
4866,hf_04866,photo,2,giraffe,images/photo/hf_04866.jpg,f513d7937dd7bd76f94d1a8a5126dfe9e4c006b492c125a26d8b05bdbb1dadc8
4867,hf_04867,photo,2,giraffe,images/photo/hf_04867.jpg,bb966fa93fcd3021d7c7c7a4aa029d81c9de770e6059336353b3328aaa821f0d
4868,hf_04868,photo,2,giraffe,images/photo/hf_04868.jpg,1e32542f6bd4d66f5a53e7044a8e2fbaf876f0af3d8e55d4dc7233761e33a8ea
4869,hf_04869,photo,2,giraffe,images/photo/hf_04869.jpg,6fd2f233babbe9de50ec8054718054d65b0b95587696069b35129edcb457680b
4870,hf_04870,photo,2,giraffe,images/photo/hf_04870.jpg,c15b7f094566f3eb1171104f0eaacc2682abcd3c5157808a46dd4756cfb16147
4871,hf_04871,photo,2,giraffe,images/photo/hf_04871.jpg,17d20e9619716d259a207133a42a244a721450174ee7970c932eca2d8af203ca
4872,hf_04872,photo,2,giraffe,images/photo/hf_04872.jpg,0803317e43af0d7a62cf5ddb3e6f7b1576f834b79c28b7731ec031a6191c5101
4873,hf_04873,photo,2,giraffe,images/photo/hf_04873.jpg,422744e10c18cf697d8d5b88b19f039ac351c1913db071bf130d77a19f40a81a
4874,hf_04874,photo,2,giraffe,images/photo/hf_04874.jpg,69724eb6510cb5a5202533fe1090c107bb447401c539286d7cfdf8973a48a011
4875,hf_04875,photo,2,giraffe,images/photo/hf_04875.jpg,ba82e1e84899d578d44a368952161af5e328fe69c0da1087ac7b31e4527d662a
4876,hf_04876,photo,2,giraffe,images/photo/hf_04876.jpg,cc892824de5fc8b58ef795b29178a5166f3dee281ce9082847204276f55d1d03
4877,hf_04877,photo,2,giraffe,images/photo/hf_04877.jpg,bd613dcd504ff5a2c4bcb5eff5222ad1859e379018d3232f576d9d6f399bb2cd
4878,hf_04878,photo,2,giraffe,images/photo/hf_04878.jpg,1d83a582528d3d72a86226f0812442999ab867b5b0d4df683d32f75a582810c1
4879,hf_04879,photo,2,giraffe,images/photo/hf_04879.jpg,15bdab134d8a40acb3c372ae8dfb6e3951d1ac9666c575c388e86155cf3d8805
4880,hf_04880,photo,2,giraffe,images/photo/hf_04880.jpg,b4753fd52ebb4f13ec32c6b23df223d53791cdf2cdb6db9b29d65769cdff4172
4881,hf_04881,photo,2,giraffe,images/photo/hf_04881.jpg,f07c44d54956b113c0d7f7e37334884125d750e93c3e36ecb24fd637f4c47596
4882,hf_04882,photo,2,giraffe,images/photo/hf_04882.jpg,500f87779a3d7df3c83d960ccb08df8ca5be58211f461c3eb321d451d882e1c8
4883,hf_04883,photo,2,giraffe,images/photo/hf_04883.jpg,5fbcc306863f24dd826c7ec21ee12c337c69093aca05aac1ea7e6b443e8e0cde
4884,hf_04884,photo,2,giraffe,images/photo/hf_04884.jpg,34a99217d43bf81d9a96b613462457821bfbf1c2bcaa629bf7c76db1a6fedfc0
4885,hf_04885,photo,2,giraffe,images/photo/hf_04885.jpg,7525fdf7bd3c49a53d5c4bd8b2c91c7ecb068afb0a2d71142825fa35861afa51
4886,hf_04886,photo,2,giraffe,images/photo/hf_04886.jpg,ff9a68516bbe9caa59116f9a75cb0de9476e11cd6eab1e41f632f930678e3034
4887,hf_04887,photo,2,giraffe,images/photo/hf_04887.jpg,e1fc7434900924633b85f9f5d6194d63f481fe3a2b23eab812c4ecde4c9bcef2
4888,hf_04888,photo,2,giraffe,images/photo/hf_04888.jpg,aef79697b686db20194dd5e78e3830d6ed8316ab9b9ead0abfadb6668dda9dbc
4889,hf_04889,photo,2,giraffe,images/photo/hf_04889.jpg,03f0e60b0c8c2430450102f7a247961b76b52796bfeb01f96469478bc33c2961
4890,hf_04890,photo,2,giraffe,images/photo/hf_04890.jpg,a7d9c24dc85b7d884807e917123d04e8bd56d07311da331b9b89130f6c521983
4891,hf_04891,photo,2,giraffe,images/photo/hf_04891.jpg,717f14b497e3d24cbb9c11238378e1821d3802544d87146d566d53f0637885fc
4892,hf_04892,photo,2,giraffe,images/photo/hf_04892.jpg,f119a7cd8e8446a00ce9498a85205e6f414b9a00b23ace7cdfe42d9d2344c50b
4893,hf_04893,photo,2,giraffe,images/photo/hf_04893.jpg,5ab79004faf7076497dffcebc0dffc0f1772c585e77a946e34c4df4264863fc1
4894,hf_04894,photo,2,giraffe,images/photo/hf_04894.jpg,802f660a8925bae949f3840049f75e1b56b82151457c2dc664fb9d305f3b9e72
4895,hf_04895,photo,2,giraffe,images/photo/hf_04895.jpg,24856da7a8e8386c9dcf5de691278cd1b2d3045f57bcad60bf840bb977cd7dff
4896,hf_04896,photo,2,giraffe,images/photo/hf_04896.jpg,086c6af15bc12b2b72947fc375a2835f79a8c79a8dd1fcf11254bb7bd3eaf0cf
4897,hf_04897,photo,2,giraffe,images/photo/hf_04897.jpg,463ded4255fd36ee63fdac147d67e366d066bb39ece8f1b1698939467e42f730
4898,hf_04898,photo,2,giraffe,images/photo/hf_04898.jpg,e370d2b6ab03f30ee13fd4e1e708aedb5693a8e5c19bb56a0e444f05469eb587
4899,hf_04899,photo,2,giraffe,images/photo/hf_04899.jpg,f110f026cf8500a43a3e37e7faae9d95a05359a55713be19b593fd41c86f89aa
4900,hf_04900,photo,2,giraffe,images/photo/hf_04900.jpg,d9b96cc0b558c4d69729a459478a10a2e2b7655ee22dbc386a1814376539b950
4901,hf_04901,photo,2,giraffe,images/photo/hf_04901.jpg,92493b589181d37d876f6b8ac9dff76152d17239a8139c414b97cb561f2b821b
4902,hf_04902,photo,2,giraffe,images/photo/hf_04902.jpg,1ac43131b8d5f405a06686b88dc7017a3caf5e1723219e417e8b2fcd67cdee9f
4903,hf_04903,photo,2,giraffe,images/photo/hf_04903.jpg,5a9dfdaa1b5e519d5419aa878c35e722c3b3df1411e32e0e508d00cafb1b702a
4904,hf_04904,photo,2,giraffe,images/photo/hf_04904.jpg,9c339bb3e23c27412b5da1f36132162be1036971dbd9daf3e4873669cb66bc6a
4905,hf_04905,photo,2,giraffe,images/photo/hf_04905.jpg,a5f88b8fff81c5cb9cfecbd621c15fa0c64a9c33070b19965d38d711852c1eac
4906,hf_04906,photo,2,giraffe,images/photo/hf_04906.jpg,d9012de1f633f2954d5b93715e19b32807fb383f6d5d498b0b36357b54be3292
4907,hf_04907,photo,2,giraffe,images/photo/hf_04907.jpg,5b7185742c056911531bae681a20febe308fb5ac2fb8488a4ffa34b7da0fdf69
4908,hf_04908,photo,2,giraffe,images/photo/hf_04908.jpg,202f6bf9dd002afe1348f2d19695b43c3f5b8dd36bff60b552e86d4be177b9aa
4909,hf_04909,photo,2,giraffe,images/photo/hf_04909.jpg,6e8cd2d83a4ee45f7f3c2579d06c31ce0da50069de688a002ccb2e14e765a1f6
4910,hf_04910,photo,2,giraffe,images/photo/hf_04910.jpg,aa60fecceeb29b200bda621553dd9678bf5b3fbf61236dba6fc6c78eb18688d0
4911,hf_04911,photo,2,giraffe,images/photo/hf_04911.jpg,f89a2279897011f6ef4b531512d0bc6a3335801b891b3d6c4cf3ae9eebc98332
4912,hf_04912,photo,2,giraffe,images/photo/hf_04912.jpg,d62daa0adb160cdcefb3ac82373f5cf1376e1bf68ea41f891b72a093094b6a3d
4913,hf_04913,photo,2,giraffe,images/photo/hf_04913.jpg,0f992a254b1ca54d7af6e82008736fb9ef77b14a9a8b40bd81269c9478dc6515
4914,hf_04914,photo,2,giraffe,images/photo/hf_04914.jpg,e485baeae49f169c9153ae45223e33a144e121b32a70fc367ceba4e60f822f5b
4915,hf_04915,photo,2,giraffe,images/photo/hf_04915.jpg,71f6d22008eee266ca96e31501d5a632bb8c42ae790b2693cba3ce91baf9e73c
4916,hf_04916,photo,2,giraffe,images/photo/hf_04916.jpg,d386d5f27a43597fb7bcd4bacf0cd176a89346ade111ddcae269cbca65a825b1
4917,hf_04917,photo,2,giraffe,images/photo/hf_04917.jpg,7685d21cdef36b85312c359a3ade25e5db1da63891287452870bb1bfd867f98f
4918,hf_04918,photo,2,giraffe,images/photo/hf_04918.jpg,bdf6bcd57d5a0591b472215cbe700ec9bc4b7136a44935ca8e5d9ce92180a0e4
4919,hf_04919,photo,2,giraffe,images/photo/hf_04919.jpg,a810cd1666aae13c98312e87b6dd2ab0e571d53ace6ed41b0288c90b550dd624
4920,hf_04920,photo,2,giraffe,images/photo/hf_04920.jpg,b8ebcc08e2ea2687777327807982e0fefc8b2b67c4695c66d14cefa5eff6a9dd
4921,hf_04921,photo,2,giraffe,images/photo/hf_04921.jpg,c45c79f5f538372fd0f8bc788c7d9e489482549231440100929539e99cb5bb18
4922,hf_04922,photo,2,giraffe,images/photo/hf_04922.jpg,e15f1291ddebc5d8c8c731fc1b44c7db451c2053322dc02595a1aedd38f7f68e
4923,hf_04923,photo,2,giraffe,images/photo/hf_04923.jpg,c02fc065d5b981abb20d10d561e9431c294b465969294e8c345294311829f89e
4924,hf_04924,photo,2,giraffe,images/photo/hf_04924.jpg,6e6cd4c39404d67fa8d4572481f1e450e80ba3131abb4da7f1c2860c4d845906
4925,hf_04925,photo,2,giraffe,images/photo/hf_04925.jpg,b1dad35c6606f876e1be2e51a4cde6e96b6c94d905b238e2829e4b73a3d6b90c
4926,hf_04926,photo,2,giraffe,images/photo/hf_04926.jpg,0c659acef8f96503fb0f2131809efb3de9434f5098716ae906ba0ca6e809fc26
4927,hf_04927,photo,2,giraffe,images/photo/hf_04927.jpg,7c90c600ea227cd2822f1e7861e736f60a5f91d7503f662b3657aa7abe7646ea
4928,hf_04928,photo,2,giraffe,images/photo/hf_04928.jpg,fc9f3622fa60873fa93d29fd6a964681db5f2d24870b92a92b1d8357fa158e6a
4929,hf_04929,photo,2,giraffe,images/photo/hf_04929.jpg,debec49367c8407eefbe6e97c0f1bca92e33893189f840f88fe91efdf50a12fc
4930,hf_04930,photo,2,giraffe,images/photo/hf_04930.jpg,13ef193eec5bf23183ed2042e36e5465d6620402bfa67b5e687fab68f8aa357d
4931,hf_04931,photo,2,giraffe,images/photo/hf_04931.jpg,bcf2fd44c55d5c8fe58d6f5fee6076b4c0c11a819f225f77deb19e7ab45dcf73
4932,hf_04932,photo,2,giraffe,images/photo/hf_04932.jpg,9236d8cba625936a70e9bda7ac99ea6303c528e1b910eae2f8091d74be6a2ada
4933,hf_04933,photo,2,giraffe,images/photo/hf_04933.jpg,73dcfacf15ab55754f7e0506af775cfc44107a4b03ab807f8effddf4a7adcc8b
4934,hf_04934,photo,2,giraffe,images/photo/hf_04934.jpg,f7797439acebccb1aeb8cc1b1c282cc46dab23ca8d85dc0b7281da90cd19fcc0
4935,hf_04935,photo,2,giraffe,images/photo/hf_04935.jpg,7380d492d912e54e8b29bf053466023b24eeb9f0554731ab615c477f67a2afe0
4936,hf_04936,photo,2,giraffe,images/photo/hf_04936.jpg,96d6d1b38c88803dd108fbd1e651729d7b47a2fd13293fd75377174029ad62f5
4937,hf_04937,photo,2,giraffe,images/photo/hf_04937.jpg,8e160467c6f67e0c58a6e90c324d0735e29eb420edcd8a09cfb01007fbdb03d3
4938,hf_04938,photo,2,giraffe,images/photo/hf_04938.jpg,99db8339547d924313422679e46fd05df568425f05544db0ba1674477f9fc1eb
4939,hf_04939,photo,2,giraffe,images/photo/hf_04939.jpg,0b531fc60e40d9dbf4639fea5e9ba1fd6c1b5bc63b75a15702d19dd3700d153b
4940,hf_04940,photo,2,giraffe,images/photo/hf_04940.jpg,6291d396e8f1424f6de606f9bac92da562c5c0e1bdc501832b3f25ba6a90ee64
4941,hf_04941,photo,2,giraffe,images/photo/hf_04941.jpg,2b2a9fb2f9be7e84f311c7cbcc496e6e6b3733e9264250b39c561c0d136496e6
4942,hf_04942,photo,2,giraffe,images/photo/hf_04942.jpg,a79fbe0bc628f39d4354e64e99f22f03d10b4ee75840d30ee171866373c0b7a8
4943,hf_04943,photo,2,giraffe,images/photo/hf_04943.jpg,05e09255e03fc3d98839283581fb699c172187f7eb75ab8901c5d071fa9dd4b3
4944,hf_04944,photo,2,giraffe,images/photo/hf_04944.jpg,336b5cb039dfd0b10af6f9bdb1e399f93286ca3f684700c42c833320809fe94a
4945,hf_04945,photo,2,giraffe,images/photo/hf_04945.jpg,3dcfe5dcea8535bf114b055fdf5545018cbb7c94fd12e0df2db5110acf09a0f8
4946,hf_04946,photo,2,giraffe,images/photo/hf_04946.jpg,531937d148b12a4ac077933f5a3f855cc1f4ad39fe0b2a8de3ea0be62c5cce05
4947,hf_04947,photo,2,giraffe,images/photo/hf_04947.jpg,38137208d07d133cf0657269e7dc5557d969c6a73d2665c09d00defbe5dbb6fe
4948,hf_04948,photo,2,giraffe,images/photo/hf_04948.jpg,ee79920a5ff2db78f70c752ee5d0693d6cbaecb6fbb8b264120d3de8171510bf
4949,hf_04949,photo,2,giraffe,images/photo/hf_04949.jpg,ff049984e7486e4eca2431d0b6fbce2fbcc05cf47c20cee319dc35c36f68486f
4950,hf_04950,photo,2,giraffe,images/photo/hf_04950.jpg,e37fde417f1a18cde48f5b2e97b3f8b1057e90fe496b500c015c4fa503a702f2
4951,hf_04951,photo,2,giraffe,images/photo/hf_04951.jpg,99c84d3424792af333af80e53c7ea73e65955511178bb3bbb747437faaac7dcd
4952,hf_04952,photo,2,giraffe,images/photo/hf_04952.jpg,ecf8b07d9022659ce5b08921cc7cd5b0760a5652d601031690f04fbe7dc80f0b
4953,hf_04953,photo,2,giraffe,images/photo/hf_04953.jpg,4b0fb1e2c6af91d830f1a2f3c575472c2c2e89463d163e5bec53438b0b21f276
4954,hf_04954,photo,2,giraffe,images/photo/hf_04954.jpg,aac511969e6e6019b25afbe9f2408bdb38d28f2b4f6fa21b9f5fd03b65135aff
4955,hf_04955,photo,2,giraffe,images/photo/hf_04955.jpg,9dc236f610f61afadfc2dc100f24986722010da032647578e73d004c21cbdff5
4956,hf_04956,photo,2,giraffe,images/photo/hf_04956.jpg,8b4563a5cce81caac1a523a01b84f8dc763a1d7f8950d859de105c92504b5a0f
4957,hf_04957,photo,2,giraffe,images/photo/hf_04957.jpg,b73f1108cd781f5527f17b224a1cddb717c0f35dc17d3d5417f934360b269ff5
4958,hf_04958,photo,2,giraffe,images/photo/hf_04958.jpg,c03fc45e93e5f2c84de1d2e5ec1ded9be3385de7228b072672f3a2633228fe97
4959,hf_04959,photo,2,giraffe,images/photo/hf_04959.jpg,8cbc45c745336c5077685ab6cd816eea976506a6b86ae51b10612b39531cbb45
4960,hf_04960,photo,2,giraffe,images/photo/hf_04960.jpg,778c5ab2136d7f5d22309380e2eefd3ec8d4d0df79d74cdbb5b4ad9d4c9c8017
4961,hf_04961,photo,2,giraffe,images/photo/hf_04961.jpg,2dc5935e87db5e514494401f5d33d117e49dec570c7deea8f6a2cdccbb994a24
4962,hf_04962,photo,2,giraffe,images/photo/hf_04962.jpg,89e6d0f80565f32844958f9ef08b7cc38bf536f003cf4e5f626f812e3b217564
4963,hf_04963,photo,2,giraffe,images/photo/hf_04963.jpg,694655fc0a96e805868122c4c944104f854dbf56bb053d0133737db3f4cd0862
4964,hf_04964,photo,2,giraffe,images/photo/hf_04964.jpg,f5ae1d16c029532ec4515564c4295dd5a7a3871d5887c0ccfe9c2bd4210175ef
4965,hf_04965,photo,3,guitar,images/photo/hf_04965.jpg,82367956341c99fa1d01d50088772a69c4ea635bbe56b7f01ec915eafdcb6c8c
4966,hf_04966,photo,3,guitar,images/photo/hf_04966.jpg,f37fb12c8b2765322ad77820b0658a1aa4996c7f2f7d924bee8da30ef827629d
4967,hf_04967,photo,3,guitar,images/photo/hf_04967.jpg,1a4d61ed2f9ffa2b562ddaa1b71dd42ba071ca2319a9661577cec386040da8f2
4968,hf_04968,photo,3,guitar,images/photo/hf_04968.jpg,244f63fa17c6548fb5af8ea8f378982f3a73f09c352c3d670f45f91c5f6a832e
4969,hf_04969,photo,3,guitar,images/photo/hf_04969.jpg,52f935012ae41273c560000199174b7fce4c026f68ebf9b9d5ff946aac15c77f
4970,hf_04970,photo,3,guitar,images/photo/hf_04970.jpg,eaae6011139daee2b8385cda4b3eccb7e4b693c0a6a2d36858c3ba5ea38019df
4971,hf_04971,photo,3,guitar,images/photo/hf_04971.jpg,af92546b7b4b1ca1aaab5920b70b609750aba10b57e9a6864368333c69c18519
4972,hf_04972,photo,3,guitar,images/photo/hf_04972.jpg,a238c2c2c6defe40aa560e58302579b029b0f8f5c8cbba8c90571c0003c3ff67
4973,hf_04973,photo,3,guitar,images/photo/hf_04973.jpg,4d5f4eff8fc470913a5610589b38eaf5aec0ede8c7efe149a5e424e232395ac3
4974,hf_04974,photo,3,guitar,images/photo/hf_04974.jpg,2eba99bc508b0e9e6dcebf95f3111de4fa490e42101c619172d731cf683f09f8
4975,hf_04975,photo,3,guitar,images/photo/hf_04975.jpg,3f0a49fed6f4678760969df6122c7355b7ecb6205eef3c4006ddcbf37d8fc495
4976,hf_04976,photo,3,guitar,images/photo/hf_04976.jpg,4d972d7675964dce64d0b0374edbb4a40c01edfe8b4aaaf95f93cc9d67f41db6
4977,hf_04977,photo,3,guitar,images/photo/hf_04977.jpg,90b68c8225036864560611ed200b3f2008e0632dd1cab0aea5b66fb739593784
4978,hf_04978,photo,3,guitar,images/photo/hf_04978.jpg,2f95c89c1ef9bd443755c7fe8a78db2e0781dc9f99609f38cf77c950ae966f3a
4979,hf_04979,photo,3,guitar,images/photo/hf_04979.jpg,b34adf558c472ffc0be6d1125f1e713d5138fe6197596c680a1dc363ab827d9c
4980,hf_04980,photo,3,guitar,images/photo/hf_04980.jpg,c6a716c2c5dc3f09917317f6947fe40a57cb84b68974c923d139d7f2e027aaa7
4981,hf_04981,photo,3,guitar,images/photo/hf_04981.jpg,aa686a17cbc6fc271a79bfca3dd9debea0ce725204f71ca7d7074f0a412c43b4
4982,hf_04982,photo,3,guitar,images/photo/hf_04982.jpg,a8ff0cdc9db9a772c8272b35ec63445c4971f3b46f733753e13a866a0fa91a4e
4983,hf_04983,photo,3,guitar,images/photo/hf_04983.jpg,68304c8f720b513381a6e9e09e9b751faec1f0014fad676d72671e3904e4d95e
4984,hf_04984,photo,3,guitar,images/photo/hf_04984.jpg,9f04c231e655a2549e7c79519907e27058448fbc15ce8d92a4f9bbcff4694370
4985,hf_04985,photo,3,guitar,images/photo/hf_04985.jpg,f16d6464a484a59bd0d98b25099af72ef8b97d1ac1dd2c757ddd4f67ec7095bf
4986,hf_04986,photo,3,guitar,images/photo/hf_04986.jpg,6077750b4734efa3d4cf5b9188fd4820d443d440cb1b36634f3fd7476dcb2873
4987,hf_04987,photo,3,guitar,images/photo/hf_04987.jpg,eea45c1be52c706c9fe51a1c47e891c3f54230cf4f308654350a19aab011561e
4988,hf_04988,photo,3,guitar,images/photo/hf_04988.jpg,aaaf93818886b5624384f06cdded474d9f54d553c520b20a27f4ea87c0e1f0c6
4989,hf_04989,photo,3,guitar,images/photo/hf_04989.jpg,d2df990f41ceff79732788a1e86e9ca4d28b543222e6a2e263cbcb20b382c1cf
4990,hf_04990,photo,3,guitar,images/photo/hf_04990.jpg,db7ae6b73fc073683059cc6c1143430217e37a8398c78bac7a99d8fcd86e2d80
4991,hf_04991,photo,3,guitar,images/photo/hf_04991.jpg,2a44cabb7d0b1d79341190294f181cc92dc346b89134d84465be9f62cbdc455c
4992,hf_04992,photo,3,guitar,images/photo/hf_04992.jpg,d56d162cb272ed7d8fee1ddeafe642d1551ca77c151950ab1afc01a0ff31f4cf
4993,hf_04993,photo,3,guitar,images/photo/hf_04993.jpg,70fedaa01c01e468745f31369d17e474140c8b499a1ebf8e01404b4832eee7de
4994,hf_04994,photo,3,guitar,images/photo/hf_04994.jpg,9bc9c12dffee94aaabb299828be0cfb4853348a65598f7cc723cd932cd247b62
4995,hf_04995,photo,3,guitar,images/photo/hf_04995.jpg,7c8d447ad824a8ebaf331fdd2cd5f55417e1672123ae9783f301d2b490495a10
4996,hf_04996,photo,3,guitar,images/photo/hf_04996.jpg,77f104f1d243756f5d67e6ab1576ec5ed25a89a6fadaf24ea2ef1bc96d0aee84
4997,hf_04997,photo,3,guitar,images/photo/hf_04997.jpg,0959fa6140911ad607eeb7f7f6a2672d6d9b621e8ff9fb2f26845c6b3428ade4
4998,hf_04998,photo,3,guitar,images/photo/hf_04998.jpg,6b3a2f5a08d88ec9f87da4705b16906695dbcec7a07767b2ab85b301a69473bc
4999,hf_04999,photo,3,guitar,images/photo/hf_04999.jpg,55bec03c9c4064c2203a54e6acb0a20f491de7e3a0f9c0c5fb2a5b6c19cc2a09
5000,hf_05000,photo,3,guitar,images/photo/hf_05000.jpg,b6c5a13d001de365f169c1012ad1a859d0072838638d8aa2aa17a68b9555eb42
5001,hf_05001,photo,3,guitar,images/photo/hf_05001.jpg,905d5828cdebe4c1003a276f082c0081e09a24e0d21968d65f8a456074926207
5002,hf_05002,photo,3,guitar,images/photo/hf_05002.jpg,ee48df658865aa59a3643e6eb0efce3d98395e77095796613fe0f84e6d356091
5003,hf_05003,photo,3,guitar,images/photo/hf_05003.jpg,56343fbbe185ff738ef549b6d75ca61eb6c276488491de805a500293503e0e76
5004,hf_05004,photo,3,guitar,images/photo/hf_05004.jpg,53e37c55e6711e78f30bb1972107c7956ce766b950b4926ba89784e292f5325a
5005,hf_05005,photo,3,guitar,images/photo/hf_05005.jpg,a540b74c83ffd90f441b3f73a16a91bc7a8f431f42649dbbeb76a1d4d46eac35
5006,hf_05006,photo,3,guitar,images/photo/hf_05006.jpg,4e07681ac74b72cb2743d7831544a69329963bff0237d4d149d07e6b01c03638
5007,hf_05007,photo,3,guitar,images/photo/hf_05007.jpg,acc210dfe5ebd7d6dd8f449a1e9edc74afded1066ace36dc8b19a3b72e13e306
5008,hf_05008,photo,3,guitar,images/photo/hf_05008.jpg,cbd0962f832720636aa5f4797ea75a9028b97e2f4a6eab3872314ff05f00542b
5009,hf_05009,photo,3,guitar,images/photo/hf_05009.jpg,b052e99aab89c8184b193ad1d5b5b7f4a837a3bef082aa3b10ff2f44b13822b7
5010,hf_05010,photo,3,guitar,images/photo/hf_05010.jpg,f8ec71a92c754ef9be97db79f891bbf28c1e7c8622b5ecf96d8085833b585e12
5011,hf_05011,photo,3,guitar,images/photo/hf_05011.jpg,f7d5d50721f72ba7de8d1230e9288e57d31c8aae31e087607b28930d1f10aab7
5012,hf_05012,photo,3,guitar,images/photo/hf_05012.jpg,1e702db8d79dcb74a03c99304245383edf86fb22388ead15f21f7208ae7ef0c4
5013,hf_05013,photo,3,guitar,images/photo/hf_05013.jpg,c1d8292392dfae20a15a1e1374daa5668578f43d57e9c9b3f3c56166099df501
5014,hf_05014,photo,3,guitar,images/photo/hf_05014.jpg,d45fec8d859ab0c387927a763892c0a4f088969d92244bb5c6da8759c1e6d4a9
5015,hf_05015,photo,3,guitar,images/photo/hf_05015.jpg,09ec435e477d4c6f55f155a15ec1c47a6d869dd9b833e9166daea6958e101a06
5016,hf_05016,photo,3,guitar,images/photo/hf_05016.jpg,a47cd18632eb85849fbd559d70ea2bfc834ffbc673faf08d5f8c5c5b02e0ab0a
5017,hf_05017,photo,3,guitar,images/photo/hf_05017.jpg,5e6c211e9413a88194cc5f84465cc0d03d088897a48cd9eea4b3f58a8f8fdf45
5018,hf_05018,photo,3,guitar,images/photo/hf_05018.jpg,ee06c0ecb3b87ab86119fab20c96bcf09376dc1b9c3078af94a33cea28f38dcd
5019,hf_05019,photo,3,guitar,images/photo/hf_05019.jpg,c1f6a7019cb9aa0f8fde944f2b963f244763ad167924fe3ecdb82d2d662a0bdd
5020,hf_05020,photo,3,guitar,images/photo/hf_05020.jpg,bf80aa85bdcdea709955f6b32e199c1fcbf91b3c09bfc247a9054a6bdc7367e6
5021,hf_05021,photo,3,guitar,images/photo/hf_05021.jpg,b56405504eab9fbd67638682807f582db8d3a4bd59811d3aa3728b90c7a7bbb8
5022,hf_05022,photo,3,guitar,images/photo/hf_05022.jpg,8eeedcb899125c1123ce28a0a8a9dd9f873eb3ecaa6c99f3b7ea0a30faec69e7
5023,hf_05023,photo,3,guitar,images/photo/hf_05023.jpg,cefcf38ca96c6418705a527d07e3f2358f478d590099a59c95d769db61828d3c
5024,hf_05024,photo,3,guitar,images/photo/hf_05024.jpg,a99e31fd79ece366393eac5ce4cf5f694f070758806d166c9073a6b9f5176fd8
5025,hf_05025,photo,3,guitar,images/photo/hf_05025.jpg,8f8a51a09cc09aa2bb04563cf09c760ec321f755ef38fc50d773fec8f704a48e
5026,hf_05026,photo,3,guitar,images/photo/hf_05026.jpg,cc36c3f267a001f90e34f138705fe26663e08cab04f0068a82db3b1fb5a902ca
5027,hf_05027,photo,3,guitar,images/photo/hf_05027.jpg,fb29703fca4f363114a0ae68e9cf08a26241f9ef578bf6274be7cd08a3fba23b
5028,hf_05028,photo,3,guitar,images/photo/hf_05028.jpg,78e18c613a310754877c5a16a2301945579abc25226e9c67741a3bd9b24504ba
5029,hf_05029,photo,3,guitar,images/photo/hf_05029.jpg,8658438d35e33dced85e673039f4394b7dfefa7daf713f01bd4bd372f3f579b6
5030,hf_05030,photo,3,guitar,images/photo/hf_05030.jpg,0bec94b9e12afcc899e0728a7d837ddfafaf8301f6ac85d61a9bb536249893b3
5031,hf_05031,photo,3,guitar,images/photo/hf_05031.jpg,6eeed5d85ef45b7cec903db0b8213ebefb8af08d5e3851a410b3ee40ff08f854
5032,hf_05032,photo,3,guitar,images/photo/hf_05032.jpg,e9a85a3e7561c22bfc37ed5503ae31efffdbb75c85ed12df909de1d6a598d968
5033,hf_05033,photo,3,guitar,images/photo/hf_05033.jpg,9141280cf6298d9625a2c7842685fff2b591a0aec25cd55a0afa18e4dcb083cc
5034,hf_05034,photo,3,guitar,images/photo/hf_05034.jpg,ef71eae67891967601cc8c1d2e74dd2bfd3af994c7f12025efae189e0ae211ca
5035,hf_05035,photo,3,guitar,images/photo/hf_05035.jpg,ec4a1cd34890e80c85dabc0feeb1d3cb9514df7f57fbdfcab882d62757ede74a
5036,hf_05036,photo,3,guitar,images/photo/hf_05036.jpg,0034212955c3a6323f26e5922b04043ab92aa5037876ee26ba7d8fbabb798059
5037,hf_05037,photo,3,guitar,images/photo/hf_05037.jpg,c4352da63655252b5430c3700e4cfda0033ef4e8bbee3fbee05d73dc39d61c30
5038,hf_05038,photo,3,guitar,images/photo/hf_05038.jpg,8de968021fd74814b443cd53af4b5905a2eb8b2d7e50c4f354dba1f701d4d385
5039,hf_05039,photo,3,guitar,images/photo/hf_05039.jpg,fdaba76aea93c7494792cdf117a7f2538d5f672c7d81dd09a8ff5769b4fb0f94
5040,hf_05040,photo,3,guitar,images/photo/hf_05040.jpg,a3cfcb48c8241b0884ea96885e5c8b976b1a6da096f050337eca4c22fa6c509d
5041,hf_05041,photo,3,guitar,images/photo/hf_05041.jpg,d0e6fcfc349c56e8130fb7b6896433474706c92ed2a01ae42174340953cf2f9f
5042,hf_05042,photo,3,guitar,images/photo/hf_05042.jpg,755c249a3852241a0b10907bec993862ef332caf6b30335332fb08af5bf80a47
5043,hf_05043,photo,3,guitar,images/photo/hf_05043.jpg,9773e89d4c6c57c63f28e13b558a7a183f814f9cda582368276f20fc4b673aab
5044,hf_05044,photo,3,guitar,images/photo/hf_05044.jpg,72b239de258edbce9e8de531468ff4dbc42c1d21c737dfc7d53cd25de0d54e0e
5045,hf_05045,photo,3,guitar,images/photo/hf_05045.jpg,c23ce699e901b96bf62d3930c9fe8d71eeec10450f9b66336f7d8160cd7bed11
5046,hf_05046,photo,3,guitar,images/photo/hf_05046.jpg,586a5c32e37d56fe642bcdf6f9c69568c94f6fc3aa8c3f7fccd3d00905e20507
5047,hf_05047,photo,3,guitar,images/photo/hf_05047.jpg,d1444d6d71b9b015186d218eacf8b44b00b448e143484c62cbf904731dfd4b0e
5048,hf_05048,photo,3,guitar,images/photo/hf_05048.jpg,9a69076571af3adc44aff6c3b45d3f48b9fd49498f5cc424299b2bbef02b0966
5049,hf_05049,photo,3,guitar,images/photo/hf_05049.jpg,11ae5c3f8977e34ea67862b786f0752249302a258344eda1d555f7fd0150ec09
5050,hf_05050,photo,3,guitar,images/photo/hf_05050.jpg,c6b9989fc5c247b8231c33ce63549e075f71c1d757bc8c36a9515f0faa520ee3
5051,hf_05051,photo,3,guitar,images/photo/hf_05051.jpg,24b8ef549d8ffa5e06580d93ad73309121b8122a76b04a925d662669c3c20d61
5052,hf_05052,photo,3,guitar,images/photo/hf_05052.jpg,334df8f5eca404d8e276c1e2ce58ca1aa0e707c14c94a389e8dffcd3b821ceda
5053,hf_05053,photo,3,guitar,images/photo/hf_05053.jpg,c5ddf4146056d5daffda3adc6b76be2910b6b8736b29ee46634008d0905d572d
5054,hf_05054,photo,3,guitar,images/photo/hf_05054.jpg,8294243a5f006be09a90c75641ffe4bee74884d9d8d4e849b19195e1555f7ff5
5055,hf_05055,photo,3,guitar,images/photo/hf_05055.jpg,372b7206325f10cc7d8c39e6513f39e69c9b280609ee9be1fa03c4e91f2899e5
5056,hf_05056,photo,3,guitar,images/photo/hf_05056.jpg,282dfd8aa6e403656eaacd1d0fb50ba86ca173946233aa68fcb481ceb0b0b8f4
5057,hf_05057,photo,3,guitar,images/photo/hf_05057.jpg,0cfa7bb6c3b05cbf2227b99061b88a80e789daa0c0ff1de70881c71347307155
5058,hf_05058,photo,3,guitar,images/photo/hf_05058.jpg,bd06c320bc9aa70fadaa8dfe0f042812643728c3928b2dbeefc5f8f24b617dc0
5059,hf_05059,photo,3,guitar,images/photo/hf_05059.jpg,c4b2ffe9214e628df5e11de101b8aaa783ddfaa410b7cf3f98eb580bf8945c02
5060,hf_05060,photo,3,guitar,images/photo/hf_05060.jpg,fecf6e4092bcf3b78edc891573d393b3c2e9b358a93212206fcb9ed7b600c7fb
5061,hf_05061,photo,3,guitar,images/photo/hf_05061.jpg,e732097992ad2fb2b2d5b9e4fb721c1cca3a572f25e711cfa327556ad300c714
5062,hf_05062,photo,3,guitar,images/photo/hf_05062.jpg,86eb5ee7fe4239bd459c6b316cb39ab52d0015f3c69bd633640ff19e10e1bbe0
5063,hf_05063,photo,3,guitar,images/photo/hf_05063.jpg,494abbc630a6e8703cc5d8f36a78be01135fd68f9b63fc79732e42159cedf995
5064,hf_05064,photo,3,guitar,images/photo/hf_05064.jpg,c33bd5156635ebbe510a3169f23ee7c354eb4d45cb575d8ce4cb56059706cd32
5065,hf_05065,photo,3,guitar,images/photo/hf_05065.jpg,08561f75cf289ea56fcd25d0d82ae51203b8cf2bb7837893e75b5cf90b798c9b
5066,hf_05066,photo,3,guitar,images/photo/hf_05066.jpg,d92c1d0985f30d3b9d8b0590ff7abb84b093a34b5bf6c617220cf0bb13a89e6e
5067,hf_05067,photo,3,guitar,images/photo/hf_05067.jpg,04ddfca834e6c2d7f2681e227d439ac41002ccbd63df0f7a2f0a4005cf76016a
5068,hf_05068,photo,3,guitar,images/photo/hf_05068.jpg,28dd1b6551feb8ce25f69bc8d6ba974322543264d38ac64d98575bd46693b996
5069,hf_05069,photo,3,guitar,images/photo/hf_05069.jpg,f1079f1aabc454dc043a5e812dcc703b69ba642cdf3ebb96a51da825d20373cd
5070,hf_05070,photo,3,guitar,images/photo/hf_05070.jpg,d3d73cce9a869070ebf988a20c9122dc0572b16b49f2d41ab60351f137bb2364
5071,hf_05071,photo,3,guitar,images/photo/hf_05071.jpg,733450bfff75c6e4d95ffdc757ee4d4106da18845a984fa901aa7f82a16ae385
5072,hf_05072,photo,3,guitar,images/photo/hf_05072.jpg,da6d6f422922aefc20ac53addf348ff86009caffd4186fa8ab774811a899d57b
5073,hf_05073,photo,3,guitar,images/photo/hf_05073.jpg,98b79540a296ebeefd6a313e5f6c6d290f61c36731a5785bc425b07f8b5bc091
5074,hf_05074,photo,3,guitar,images/photo/hf_05074.jpg,d9a9304ee3822522f27d3e90efda14da2f270bbb694ab4869a015696740fc80c
5075,hf_05075,photo,3,guitar,images/photo/hf_05075.jpg,e73cf3e7f2ecdf8357f8bd976dcb60eaaf622518f67142f418a8658638fe42c0
5076,hf_05076,photo,3,guitar,images/photo/hf_05076.jpg,2e0723558d8b6674e680040c157ecf21dea962629e53f20664ddf4ed94094b53
5077,hf_05077,photo,3,guitar,images/photo/hf_05077.jpg,ee0b489797ce37863df4938e08a6273c7507fa5c9ac2662680a21015efd2f432
5078,hf_05078,photo,3,guitar,images/photo/hf_05078.jpg,9cd44934b4954b5e6135d277050b62c07bb1aa2c30fb6985192c723e05a709f4
5079,hf_05079,photo,3,guitar,images/photo/hf_05079.jpg,4205e5b99248db73431cbbb74784aa1fa796c4c7e5a07cb81bb9dfd1cc8aa7f8
5080,hf_05080,photo,3,guitar,images/photo/hf_05080.jpg,db242dbe260fb885cdddca4dae33d5d6d80f2dfa64683d1b42ed8e5596d2984b
5081,hf_05081,photo,3,guitar,images/photo/hf_05081.jpg,aa209915ef950df794ef12fe2ea414590e28c765a9b61aaa8ccc5d4cf1fc2cf2
5082,hf_05082,photo,3,guitar,images/photo/hf_05082.jpg,4f228df5d6860a133b3c3905e0633230409773ca44bef2283016672f532f6f1d
5083,hf_05083,photo,3,guitar,images/photo/hf_05083.jpg,f54d6d5af39128d99f3d93df0f1997b6e6d1450f9e329067ca6ac83b162337d3
5084,hf_05084,photo,3,guitar,images/photo/hf_05084.jpg,6c08a66ee0f2f3cd2df0a2f1f95ec8dad2fef0c8ca0e699f696c25a576990a2d
5085,hf_05085,photo,3,guitar,images/photo/hf_05085.jpg,e60305d03ca865b0985672044fbb7cff0f0c5bc75b7dec1782493241134e0fa5
5086,hf_05086,photo,3,guitar,images/photo/hf_05086.jpg,9e104824d3e30908f04e0fbd15ce55753f41274fd245e100c7e74052ed512729
5087,hf_05087,photo,3,guitar,images/photo/hf_05087.jpg,963dd1b76fbd52be27c246e2ed1d2ae88f8694445a5f731ca59d2a655cfe7ef5
5088,hf_05088,photo,3,guitar,images/photo/hf_05088.jpg,f759527cf68444a4c3b42dce4d0ae5b533d60a2519b4f2769423a96691d9efcd
5089,hf_05089,photo,3,guitar,images/photo/hf_05089.jpg,0fd4e77d45a821c8cd3e99ba4e1ba3d7e2dfbe4b70162b6ec2f93c961cedb37a
5090,hf_05090,photo,3,guitar,images/photo/hf_05090.jpg,7d41a7f941ed6283ab9d7718b969388d85f3a47a9cdc9326f79ee580e9839f0e
5091,hf_05091,photo,3,guitar,images/photo/hf_05091.jpg,ebb5faf3a67f57a4045d8ce6faad1083a791368511f71bd1ce806a6f8078d4a4
5092,hf_05092,photo,3,guitar,images/photo/hf_05092.jpg,010afd2d8304de0764d542dea4809381048532cb8f72ab1919367d77d116e9e2
5093,hf_05093,photo,3,guitar,images/photo/hf_05093.jpg,862774afd189c194f737c60410360644f7dcb5a0057a74bf43f4f36bdb06dbf8
5094,hf_05094,photo,3,guitar,images/photo/hf_05094.jpg,9562c14bb322d1e5ccfea587219adcf278eccd2e4ec55645b0a803217727ca65
5095,hf_05095,photo,3,guitar,images/photo/hf_05095.jpg,9ad69d246791e949898412aef5fec70a60a63137b0a871efd0dd2ceebb84eec2
5096,hf_05096,photo,3,guitar,images/photo/hf_05096.jpg,2df40292ee28099726545c83e9a4aaaca9a5c89268162b51fe399a251b1e93d5
5097,hf_05097,photo,3,guitar,images/photo/hf_05097.jpg,80b0c39601d2349a4a06e810978f06efd238da7117d7cc761a8ab9dc09bf988a
5098,hf_05098,photo,3,guitar,images/photo/hf_05098.jpg,bd81db2f6befd4127e708327f93925ea6c9be2eb859cdf305c611f29bc9acb96
5099,hf_05099,photo,3,guitar,images/photo/hf_05099.jpg,450ca90c4b1bc606c82db30dd5648f8c17fe501b0e251bf4e49d66926c765cb1
5100,hf_05100,photo,3,guitar,images/photo/hf_05100.jpg,b13524f5e6d11baf2d00d313fc3fa5e6a50e9910b9d2dfeca7b3bd9b5a925bf3
5101,hf_05101,photo,3,guitar,images/photo/hf_05101.jpg,c035d133649fb570fa8b35f0c907d9a72251898092b51fb3b5c33f1e91558b38
5102,hf_05102,photo,3,guitar,images/photo/hf_05102.jpg,08dc6d7e39f5488646f79de72c18b458cc51165570c1051c456a6cae2979f36e
5103,hf_05103,photo,3,guitar,images/photo/hf_05103.jpg,1f44f89deca7bb6fef2681169e17638813c2c38c7229fd0f484bbc16f5c25a8d
5104,hf_05104,photo,3,guitar,images/photo/hf_05104.jpg,9757d02244ece560f887be213120669f20aa8b5bc61ee0400f157a7b9804c84f
5105,hf_05105,photo,3,guitar,images/photo/hf_05105.jpg,95679cd0521b3998dac4a254592eaca7d9b537dc26a555b6a056611624895c8a
5106,hf_05106,photo,3,guitar,images/photo/hf_05106.jpg,3a182f6db03a02bfcda5f1b53d438cef5030de145e8da3f817fb3fbd72cc9335
5107,hf_05107,photo,3,guitar,images/photo/hf_05107.jpg,fdc298e0e7eacadfd4e8e386e2821b718b05901fe837c9cdf5ea1b7acd7a906a
5108,hf_05108,photo,3,guitar,images/photo/hf_05108.jpg,c11b4329d83464be87af734851451e9ced4691b807c7d633372ad6e8e2684834
5109,hf_05109,photo,3,guitar,images/photo/hf_05109.jpg,c0973de507afe2f156fadf9437395134c796fa51699faff83968e85108eebf9e
5110,hf_05110,photo,3,guitar,images/photo/hf_05110.jpg,76b5297de255f51345cf22e3d62deacbc44d479bdd9836c1e81358dc691b4876
5111,hf_05111,photo,3,guitar,images/photo/hf_05111.jpg,cb445c1deb493ed130bf6645784d7345d49b3a7e756c70d27a09230ac6945afa
5112,hf_05112,photo,3,guitar,images/photo/hf_05112.jpg,82b5701778fee55725e6804a81ad7a13e31de56fc4d04c4e4846355b254600fd
5113,hf_05113,photo,3,guitar,images/photo/hf_05113.jpg,c071cb891f4e4210c24a1190af644de874bcad83c172bd904284b1b4ddb0ae13
5114,hf_05114,photo,3,guitar,images/photo/hf_05114.jpg,498baabf0ba9b92159f7b3ad38ac7696a43fe574d55b2bcdf05c9723a0cbe045
5115,hf_05115,photo,3,guitar,images/photo/hf_05115.jpg,861607b612248f80c3ee977c0a16f332b4ca50ed6e8182604d2c821452eba681
5116,hf_05116,photo,3,guitar,images/photo/hf_05116.jpg,5bd9dbf23d17f25d4b58687fdd10bf31c9aa7e0912c18e5cd07d0d592a5a529c
5117,hf_05117,photo,3,guitar,images/photo/hf_05117.jpg,a9c8a50ed601dc0ae1db37f184bcc3219120fbe129422f851d66d667ec78672a
5118,hf_05118,photo,3,guitar,images/photo/hf_05118.jpg,7d9f19e0aa75e3a700fcc500e845a12e8adcd958408c89899e9e09b1c6fef2be
5119,hf_05119,photo,3,guitar,images/photo/hf_05119.jpg,2b9f4588831cccbbd0d46c134bab5138cf715758a44023fcb4aaa7639fda1f3d
5120,hf_05120,photo,3,guitar,images/photo/hf_05120.jpg,65de294818537d14759bc5e9e55e616fbb737d5c5d736db3e831870ddc00d36b
5121,hf_05121,photo,3,guitar,images/photo/hf_05121.jpg,c6e5c13a8d2e41ae4bc5b58538e390e6134f95cb2b09de489892d97f6a9c0ef5
5122,hf_05122,photo,3,guitar,images/photo/hf_05122.jpg,05b89721fd62be1080f8388d100fac919c5f09d8076f08c0103fb4be727319ba
5123,hf_05123,photo,3,guitar,images/photo/hf_05123.jpg,7af9e59c0051e1b6163b0d5b9e4abe5f1e397d7a2d44888fe206667f418a15b8
5124,hf_05124,photo,3,guitar,images/photo/hf_05124.jpg,68c60cf5a30a77e7e0f68307303dba2c9e5d001c64152b31cb0fd9cd97412586
5125,hf_05125,photo,3,guitar,images/photo/hf_05125.jpg,d1ee67c8a58cdf00068f41a2a704a8dc0a3848dd05999129f6029f0784cb169e
5126,hf_05126,photo,3,guitar,images/photo/hf_05126.jpg,f8874b1ae3601d9542b4882a8d970a828f8a92077cd4e0e7aeb4c26b4bc31b69
5127,hf_05127,photo,3,guitar,images/photo/hf_05127.jpg,4f0842de00e59d6e2f6c540831ff53d5565a8618f909c51cbb06198f83582840
5128,hf_05128,photo,3,guitar,images/photo/hf_05128.jpg,e0dc583822ade8cef1387fa79f18f140c87353ecea6eb24bfb415c1d31554d23
5129,hf_05129,photo,3,guitar,images/photo/hf_05129.jpg,10805407aca39de0c3a2200bfebece14ae5a9e5368dbdcffde24c5aef39c2a2e
5130,hf_05130,photo,3,guitar,images/photo/hf_05130.jpg,75e781c9135dd2b6adc0fc224285be758d5166fa35951bde52f6826e778ce345
5131,hf_05131,photo,3,guitar,images/photo/hf_05131.jpg,9d9b054fe5d888887efac0fc33d1db27f54c9812df1c976f6eb96ebc1b1af8f4
5132,hf_05132,photo,3,guitar,images/photo/hf_05132.jpg,632e6b33a3de31af3014bcdac226e735d4288886ecb5ab524e6d9d9ef8d6b6e3
5133,hf_05133,photo,3,guitar,images/photo/hf_05133.jpg,a427b7a5a11246d0b4abbd0767266a0ac09df27def269ed438a455928aa52124
5134,hf_05134,photo,3,guitar,images/photo/hf_05134.jpg,826f5edb98a87526c53be9f967de96eeeeb57c970a05fdc78484713434e44ec9
5135,hf_05135,photo,3,guitar,images/photo/hf_05135.jpg,de6e807c99d2548be91d76164bded85e75d8c8bd2d5d65f988bf0edcf4dea06b
5136,hf_05136,photo,3,guitar,images/photo/hf_05136.jpg,d8343a28c494f344ebe2fdccb977b4cc17203990d7b0290835689d1fc1b0b2fd
5137,hf_05137,photo,3,guitar,images/photo/hf_05137.jpg,61a153907a61df01f6bd2359bb6a06a1ac1a91e7f936bd0a6c3dfd7d122b54b8
5138,hf_05138,photo,3,guitar,images/photo/hf_05138.jpg,f0f8c6c55ce25a415c3d8536b81db64523a9288421cc3e143889abdb4a261026
5139,hf_05139,photo,3,guitar,images/photo/hf_05139.jpg,95656673a01910085b06a58df60fc45b2d31d2c346a57d8c1ccfc049dc96658e
5140,hf_05140,photo,3,guitar,images/photo/hf_05140.jpg,0b4d8ba339e7e275def3f8fce1ab1c9230a678a6e48859f31b087f62da38691e
5141,hf_05141,photo,3,guitar,images/photo/hf_05141.jpg,1bbac57ea7692bf371d8f58cd49837227fd71a58a684a81ae135b19849ea27c8
5142,hf_05142,photo,3,guitar,images/photo/hf_05142.jpg,1a69269fd1e1c18ad4f4f907c1698d03f20693e26e826098549e0a11257bd93e
5143,hf_05143,photo,3,guitar,images/photo/hf_05143.jpg,055bb00106dbdd3028db71b6def0fa06fa35bcfea552854739861dd621bbc17a
5144,hf_05144,photo,3,guitar,images/photo/hf_05144.jpg,081a94157c0df6251b645f2ce4ea765e04d4d02022641dfe12545baee942d727
5145,hf_05145,photo,3,guitar,images/photo/hf_05145.jpg,c3b82f45d3cb8fe5e800e54bf89b2135c50294767f7632c45051e6553fbd4d53
5146,hf_05146,photo,3,guitar,images/photo/hf_05146.jpg,09f98d80cb30c50fdf9d4dceaec0b9bc99a0462f839bebf80807821f4f8d0ac1
5147,hf_05147,photo,3,guitar,images/photo/hf_05147.jpg,fb2bbe947ed14df2c211294121390429aea67c8c3f494c41068aa777873dfe31
5148,hf_05148,photo,3,guitar,images/photo/hf_05148.jpg,8100f418fbd230276cec4014eca79511a0486cd4619447fa889481688ef3b45b
5149,hf_05149,photo,3,guitar,images/photo/hf_05149.jpg,1027221c4141c4fe9beee7c2f0635596fb67bef522e59a4f661963624940f64f
5150,hf_05150,photo,3,guitar,images/photo/hf_05150.jpg,dc6aa103dfcea936c8269799cc5411d4f5f1fc46305f73c154f9373346d5aede
5151,hf_05151,photo,4,horse,images/photo/hf_05151.jpg,92f19e8b77ccea94b8eb2d5af6a2009c990410f51a94100dc567683b14d8405a
5152,hf_05152,photo,4,horse,images/photo/hf_05152.jpg,22e05435ac0b107a406f98eb9f558175f3cd098bc3689e9f7b3c6538fc9eac3b
5153,hf_05153,photo,4,horse,images/photo/hf_05153.jpg,05da518d4046ec2ce245b44d47faab02f5af9f6f2ea5c8a6eb0ba227c30e0013
5154,hf_05154,photo,4,horse,images/photo/hf_05154.jpg,2195129cfff6d5d58273df1fe1ae659b8a6bf770bc4bcc970df8ede208f888eb
5155,hf_05155,photo,4,horse,images/photo/hf_05155.jpg,6bf6fada0aab9c6d9a0cc7a77e328f4812c27e7afdc16a8ce31a3e3d5a99eee9
5156,hf_05156,photo,4,horse,images/photo/hf_05156.jpg,beb94c6e9d204a21cc53d58ebff98390c40815a5dd6d8d5e279c6b808341c29b
5157,hf_05157,photo,4,horse,images/photo/hf_05157.jpg,7f8c7e818c1e24e96e9cfe75f9d07a5a7584aa4faa9bf143a6ce2bd952cdd854
5158,hf_05158,photo,4,horse,images/photo/hf_05158.jpg,2e3cc68a2da9a83eba30ba0a66125d729dba977d913f34c73208fd7b1edb6bcb
5159,hf_05159,photo,4,horse,images/photo/hf_05159.jpg,f6853f3d1f8de6018c82887051f3a466d25d37c04498369dc388657fa36e9f69
5160,hf_05160,photo,4,horse,images/photo/hf_05160.jpg,74a69a3ad7deb698579b0f4a56cb8c01c7792d57767573f81d38b79fea6c4639
5161,hf_05161,photo,4,horse,images/photo/hf_05161.jpg,de1d183a2266846e51b7ce193e61e42d6ccd680cb8ba3db21fc851f68ece1006
5162,hf_05162,photo,4,horse,images/photo/hf_05162.jpg,797d2ab7864bf136d1a98146028b227eafe0eda2e87aec4011466c636f1cdee8
5163,hf_05163,photo,4,horse,images/photo/hf_05163.jpg,e8349a0d5d758e8f9477ec1fa51f788de8910991d9d09e31a1a880848ad72a4e
5164,hf_05164,photo,4,horse,images/photo/hf_05164.jpg,3b0c65c8ec81adbbff88e0a65972a6d6f9d44d8c9f4a1a78d0d6fe3f2a89c195
5165,hf_05165,photo,4,horse,images/photo/hf_05165.jpg,c160b4188a23b3bd7e7de85e13cd3bff5fbf4352e6d21630b84d90f9997abeac
5166,hf_05166,photo,4,horse,images/photo/hf_05166.jpg,bdcb366436c9ff672ca7708299f3c681c621eff5afbd433a7e8e39794d4931cc
5167,hf_05167,photo,4,horse,images/photo/hf_05167.jpg,164f97759808bbd38122b067fd6fd921c8798dd41518e201ee2eef706b832bcf
5168,hf_05168,photo,4,horse,images/photo/hf_05168.jpg,0774c706425f1484b92513005df82cc4ab1f6e60ef083c68cc04b74740b274c8
5169,hf_05169,photo,4,horse,images/photo/hf_05169.jpg,c341a55cd11f8f7276182b019f0e23c1764acf7227ba2ee68d9e04ebea432ae4
5170,hf_05170,photo,4,horse,images/photo/hf_05170.jpg,38ae73e5db71637d3e31bf8dcae4d88583f728b9395bb80a35837f853873d78a
5171,hf_05171,photo,4,horse,images/photo/hf_05171.jpg,bd99977b9749551cc619e724fac1148d7aecb86cceaf90bda2d5cf8e79afe484
5172,hf_05172,photo,4,horse,images/photo/hf_05172.jpg,5fe3271627b584411db17d22c45471902de2a424f3ff35416cffdea43697c853
5173,hf_05173,photo,4,horse,images/photo/hf_05173.jpg,0b0d40da4a7f9efce7645abfd31a8c518262f87b5fe04720bfdad5d419d6ce99
5174,hf_05174,photo,4,horse,images/photo/hf_05174.jpg,38c9e354aeb32b6ffb82453f493014d4b62493497e8e7ed31bc017ba68cfae6e
5175,hf_05175,photo,4,horse,images/photo/hf_05175.jpg,dbe438f57bb453af6e76d55256faf09401c276ee332b43d64f395253aeb1d927
5176,hf_05176,photo,4,horse,images/photo/hf_05176.jpg,a3142b6072e4aec2f60f1fae660ff1d53881bc46f77904cfb9fd45dd6bbc529c
5177,hf_05177,photo,4,horse,images/photo/hf_05177.jpg,5d6f4cec456507110deb3abcd799444178bc8f85f16e352e8544b27fdf7afc2c
5178,hf_05178,photo,4,horse,images/photo/hf_05178.jpg,ed9690047da966c5e1c6776feefa39fda3809fb5061e1c93bfe95052348d19b5
5179,hf_05179,photo,4,horse,images/photo/hf_05179.jpg,88702644e952ac9bdb080b2c01a03bb303efb6bcc740210c0feadcceccd395c1
5180,hf_05180,photo,4,horse,images/photo/hf_05180.jpg,2a174c87d59edd57792d6374c4016bc98a383bf2e29d66b00004b6a5dbd457af
5181,hf_05181,photo,4,horse,images/photo/hf_05181.jpg,0c421ad15191b729feaca67ce03c192aa047022deef15ac77eb12e7c379be824
5182,hf_05182,photo,4,horse,images/photo/hf_05182.jpg,fb355906c85f18b39993285ddf9109e8d8eb9f4ab579387152cdd34a0b22b9c9
5183,hf_05183,photo,4,horse,images/photo/hf_05183.jpg,e71c08c22cea22ededc981dd4f377c516cf77b464b3ded0c566f2bb8fd3e01cb
5184,hf_05184,photo,4,horse,images/photo/hf_05184.jpg,6171f523d81adf141b2283c8a7eb318a63cf0d13ccb55c171cb307d78c4bf13d
5185,hf_05185,photo,4,horse,images/photo/hf_05185.jpg,6f90494b779ff3efa19f861d3c689ebaa10e18e76cfa79dfaa262f3850e68559
5186,hf_05186,photo,4,horse,images/photo/hf_05186.jpg,a6f6d1b82265fe2f0c5af541371b5cdb3174797dfd50eb4093ef2ccc4b22b6c0
5187,hf_05187,photo,4,horse,images/photo/hf_05187.jpg,efd56ebf056eeba1fdf4881ad9709a98b7bd8a8c935f30551736efa3f676936b
5188,hf_05188,photo,4,horse,images/photo/hf_05188.jpg,8f4c0f9d5d5810232200c7f9f76857b2a70af4566aa2da556f4a0d42236a2b3f
5189,hf_05189,photo,4,horse,images/photo/hf_05189.jpg,908be34fd8b004e10c53c18cb72c1b91a883d5cffe31d9692e3f7b3b0dc627ee
5190,hf_05190,photo,4,horse,images/photo/hf_05190.jpg,a5ab748612770ebe4993e9246fac293e12b8aafb5118321f85add36af2191123
5191,hf_05191,photo,4,horse,images/photo/hf_05191.jpg,50879c7aac628684a112e1e5ab645c49a2357cc80df0ca6f26eebe1979516bf6
5192,hf_05192,photo,4,horse,images/photo/hf_05192.jpg,42abbc665dfc5363cd7be6fec726a81b2b1c9858c5942e9477c092c70fe6e7d8
5193,hf_05193,photo,4,horse,images/photo/hf_05193.jpg,2409f32ed2e0afd18e357bc603a688d6b884a85f946c8f47718cedbef7230d81
5194,hf_05194,photo,4,horse,images/photo/hf_05194.jpg,2d50c3970336d867ab2ea2037a0fe8b7a22bab2176f3a5b456ae427c87665f79
5195,hf_05195,photo,4,horse,images/photo/hf_05195.jpg,b31d66583f361aab981bbf192fd9eac2a47b4d210cdd0aabd9b73f901bcb3f93
5196,hf_05196,photo,4,horse,images/photo/hf_05196.jpg,e7c9c43a3efdd644f7856e097baf6c496628510a4d7ebb2d40dc597416da825c
5197,hf_05197,photo,4,horse,images/photo/hf_05197.jpg,20cf42b77014691ce740115cd02df188bedb7a45aa4f6e53b0c42cd8f3746610
5198,hf_05198,photo,4,horse,images/photo/hf_05198.jpg,a246583852f0bd327cda6cd0b738cff87093d28296001667b9714c7c899f51da
5199,hf_05199,photo,4,horse,images/photo/hf_05199.jpg,6fb4b9904a7f9b85c397aa71e20b318e3304dfb125a9f05966f2b387bc534c1a
5200,hf_05200,photo,4,horse,images/photo/hf_05200.jpg,36eabe2b2d0dd855cbdcc6c4d8c203e90b1c1896b37ea4f8d6bdd1fe20a34822
5201,hf_05201,photo,4,horse,images/photo/hf_05201.jpg,f8c83182cccc401ab33355d364565d6501c8c0df9f7594014743f60108b288d7
5202,hf_05202,photo,4,horse,images/photo/hf_05202.jpg,0e4d72b462a35200f0dd04d2c5a1922eda4c66368d497f378845c06801297635
5203,hf_05203,photo,4,horse,images/photo/hf_05203.jpg,4e6870e3cb870b99feb3a02bb3067a4be52523932c02eb5480fa71767b80417f
5204,hf_05204,photo,4,horse,images/photo/hf_05204.jpg,f39ceb80699f47e8b492c9e633c3d2ae38dbbcd9ac740ca7f26ba91fe690e560
5205,hf_05205,photo,4,horse,images/photo/hf_05205.jpg,11f55d686eef857124a9fc2fc6af365348c44eb92a3dfe6f562621188022ef5f
5206,hf_05206,photo,4,horse,images/photo/hf_05206.jpg,be3c7d8cd3ce0fc9ab00bb1ae9d7a7b18640404b6385fc3829f2880219a0b055
5207,hf_05207,photo,4,horse,images/photo/hf_05207.jpg,b5c977c1535b97ff24b218379c5d1f35dbfdb60c819b21bad2a3d4bf53ceed43
5208,hf_05208,photo,4,horse,images/photo/hf_05208.jpg,87e0c4771c84489bb244103b59305844a3b7c448c2438be869b03e563e8fe92b
5209,hf_05209,photo,4,horse,images/photo/hf_05209.jpg,eb73ef2e00e9b3009f3baacde90d65dee353148723b6bccfa4ffc0f5e8a38f83
5210,hf_05210,photo,4,horse,images/photo/hf_05210.jpg,83d396e486d122281dad79ea91dfd71a6ca2b5d69fca59849a03af4710f6e39a
5211,hf_05211,photo,4,horse,images/photo/hf_05211.jpg,7a3bc075630763680d787fc582ce4809f77904e4d026973a8626419b8181688d
5212,hf_05212,photo,4,horse,images/photo/hf_05212.jpg,c533fc6371968d527b0db44c024035fa4a9d6655841ce958b31260c841b206c8
5213,hf_05213,photo,4,horse,images/photo/hf_05213.jpg,4b6acb1f598df3768b786c87e87b11f7a34ebd3b8b9eec669ce99176769ceac4
5214,hf_05214,photo,4,horse,images/photo/hf_05214.jpg,657c5d0d7927d3f8cee427e46b3537c4ab860afa712b6f13d38e624e4f972317
5215,hf_05215,photo,4,horse,images/photo/hf_05215.jpg,7d41bad0ab1665be634857b9433ddcf7ec45c7f63e48a0372bbcd3095b8d7db0
5216,hf_05216,photo,4,horse,images/photo/hf_05216.jpg,207565b78c84696b20d4344a3557b1f06c91709f5b4df9d4b5ba50442e417612
5217,hf_05217,photo,4,horse,images/photo/hf_05217.jpg,8a3004ef543d317aeeac45d7da411c4ce2d476bc002f6f502cd4c14264922985
5218,hf_05218,photo,4,horse,images/photo/hf_05218.jpg,c3c95132bf5d6a81922b767d3404910e595fec0e6ad1d006e62f53e9a3bf0128
5219,hf_05219,photo,4,horse,images/photo/hf_05219.jpg,dafac81039b9302847d13872ed69e6dcdc48316719eba2fd067d374042e8a282
5220,hf_05220,photo,4,horse,images/photo/hf_05220.jpg,7fa5ce0c7dcb70d36355df35a23007f8fc169dab663c1cd0cf1c020308b51e16
5221,hf_05221,photo,4,horse,images/photo/hf_05221.jpg,5703b1d5b99b2264aab8b2f25a5f676ce7fe93668ba22d10ac711a3b504f76f4
5222,hf_05222,photo,4,horse,images/photo/hf_05222.jpg,a186d00f3290510215fb7f9a02c846f5ada0ad2005a8838129688a37840dfc54
5223,hf_05223,photo,4,horse,images/photo/hf_05223.jpg,6ff5940683cc3f96a0e4a95dec8e8af873ab5681dfb78ce09aeba99d2dc811a9
5224,hf_05224,photo,4,horse,images/photo/hf_05224.jpg,bdccdf2d322e23a3aeb14004789da73497ab1edbab3921d019491e6541b31837
5225,hf_05225,photo,4,horse,images/photo/hf_05225.jpg,4e6034467bc41efe292c5415f9816e90ab5a8271d539a36402ab8529bbb1e588
5226,hf_05226,photo,4,horse,images/photo/hf_05226.jpg,25d89325c2a69e2b3a16f669fb907b089c96dcfd846d2b0520a41b3297436bac
5227,hf_05227,photo,4,horse,images/photo/hf_05227.jpg,349cf018e1453c89c9d705984609193b85f0ea0fdd35016aff7cfad70d35a59c
5228,hf_05228,photo,4,horse,images/photo/hf_05228.jpg,6c719a73cc11e73104d75eb9c981b72fa6d42b34196384900df72add2ddebfc7
5229,hf_05229,photo,4,horse,images/photo/hf_05229.jpg,761b01abe6e5bd1103a4241453505db6f3b16591c429eb9ec028267e9517020e
5230,hf_05230,photo,4,horse,images/photo/hf_05230.jpg,68a652224527e9a63d378a30675c30d3d6679f55df931d088fa52deff380ff10
5231,hf_05231,photo,4,horse,images/photo/hf_05231.jpg,5b316d8f9b20193548057988397a26de3c1878e45ab4a89768eb53a7dd400758
5232,hf_05232,photo,4,horse,images/photo/hf_05232.jpg,ab23c16613408680d596cd1623a394e1ba605496747f950b1c995ecfdcd5f85e
5233,hf_05233,photo,4,horse,images/photo/hf_05233.jpg,3e70759e0a71b6d44e61d3baac474e1735619c0110b919365f6d5b5c5a5e2292
5234,hf_05234,photo,4,horse,images/photo/hf_05234.jpg,b89e7e018074e152ab08cb857c4cdfb7f2896dbb77de54552fb654ae8585ce77
5235,hf_05235,photo,4,horse,images/photo/hf_05235.jpg,e9f3e93e71157e659987eade33e05933477c85ac05fca0ba12faa5b38c74c427
5236,hf_05236,photo,4,horse,images/photo/hf_05236.jpg,171c7b232514264241635d838b22c469e5fb525cb879468d778abad0222870b1
5237,hf_05237,photo,4,horse,images/photo/hf_05237.jpg,753d4bba7cd11a7cf0b3d5b1e2a2bbdbdffd1d9dacb3b47a4379d7fb792cfd4b
5238,hf_05238,photo,4,horse,images/photo/hf_05238.jpg,deeebfcb05fb1927fc44f199c34e6c0ce8d9188953653d6c2b3683f62d5197ff
5239,hf_05239,photo,4,horse,images/photo/hf_05239.jpg,0f8a5fb2e371edb88d65954f4bee80a0ca9f0360181535ff7337741da06cf2be
5240,hf_05240,photo,4,horse,images/photo/hf_05240.jpg,2c1a11cd3a6fa4cc3d4a67e95f6b7fc99a61bec4aafcd904cc7af801f6b6a55b
5241,hf_05241,photo,4,horse,images/photo/hf_05241.jpg,246906ee211937b9f5436e63baa6e93f5328ec8876bdf1dcab043a2acfb185e6
5242,hf_05242,photo,4,horse,images/photo/hf_05242.jpg,525d0493c52d507862398fcc8f0775438d59ea914f37fb287db605f9cc680117
5243,hf_05243,photo,4,horse,images/photo/hf_05243.jpg,423310889e03e4f8fbde95bdbfed4fb78b28264f95eb64fdab56b8524260b7ef
5244,hf_05244,photo,4,horse,images/photo/hf_05244.jpg,ecefe7a1395a9994ab434edeebbcf59324f103fd1f1cac11a34f410f4b5107b4
5245,hf_05245,photo,4,horse,images/photo/hf_05245.jpg,b3e71042fe4d2fca29546a1d4a2f2444d3035248373ab942b58362335c6d6426
5246,hf_05246,photo,4,horse,images/photo/hf_05246.jpg,a82e3ea25ee163152cbae13496d6b18a4ecdb6179a4197ab998470ec1789eef1
5247,hf_05247,photo,4,horse,images/photo/hf_05247.jpg,9f64205d27cd3c8bb081f062dc0ebbc80c98fbbaa3cc70b3cde75622e1ae28e8
5248,hf_05248,photo,4,horse,images/photo/hf_05248.jpg,d1130f778db73df9fcb0e8ce79ff37175cd7a0169a3c0dd2d9fa0c3f9b64bada
5249,hf_05249,photo,4,horse,images/photo/hf_05249.jpg,4107214df28d927cdf8a26d1356775ef59c4b9fbc3a5e0e524063cbb3fed2812
5250,hf_05250,photo,4,horse,images/photo/hf_05250.jpg,cb1159a11171abd184405eaf0a03f2628fd45723cffc74284a0e47bc5269c89b
5251,hf_05251,photo,4,horse,images/photo/hf_05251.jpg,a2b528b12f270b27b71aa50d6af1b954389e6dbfd73bedc1067910098db41407
5252,hf_05252,photo,4,horse,images/photo/hf_05252.jpg,c21b73e26fdb93c6f006ad107a20590b3543f2b9c9500037ebbe68113f3b44cd
5253,hf_05253,photo,4,horse,images/photo/hf_05253.jpg,6f76472e100357ea5f3d75671e9937e75da27ea56ae80519d33c29b18e35c8b8
5254,hf_05254,photo,4,horse,images/photo/hf_05254.jpg,89220d25b1d5ef94be501c1d18e868fa56fedbe66f6a177b96300ecf34a9b63b
5255,hf_05255,photo,4,horse,images/photo/hf_05255.jpg,b7fffa55f3ccbb9af102482ca186f5d7498eb3a2ddedb6f5aae83506f9486ce2
5256,hf_05256,photo,4,horse,images/photo/hf_05256.jpg,c7820aceba8362bb2980528697fcb9e58cb0b3635f4281217264a0b817b2be6e
5257,hf_05257,photo,4,horse,images/photo/hf_05257.jpg,052c684730152eddc5b1c09aeb007c6340a92fea2efd123c56748ae0d8a51352
5258,hf_05258,photo,4,horse,images/photo/hf_05258.jpg,5f6b2b631755667ede406597df66251166521af0200a307652d7f686d09c564d
5259,hf_05259,photo,4,horse,images/photo/hf_05259.jpg,9f740f17efd73663f5d6ae60bd0df691f74f9fcf9d47ee8487d60a4ee798713b
5260,hf_05260,photo,4,horse,images/photo/hf_05260.jpg,79bf1a076cecefd543c333ba7782a02021749c02d65edc94619e3b516589000d
5261,hf_05261,photo,4,horse,images/photo/hf_05261.jpg,69562bb48592bda050c10bae08504741aa20e4842cdf0a1bea60f194e1f5ab09
5262,hf_05262,photo,4,horse,images/photo/hf_05262.jpg,b873dab56f59fba14324bdc81587a4878f0ee1183ff8a47dd64ff5ad2ab8e1d2
5263,hf_05263,photo,4,horse,images/photo/hf_05263.jpg,80582c44e93c9bbe37ccbcee3144bc4f600ada8f279f087c87ddf943a3d525ea
5264,hf_05264,photo,4,horse,images/photo/hf_05264.jpg,0ecf8ceb2e90c871d7e4c16abaf5fa21818d46903cbf785120ffd7b25eb539b1
5265,hf_05265,photo,4,horse,images/photo/hf_05265.jpg,af20a860a89bd7c8a4253330d87dec69601922e5f4e14347909d7203dc6b1007
5266,hf_05266,photo,4,horse,images/photo/hf_05266.jpg,25ca0a5e62d5c1a00f819babd0b7e45e3521e2dd8f4d31655af1489c85e3f9a7
5267,hf_05267,photo,4,horse,images/photo/hf_05267.jpg,60fe0c8380d2092c6a04b85f0c09a33c8871c8365f412e9312d019605156490f
5268,hf_05268,photo,4,horse,images/photo/hf_05268.jpg,6ef8d3de3a256b7282a721b7bdd40f4dec2f56d3fc664c33a2cb9070667f3b21
5269,hf_05269,photo,4,horse,images/photo/hf_05269.jpg,8bb897ca6955cc2bb4073b40e0836af02f92db89ce065cf6a88f0584ab45f5d9
5270,hf_05270,photo,4,horse,images/photo/hf_05270.jpg,624dd251721abdcbb28c6461513e35a25392b478cbfdbff3f8fe6cc89912b735
5271,hf_05271,photo,4,horse,images/photo/hf_05271.jpg,c54fb10f07b21f1c7654a52cbb4d62f963bc59fe1501dde679f995d6adde9273
5272,hf_05272,photo,4,horse,images/photo/hf_05272.jpg,e24170b20204acc28261dc46b1e1fe9d9872978776e1a45943c696ce1c014789
5273,hf_05273,photo,4,horse,images/photo/hf_05273.jpg,16935d85398572acc830c8cf93a87fd8357280b92e9a9100e032ac68f00aba7c
5274,hf_05274,photo,4,horse,images/photo/hf_05274.jpg,05b047a63242e1e7babe249c83b9441d7f17213f0b831c4bd3f0e6b048f67557
5275,hf_05275,photo,4,horse,images/photo/hf_05275.jpg,f217dc34086821409e97ae4322f63d1a4a0b880e8875aa2dd49aa4f46ccc11cb
5276,hf_05276,photo,4,horse,images/photo/hf_05276.jpg,db858f18dc603bbf5c7260ad14d2f7572386990254ad785b350346f666a5affd
5277,hf_05277,photo,4,horse,images/photo/hf_05277.jpg,139415eb1d1e36b54f8491c02f1cd94bb548ba684231cd1603a4e7099aa9b0d3
5278,hf_05278,photo,4,horse,images/photo/hf_05278.jpg,d07fe1cca07be03926876191bd19719d03529132acf486da83cc004062391472
5279,hf_05279,photo,4,horse,images/photo/hf_05279.jpg,5a8f055e9b439d8cbf561f3ec344521c40a970604991c2968d054f92a603a37c
5280,hf_05280,photo,4,horse,images/photo/hf_05280.jpg,e0cae77d74b5e8a2d94fb1cebfe95b5904e6bf085d5917fa704ba7233216e348
5281,hf_05281,photo,4,horse,images/photo/hf_05281.jpg,2a7695e2e367f446e87d51d7d279c0ce8d6d7f7e8579fc8c5bde80bda82bffc7
5282,hf_05282,photo,4,horse,images/photo/hf_05282.jpg,d5603e8e83655507225135f4d2cfa882d268c0c6d23390647c1ee9380151f10e
5283,hf_05283,photo,4,horse,images/photo/hf_05283.jpg,18efe0bbc90b0a0b369a1e03f91fca4cc8e93d09076281c27d9fd81a6be06cdc
5284,hf_05284,photo,4,horse,images/photo/hf_05284.jpg,2ff43b22bc76421d62afcbbf10bc1da7cc85f89680d3ccee9ebbee0b73d5edf8
5285,hf_05285,photo,4,horse,images/photo/hf_05285.jpg,9dc10298962472b3b77b2825bc55dd4478b135a6b0d041609028cc1bd3919a2d
5286,hf_05286,photo,4,horse,images/photo/hf_05286.jpg,0c2e8f71c59cc21a7b92f16e39ad435b05308a8ccff129961c4d8ec3cd53e6b3
5287,hf_05287,photo,4,horse,images/photo/hf_05287.jpg,99c0c503d8aaa144d3772b6653a57877a7b5fc31f4ae60988ff1e8ef17fb6838
5288,hf_05288,photo,4,horse,images/photo/hf_05288.jpg,8d67a8fdead9f9c9cc678c227f1dbea2c747c57b22e4b67a083240fa102f7f9b
5289,hf_05289,photo,4,horse,images/photo/hf_05289.jpg,fb57ea015a1a1ee29c70687e0d27dae4a377dbc200860e9ebb84f022bdebf15f
5290,hf_05290,photo,4,horse,images/photo/hf_05290.jpg,bff1e2d6600be6767bc0aeda9a2cba831f33ec10b48e2b63aa71f09c6e322194
5291,hf_05291,photo,4,horse,images/photo/hf_05291.jpg,8c733bfc6cdd1275c6921aaf8eb01b3b0a5bca5dcbd891cdac4426a1712fb585
5292,hf_05292,photo,4,horse,images/photo/hf_05292.jpg,a12c4a9dcdf252d17a4f279724fe4e0c8ba7c8bcd67b9605d21f730d156cc889
5293,hf_05293,photo,4,horse,images/photo/hf_05293.jpg,56e440d8c2f53afc7374203be920de5f60f0ed659cc2d8dd4dc229669b5715a7
5294,hf_05294,photo,4,horse,images/photo/hf_05294.jpg,96b2db402f8467f38f0aa0ba95b0f6db64e663922f17936b9b0cd43b62cf59f6
5295,hf_05295,photo,4,horse,images/photo/hf_05295.jpg,b11868698b3edd7e777c417040381c311ba0a2ba27f6072a21a295359e7a083f
5296,hf_05296,photo,4,horse,images/photo/hf_05296.jpg,7d2488a6720fe365f88f89b1360c03655a48ecfdca7c87235e5a5a7816f3fc8a
5297,hf_05297,photo,4,horse,images/photo/hf_05297.jpg,6af24c98eb4df81c4ba7a0d173c65aad33438bd52dcd5f71e200f6548c8ac6f9
5298,hf_05298,photo,4,horse,images/photo/hf_05298.jpg,6c19dea84eb8a3807d59fa05fc2d25a04323527f3c2fc5d9921e8f4165995ad9
5299,hf_05299,photo,4,horse,images/photo/hf_05299.jpg,24083c990ef9f80d051351f6da692c86f656168649f3e10734c483059139692f
5300,hf_05300,photo,4,horse,images/photo/hf_05300.jpg,ff7d865887240bc933378db0a157f3da0b77c16cab81e01ada401a37f6e8a7ac
5301,hf_05301,photo,4,horse,images/photo/hf_05301.jpg,a494f6bf6d39fb7b66557d01d57df9f7b0ab34a9dce1710a545c1bbf22db1eb9
5302,hf_05302,photo,4,horse,images/photo/hf_05302.jpg,a4eb2cdcd00e711b93386a65a8f10de519b6b13fd63dee94628ca8d7e4ae01ed
5303,hf_05303,photo,4,horse,images/photo/hf_05303.jpg,f88dc5d482b35e2342d755a63d55cea5764b436aefc3d36e1086064742f85276
5304,hf_05304,photo,4,horse,images/photo/hf_05304.jpg,be1f9de3ad388d96789ae21cfe75572cc7503121cda0cfc5f75aacfa7fd9c811
5305,hf_05305,photo,4,horse,images/photo/hf_05305.jpg,0e615751070d3598494115415204ba1fb267b7691ad765bbbe3705266ee0fd83
5306,hf_05306,photo,4,horse,images/photo/hf_05306.jpg,9afe824d6257d42cdeabc84fca1859d0ca9c753e6794e76cb655b1f701c5d296
5307,hf_05307,photo,4,horse,images/photo/hf_05307.jpg,569668712cfeb01b27c785ba7bfb6af95ba1345927026726cfbf87c1d5df0d40
5308,hf_05308,photo,4,horse,images/photo/hf_05308.jpg,60de0fbf2a36cf4d8cbb86e591935d882e2458ae14ef99de5781372f5738c98a
5309,hf_05309,photo,4,horse,images/photo/hf_05309.jpg,e58dbc352f3f19742abf41145a15ce22781ffa6a967b0d524652040925aa5b39
5310,hf_05310,photo,4,horse,images/photo/hf_05310.jpg,363a3877e4f5801027daedb8f74be64ef00cd16b01ce8547728d4bb2a6d8e3a0
5311,hf_05311,photo,4,horse,images/photo/hf_05311.jpg,096e40859cd43985cda3a3450f2ec4354c08342a3a999d89b7cbbb00ba6dd33f
5312,hf_05312,photo,4,horse,images/photo/hf_05312.jpg,271c00de2e43b8a547bba63163786b571265377f875530ca107bfea95706612c
5313,hf_05313,photo,4,horse,images/photo/hf_05313.jpg,ba41430da27abdf8e242faa96e858bcce78631e31d4ac63fb82030da8d42cada
5314,hf_05314,photo,4,horse,images/photo/hf_05314.jpg,1422d88b5c1e10e2a6f993cdaf1d60f2049b83e0b09efb0a65eaca03bb9a2d9e
5315,hf_05315,photo,4,horse,images/photo/hf_05315.jpg,b2d6e2aa64e07fa050a285b3eb29ca10b0e1d31016e76a5b9227152da3a1bc93
5316,hf_05316,photo,4,horse,images/photo/hf_05316.jpg,96b778db554701e59998708ab4af005abeeab311be9cb8acab6a986d8c307e9b
5317,hf_05317,photo,4,horse,images/photo/hf_05317.jpg,1fc104bb4879ed38c6cf30ec5c1ee58f48faefee8ae3665f44994b1cf85e8aea
5318,hf_05318,photo,4,horse,images/photo/hf_05318.jpg,9fdf965fcf2da692d1519c484275e65d05925537c87830d9d3b0a1c602c78ac1
5319,hf_05319,photo,4,horse,images/photo/hf_05319.jpg,c7166ef0b5aae66c87b684e7b2da39fb472f7e0ef433653cd2b2fbd53e861235
5320,hf_05320,photo,4,horse,images/photo/hf_05320.jpg,141f96160e15485e11f3fe33ec80724b35178725a806f5ad0708c353ebbffa59
5321,hf_05321,photo,4,horse,images/photo/hf_05321.jpg,f0004770825b807007bcc094f108ee463e7c5446ffa3e0c64509e497b0467452
5322,hf_05322,photo,4,horse,images/photo/hf_05322.jpg,810af7bda40bf9cf6f213efca420f22a1ea791711329dd080fce50b9569843ae
5323,hf_05323,photo,4,horse,images/photo/hf_05323.jpg,8c94622841f0917f2eb57ab059335c120cc57de77514deb939831eb13a2dafd5
5324,hf_05324,photo,4,horse,images/photo/hf_05324.jpg,6a2b7cc88e66ac825ad91e59751193c99cb173c21ed6f22857619b27c73071c5
5325,hf_05325,photo,4,horse,images/photo/hf_05325.jpg,d138c39add425867900524ad5f30d7bde2b3f23738becaee3861ee17003758e5
5326,hf_05326,photo,4,horse,images/photo/hf_05326.jpg,0991031bcb1c6bd2723c5b3855ca2c0ba4544458c7516da3b234bc26ae9992de
5327,hf_05327,photo,4,horse,images/photo/hf_05327.jpg,1e1ba5d48e493e516ad9c8f1264f01954a9e3bae4eb427a6860d7236c7289477
5328,hf_05328,photo,4,horse,images/photo/hf_05328.jpg,51783eb6f2461cab792c3d95ab11179b44016dc4f7a70b9a4d760716b7439f3d
5329,hf_05329,photo,4,horse,images/photo/hf_05329.jpg,0b3681d3b5dc06f21c871c7e4f4d0c5e47c1c77774955d3d33e077d4b4d44e82
5330,hf_05330,photo,4,horse,images/photo/hf_05330.jpg,3c5bf6a5bfac91a7a79063653343af5cd7881e22d16ade8b3c0ddb6f227f4550
5331,hf_05331,photo,4,horse,images/photo/hf_05331.jpg,066ac439c794cb31024dafe77a8fb6138fc671c47662790cc983845692d97ed7
5332,hf_05332,photo,4,horse,images/photo/hf_05332.jpg,9f01c9f9b1c16ea68e1057773eccb7620d87dff8f0e84a39bc0fd0c890d1f7e7
5333,hf_05333,photo,4,horse,images/photo/hf_05333.jpg,320aef21b495bd7277ce6e0f131ca48a3be3af599e00104298fee49dfe7e194c
5334,hf_05334,photo,4,horse,images/photo/hf_05334.jpg,d550e0a48a3ecf50bcb8b592f3a15781e5c65cb0edd454f09011179b7dd1ea70
5335,hf_05335,photo,4,horse,images/photo/hf_05335.jpg,4497dc4c1635ffd4f1a9a31347e2f19b67e827bc8d678763c6743e7f850c1d36
5336,hf_05336,photo,4,horse,images/photo/hf_05336.jpg,3b3e9c0e350a067ae8223e25000074a393cdac3093feeda8a12400a11138b956
5337,hf_05337,photo,4,horse,images/photo/hf_05337.jpg,c71c7fa2ebe2871f4ea61ed7c151a9e3fa7135e03e05475ea307d547727cafd5
5338,hf_05338,photo,4,horse,images/photo/hf_05338.jpg,f2a1b46d15d36806499b1ff3aff99a7f98a6aafa4ace08cc62183d19303b0802
5339,hf_05339,photo,4,horse,images/photo/hf_05339.jpg,0862a88235f4b0652dc1e24767191398b6de031fff4cd05f7912ac5fa2f38e3a
5340,hf_05340,photo,4,horse,images/photo/hf_05340.jpg,fbdcf1a2755946f6b89de41db0cdea6d9e691c1ee16b54984281f9ef6356c64a
5341,hf_05341,photo,4,horse,images/photo/hf_05341.jpg,9a23fd2f56fd8e6e2edd3f4921d553a44f794e338b26e9262befeebca2242b97
5342,hf_05342,photo,4,horse,images/photo/hf_05342.jpg,32088439dc5ca8ca206725deb7b4f3c75e72021002280b2f2659c65f8cdb996a
5343,hf_05343,photo,4,horse,images/photo/hf_05343.jpg,9f97c95e72e5c36e141804078f74f7472cf174218d22ada42868c8896e4d05a3
5344,hf_05344,photo,4,horse,images/photo/hf_05344.jpg,cdfbcfc75aa0d96116f5ad3bbd203053868baf1d6e71dca38dca23a0709f1347
5345,hf_05345,photo,4,horse,images/photo/hf_05345.jpg,96b714ce029be9c669eb163f6787dbb855fae645fae33743b20ea1430700a5a4
5346,hf_05346,photo,4,horse,images/photo/hf_05346.jpg,856ce927cabd6ff1cd1ef65255dd23d99a483fe565a00400b80336b1aa7f9024
5347,hf_05347,photo,4,horse,images/photo/hf_05347.jpg,86ec555cc7b0f826275f8698c232794ee5938910b2a911d6e77621f83e3d1254
5348,hf_05348,photo,4,horse,images/photo/hf_05348.jpg,fd231cfb09f5977b04b2aed5370fb4a25afd262c59287ef637067dd55249d697
5349,hf_05349,photo,4,horse,images/photo/hf_05349.jpg,3b8824a223d5e34827442080ff2dcc6542ce28c96af62a84d233570d93f3c619
5350,hf_05350,photo,5,house,images/photo/hf_05350.jpg,dd1d4167bbd7708595f0bdbea48d4242bd2d872b372defbd8697ed6fff9d92fa
5351,hf_05351,photo,5,house,images/photo/hf_05351.jpg,b782e3ddb24ad9f794e5b958df5293b4d090255f44fc51b83c36e68b4ae3b52b
5352,hf_05352,photo,5,house,images/photo/hf_05352.jpg,69335fc91df91f3467664773c6b568bfe887f8470cf84efe92b47a8f1b35bf01
5353,hf_05353,photo,5,house,images/photo/hf_05353.jpg,60afb8c9c518e3e12967a8f297cfa65e7c674780c038596c3148150a4a680a49
5354,hf_05354,photo,5,house,images/photo/hf_05354.jpg,a9f388fa0c9302f79a19c331990b9ee9385cf1333b2dac4ad2014eececd81539
5355,hf_05355,photo,5,house,images/photo/hf_05355.jpg,21e9360c222dd63d7f3d6ad22b6e076d6b37d78229d739d60ee4cd87eda049c0
5356,hf_05356,photo,5,house,images/photo/hf_05356.jpg,6006cb1adeed8d7f3cca7934d93c1b7dce1c080970a1dc8a110b0bb76a7539a1
5357,hf_05357,photo,5,house,images/photo/hf_05357.jpg,1c5092be0ad50784f954e23fb25226a3f9ce6ca82a8332d63f31185d33710355
5358,hf_05358,photo,5,house,images/photo/hf_05358.jpg,b45112ec20a4eb1c18c3c2aaf207a21966b3b904ae7bcc62c46e7c47f86eb0a1
5359,hf_05359,photo,5,house,images/photo/hf_05359.jpg,d0d93cab5cbb35f13b6b23610fe57c0680b7269528cc6d245a9fba61debaabe7
5360,hf_05360,photo,5,house,images/photo/hf_05360.jpg,b15b3e72b597e563ddd571e5411bdc79809e6fed72515187afec4b8a61a2046a
5361,hf_05361,photo,5,house,images/photo/hf_05361.jpg,cfdb48a1b02b7f1643466a95a33c90773c7d9946a3a8dbaf32874687d50f9af5
5362,hf_05362,photo,5,house,images/photo/hf_05362.jpg,ccc85e2ebe8043fd27c4fa4882d94dbd7f461b53f63600942b7f3f95f1a044f7
5363,hf_05363,photo,5,house,images/photo/hf_05363.jpg,7f0be00a2cf40f5bbb2e4d06d79b90f4827afcc2d2ff99d49bd7adb6ab53f57c
5364,hf_05364,photo,5,house,images/photo/hf_05364.jpg,9dd15ecb4c576f38e8c816c9121c7789b51aaa9ef4fb821e3e577bcac22806dc
5365,hf_05365,photo,5,house,images/photo/hf_05365.jpg,4eac72f7dd89dc2ee899db7edb2724bfae078d60ec797efe96f299e8f7c4a1fe
5366,hf_05366,photo,5,house,images/photo/hf_05366.jpg,92cf861e2f1036f7f3f35c660c63cd7c9e28616ddd22135559084e037d73da5b
5367,hf_05367,photo,5,house,images/photo/hf_05367.jpg,41b375d78d55e6fe6f9543e7416b258a3ada0320642ddaaf94500aaafc69ecc2
5368,hf_05368,photo,5,house,images/photo/hf_05368.jpg,cc5508e8fa9fecd88152450ada644e834c250f7912d9e97f79311b4f71d14469
5369,hf_05369,photo,5,house,images/photo/hf_05369.jpg,5d4e04a79aa91058d2b48a5412d977e75d2f667c1068d73c94cc67984a125724
5370,hf_05370,photo,5,house,images/photo/hf_05370.jpg,3c1069027afd6bce18a16491a76911a262dbaced3e90a840aebf11d0b0b5394f
5371,hf_05371,photo,5,house,images/photo/hf_05371.jpg,279b63ee0267aac2f6dbb751eda181cf7eacbdb89f5693fb22579ce1609d58d6
5372,hf_05372,photo,5,house,images/photo/hf_05372.jpg,18ff7d2bf135dbe5981487eb136282c000272357e1d9bd65c4904e8d6adff3f9
5373,hf_05373,photo,5,house,images/photo/hf_05373.jpg,42680e8014fbdfbd4b2861e58cfd6a6f7cb722f38e56d62c04d916f13c8cc48a
5374,hf_05374,photo,5,house,images/photo/hf_05374.jpg,7f12e9ad67450e16b08ff140f87c9aaed29f64d9adfabbec707d90f588aa2312
5375,hf_05375,photo,5,house,images/photo/hf_05375.jpg,d4264f4be8e5b936c17d459c12bb21b4f5836070415e6fa308af2beb11ccb060
5376,hf_05376,photo,5,house,images/photo/hf_05376.jpg,2b2420f70efac1e1caac38b9c5ebc51c9267c26de00e375044ee23068f2786c1
5377,hf_05377,photo,5,house,images/photo/hf_05377.jpg,ef3bf81b9b0f16efee09fbd0abc6799b9b75d847a1e138a9c31ef410b8a53a4a
5378,hf_05378,photo,5,house,images/photo/hf_05378.jpg,2cf63decef00e858a4fe94561a7b5efc33630a36733822ecfc701d89123151cb
5379,hf_05379,photo,5,house,images/photo/hf_05379.jpg,0ac66308009695a57db7173820e042c031d7596c159dd10bf9dfdf7aab55d16b
5380,hf_05380,photo,5,house,images/photo/hf_05380.jpg,c72af1f9dd5487e4ca7462d9a420778cdeb2b20f8c106620214a7cad5864498c
5381,hf_05381,photo,5,house,images/photo/hf_05381.jpg,6c26bb4b987c3a21d610f889ff935eac26a3dc20ab96eb0d95dba0eb3148a0cb
5382,hf_05382,photo,5,house,images/photo/hf_05382.jpg,b6425f058cb65b77b5a45cfd6e87cb9a439f8e6ee4e37775743f3381a76e8385
5383,hf_05383,photo,5,house,images/photo/hf_05383.jpg,9983c322aa9aef426390d2ffd74eaef2433fea62de73534e9a926316f42eb725
5384,hf_05384,photo,5,house,images/photo/hf_05384.jpg,4890af433e43c5536693212a53f0a357b8228108a1adefe3fc9ec6bb703b7dd7
5385,hf_05385,photo,5,house,images/photo/hf_05385.jpg,331080934bbe8207bf40dac91e920c0ac3e8a2508723db8ddb4c2eb167316275
5386,hf_05386,photo,5,house,images/photo/hf_05386.jpg,70a315a56d3154d4b1ec5f756d2f83d810d6d259b6f0ed920ff60b1415749d4f
5387,hf_05387,photo,5,house,images/photo/hf_05387.jpg,f6a4a7b89c384b998c7e9090e255890b0e924787640516f194eb94005acc7acd
5388,hf_05388,photo,5,house,images/photo/hf_05388.jpg,26fc5d69a4de237f3da4390ab2aff2b4fddb9516584134e956ade823d2a524d9
5389,hf_05389,photo,5,house,images/photo/hf_05389.jpg,6d89dba773869d1b11d779d1ca8f873cdec53f00e1a329b43387397b561217ca
5390,hf_05390,photo,5,house,images/photo/hf_05390.jpg,1414c2886fcf04166de7f0a568d5fef66bb230446d38d89a17e20ae1a036b82b
5391,hf_05391,photo,5,house,images/photo/hf_05391.jpg,c5156061eb221ca49cfe7f3198e2afef1e732e2b31faa512cce776857bcf5930
5392,hf_05392,photo,5,house,images/photo/hf_05392.jpg,9f28bab6939ec0f9fc9149236ab043976624dd9292097c26eb3b87cb8921319d
5393,hf_05393,photo,5,house,images/photo/hf_05393.jpg,544e5d5811b465f23935afb738ee8a2dc6ec5ad79f0e13400c3806e5cb8e023d
5394,hf_05394,photo,5,house,images/photo/hf_05394.jpg,4c1dfd37f99ae035c3023e6b8f76c8e4bfe865eff3384f6d6be1f055e7555de1
5395,hf_05395,photo,5,house,images/photo/hf_05395.jpg,b317974e8f432c7abf3817f4933247d28250cbd1abc7224b9fbbbf0f6fe0fcd0
5396,hf_05396,photo,5,house,images/photo/hf_05396.jpg,e0e1584b8c19a4f34b1263e796b81eae8fd4b314477cf6e98dc42e5729d6d639
5397,hf_05397,photo,5,house,images/photo/hf_05397.jpg,153074097e54701474b1955b3730cdf058a49882cbd7609818955d1106ee349d
5398,hf_05398,photo,5,house,images/photo/hf_05398.jpg,ff8aa43c203930ba72877e8cbc540602b28d9352e4bcabc7adefa6ec1098fe92
5399,hf_05399,photo,5,house,images/photo/hf_05399.jpg,5e2857f977fd254912b0d07c663c591a528da59f5be900f709f665b89ea0d759
5400,hf_05400,photo,5,house,images/photo/hf_05400.jpg,47dbf0c0bacc46d71ae30f01935cad579c7bbb4fa15cf5320f0318c39a92d5d1
5401,hf_05401,photo,5,house,images/photo/hf_05401.jpg,791c385cc8cc2df44a8f4f9b28fa1611966f14a686f2132af8e38ff77f419aec
5402,hf_05402,photo,5,house,images/photo/hf_05402.jpg,bad9197288c9f9be7407de5e2affb3e815d7b9b8ab1d3d583bbb0fb749feec96
5403,hf_05403,photo,5,house,images/photo/hf_05403.jpg,b6d08d549b2972ae8c46e25ac14deda3d39dd5b49f070f5bf9fa836fc12fa23e
5404,hf_05404,photo,5,house,images/photo/hf_05404.jpg,52b991f50133d47bc6cfa16ea8e25e627613cb03690aab868b05cabd335da595
5405,hf_05405,photo,5,house,images/photo/hf_05405.jpg,45915725002e3c3747313adebd486f93719ad5f53595c6a3cf20b692f9eb07d2
5406,hf_05406,photo,5,house,images/photo/hf_05406.jpg,7b93b9a388eb97a3f5f2e21e8537c865631bd02b6ea440709a48b6ec0c0128e6
5407,hf_05407,photo,5,house,images/photo/hf_05407.jpg,0280ea64bae44f77b4090ac69b9aa5238312bb041a14a192d566a51658c15999
5408,hf_05408,photo,5,house,images/photo/hf_05408.jpg,485d372fdbb3fdda6a313bbcd14c8b240d97887ffa3cbcec40b0a38c76b00c59
5409,hf_05409,photo,5,house,images/photo/hf_05409.jpg,8b37c8ba804b09e020fa0bdffa041158867cc961cb6e9cacfee421ff28e98773
5410,hf_05410,photo,5,house,images/photo/hf_05410.jpg,ce04b819e48c536d21be8f9e8a0fdd41f61ac527d9912e6202c71d0128f9df07
5411,hf_05411,photo,5,house,images/photo/hf_05411.jpg,c1232826b0d527824e3e0c590f5ccf742f9f2679338612e2e68ba9c70bc338a9
5412,hf_05412,photo,5,house,images/photo/hf_05412.jpg,00548edf3c195d3621724e07cf636fae493df97f1a65fea2a7a154400dafbac5
5413,hf_05413,photo,5,house,images/photo/hf_05413.jpg,d616ed9bbf1598c12c0d2e20536a30022b253b10610bfc97bb2b5f5992732ad9
5414,hf_05414,photo,5,house,images/photo/hf_05414.jpg,dd7c785601af43b21c93aedb1369213f63137d95022fb7abe91aea6628b2d689
5415,hf_05415,photo,5,house,images/photo/hf_05415.jpg,5493a567c3821d80c3d2c02dcfbbef1e1466925026d1aedbcec4757be56af31c
5416,hf_05416,photo,5,house,images/photo/hf_05416.jpg,4af8eee9247fb6468fe321d9b6ea76788b33427c3a4d4723edbcde4dc0b3b582
5417,hf_05417,photo,5,house,images/photo/hf_05417.jpg,88889735860d23d8990ef3b1cb323c0d35b71c189f96bf15753bbced55c19dd8
5418,hf_05418,photo,5,house,images/photo/hf_05418.jpg,2c9c2c7e5dafe5bb282ee9e7ecc6561665be21610471a95f6eeafa5f334f8435
5419,hf_05419,photo,5,house,images/photo/hf_05419.jpg,be88687a8d79855576f4a07ad95ba72fd4d5d37bcb2e66ed3327a3500165dab8
5420,hf_05420,photo,5,house,images/photo/hf_05420.jpg,8bc74cc4d3138b4cf038fd24729a19675c6360ec6c0508cb6d0f5f5aba62322d
5421,hf_05421,photo,5,house,images/photo/hf_05421.jpg,c596ee28052499132dbe32a3f7897752635a935f5c853a10c783918f0987520e
5422,hf_05422,photo,5,house,images/photo/hf_05422.jpg,45fe4797d47cf3a1a9e572b8778e5159122048c4c6c8a5440d7fe303b3a689bc
5423,hf_05423,photo,5,house,images/photo/hf_05423.jpg,5223255e5dd9a6e1cb28cfe89010f044127bc988f3c963bc4590099e7fd50856
5424,hf_05424,photo,5,house,images/photo/hf_05424.jpg,24636deac53b7590a516dee65f68cc1f2d9d14d72dc7bf257ce521c24b143e46
5425,hf_05425,photo,5,house,images/photo/hf_05425.jpg,971beeb6f0c31e8fb9a8f9819e74a7cad332366bdbd63421232dbc8b27e5ff0a
5426,hf_05426,photo,5,house,images/photo/hf_05426.jpg,7700d606ff527b44dfcfca625d3b5da8212c40cdfc15465875f783e25610f486
5427,hf_05427,photo,5,house,images/photo/hf_05427.jpg,2d33dac7a82008f6cd01281778ded688da3c1b4a9c3d92fa42813bec1e812c84
5428,hf_05428,photo,5,house,images/photo/hf_05428.jpg,8cd1ee19813af9ff3069cc7404ff1fb4907c4c6ac8311ce354cd0b10504b5ca6
5429,hf_05429,photo,5,house,images/photo/hf_05429.jpg,80d4dc61b9181406c19845ee2b72334866a279d35fdab28c8305f422fffba3f1
5430,hf_05430,photo,5,house,images/photo/hf_05430.jpg,d4bd31e234373ea0ca322e95a7a1ddc5a14411df8975c7c5ae10b6bc7c2931b4
5431,hf_05431,photo,5,house,images/photo/hf_05431.jpg,4e22e0eb814f0f3d9b51bbd22d995af1da6b5cc33f96182d998ad46fdb881180
5432,hf_05432,photo,5,house,images/photo/hf_05432.jpg,9e9b874ab13163a7d4b89f473b28c7206666193dbbcc9429f2f977090c8b64db
5433,hf_05433,photo,5,house,images/photo/hf_05433.jpg,198d0b66b69373408936ac4c5e05d1481bb3474940af8fd04575f9266e0a9d7f
5434,hf_05434,photo,5,house,images/photo/hf_05434.jpg,f94cfddb14bed8d47ada2ade41849da87b3bf4af471c6c550974e8836784b6cf
5435,hf_05435,photo,5,house,images/photo/hf_05435.jpg,67d476f63ac21beaaf7142d476fce76fda96fafc04f2d4f81d2d2cc210762273
5436,hf_05436,photo,5,house,images/photo/hf_05436.jpg,cc648f142174d46aa8a32ba7dfe72865b1f2cfcbda2e9889890e9a9d250de428
5437,hf_05437,photo,5,house,images/photo/hf_05437.jpg,b8eed565002450acac16d78e79e0fed444a05210847931c202fd437cf6ea48be
5438,hf_05438,photo,5,house,images/photo/hf_05438.jpg,1b16c1615be23f2abfc5acb9fa30b2bb67ad30fde71704f59b6022f4713810e5
5439,hf_05439,photo,5,house,images/photo/hf_05439.jpg,ee7681ab7064b134ca815a0d921a92aba10fcf7562134acc4b2d22076e0934a6
5440,hf_05440,photo,5,house,images/photo/hf_05440.jpg,21eaae1cee57cccb7abc8aec9a4cdbad95d6fbfde521515f7707b9c06656f8c9
5441,hf_05441,photo,5,house,images/photo/hf_05441.jpg,21ddf15954884364c2d4d90344e7d8364c3acf663dddb94b560467d65904b44f
5442,hf_05442,photo,5,house,images/photo/hf_05442.jpg,41e3e7cf85fae352761503caaf9de2f23dc807e498ea045007b0d86c9893c5a6
5443,hf_05443,photo,5,house,images/photo/hf_05443.jpg,77109cb5c55ac56fb00824f730dceab2a9987ca7b283d6b714c9392512efc543
5444,hf_05444,photo,5,house,images/photo/hf_05444.jpg,ffe4c5cdd705b3be4dd88ed9700be7fa6cc48c998f76f214eb31865a71988ea1
5445,hf_05445,photo,5,house,images/photo/hf_05445.jpg,96941ea729c6638437a0b9a0926d9d2f13cac214da126f7b3ba974413bde2a94
5446,hf_05446,photo,5,house,images/photo/hf_05446.jpg,1f9115e13da0be54876141e90f56842fc8c2ec623c89a189a8f73391abadf766
5447,hf_05447,photo,5,house,images/photo/hf_05447.jpg,d27d2d0c9a12a349343c71330d0b141a0f11c4a945fdf61167e5dc107b3ec705
5448,hf_05448,photo,5,house,images/photo/hf_05448.jpg,1063d3f6d944405004c0f8d1b3087bc76e7ff23365a8e0f0bb1b595710a6ed8e
5449,hf_05449,photo,5,house,images/photo/hf_05449.jpg,bac844cbf02e8a5058f3b67a6c9112ee1ba9584c64a247c9cd295bed0680f144
5450,hf_05450,photo,5,house,images/photo/hf_05450.jpg,e5aeebef3ae07f188a24b4f0b798e997fabd3ccaf55fce87ddcfd9a70ab473b3
5451,hf_05451,photo,5,house,images/photo/hf_05451.jpg,ec7c720733b5a078bec6cc336a55aae05b5d49a0fc273f19aa06be5bf2223219
5452,hf_05452,photo,5,house,images/photo/hf_05452.jpg,14f4b0e08987cff64f74e3f667ce19a95e630a416b4d247661a074b290c6af03
5453,hf_05453,photo,5,house,images/photo/hf_05453.jpg,c2f0a1109fbb1256f21ac68acd89ac0defbee69f08fdf6533af572be8ecd282b
5454,hf_05454,photo,5,house,images/photo/hf_05454.jpg,434338d7fcef475cd11e56ac2a9b8e024ae85ac9fe65ebce0c1b1c5d2a4a71d1
5455,hf_05455,photo,5,house,images/photo/hf_05455.jpg,e3486a90d30ebad41e247107f684ebf12bb34168c52cd472476af6fc42002813
5456,hf_05456,photo,5,house,images/photo/hf_05456.jpg,906d075ccb09cd3e4f9b973e4e6e57fc6485678eda139d089be52ee51d24bbdc
5457,hf_05457,photo,5,house,images/photo/hf_05457.jpg,c231bee783e61fcf38eaaa73421bd7edd438ef5fd4bc85ab2a708ebe09a0565f
5458,hf_05458,photo,5,house,images/photo/hf_05458.jpg,d1d96629fd5b5a1cd56508fac246de82f02780d564c8e673c29546131b10c8df
5459,hf_05459,photo,5,house,images/photo/hf_05459.jpg,edf4ce54053e695a2f9f77de0de8f9a4d59d0825289cdb36311fe7d508da8bd6
5460,hf_05460,photo,5,house,images/photo/hf_05460.jpg,ba16fb2552e296fc5c618c31c83f42fdaa204798344c4d009efa0ccca64332ac
5461,hf_05461,photo,5,house,images/photo/hf_05461.jpg,de36d85d1a807f36ca27955dab906f8e0942d080c76a452b79a42b4d7f8bc70e
5462,hf_05462,photo,5,house,images/photo/hf_05462.jpg,f68f5108d047baebe06cbdfefb3af903c7989b573f86289f25bf79faaf752879
5463,hf_05463,photo,5,house,images/photo/hf_05463.jpg,6b439107a433c1b267b45efbcb7dc946a86913061ada8d632dae4b4d4f6065fa
5464,hf_05464,photo,5,house,images/photo/hf_05464.jpg,9635a088ac9ec5fe0c7505fa53eb777af4bdf69caf5c3befdc3897f64e340c84
5465,hf_05465,photo,5,house,images/photo/hf_05465.jpg,5913f89d2e75e6a0d9c7a01f79060c948cb92f484f82d091880bea053c6cd9f6
5466,hf_05466,photo,5,house,images/photo/hf_05466.jpg,15c258a4e4cb27ae287abcb88c651f3972798abc478a7ea15fcffffb1921bc15
5467,hf_05467,photo,5,house,images/photo/hf_05467.jpg,013f3aafa10ba7d4902dfb84229b1450da14e0e1aa3e12a918d9df02035efa58
5468,hf_05468,photo,5,house,images/photo/hf_05468.jpg,6a9d7ae66637c2595b2172e6ca09aed0635c9bf1f9dfdd51864d7e44c31e2a0d
5469,hf_05469,photo,5,house,images/photo/hf_05469.jpg,636c56d6c329c1e1fd31b3424ab1180a221a9ab032e113adbae2eec990c07aa8
5470,hf_05470,photo,5,house,images/photo/hf_05470.jpg,432312ec5c804496fcdbb3871a57178a023f26224173cdb063bc1e5fb7111dc6
5471,hf_05471,photo,5,house,images/photo/hf_05471.jpg,3727d6d3df824630484b39b9300c9c05e6be18ffa2c418eada30a520182d3506
5472,hf_05472,photo,5,house,images/photo/hf_05472.jpg,d943f56caa7c02a04a2d13fd355ec975022a97401bfbe3dddce7b337b5c7acd5
5473,hf_05473,photo,5,house,images/photo/hf_05473.jpg,78536a5322bdcc85524685cd1525a8e802e790eb8956df432c8c599ba3dd30d8
5474,hf_05474,photo,5,house,images/photo/hf_05474.jpg,0c2823b07328928aa1c056622e9cbbd382418de4af1886469dc088201f0d37e6
5475,hf_05475,photo,5,house,images/photo/hf_05475.jpg,fde8757b1e7a16b7b9fa9c29e8918eeb1915114411a5b0f3b3b622893e9ea318
5476,hf_05476,photo,5,house,images/photo/hf_05476.jpg,f7851d89fcab04e90ae407a4bda285e4058ff99308df5079bce5b4b125c0dad4
5477,hf_05477,photo,5,house,images/photo/hf_05477.jpg,4d84f46ac67652a4ffe08be4bedc29d79e37f6d9c8bb54e05f6530d0606ff7ce
5478,hf_05478,photo,5,house,images/photo/hf_05478.jpg,79277f856499f3cf8cf3d0db567b4d6319930b7459b805920a8398148e16a23c
5479,hf_05479,photo,5,house,images/photo/hf_05479.jpg,72b18db271b4f56d72cd57954a0328d2861789b5391e0f6391b847d7d740d23c
5480,hf_05480,photo,5,house,images/photo/hf_05480.jpg,7f36f18f63bdd5db5e8c81dc1638cc37fcf3f5e710f70b8ce82c864a03e70697
5481,hf_05481,photo,5,house,images/photo/hf_05481.jpg,5fae30f3cc2a4376a0f1c11182a6859a63ed03bfa0bded53eabba7dc66b1fec9
5482,hf_05482,photo,5,house,images/photo/hf_05482.jpg,2b082307bb46b4720cdceffe0d9900c615c1a158a8abe29b16505471db651207
5483,hf_05483,photo,5,house,images/photo/hf_05483.jpg,46f549962a3bc38547b82805e76be3526d90eb75e9a8ad2c60ba6b5e1d11e25f
5484,hf_05484,photo,5,house,images/photo/hf_05484.jpg,4db98503d645945d7ea9377612212104dbcfc25d67ec75f9bba6c9b346b4fa0a
5485,hf_05485,photo,5,house,images/photo/hf_05485.jpg,bbb387d27aee5be23fc6c99d1493f804a202c6b812611d952ca60b50c2c636fe
5486,hf_05486,photo,5,house,images/photo/hf_05486.jpg,4d26d54035bf583eb62e81ed1c6d3c57633daf1f4bbad0d0a6880be1d6877f71
5487,hf_05487,photo,5,house,images/photo/hf_05487.jpg,bf661e6e57eefac08b8fbd2a8de2e10f5404479e7c75983e6b60482388d86991
5488,hf_05488,photo,5,house,images/photo/hf_05488.jpg,9a83f4df7ae24ce96b74460c504d12c3ce6b35d16084c9b4eb8c712aaa7af97a
5489,hf_05489,photo,5,house,images/photo/hf_05489.jpg,ca0d0ad78eb34eca308981fe88248d2773910d519efb5418e0af215b8798f660
5490,hf_05490,photo,5,house,images/photo/hf_05490.jpg,39c4c04063e6f59f4d95529e849908bc7eaea0be4728bba798ff7267933105d0
5491,hf_05491,photo,5,house,images/photo/hf_05491.jpg,3231cc54a74e84724bd52f7cc45b677d125a67fd5353c446fd5e8243dcf8f932
5492,hf_05492,photo,5,house,images/photo/hf_05492.jpg,710a92bf1edb83a29d915e66c9f51bcced9452cc1dd26f9ab196c9c04165aa7c
5493,hf_05493,photo,5,house,images/photo/hf_05493.jpg,32e2d09e893042ed8980b812f4f930626c08fbd02b46486f12de74ca93893cea
5494,hf_05494,photo,5,house,images/photo/hf_05494.jpg,0d76300d762d110df2131a2377f6feca289ed8b6e5f8830ddde88b91fd71b7c4
5495,hf_05495,photo,5,house,images/photo/hf_05495.jpg,13e2ee3d196bbcbffaa7e32bcd6d5e6dc408fb2b522aedc9deb045f9f522a82c
5496,hf_05496,photo,5,house,images/photo/hf_05496.jpg,d6ba23acdfed4d7a2d7cdbe0339bd5e1a6c7f25d7da3b3546304cc7bbb2f433a
5497,hf_05497,photo,5,house,images/photo/hf_05497.jpg,a5eac8e7610f9ba9d6fff621ea652606525df5b9c4740b9839f79fb82c44fa45
5498,hf_05498,photo,5,house,images/photo/hf_05498.jpg,a5e9c72f66b99407ca3e1a49c89896ffdfc9d7bf1307b9b1eae9ba1c6d56d217
5499,hf_05499,photo,5,house,images/photo/hf_05499.jpg,52a306d4548cafafb98dcdc420cf428555930175dcfb050c9de4e10355f50f89
5500,hf_05500,photo,5,house,images/photo/hf_05500.jpg,24fb81db2960b0fd7d82ade0637e2efff280ca68bfdccc4eb8bdc42d94b5b3e7
5501,hf_05501,photo,5,house,images/photo/hf_05501.jpg,851520c313698b5e7829bbefee68b703391491a76de31a6d67ac6f35749f1828
5502,hf_05502,photo,5,house,images/photo/hf_05502.jpg,a342dabc35c0a80f7e32b7c59a72fa5f46a329bfd87f4bcd0e07a9db1eef82c9
5503,hf_05503,photo,5,house,images/photo/hf_05503.jpg,b3ecb6864855088f0a709ac8248b65bfe6f8a0e394c399fca3d3d2b836046e18
5504,hf_05504,photo,5,house,images/photo/hf_05504.jpg,48765392e047e347603f004cddf7d3de71e09eb2e7468ba7fd0f87d633833981
5505,hf_05505,photo,5,house,images/photo/hf_05505.jpg,15b5bc2700c2587efaf059821aa0392de25d60bcdccba8a4abf89b7c84a0bded
5506,hf_05506,photo,5,house,images/photo/hf_05506.jpg,4a3a9550d402cd7ed40784602408498e67f8b10275949004ee2124a4fc052775
5507,hf_05507,photo,5,house,images/photo/hf_05507.jpg,6e54a3c99f8a042a1b23e55320b7df9088973079d5091ea2cbad5b6f41181a5b
5508,hf_05508,photo,5,house,images/photo/hf_05508.jpg,e0701ee14af1e11b0aae4de81a2e0703a6e8f2863468c31dc647b3c0259fc011
5509,hf_05509,photo,5,house,images/photo/hf_05509.jpg,57f8d57e01fb5458afae86da3ca58a32ec468255735dfab36def4c778c32995b
5510,hf_05510,photo,5,house,images/photo/hf_05510.jpg,46ebdedc810b3b5249eb4f97f364c64629e165d74ce14ac67509eb7a6b558ac2
5511,hf_05511,photo,5,house,images/photo/hf_05511.jpg,a82c9215d12e049f188c86e2dac8a1412933484925dcadbfa2a5684689bca98e
5512,hf_05512,photo,5,house,images/photo/hf_05512.jpg,926544be16c139337b2317883f677e91825bab982483df95ababbbd5d4c80909
5513,hf_05513,photo,5,house,images/photo/hf_05513.jpg,2824591318d5d37292f6c9eee44ad4e2f474b799a673b68ffebaacf719643259
5514,hf_05514,photo,5,house,images/photo/hf_05514.jpg,fc0052340d1f8a4b9166ccfb1edb651880afae8d31ce1a7d99f0b81173069251
5515,hf_05515,photo,5,house,images/photo/hf_05515.jpg,3e95c13790373524064cef11938d89867aee25dca3bf7221840cd91f217f724c
5516,hf_05516,photo,5,house,images/photo/hf_05516.jpg,474b893c62ceb4238a9aa2d80ac56631993345fa2495355c2fa563023a03280a
5517,hf_05517,photo,5,house,images/photo/hf_05517.jpg,0fb3cdf81a29f6891f4c1948794ff033ad511364708a37e6fa6aed66c06c1974
5518,hf_05518,photo,5,house,images/photo/hf_05518.jpg,e9a4b9274d08b443a19cf502d8b17098b8b761f641b1f4011bea577121986fbe
5519,hf_05519,photo,5,house,images/photo/hf_05519.jpg,c34142010443f5e89cd5db5658167b3d3f135c15f7071b7fd56920b8111c5f6d
5520,hf_05520,photo,5,house,images/photo/hf_05520.jpg,0b1fb6a7e2f7cf2775aa2166e367c799bddbb356d5f1fd08634827be2f233745
5521,hf_05521,photo,5,house,images/photo/hf_05521.jpg,692a0862abcded3eaf31d8f74d7ec2ed1a4d234a27ac5d88eb8569ff8a011f42
5522,hf_05522,photo,5,house,images/photo/hf_05522.jpg,4219b20adecf489771855a3361a83ca4d83c37decac3232deedc428db89e5e8b
5523,hf_05523,photo,5,house,images/photo/hf_05523.jpg,e331948d64f48d266158c47bdd78d339a97fd301690720e8a990c808ccf1015a
5524,hf_05524,photo,5,house,images/photo/hf_05524.jpg,e8837ccf90fb7771e6e87714d3a6cfa05772191581d313f613480f1aefcb3b85
5525,hf_05525,photo,5,house,images/photo/hf_05525.jpg,a22fa4d1a0475c7b9792f1881f3db7a7c500f10406022622ae7dec6b80e9d9d3
5526,hf_05526,photo,5,house,images/photo/hf_05526.jpg,c4c2af30a5890c9a9a1c844a1f437492a777251501082b625feb8c4563acbd72
5527,hf_05527,photo,5,house,images/photo/hf_05527.jpg,6ff9b5a8d5aef81bf4108c6b1418b184476d31d4251e905b330adaf34d2dd887
5528,hf_05528,photo,5,house,images/photo/hf_05528.jpg,696acdf25aed0ccf2528c0dc3c916f7a1ff73c8e45fbbf54efb8dbdf4a14aa9a
5529,hf_05529,photo,5,house,images/photo/hf_05529.jpg,99e35768d36747be431042ddeafa03a26e2c5f1f3998945b5cc87dca4f84e52c
5530,hf_05530,photo,5,house,images/photo/hf_05530.jpg,bda5e6dbd424dbe977ed887e6bad1ce1d81e8f97d2c1c9e501e9dc3963380f56
5531,hf_05531,photo,5,house,images/photo/hf_05531.jpg,011cf8d50e22e23989439bf841f7c6ec10998925e4854a600581e319fb2bb304
5532,hf_05532,photo,5,house,images/photo/hf_05532.jpg,d2524af74cb2213aeb6a9d1491ad0a452625965bb920e79ee05ab02d08fa7ef6
5533,hf_05533,photo,5,house,images/photo/hf_05533.jpg,cf3345291bbe2c519b1e70e4911e72cdea27a4963bcd393dc906bc921c8bead8
5534,hf_05534,photo,5,house,images/photo/hf_05534.jpg,e9c6f9b9022a50d2a4bc096ac4cbbffe0d223dd205bc9711e0f106fc149d936c
5535,hf_05535,photo,5,house,images/photo/hf_05535.jpg,77fd97ffb91e6a615dcb4a0d4fbc5097c17cbeee61498219325138398318db3b
5536,hf_05536,photo,5,house,images/photo/hf_05536.jpg,06a82ef37a93df4a3fc36456a226f3b98cd4e3792e8809a44a4ad4c791a0f624
5537,hf_05537,photo,5,house,images/photo/hf_05537.jpg,d7c55410b6afa41bc92f2bbb0a29b75fc8195f83389f7296a7db8ea37ce0374b
5538,hf_05538,photo,5,house,images/photo/hf_05538.jpg,56c45233530a2cf98aeca0be15df2d2dd9a91a723663ae2d4d333e2ff9c1da57
5539,hf_05539,photo,5,house,images/photo/hf_05539.jpg,397f09bdd722981ea6c23199a52dba45ca707a1699a4694ae67e01905b387220
5540,hf_05540,photo,5,house,images/photo/hf_05540.jpg,174783ef918814f67f41b26fdeee23002ff2b4aed3671271bc6ce6a0420e2241
5541,hf_05541,photo,5,house,images/photo/hf_05541.jpg,d4fbdeb40df905150281dfd38496e5d123b356ec87052e25b350ad44f0bdcb17
5542,hf_05542,photo,5,house,images/photo/hf_05542.jpg,b90cee4d6e0ec9362642d27ffbe1693c3108a9fbc42de3ebad56ba6eb27a2681
5543,hf_05543,photo,5,house,images/photo/hf_05543.jpg,11a6f94a573c7d7a3fe9fc02e97531e0b63b28d639b3effe33b4a743f752c8df
5544,hf_05544,photo,5,house,images/photo/hf_05544.jpg,855f65a6410dc5960869f1c5f7360d6821408eda9e59c0ef75e2ac010c231db6
5545,hf_05545,photo,5,house,images/photo/hf_05545.jpg,11a04218a5caf8788bef9a18aa160020e4a566f8915119c2693f397296e79d9a
5546,hf_05546,photo,5,house,images/photo/hf_05546.jpg,710b4c078bb6b960abc495768fdf3ba116af4e9dbeacebb2fc9db0bb29c8b896
5547,hf_05547,photo,5,house,images/photo/hf_05547.jpg,2c9dd244f3aea4691653cd0b0d1aaa4242be0dffa7a3e7a1743e3168932f3d55
5548,hf_05548,photo,5,house,images/photo/hf_05548.jpg,0ea1b9a2933e7e87b7a41e148ded3756fc3d4af35b89f9710ad864e86af2defb
5549,hf_05549,photo,5,house,images/photo/hf_05549.jpg,98da3ecba1c12bd20786f22996bbaf249a6d3bd163c97e612dca57c18f2da831
5550,hf_05550,photo,5,house,images/photo/hf_05550.jpg,a8e6db42f020312d71eb8d3d994435e74f0ae5fc406bcb04213189915639419b
5551,hf_05551,photo,5,house,images/photo/hf_05551.jpg,4970ceaf9a55d3de263afe98ead8df30aee7ac46b09008bebb90fa93b5533245
5552,hf_05552,photo,5,house,images/photo/hf_05552.jpg,5e6febb212f875992b33e0ed6a16141661c86564103020be788476c570bf58b2
5553,hf_05553,photo,5,house,images/photo/hf_05553.jpg,9dd726cbfc8ae7b7233b271539ab8cd589ee722a7ff1832827573d46a8614844
5554,hf_05554,photo,5,house,images/photo/hf_05554.jpg,90ff5679ac2e81bb245b789a18175d7e5e65e8a3c4a8b3a2335ee5864a81259c
5555,hf_05555,photo,5,house,images/photo/hf_05555.jpg,a62773b2861678576063d09a84d32b1adefaa59093160a5c5d45c7b875b25339
5556,hf_05556,photo,5,house,images/photo/hf_05556.jpg,c7e1c595019353519061b47ffb2301daedb04074478b1c33da6a677981730835
5557,hf_05557,photo,5,house,images/photo/hf_05557.jpg,50d7900b66406800a0742ad545a5b27731a08a3a3648b8df74d60bb816152280
5558,hf_05558,photo,5,house,images/photo/hf_05558.jpg,3a7e6a70666366930f6b48fe38b122f27f6267259d16a2aee4412f463b22eb3e
5559,hf_05559,photo,5,house,images/photo/hf_05559.jpg,6a0dd44486de90c04c96a0d8a07f5aac2c99b1a2904ad7da921cd9050fa51084
5560,hf_05560,photo,5,house,images/photo/hf_05560.jpg,910e5f9024fe5f84fc303272e343dab43e488e083aa09488a10b8e73dba117ce
5561,hf_05561,photo,5,house,images/photo/hf_05561.jpg,f600383be8b4797c6f298d28c984811e45ee6ab0fc4e44996653eac4b6baa2e9
5562,hf_05562,photo,5,house,images/photo/hf_05562.jpg,53e46b34a4a9f7a49b2d8cc65cc8fbb762e83106098f59c633558412ddcc7118
5563,hf_05563,photo,5,house,images/photo/hf_05563.jpg,18e3310cd648481cbf65fa61499cd24b2bbc38c3a10326e482b9445778415e03
5564,hf_05564,photo,5,house,images/photo/hf_05564.jpg,45c730489bc21a59a46e60f48088b3fe708d677e2a0ee4704e85589830c994b2
5565,hf_05565,photo,5,house,images/photo/hf_05565.jpg,1667a0c8b79bebf7e77e71b0817af17084c20a7185a4e556e263495ff1dbc921
5566,hf_05566,photo,5,house,images/photo/hf_05566.jpg,dd75636f3326ab8e98bf2501acf84c5fcdfc7b43bf3e76d3110047f5e8572a33
5567,hf_05567,photo,5,house,images/photo/hf_05567.jpg,a53212f315f25a433bb279c8a13e750904e60c4c004be018a8f52f6c3224762a
5568,hf_05568,photo,5,house,images/photo/hf_05568.jpg,ccb759a3daffb9b5d6c8148af4433a685d20220f1239be913b5a38b6dce32e64
5569,hf_05569,photo,5,house,images/photo/hf_05569.jpg,077e50e1943848cc5ce0e0cd4bfe5093445fb9612b4bfa25299491aa50d750cf
5570,hf_05570,photo,5,house,images/photo/hf_05570.jpg,2f042609e5b26b2e10b1aa4b35ed29c8751eb3047159ac6ddf90a0c20cdff13e
5571,hf_05571,photo,5,house,images/photo/hf_05571.jpg,47a2162fd24a19fc49e13bb022968577a4bebede77172f9602ef076d4026c160
5572,hf_05572,photo,5,house,images/photo/hf_05572.jpg,440765722f396dd403b2efcb5b49d6c8381c5b66b6c162c93ac7da7c4732f709
5573,hf_05573,photo,5,house,images/photo/hf_05573.jpg,6d3c1f217cb1792a35b25af2f27f51a012a892f9369f4ff70b461aa18a14d790
5574,hf_05574,photo,5,house,images/photo/hf_05574.jpg,4061f67827bbd2bdb7e750cae724230f667351bfd785201912add2ca6ce3435a
5575,hf_05575,photo,5,house,images/photo/hf_05575.jpg,8daba02a5109ebe9427c713fd02c2f23fd5a9aa933cd73d63727ca5200284bfb
5576,hf_05576,photo,5,house,images/photo/hf_05576.jpg,537d2f67e014217315e36c93e8074bb115139da3370daa54762260008a030e15
5577,hf_05577,photo,5,house,images/photo/hf_05577.jpg,33c1d7ed6163dec6a5f08d8f309af34ddf83c60ea2ada83e46bf4b13ae670ce0
5578,hf_05578,photo,5,house,images/photo/hf_05578.jpg,db46c31f12d6db9a8cb0ae86645f9fed563adadb0a13a90f10bb5024daa953ab
5579,hf_05579,photo,5,house,images/photo/hf_05579.jpg,dd6b3b606389d3e97e62ef604f3ec73bde4ddceddc9cc3cbca76178181fb6327
5580,hf_05580,photo,5,house,images/photo/hf_05580.jpg,19d8a682aba69c31f2f610cbc4c07d1cf94e6efffeffd388643cb8bdb13a3b44
5581,hf_05581,photo,5,house,images/photo/hf_05581.jpg,dcbe1f2983707dd898c32e46a7a296d1fb17bccb991f8d7d3b9c6555ca6a716e
5582,hf_05582,photo,5,house,images/photo/hf_05582.jpg,f141f23380873ed1be77e1f92eff43922be7ed3d34143d6a6988644528de75f7
5583,hf_05583,photo,5,house,images/photo/hf_05583.jpg,03d0579e225d73b1ddd41d136e3e84a4eea4b47f3cedfb4fec2eba409aca4c8e
5584,hf_05584,photo,5,house,images/photo/hf_05584.jpg,8baa92550c70aec9630f5eaa6a899c3c067e8a779a4f9f13fd0bc53951081f71
5585,hf_05585,photo,5,house,images/photo/hf_05585.jpg,f51dee3c7f9b909090bdf35b3b73d76d321a0fe56e3243f83c66342638410907
5586,hf_05586,photo,5,house,images/photo/hf_05586.jpg,f6772619c752d9388d7160bb3f99cf385996d80c0bdd04a460d9902ba7c376a5
5587,hf_05587,photo,5,house,images/photo/hf_05587.jpg,b60a787bc8090d6a372e205e030704b12c82259a58ab97c977d531e30ad3b6bd
5588,hf_05588,photo,5,house,images/photo/hf_05588.jpg,b933682b1ea00a210b0dfac89b0e7f6137cb40e71b90da47f08b1309b5b27dfe
5589,hf_05589,photo,5,house,images/photo/hf_05589.jpg,84755154d7ff684b8cc956921cb35afadf64ec1a2435e43ea7cb630bc627950e
5590,hf_05590,photo,5,house,images/photo/hf_05590.jpg,3887b7c957fe674282e341355764549b0b1061979f56e296fb7818785be00e1b
5591,hf_05591,photo,5,house,images/photo/hf_05591.jpg,cdf98a84ee66f22953334e774d414c5787799e8aa3adea4d244edcaadfd5a6c7
5592,hf_05592,photo,5,house,images/photo/hf_05592.jpg,bb5988e416890b7d0c77c2e0b7d3367728b014dc5c42176360373f63ee861187
5593,hf_05593,photo,5,house,images/photo/hf_05593.jpg,443c8c666c440081f971536233efa064f829ab6b34cd4f17fb767f4d071afea0
5594,hf_05594,photo,5,house,images/photo/hf_05594.jpg,fe484cc33fb4009a6526579452dc2004fe6403b145efb3a2828e7525271c4a0b
5595,hf_05595,photo,5,house,images/photo/hf_05595.jpg,7516fd8fd920d16f7b850e0448b8a7092c0e0704dc8a6b940b4198f477e16307
5596,hf_05596,photo,5,house,images/photo/hf_05596.jpg,6a1fd9c9520129527d20cdf0ad79e0fcf47729dec0ed7a03d29d0cd86e80768e
5597,hf_05597,photo,5,house,images/photo/hf_05597.jpg,663b83592649281ca97100bfcb6082558c96298db962eac43ccfb8b2c4d5c466
5598,hf_05598,photo,5,house,images/photo/hf_05598.jpg,61f6443d37832ea3a4d348c20701165a5b98ae9d393afdc9986bafbd58ae7715
5599,hf_05599,photo,5,house,images/photo/hf_05599.jpg,e382d1c424a2bc14e41727c834f44da90d60f83207d0aa1fb6c9bee7fa30ee95
5600,hf_05600,photo,5,house,images/photo/hf_05600.jpg,d4d21d26201803049d60805ed9cd4e1c9c16067980847dd5b7768713998768e1
5601,hf_05601,photo,5,house,images/photo/hf_05601.jpg,bee11839c13899af0e3e8b825c667d0f4b4fb225fb2fa37cb9443d3558589cfd
5602,hf_05602,photo,5,house,images/photo/hf_05602.jpg,bbe4135e89f87ef7300ce6563be84243ad9c8313dd98c5061bb0e02530298dd4
5603,hf_05603,photo,5,house,images/photo/hf_05603.jpg,9c03afa78ff1e66e8e3e6611bd4fb578aa2b45e947800701ac187c9d147505fc
5604,hf_05604,photo,5,house,images/photo/hf_05604.jpg,cc01acb53c206bbf844621f2fc7dec89f24323d58d16d3af22bd13968e1dc8b4
5605,hf_05605,photo,5,house,images/photo/hf_05605.jpg,a3b879722618871859b3bbd28f18565cbc4002738cd0ad74231cb4d757d9802c
5606,hf_05606,photo,5,house,images/photo/hf_05606.jpg,7a8426a50113cd9cbeb679bf0963d1c4a7929e2976aae0f75d432a570d28592e
5607,hf_05607,photo,5,house,images/photo/hf_05607.jpg,85c75a23dd3775719a82f16c6d0088c41771098743100e28688534cc3f6c1a18
5608,hf_05608,photo,5,house,images/photo/hf_05608.jpg,32a1738e69893e388b8037992cee492037034c2a5b9828dc0d5fecfc13b4640d
5609,hf_05609,photo,5,house,images/photo/hf_05609.jpg,4ec1b686e1c692023bfe298872542ec5630f259f50d3e6227eaf96d512d3abfd
5610,hf_05610,photo,5,house,images/photo/hf_05610.jpg,4c77e25ee889bed49b07478c22714f2f084035cff2f41fec97e12ecbc151c67f
5611,hf_05611,photo,5,house,images/photo/hf_05611.jpg,17e3c0b91bb7deb269aefa111edffaac0676d505b765d9bc50c88a063b788769
5612,hf_05612,photo,5,house,images/photo/hf_05612.jpg,8b8486332650da08d3b72d6590d7213bb617d0ce359ca64e06590baa2d9b3fd6
5613,hf_05613,photo,5,house,images/photo/hf_05613.jpg,55af422fda7053afc729f12eeaa148e7d8b5491dd340c51027afe4f0ac82bcda
5614,hf_05614,photo,5,house,images/photo/hf_05614.jpg,6b70693160d14827003fe3d8c3e89c226468ff1ed16fa4e650ba0aec719d7469
5615,hf_05615,photo,5,house,images/photo/hf_05615.jpg,160ed94a5a3108c32ebfb30208789c0c0f6c3eea968489fef5082287d5358c8e
5616,hf_05616,photo,5,house,images/photo/hf_05616.jpg,3078c2e426ecde3a251a2e391f39b1b0be6363cadcf08bde184d38f1b965bc1d
5617,hf_05617,photo,5,house,images/photo/hf_05617.jpg,ee8ba3c901ad28f2ca8d5538af6a2f366621ebfc3bf444df8e7164f0d98a93d0
5618,hf_05618,photo,5,house,images/photo/hf_05618.jpg,7d22a80c5c365b2313cdecbcc349b5bc62b2585409954f879043d851eca5f6a2
5619,hf_05619,photo,5,house,images/photo/hf_05619.jpg,e5e83bb167316a2b3762ea80463ff21ec0904eee59fd7fbcc467db6e48438941
5620,hf_05620,photo,5,house,images/photo/hf_05620.jpg,4ac8a736d45d45fc4f8eeb428383e83e6bc49f37d7f9ba34058357b98708cffc
5621,hf_05621,photo,5,house,images/photo/hf_05621.jpg,5bcc0b546ea5e026a3a5e343a3bc7057d7c1fbbab2c425269d4ee92347970f3e
5622,hf_05622,photo,5,house,images/photo/hf_05622.jpg,83f3bb7f2456d7b5df04b226b85f693367bcaabff5fc300ec35e0259a1b8e62a
5623,hf_05623,photo,5,house,images/photo/hf_05623.jpg,f5103b6591b3abc88f3f65c8414dbfe40b1a18d33ef7052b04b28655ee24dd1a
5624,hf_05624,photo,5,house,images/photo/hf_05624.jpg,250dca1f8c4b1cba75051e372e62acdb5cd94628d50d71aa54026b99f8b09351
5625,hf_05625,photo,5,house,images/photo/hf_05625.jpg,3c1bf6d235f077deae0b1b87094ee581a9198a63894d020637544cac4510d6e3
5626,hf_05626,photo,5,house,images/photo/hf_05626.jpg,6737fca2abb665573a94f0ddbbf2fcbc2087782dfc4dede45f2ac9fce5ad94b1
5627,hf_05627,photo,5,house,images/photo/hf_05627.jpg,9e472c18e747e9fb1a5e47189dd18ed550bf24fb1359bd9ae7832b1766dc6315
5628,hf_05628,photo,5,house,images/photo/hf_05628.jpg,253e601ea85ac2a4997570ed58d9cc3290e712db177ed9659782e34ad0df93c8
5629,hf_05629,photo,5,house,images/photo/hf_05629.jpg,7a9b2e9d329a71f7feb4920bf1c7821aa369aa6e587a4fd509af8817ead5b255
5630,hf_05630,photo,6,person,images/photo/hf_05630.jpg,a51c644c3988d3c66b875d8fad3724e7880e383fefd62ae2e6dde4f2bc03fa38
5631,hf_05631,photo,6,person,images/photo/hf_05631.jpg,45a8efd097493d7cda34c4cff172f4562beaadd5da43ec04b15cbe8e19d35fec
5632,hf_05632,photo,6,person,images/photo/hf_05632.jpg,7ce268d960757446d4841752797dd6c5ad57efcf9c0b5cd3c488cb817bda52bc
5633,hf_05633,photo,6,person,images/photo/hf_05633.jpg,5c4215708390ec49ffefa054f2d774f0ee1d37ab68aca0ef29ae92eecee18954
5634,hf_05634,photo,6,person,images/photo/hf_05634.jpg,5ca97542d3cf0f1cc9307ea9b622a9b271ba341a50c01e990d6d2e66316e1b66
5635,hf_05635,photo,6,person,images/photo/hf_05635.jpg,171a804b1c832e35d9f0e24b05a49a5085186ea975fe103bc105dfffd57450e8
5636,hf_05636,photo,6,person,images/photo/hf_05636.jpg,bfee5d416070fcffc4f56c3a05af0e8d1b2268f1a11bf3391e5a8bbc5545aa16
5637,hf_05637,photo,6,person,images/photo/hf_05637.jpg,c6cb57bc592628b10b5afc12279116aee630e614e997d1594ced4439e1c65fab
5638,hf_05638,photo,6,person,images/photo/hf_05638.jpg,4b35b029c23d651a71c7d7268dd5ec29e5eb54c076865ba9dff5ded8252eb43e
5639,hf_05639,photo,6,person,images/photo/hf_05639.jpg,53f0ee596d453cb2a84fc3ca0f7d3c2ea1dd5ea1dff64d1f753997357ede4b9a
5640,hf_05640,photo,6,person,images/photo/hf_05640.jpg,97469c0f1842877fe643ad27211c95ae0c59373106047f3614d9d485c06aac7f
5641,hf_05641,photo,6,person,images/photo/hf_05641.jpg,bd11077f50d3ee4618c2885f6bf306da294f21c3cbce5a98c1c378aebd6f0535
5642,hf_05642,photo,6,person,images/photo/hf_05642.jpg,90668b86c85f5833cea64055de2f3b06d91d66b7855e12acef461eb329961ede
5643,hf_05643,photo,6,person,images/photo/hf_05643.jpg,07764e483f3477b827c0dfb2af1c7ab102c83cf313e7844ee200ec01ccde1db9
5644,hf_05644,photo,6,person,images/photo/hf_05644.jpg,167c8982dd67e2a56fac90df6959a1b6eee01908baf1ba7de03a6d21e52475c2
5645,hf_05645,photo,6,person,images/photo/hf_05645.jpg,32099b232a81d7bed33dfa94c047714f62dced77b5dc559669894612e2ea3530
5646,hf_05646,photo,6,person,images/photo/hf_05646.jpg,abfc6a5359bbd30e72925fffab619e6c6073b4eab2c77b7fcfe5ad5caa63f9d8
5647,hf_05647,photo,6,person,images/photo/hf_05647.jpg,c3a1ff8740a77b6ee9ae343792ce54d30cbaae0c53f54534c0cc07c118780aa7
5648,hf_05648,photo,6,person,images/photo/hf_05648.jpg,10617a25a49775759de8b6561c743bd53caa93f308959dc89a5d3c0932453fc3
5649,hf_05649,photo,6,person,images/photo/hf_05649.jpg,40515dc987c25430a1dfa14dcc86c80ab45a1a40aa5c6c6a578fd672606a2d45
5650,hf_05650,photo,6,person,images/photo/hf_05650.jpg,d4d6c286ded9e23c219de4261f40d968872f16474e0862e1f164afe718dc3a1b
5651,hf_05651,photo,6,person,images/photo/hf_05651.jpg,e398dbffdd980c2cf93e7fdccc331e769ea1c424f746d1bfe094fee319ac38dc
5652,hf_05652,photo,6,person,images/photo/hf_05652.jpg,edbe21b63e92379958614c0d583806e25767ac03465c35f5cff80df30a1cbcd7
5653,hf_05653,photo,6,person,images/photo/hf_05653.jpg,8f915ce7e4098952482e22d93916fe82f2ef59d0254473de3beb3a93a92e3b80
5654,hf_05654,photo,6,person,images/photo/hf_05654.jpg,bcc0805150d564ae913c0496b38f7f4a6fe7f1f99fd948c41743b995ba627795
5655,hf_05655,photo,6,person,images/photo/hf_05655.jpg,d043845e362449c669830802f8b7032facb3485c919ba6d930b15cf84e3dfd2a
5656,hf_05656,photo,6,person,images/photo/hf_05656.jpg,e37cb5f2a32ad308512c6319c45eee2056e3de1ff23012cdf07cd4b3b5b20e1e
5657,hf_05657,photo,6,person,images/photo/hf_05657.jpg,65a1adb262325e4287faddb3999ee7d3cc7b7d5cd80b2ef564b42ce825432a27
5658,hf_05658,photo,6,person,images/photo/hf_05658.jpg,10109e18178ec0038bd7687b19e93378ba154d02f2458ab33dbdd8bae8a6d867
5659,hf_05659,photo,6,person,images/photo/hf_05659.jpg,d70b1b4ac0224e48878bbe3d866cbe3f8ad4d76e5cd582306e8604c964b5af18
5660,hf_05660,photo,6,person,images/photo/hf_05660.jpg,41fcc538848f10d709d92f861e2eddb1c648d47ed91922da90a2e6b7b420f7eb
5661,hf_05661,photo,6,person,images/photo/hf_05661.jpg,f79ed195790a0df0eb2b3ef9f8112c1e55ae9eea0db7323de39c7b8eb1ef447a
5662,hf_05662,photo,6,person,images/photo/hf_05662.jpg,8333ed4ab82bc4a019717cee2a124b103478219e79d134776e17147dd937af03
5663,hf_05663,photo,6,person,images/photo/hf_05663.jpg,c61ed4b90e0b0cc93733061a156ca7d830f7e3c92c2fa7d874b8efd55108340f
5664,hf_05664,photo,6,person,images/photo/hf_05664.jpg,de11eb5d9d71a599fc01a2db7184d4ef17853138be18ebea605ce21c4f5b49c5
5665,hf_05665,photo,6,person,images/photo/hf_05665.jpg,ed35bd3b96e1a48df82ecda0e19e0bc8faebfdacb182e5123bfbbf41600c0df4
5666,hf_05666,photo,6,person,images/photo/hf_05666.jpg,a42b198c62905db3b7fc2f6de438d323402aadedee57d930d35b45d68940dcdf
5667,hf_05667,photo,6,person,images/photo/hf_05667.jpg,bdac0e9d7e0a59dc4b133768cf0293636eb8a9ac804059036a59e85ffe28b057
5668,hf_05668,photo,6,person,images/photo/hf_05668.jpg,b4719dcd0b74fec6a32cd071030ed71d1c963794197dd47964f983341ab1f10e
5669,hf_05669,photo,6,person,images/photo/hf_05669.jpg,0220cded4934f7db23fd0d883ad166dc904f3c42aaada53cec41a799a50e6a41
5670,hf_05670,photo,6,person,images/photo/hf_05670.jpg,2ad04f0dd4a6dbf9b42e6ad7f92c82b887f7ead7e92de0bc315dd2c076e669b0
5671,hf_05671,photo,6,person,images/photo/hf_05671.jpg,1c2e61b9b703279f5ad1bd1aedd66db9084612c8783bd3d5f9f064a0e24ffa21
5672,hf_05672,photo,6,person,images/photo/hf_05672.jpg,30c4b000285ede6886e4757b26ab4f09cbdbccceb20bc0feb8b275a0b29876b5
5673,hf_05673,photo,6,person,images/photo/hf_05673.jpg,6d1c8d897354466bef53efa2a5846450af0f08b632432e4b8f530c40e3e389bd
5674,hf_05674,photo,6,person,images/photo/hf_05674.jpg,7d88b253a5829d52fcd44085d9b8acb5001301270ae873fc3d889f765b0df4ac
5675,hf_05675,photo,6,person,images/photo/hf_05675.jpg,e7578bb77c0e9682e360ebcb6e58a3b870d618ecdc89195f8c8a16b1f4018460
5676,hf_05676,photo,6,person,images/photo/hf_05676.jpg,88d7135296348c17ba40828502dbe726b135be2280c9528c41db58a8d62cadf4
5677,hf_05677,photo,6,person,images/photo/hf_05677.jpg,ef8bd332eb59640afe6b42877edd8c3f039c04815b06981867f2beb0decbd8b6
5678,hf_05678,photo,6,person,images/photo/hf_05678.jpg,b0ae07c7c399e4221e539987cbc17d0b67855e2ca50de7ffcc082d45eebb19d6
5679,hf_05679,photo,6,person,images/photo/hf_05679.jpg,5eda60a956bd232e2a01d92b178a690678a42f4426aef6df3376e10516db3148
5680,hf_05680,photo,6,person,images/photo/hf_05680.jpg,2bd5674f08ff145a45a9b032854a70d78062e3482bddee57faf26dca18a00ec4
5681,hf_05681,photo,6,person,images/photo/hf_05681.jpg,f07c6e9b12bfd17e67aa0ce9ecd7e54287e4e533c8a4ea33c3681ebeff046d2b
5682,hf_05682,photo,6,person,images/photo/hf_05682.jpg,3c1cf226bfa215a54a2e87c73df91fcd41765d150c2020f1705b15d1d64ade77
5683,hf_05683,photo,6,person,images/photo/hf_05683.jpg,a9f8978f73a20f7cadd781fd69959594c3d2ff7773d17c030080132a1bc9bf5e
5684,hf_05684,photo,6,person,images/photo/hf_05684.jpg,8ef4254084991ebcde0a421045ed1e225bd90658e4f363091723cf22a280f157
5685,hf_05685,photo,6,person,images/photo/hf_05685.jpg,6353f06f52cef9f0045b684689de4f3387d8f897a3f781f9fcbbf72ab1ba7e22
5686,hf_05686,photo,6,person,images/photo/hf_05686.jpg,903ee30df041601264b1c108cdddc4b55aba245f9829f736411825c759987e50
5687,hf_05687,photo,6,person,images/photo/hf_05687.jpg,1e75713b37554ff5b00ae28760df020c48d864771d68daf7f242b97d99bc52ce
5688,hf_05688,photo,6,person,images/photo/hf_05688.jpg,bd5278c0f77f5aa06e2822bdf940167e86649d9d3e02da241bb982270b554955
5689,hf_05689,photo,6,person,images/photo/hf_05689.jpg,398805514fda38782ce5bf87bc242a2c7aa7b634c9b9c094039617f53306b2e7
5690,hf_05690,photo,6,person,images/photo/hf_05690.jpg,4727054ad2418edced6ad659af4394853e1c78703bc126df6326d3d2b44adfe9
5691,hf_05691,photo,6,person,images/photo/hf_05691.jpg,3a93f4cb03dc894a3e4cbbf7e1361de760c1867f8a6e03a1da0973793581312b
5692,hf_05692,photo,6,person,images/photo/hf_05692.jpg,479d4e1680bfef106296d6421e36e1c60ee3567af72aa22aa05854394b758643
5693,hf_05693,photo,6,person,images/photo/hf_05693.jpg,1e04353c3e80fe335f0fd9c5c819a03e75483f77249d0d79301ec3cd6a0df7a4
5694,hf_05694,photo,6,person,images/photo/hf_05694.jpg,6f7ac1a2334fc20b93dce07a27bb74c958d29e95dae1a33d0770d0aede9b8b60
5695,hf_05695,photo,6,person,images/photo/hf_05695.jpg,274f4316b749270b0276cbedc7e75132799e2438e5a8335f955c5ff5a3e8aa09
5696,hf_05696,photo,6,person,images/photo/hf_05696.jpg,b27cefc4533b9a9d1ead7ff5194de90e62d54d8732a2877f87ba9e367f148e7c
5697,hf_05697,photo,6,person,images/photo/hf_05697.jpg,ef626bbad90859ff0801a95bb93a7a99bb32f96aa0608a6a6ccfae57a4b75781
5698,hf_05698,photo,6,person,images/photo/hf_05698.jpg,95dae6c0fc888ecdaa17bef08ef79d146a1f7fd48ff2189db0280900f9ef2682
5699,hf_05699,photo,6,person,images/photo/hf_05699.jpg,e644f64be8e91e8be9dd74a6fb2cada041b1a03a6f0e484d8a896d0756308b9d
5700,hf_05700,photo,6,person,images/photo/hf_05700.jpg,901b1985b9ba8b7cb9be84fdbfb510100d35be8ddead3d4e73b249a697487e16
5701,hf_05701,photo,6,person,images/photo/hf_05701.jpg,f9391f80bcf8bb11020987e6b24fc600e4788678bba1b9742793371b8cba4f9c
5702,hf_05702,photo,6,person,images/photo/hf_05702.jpg,5428247a4ffa6ebad6489de69a513eed75292f667a77020cb661778a7009ea95
5703,hf_05703,photo,6,person,images/photo/hf_05703.jpg,3bcd2e14e500ce6390f5692942c438f269b3389bc054500ec87c7f7680f21e61
5704,hf_05704,photo,6,person,images/photo/hf_05704.jpg,d304c09fea13cf0802494bf81d6bae9c66d2048cea2b946b1ba503d773fa7f1e
5705,hf_05705,photo,6,person,images/photo/hf_05705.jpg,2bf8c98ef46163f8f22b85a08d15244844bcdf8142f456810b7ac8c82a44d08b
5706,hf_05706,photo,6,person,images/photo/hf_05706.jpg,a01d44cfd878598afd92f13acb840ced55445e1546bbfb22457047429a09a55d
5707,hf_05707,photo,6,person,images/photo/hf_05707.jpg,30c05e31ebb08bbd761da8d1159a7dfa842a520f37291834529e3d68ec00936b
5708,hf_05708,photo,6,person,images/photo/hf_05708.jpg,b67cce6ae0d6e56f6b86db71035a15ce8fd29cfaa4042ac325e3cc8b2923eea9
5709,hf_05709,photo,6,person,images/photo/hf_05709.jpg,57e7f422c00e843466f51d77334c2c38db24670caf7a397ac1e9f290cd5f7d59
5710,hf_05710,photo,6,person,images/photo/hf_05710.jpg,99698b23d64b558ced813e80c5f21e0cab84588a1b231881f2a1245aa23d1c4f
5711,hf_05711,photo,6,person,images/photo/hf_05711.jpg,4ad88e8246a54c7dc4b04786395575240dec7d664397ab5e38c71083dca267af
5712,hf_05712,photo,6,person,images/photo/hf_05712.jpg,dcd9a87bfca2d4f3921b1e1ef47aef4dfc4096b29c619a1ac0e6c8ef0ab37fff
5713,hf_05713,photo,6,person,images/photo/hf_05713.jpg,6982427a6fac36a27a2ff49a836f618da94fdd1bf28398e050dc400d5921d9f9
5714,hf_05714,photo,6,person,images/photo/hf_05714.jpg,a124e47470adea501fa92f13a0b951825945d57684cebc9cc6236d029152f3bf
5715,hf_05715,photo,6,person,images/photo/hf_05715.jpg,462adc97bd597b2fc534eec1521a1f366b41386809329516e430b09017c6fd56
5716,hf_05716,photo,6,person,images/photo/hf_05716.jpg,707c538158c8de17bcb1080f65d3a86b8a701386006b8244b7f22ed6961ab202
5717,hf_05717,photo,6,person,images/photo/hf_05717.jpg,630d8ff352c8d50cc16a99e870ba651bff8111380fd43f89a2d3adf9d821fcbc
5718,hf_05718,photo,6,person,images/photo/hf_05718.jpg,11df35ba0fed0a88b596935946bdf0f8359939e6c9c9106367bf64fcf650901d
5719,hf_05719,photo,6,person,images/photo/hf_05719.jpg,00c27c84c68c860744e66a76313ae80becfe7b1770d9f3d5d6c053ca3c74685f
5720,hf_05720,photo,6,person,images/photo/hf_05720.jpg,ae0964e7e99a73aec7ffa7b86d6ec9189079768843744a5e281d8a3d566b0310
5721,hf_05721,photo,6,person,images/photo/hf_05721.jpg,45c80f773f8fb84cab89294683aa69be126065f21b146e72ed14ca0d00885cd7
5722,hf_05722,photo,6,person,images/photo/hf_05722.jpg,84bef0815522f3a98af7834cddf9abf6c0177fea00c06ea71053068973050a06
5723,hf_05723,photo,6,person,images/photo/hf_05723.jpg,95ccdb323a93766127a6359a8579e2b51dfcef027998ae6c012891ae0b9c6a31
5724,hf_05724,photo,6,person,images/photo/hf_05724.jpg,f5ea5a9a2ec335ab435e51a30a13bcdd77bed6a5ce36c8a7763b683da9e738e5
5725,hf_05725,photo,6,person,images/photo/hf_05725.jpg,580e1074b8df9e53a3f8296a8f48a7db840c435c869fc1722191a3b72d840a3e
5726,hf_05726,photo,6,person,images/photo/hf_05726.jpg,4a2cfe2f1c84cb505d54f3d2180f7066d4189dfc9707c98826b8d7cbadddf908
5727,hf_05727,photo,6,person,images/photo/hf_05727.jpg,93e81562a6f707ac9ac316a6395835b024529cc60ba2323a16f7e6e2f41a3646
5728,hf_05728,photo,6,person,images/photo/hf_05728.jpg,b4bbe414ae7d5bcd822a960d0ea7dec7c72347bebf422ac300bfb3b87b1ef787
5729,hf_05729,photo,6,person,images/photo/hf_05729.jpg,04531eb2745c13e91b00b7065de996440512960c13b4b08f8421c5077cc7f590
5730,hf_05730,photo,6,person,images/photo/hf_05730.jpg,1fa3da5cba699f5adbaf1ac4947e77699794ff7a1f407be334d6036d5f9a2dbb
5731,hf_05731,photo,6,person,images/photo/hf_05731.jpg,b479610ab337d13099a4d7b20be75f361511808bfabb05d76d3f900f74e5f424
5732,hf_05732,photo,6,person,images/photo/hf_05732.jpg,112f083172a0422940a1fc18c8c97cfffab6f40f71b85247a0def4ec948401a0
5733,hf_05733,photo,6,person,images/photo/hf_05733.jpg,4cafd5acbc665b9841e69f040e9961e5b82ac005ec62963688c78ed308fdd06c
5734,hf_05734,photo,6,person,images/photo/hf_05734.jpg,ff785b6e7916ee7ccdc2bec6691d676aec54d749f374c03bf498fd1d9b5fb315
5735,hf_05735,photo,6,person,images/photo/hf_05735.jpg,621ef61972c121936750636089f199cd2cb7169e2e701518a9b8504b451e5628
5736,hf_05736,photo,6,person,images/photo/hf_05736.jpg,a5daa68af168f0e5ead2999c17ec8ff02456d129379317ca32256be6cca22986
5737,hf_05737,photo,6,person,images/photo/hf_05737.jpg,117c05d098b0cfa1124dbec28ea31b54d9fd8718bf5e2c8b582763a065a1bb49
5738,hf_05738,photo,6,person,images/photo/hf_05738.jpg,10e9fac2723c9f4ff9c56b9e34e9172e385768787381b1da1ef7f0dd7632de70
5739,hf_05739,photo,6,person,images/photo/hf_05739.jpg,c9f987c967f9471765948ddd22ac8f906eb2194b1278fa1ccd7b9f6382d5102d
5740,hf_05740,photo,6,person,images/photo/hf_05740.jpg,5b8086d15a9a164b8dd043330125127ff07bfb5bddff3439b9d9d54793a92883
5741,hf_05741,photo,6,person,images/photo/hf_05741.jpg,b5df7297f331b741ead55e362c8ec83d8d63d4bc85eeb3cec60d49c8378010e8
5742,hf_05742,photo,6,person,images/photo/hf_05742.jpg,769d7a1db4cf9bc047a92bab4dfb30ec07e24ff468b87168e3e99ce569ff89be
5743,hf_05743,photo,6,person,images/photo/hf_05743.jpg,48752420f9d37d47d5822647eb5f962a759c3d2c341bbf6b6a6efc864cf76a1e
5744,hf_05744,photo,6,person,images/photo/hf_05744.jpg,10ae347618a98083e5b3314380a4a4cde53b3b6682fa6a07fb1a860f122ad4d4
5745,hf_05745,photo,6,person,images/photo/hf_05745.jpg,9d42ed1f2fd5b2df00632d90440c759e6eef7747df15e17ce80d3250792c87a5
5746,hf_05746,photo,6,person,images/photo/hf_05746.jpg,c412a85dc7ce59754d5d3738969a124b5e82ad36780554304f14c213fd33101e
5747,hf_05747,photo,6,person,images/photo/hf_05747.jpg,07cf453ebc1722973b874b39b8b91016d8f9161c4ee100127aec4d23744fc67b
5748,hf_05748,photo,6,person,images/photo/hf_05748.jpg,ec19b046cbf170f945e3488f94567c7396e57770fa04f2693ca661c80352358e
5749,hf_05749,photo,6,person,images/photo/hf_05749.jpg,f90698d5d736d804c121c38cf87276ebd81ced8076b25144d2a8d4d213319043
5750,hf_05750,photo,6,person,images/photo/hf_05750.jpg,32984df2db2c5e2654676a012aebde7e552aa083942603e73a8731665d07d83c
5751,hf_05751,photo,6,person,images/photo/hf_05751.jpg,f0264a5800ca1b9b3ff941f0e64e984fc4cdb9b0624433a1e581a713de6a96e2
5752,hf_05752,photo,6,person,images/photo/hf_05752.jpg,2e2c7a12cd5622bc8b93e68107ddbce2c47990bf608a24567c803dc5494bcbe4
5753,hf_05753,photo,6,person,images/photo/hf_05753.jpg,29c95269b5e5cc0c4fff99c532582d6e249bd7ebd7e7e13ae9380739326e0f5e
5754,hf_05754,photo,6,person,images/photo/hf_05754.jpg,091b8d314f7f1bbb8aabe7b526f95a4aab4eeb67b6755351169ce5b11c0e89c4
5755,hf_05755,photo,6,person,images/photo/hf_05755.jpg,c2aed99609752c35acfdf5b005cf2e7b35ae1f84b5e86640c72d2b71e42adcc2
5756,hf_05756,photo,6,person,images/photo/hf_05756.jpg,42e75c6c905dcd94e6d8495baa11d37a05fec3347348027089db814573cd963e
5757,hf_05757,photo,6,person,images/photo/hf_05757.jpg,47301fe8a54eb83fad9cd9583d170f8dea544ac543c3893326a59e594df39af1
5758,hf_05758,photo,6,person,images/photo/hf_05758.jpg,24701aaf78aa958a95afa9d1423201c8a090f53d6d23284fdb5f401dd47455c0
5759,hf_05759,photo,6,person,images/photo/hf_05759.jpg,d64dd5d0d40d1a7c937486c21e680f1cfaeeeb851f810ab07f63bb102ae6883a
5760,hf_05760,photo,6,person,images/photo/hf_05760.jpg,dffce2ea111a2a8710770ac90bb5d6084818fda37acd3bf2857b2865b0edf7ab
5761,hf_05761,photo,6,person,images/photo/hf_05761.jpg,e6c73e3fdbd22ed889f4f71a09ca95f392ae42385728c6e01e7d9a2c751f394c
5762,hf_05762,photo,6,person,images/photo/hf_05762.jpg,523fb075a836af5e82993cb22aa5d4c439383a4ebb59bbd7851dc50a16cd2d7d
5763,hf_05763,photo,6,person,images/photo/hf_05763.jpg,123dab910bb448314d6f2d252884a6943ac4bf3bd63347eee2f0c4194e8350e4
5764,hf_05764,photo,6,person,images/photo/hf_05764.jpg,fe68f9854591bb7b802104995759592fa7130b85641a6376a3e19a89d6cc389b
5765,hf_05765,photo,6,person,images/photo/hf_05765.jpg,285e4a8f5718e78aa9bd4ee1ae12d66f2da3f543255ec8d7bb0ef0ec627bbd61
5766,hf_05766,photo,6,person,images/photo/hf_05766.jpg,dd75dc45e29f8cc0dc768b238971a689683037a4ba279fb7e781e02cc0939214
5767,hf_05767,photo,6,person,images/photo/hf_05767.jpg,f60b769df831b3dddc28616a64690258229655c5a20de6481e3dd3d8308326ea
5768,hf_05768,photo,6,person,images/photo/hf_05768.jpg,b57d754c533a8118c967d54ea01bb0a212e2bf56b1f332c8696fc2ca8af2a187
5769,hf_05769,photo,6,person,images/photo/hf_05769.jpg,df633bca9e65ea005b54cdc9356e5fe1d915006702c6d95883515a135d761bc9
5770,hf_05770,photo,6,person,images/photo/hf_05770.jpg,29c08adaf937aa70eddeac7580c15ebcac41fc80c065516abbde364f7747e50c
5771,hf_05771,photo,6,person,images/photo/hf_05771.jpg,ab84a4374fe707fc2a1ed6f13c0b1fd3c0d8ac98448d112a27b125b3c03cc04d
5772,hf_05772,photo,6,person,images/photo/hf_05772.jpg,6123d1ef9665ea0d4ca66a153af316cfc42eca16f853fb20a40c09222659afbc
5773,hf_05773,photo,6,person,images/photo/hf_05773.jpg,ec8f613691ade48cf074de49cbebad0c3cdf8e175733d8e2a44412e84a7b9688
5774,hf_05774,photo,6,person,images/photo/hf_05774.jpg,b3b0c09cd8cd6adf01852fcd90f935464109e3fb248743e464dc8a35ba7ab5a9
5775,hf_05775,photo,6,person,images/photo/hf_05775.jpg,4a2b98012d9671c2306dc5710339a92683b195900d5e2f6aae0ac1c3def46bc5
5776,hf_05776,photo,6,person,images/photo/hf_05776.jpg,8e6055ce92bf0e1bc392de098c36aeb0b254976c1e267323971e59f19e44da0f
5777,hf_05777,photo,6,person,images/photo/hf_05777.jpg,fb2cda3d0e50702ab2dbf33ee2ad674d26a1e4d242d1b89dab16104916715656
5778,hf_05778,photo,6,person,images/photo/hf_05778.jpg,d09803dd7f8eecc3fb70b0d699c7639094c3e9c464639233011db67f0e7a0973
5779,hf_05779,photo,6,person,images/photo/hf_05779.jpg,dbfc01e7a36c90110146455d282b4c8eaf4cc9568a102dde02ad4d82b5c72e19
5780,hf_05780,photo,6,person,images/photo/hf_05780.jpg,6f0ebb7b66e9468528fb37104d56b32077937bad9eb66ece5a38ff3c5ebc2e6a
5781,hf_05781,photo,6,person,images/photo/hf_05781.jpg,144fc04eaad17e5c9be21c3165d77308e5fe5657e908a336d3b69fed0148072e
5782,hf_05782,photo,6,person,images/photo/hf_05782.jpg,c7338dabe8f7b94ae3927c2e2412ff6eaa4f6cf3f6c34a91bb58a2d2bb6a5f4f
5783,hf_05783,photo,6,person,images/photo/hf_05783.jpg,d48dbe3aecd5309e7e958731f1a90102bc022ddd942b684d6d73e44499e580b3
5784,hf_05784,photo,6,person,images/photo/hf_05784.jpg,b028c05cd79db8609269c6868a791f0f0b5754173b422bd27d4147c644bec38e
5785,hf_05785,photo,6,person,images/photo/hf_05785.jpg,a8e25f7f1bafaa61a279716997e76f479b84425619c56d94981ffa08ef45e728
5786,hf_05786,photo,6,person,images/photo/hf_05786.jpg,6ee3c903f2c575e3bd878d1002b9d496eb6217c68d93ae83d59699f59cc69196
5787,hf_05787,photo,6,person,images/photo/hf_05787.jpg,126ecbd4ecb477068792301b58e363e384f061d9dd5ed2cc6f403bb45a2f7379
5788,hf_05788,photo,6,person,images/photo/hf_05788.jpg,99a15e10bdf2b7eb01a2404348285f16248110f66b597b1f12aa3670b0cd6321
5789,hf_05789,photo,6,person,images/photo/hf_05789.jpg,5191404619be818f38739f9048295b2f4259da2f57af81632426455111a37ffc
5790,hf_05790,photo,6,person,images/photo/hf_05790.jpg,616c2606fd6e13264d8ec624b5ebb7ebb1ede78562512a292d1507a19f6c2902
5791,hf_05791,photo,6,person,images/photo/hf_05791.jpg,3a53989275d87159c2fc69b5d12b11b9cc8ca257b3f799189eeedf6ea99b4768
5792,hf_05792,photo,6,person,images/photo/hf_05792.jpg,1d1dd7bcd6e96a591279236471075b4980f3655b6b7e2cc14e166c72e2685581
5793,hf_05793,photo,6,person,images/photo/hf_05793.jpg,65b24af4c64230defc8cca705895efa09776f1cb99e4d77f85c814dccc1eb0a4
5794,hf_05794,photo,6,person,images/photo/hf_05794.jpg,828a71551b2874414837af100ab66abfb52d053e32c14394324d669eb655b043
5795,hf_05795,photo,6,person,images/photo/hf_05795.jpg,1e6d9aa905393fca31d094fe6d2786ae250b1e77b5092812afc67b63dc8816aa
5796,hf_05796,photo,6,person,images/photo/hf_05796.jpg,de681918c28848d74240ffac42e68e819e8af1ea5217dd49d2e60ce774e7803d
5797,hf_05797,photo,6,person,images/photo/hf_05797.jpg,a7be2475601058d2c110622b3a4ed6c9d36cf255e92c4b8d396f67d02d2e7bff
5798,hf_05798,photo,6,person,images/photo/hf_05798.jpg,9d70cebadd6967d1f0099c93037c4f937e6970826d81c741e1e6a91b31feb2e9
5799,hf_05799,photo,6,person,images/photo/hf_05799.jpg,85ba6243b6eccd5f22f16b040a5e0906e27de3e66f9c5130a0a017a2c429c641
5800,hf_05800,photo,6,person,images/photo/hf_05800.jpg,61c084e2f1a15b9579424b0d5260abf760d822485d474a84b46658f6f2c60fc0
5801,hf_05801,photo,6,person,images/photo/hf_05801.jpg,5a4631d4bd6fa1e11b621939b026a1c6291f1c81b4d957c9e8124e16d556a891
5802,hf_05802,photo,6,person,images/photo/hf_05802.jpg,9031dda5666911ea6dcf2b3ef4ce53322d9902003eec514e168d6cd15f360441
5803,hf_05803,photo,6,person,images/photo/hf_05803.jpg,cbdd9a1e581561cb67053120c922089ee1eff9e73f1d4288bab252c5334e2ff5
5804,hf_05804,photo,6,person,images/photo/hf_05804.jpg,c7c1533a7994a1b3d9be9af5d0748b1a4edd2a9175ed62b22637066178798fe9
5805,hf_05805,photo,6,person,images/photo/hf_05805.jpg,9f44fd23477169cebe617edd179ad7979799411ae51a36c6dccf05362e38c3e6
5806,hf_05806,photo,6,person,images/photo/hf_05806.jpg,d0e15be43340f661ea64bf4c1cee2c858a6ba975a505f3411ee3c742a87094c6
5807,hf_05807,photo,6,person,images/photo/hf_05807.jpg,222d6e69dab9966d7389313f16829cc0a82b8a7561b08f116a6e894f5e22a631
5808,hf_05808,photo,6,person,images/photo/hf_05808.jpg,c61f13a91b067370b6071bc1af7773e8c8aba13ef86dfa01300066856a6f1576
5809,hf_05809,photo,6,person,images/photo/hf_05809.jpg,f4ea1af71c7b7719f710d749b71ceab20427542883644c8a576f08d7299a424a
5810,hf_05810,photo,6,person,images/photo/hf_05810.jpg,96d44d4b162c8765bc442b11d2d27e68d16bddb92c148715a8b477b024ff7536
5811,hf_05811,photo,6,person,images/photo/hf_05811.jpg,8774fa8eca9314a117a70912ebea88304980fcbe2c61b779b1ddafca54092e74
5812,hf_05812,photo,6,person,images/photo/hf_05812.jpg,ba1848597d66e8d5906f98371325a25ce1a071cacf72ee89521b625cdae44f3e
5813,hf_05813,photo,6,person,images/photo/hf_05813.jpg,53e429ffdf516a46cdc85a4555d968139920b7d11ebb277af76851e7f5f3e786
5814,hf_05814,photo,6,person,images/photo/hf_05814.jpg,44208847752b84c0aa2afc2445c5edc54b7c292a6598a4bc7c6c21fccfc5839c
5815,hf_05815,photo,6,person,images/photo/hf_05815.jpg,74cba5183b89401675771096d8b936b34367e2a4f34cebfdf81b4aab314b3851
5816,hf_05816,photo,6,person,images/photo/hf_05816.jpg,b0f6c99984f9db6ac044b8eb53c6ec5b456d0cf8ecbad19ba1fe9fddb3f46d09
5817,hf_05817,photo,6,person,images/photo/hf_05817.jpg,5115d54f0aa7d476791fc2252682c968ba9537269ca060bbf1bdf712b48b79ae
5818,hf_05818,photo,6,person,images/photo/hf_05818.jpg,957defb7af9fd129c558603d34e8df9a7c0cbd0f05f6e00fd2f82365a5247f08
5819,hf_05819,photo,6,person,images/photo/hf_05819.jpg,4548aff502088ed7b32a023d5326e1d248b444dc894032a204e9d5a29e63eeb1
5820,hf_05820,photo,6,person,images/photo/hf_05820.jpg,4be5481ccac21ac9599b3dbae1398f3a0f7ec086d583a2db1521644439a7fe06
5821,hf_05821,photo,6,person,images/photo/hf_05821.jpg,4ffc98787278fbb4d6ef685d72ff235bc4fcc538bbfac83f04e5e011eabee238
5822,hf_05822,photo,6,person,images/photo/hf_05822.jpg,2b317acf38e133ae1a27211ec11f636ddf70ae2cb6be6748c398c9af031e0f4e
5823,hf_05823,photo,6,person,images/photo/hf_05823.jpg,f5141848e9699db2f978abed64a77ecce1b45cfb315aa1b6542947e4dfdc9d17
5824,hf_05824,photo,6,person,images/photo/hf_05824.jpg,163e5efd473726edf0b5d5d4c429d7e74a4b88c5d7c0015b5d89bd6f73f29bfc
5825,hf_05825,photo,6,person,images/photo/hf_05825.jpg,2f6e38747e91fac30e3011dd6d1f7a93f88829da0956800a66b9edf8cc61d3c8
5826,hf_05826,photo,6,person,images/photo/hf_05826.jpg,fb146ff65e7b7fb5a09e25ed733728a9e98119e2e2e7869a93316f201dd00e55
5827,hf_05827,photo,6,person,images/photo/hf_05827.jpg,d7ac841d616cde722314e675a18ab253c56e303fe2212aa1e4f5f932e10a456b
5828,hf_05828,photo,6,person,images/photo/hf_05828.jpg,981d0d99b3f17a4f2061dcdd25b7c714ca005e7aebe5049437d9f8fdddcf9d3b
5829,hf_05829,photo,6,person,images/photo/hf_05829.jpg,adddbc0ba2f3a45c8ebb7fe77695197d2ebc78e9bec2c995d79e1e79b4eb2dfe
5830,hf_05830,photo,6,person,images/photo/hf_05830.jpg,a5982d86502c587a468a0b01e59599632a95f51c541e2c4db64978f9f60928e2
5831,hf_05831,photo,6,person,images/photo/hf_05831.jpg,783dfaadb5ea70f986b7ba299ae0518ebd34c8af98868170dd110a2f56f889e5
5832,hf_05832,photo,6,person,images/photo/hf_05832.jpg,cea3f76ca051dd3711702bf63fd98acdddaee85f4151635bd1935f536bade223
5833,hf_05833,photo,6,person,images/photo/hf_05833.jpg,352d3d33cfb93dbbdb5a5e73717f0c9d4351ceeebb3a3e855a5a1e5e8eb8a226
5834,hf_05834,photo,6,person,images/photo/hf_05834.jpg,f262893b413ca8201e6305b18614cc72e170d51fd29c33199e63c282aa423374
5835,hf_05835,photo,6,person,images/photo/hf_05835.jpg,08670f2a9dff7800d71b52f541b9b2e6b7ceee03678851085a343a71dbd5dc22
5836,hf_05836,photo,6,person,images/photo/hf_05836.jpg,d8cbc41e32153793d01bae5cf541e6867eda3e9bbd1d79c63fd8683e47af98b6
5837,hf_05837,photo,6,person,images/photo/hf_05837.jpg,74b3f695948c53da2ffc12afdfad32da2f7c5ce408ccf23fe8d075a4eee8b683
5838,hf_05838,photo,6,person,images/photo/hf_05838.jpg,02a55297700b35a23bb47033d5fd7da8cd550c0b4cc1a4281cb57e9c07ed92d3
5839,hf_05839,photo,6,person,images/photo/hf_05839.jpg,b87d6466a3686c4fc41371ba2dc8b4fbad01a17483f838f620a85770b1b6c50d
5840,hf_05840,photo,6,person,images/photo/hf_05840.jpg,9ebfcd868bd3379ff94c77a5922a68b815aae5ea8e2864107b50fcb14f9ddd11
5841,hf_05841,photo,6,person,images/photo/hf_05841.jpg,542ae54fdafe37204cfc3607963862da8a178e0d790c2fbb82b8b222efbdf2b1
5842,hf_05842,photo,6,person,images/photo/hf_05842.jpg,c95094d611c72099d4557db3eb2ef9e8a776ee92f681fdbfc629557ce4ecea79
5843,hf_05843,photo,6,person,images/photo/hf_05843.jpg,ca8475108dabb5439964d07a3d44d9b2d6268a775574ef24e20989873f6993c3
5844,hf_05844,photo,6,person,images/photo/hf_05844.jpg,43b445aad9b00cf081c3eca0c66ceafdc49f8a1b82ffd851e87fc36b1a4f2f48
5845,hf_05845,photo,6,person,images/photo/hf_05845.jpg,1535f250ffc19744ccbdbf8734867fd35d5e504363c4804d8fb149a9c3662263
5846,hf_05846,photo,6,person,images/photo/hf_05846.jpg,cb0622b75e2d385292ae334b16180e8b622cc6395cfe42baa94f5881617a6b3c
5847,hf_05847,photo,6,person,images/photo/hf_05847.jpg,462569b2b42093e8cacea6e87c21a8fc4b8653940e1203445793a61fbf1c69fd
5848,hf_05848,photo,6,person,images/photo/hf_05848.jpg,3e0310fb2473abd8bc9a1af94b745e482af4d5646bfd5f8102c30136b58dcc42
5849,hf_05849,photo,6,person,images/photo/hf_05849.jpg,f0d5b34143994a6193b9f8856f31aff2b6767d0752bc337f58270a70f01de667
5850,hf_05850,photo,6,person,images/photo/hf_05850.jpg,ded1a8dc7f1f674ab42767b86b21b4a7fd62a8bc976b7ba34bdfad6eb0cf5d22
5851,hf_05851,photo,6,person,images/photo/hf_05851.jpg,53e5df6ebe584ec081146702bd2c1bbfe9f1690ba3811d7827b83d962bedbc3a
5852,hf_05852,photo,6,person,images/photo/hf_05852.jpg,df6d3b1fb45fbe18d024f2558397b22e0be725322131405ebe1048844c45306c
5853,hf_05853,photo,6,person,images/photo/hf_05853.jpg,6e797ad42a2c0935bc647bd9315c8a88865ed54f150272ef8291f16fd22a3c54
5854,hf_05854,photo,6,person,images/photo/hf_05854.jpg,b47cc24972ff0f36cc2c7523274a751584bc6cd10eb64438055582e8e3990ca8
5855,hf_05855,photo,6,person,images/photo/hf_05855.jpg,08d7578fa9b4fef241bebe06d966ac15bebe223963145585479890db607a0999
5856,hf_05856,photo,6,person,images/photo/hf_05856.jpg,bd9923dd0a90f0bb24f7a748eab49d0e6246d92bdc222a3c977e8a182d2346ff
5857,hf_05857,photo,6,person,images/photo/hf_05857.jpg,5113a15aa6e3c265c2ad383748d4690ae75e68340245ae0b7d3e4fd339dd4da4
5858,hf_05858,photo,6,person,images/photo/hf_05858.jpg,a912775e3f8b95afc8a70e652e3058f9eabca22424d6bba000831e71c6089bbe
5859,hf_05859,photo,6,person,images/photo/hf_05859.jpg,f06811e397a00d7ab735c855feb14d7e0f2a88d0e337b5694b2de49c7a4f0a2d
5860,hf_05860,photo,6,person,images/photo/hf_05860.jpg,b829740c32a8fa592a4475a35c4b4809c1e2e92099a5d92efff4675c74c198d9
5861,hf_05861,photo,6,person,images/photo/hf_05861.jpg,ea09a536ac173b8106c94b60ae56019b24a3278ba029526e9ffc7f3bad7683de
5862,hf_05862,photo,6,person,images/photo/hf_05862.jpg,bf2ab604685c6dddea45701b221a3a6a304e783196ff03e40011a19153f28f09
5863,hf_05863,photo,6,person,images/photo/hf_05863.jpg,fc545d1206681facbfdb88cfcc01f43ccc7fa2ca77fab45892e92490dfc7febd
5864,hf_05864,photo,6,person,images/photo/hf_05864.jpg,25c81ba0a9e4d418d41fb29798ef5144a20844cbe36fe6af20e93550dfa9f2bb
5865,hf_05865,photo,6,person,images/photo/hf_05865.jpg,00b1749d06b8abc964fc38f3b8bd371c3e1ac17d563123472c12e762ea62f783
5866,hf_05866,photo,6,person,images/photo/hf_05866.jpg,d7c7249c1b97a7415263185f004c6373285e9bf4104fedb68f4375c499dfaae5
5867,hf_05867,photo,6,person,images/photo/hf_05867.jpg,b590cd5750da41f0df421a40391a987e8130562498710abf8dc958f23ad3f30d
5868,hf_05868,photo,6,person,images/photo/hf_05868.jpg,0857736927bf75359ed9384048e02009db464411acd83694aee2c813344916c8
5869,hf_05869,photo,6,person,images/photo/hf_05869.jpg,2cdd75702d9b9b6075f3f275f029953b930baa73c6b814574956ee83e93b68ee
5870,hf_05870,photo,6,person,images/photo/hf_05870.jpg,d920b1d52f2053aa0b82c238c9fa9810c42903707a2bc539230c2999a3087580
5871,hf_05871,photo,6,person,images/photo/hf_05871.jpg,096dbf59ba722bdf44d4bd72fbc3d0a105d633c144f2db0aa5a6ed01b27bc502
5872,hf_05872,photo,6,person,images/photo/hf_05872.jpg,3af3637185c38ecf1ca1ddadb3f31484586a4ca434b08523a54c98be6f33e76f
5873,hf_05873,photo,6,person,images/photo/hf_05873.jpg,05c1928fc8eb267f88f9578b62824909347c4647f8325e464fa815741841fb39
5874,hf_05874,photo,6,person,images/photo/hf_05874.jpg,46b80c801261539b8aa804475a017ea717713e092a6fec308a9fb06035bfd5bb
5875,hf_05875,photo,6,person,images/photo/hf_05875.jpg,5b52bf2376ee791893ebad2c3ef2d9ec32660574869015f002a0f40f9e2cc92b
5876,hf_05876,photo,6,person,images/photo/hf_05876.jpg,c48ebdd33715a5f108f6191088bd26e38a2580934c42a95a0630e11d6f29872e
5877,hf_05877,photo,6,person,images/photo/hf_05877.jpg,89b33684405b44093b24594a5fa9759a675cff311cd9b48878dc7bc83065a5c5
5878,hf_05878,photo,6,person,images/photo/hf_05878.jpg,915e49792e06144a10fe7b8cc4389382030adb49b16ecb08ac4f673f99b9d6e1
5879,hf_05879,photo,6,person,images/photo/hf_05879.jpg,87f3ebc03726a99084e1776043fa050700204e87512270535d5a979ff004af3f
5880,hf_05880,photo,6,person,images/photo/hf_05880.jpg,4cdbbd54bebbfd744d35431ed8c93d536a72644f1db0a18f92bc9c24d2144b39
5881,hf_05881,photo,6,person,images/photo/hf_05881.jpg,a5bf0f1b3543d661b3d051596f70142a1603e78b022a374cbcd1ba6d9db41e98
5882,hf_05882,photo,6,person,images/photo/hf_05882.jpg,dd16dfa36a4ded774655a6568cbb0704136b5d620745e3beff049500f7c6271b
5883,hf_05883,photo,6,person,images/photo/hf_05883.jpg,302aa78850c3ef40fc632d334d4064783f1c3ecd8555ed7530e58808b3f0676d
5884,hf_05884,photo,6,person,images/photo/hf_05884.jpg,2e188519822226b71674e3b7b2dc229f6c2f3819f5a562ef06ecf75a3061cc1f
5885,hf_05885,photo,6,person,images/photo/hf_05885.jpg,74c6b92e13569adbfd1e6b69f3ceeaa38cc6c904071dd51b893bcb86d400f5b1
5886,hf_05886,photo,6,person,images/photo/hf_05886.jpg,d1121b9c95096367afba8dc43f00f487e57a527347e57cd2cd6bf4c4dca4fdf6
5887,hf_05887,photo,6,person,images/photo/hf_05887.jpg,094a287a3e8d3572268a1c285560cb919d46953133e0a9362a738be27c09b7aa
5888,hf_05888,photo,6,person,images/photo/hf_05888.jpg,a2b3d3d762726d96681a08c38e00ce54280cc5d11de921d49653f904644bc1c2
5889,hf_05889,photo,6,person,images/photo/hf_05889.jpg,6ec356d7a69d03ad718ff05fef9ff962f2012c969e02567b2736afff0446ad2e
5890,hf_05890,photo,6,person,images/photo/hf_05890.jpg,424c880e5ca56894c2bbd9d2e2bf12e758b017500c1fabb84bb9e104bfd0a47c
5891,hf_05891,photo,6,person,images/photo/hf_05891.jpg,0a2b2328ad25371483ae7d9de53dc2a936150b858537f46ecd812f3b74c5f6b4
5892,hf_05892,photo,6,person,images/photo/hf_05892.jpg,4e2344622358d16a162e180d2c08b57adf980af247760c6ca0cc6e0dd2c1d01c
5893,hf_05893,photo,6,person,images/photo/hf_05893.jpg,43ac298f7328e02fda2e1166512f95832cd72f6debccbcd2970f24eeb6be08da
5894,hf_05894,photo,6,person,images/photo/hf_05894.jpg,7988739bd9eba3f6817f82830679db972e55cc285976ca228530f7c491684768
5895,hf_05895,photo,6,person,images/photo/hf_05895.jpg,ebc54c4d78938238e68661087d8ef262d5b46641e0457ab629ca40b47e02112d
5896,hf_05896,photo,6,person,images/photo/hf_05896.jpg,b32d1f10af08fc2d001abd676b1e90233c7c532a899413c0f79961cceb13347b
5897,hf_05897,photo,6,person,images/photo/hf_05897.jpg,40c96497b149ecbce2f3f3f03c513eb0883c6ddabcea566af6c3c02aa3ee1f2c
5898,hf_05898,photo,6,person,images/photo/hf_05898.jpg,a9c4b9045b6b8c68b0ee8e6db6ab5a52ea9910581bab968c6e4787392f6892c7
5899,hf_05899,photo,6,person,images/photo/hf_05899.jpg,91f948abccc62809a6d1113ead87edb5201fdf96eee84686779be4a7760dde31
5900,hf_05900,photo,6,person,images/photo/hf_05900.jpg,97934b7c3cbd26ee073f72521e7a32c6435fa78815a82f96b05616d88e80f256
5901,hf_05901,photo,6,person,images/photo/hf_05901.jpg,ec4d1bb830288d1116c9475792b77e5df4f9370dfde15220b463e3c8dc96e212
5902,hf_05902,photo,6,person,images/photo/hf_05902.jpg,d1797d48907853c1e699d58ba5c065bbeca3a43a048e9cc77b37ce04735e434c
5903,hf_05903,photo,6,person,images/photo/hf_05903.jpg,2c5075b1f5958bed474b68f9e3d186ae724cb63579248e5469284984b9e4ebd8
5904,hf_05904,photo,6,person,images/photo/hf_05904.jpg,e0884233ce907a1e37cd025c78f5e76a2ffff00d5854250ae52c724314a75605
5905,hf_05905,photo,6,person,images/photo/hf_05905.jpg,328bff69e7d8c35aebc7b99039188486d8e17ddb9092f6cb67b84c2064f33cc9
5906,hf_05906,photo,6,person,images/photo/hf_05906.jpg,b9fb4872da4a09a6e8c80b5e855f99bb9e08a332f1bc5112200d139914778548
5907,hf_05907,photo,6,person,images/photo/hf_05907.jpg,f95bbf6519e9d514f2339356ae4d5d229dc23b568e10bcf1e78ca024bd6b491e
5908,hf_05908,photo,6,person,images/photo/hf_05908.jpg,707eafbe96024be8e95fcd9dfd81b78e746e367636494a63694a55e8d3ce8248
5909,hf_05909,photo,6,person,images/photo/hf_05909.jpg,b6b956c1120ce46ca81d032ed1d76a174aa4a1de0c04ce7e8ce2fa0cd6879569
5910,hf_05910,photo,6,person,images/photo/hf_05910.jpg,b12a16b6529e090436a6db6e4a70a95913308b7a0da6301fdea91bdc617f2ae5
5911,hf_05911,photo,6,person,images/photo/hf_05911.jpg,a50ff457d012a678c576b4c8e11126104f800f4109689621ab19a537b4229503
5912,hf_05912,photo,6,person,images/photo/hf_05912.jpg,08a6a853fbd29a1d3682a268554391f8cdb62eb36a8315d5b00247ff2f7abb55
5913,hf_05913,photo,6,person,images/photo/hf_05913.jpg,7553d4b9d6a3783bac0df1ec957ee8b4a59d3d745b4c9b7e39622724a6acf405
5914,hf_05914,photo,6,person,images/photo/hf_05914.jpg,a3387cf7802836f8bc98860a74777f8ca97395dca4239bec9783e9884631046f
5915,hf_05915,photo,6,person,images/photo/hf_05915.jpg,438bccb4b7a4baea1d2cd6525d5dd9b637b3af5bf38e7ede007edb955286822a
5916,hf_05916,photo,6,person,images/photo/hf_05916.jpg,6f47ec84754d6fbba15e87fdbe14441bd421641c7b98e793aa682b1e0da9395d
5917,hf_05917,photo,6,person,images/photo/hf_05917.jpg,16556dfaf63010b9b70d799f0cd3b20dc16c174eab3d4efe0132ed87865b67ae
5918,hf_05918,photo,6,person,images/photo/hf_05918.jpg,349a04f0d49633e4284dcae08c97c6f17c9783940b04d51f7180f06be554d97d
5919,hf_05919,photo,6,person,images/photo/hf_05919.jpg,0e86a59c179cb84a5f2042716c661d07dc581c88317af3ffed4e3e6a52c87a03
5920,hf_05920,photo,6,person,images/photo/hf_05920.jpg,6a0529db7c0d3ebe3986b09f47bc69c19f3ed674d1d27a2844c341871b2973a9
5921,hf_05921,photo,6,person,images/photo/hf_05921.jpg,a8771bc26e63c64be837456ab4398e901f01481fc68d186397c34f64adac8436
5922,hf_05922,photo,6,person,images/photo/hf_05922.jpg,551acb7dc0c2eed2fcf818ac9ba021cae5afb180f28a692c26f61d67fc64f785
5923,hf_05923,photo,6,person,images/photo/hf_05923.jpg,c76a02fb783e746e7a83ddc74f47a2db6b3607dab9a13456d5d88b562fa213da
5924,hf_05924,photo,6,person,images/photo/hf_05924.jpg,af694316fe139cb1c9c2f1c7586d483401f263dd6aee77e81bf3d038b26c2954
5925,hf_05925,photo,6,person,images/photo/hf_05925.jpg,49ef2adc4ddc112118d3f04e5ec951c03218b2d12ffa3b0c4d41f00759198fad
5926,hf_05926,photo,6,person,images/photo/hf_05926.jpg,38d60f5cff301e3e21366b9bb77daf7e95e79e0db29900a59cf35bd8ffaa07dc
5927,hf_05927,photo,6,person,images/photo/hf_05927.jpg,3b915cd47c20b56ad2b683c4f8fab4b5ad8c4fb2bb38d1386f7f0e8f1d0920db
5928,hf_05928,photo,6,person,images/photo/hf_05928.jpg,2e08537b42d2d3fd83201cb6e365e8eedb5b5be6381a60da58ea3dec6519b170
5929,hf_05929,photo,6,person,images/photo/hf_05929.jpg,bf6d0086ce9f2d1b3a9fba107412a3bda5689a89b376b646fe79da4f338a8f8b
5930,hf_05930,photo,6,person,images/photo/hf_05930.jpg,3176ece005e2f069f8a0b905c8254bd89db06bb7a61fd9cc9f1f138cbddd31d4
5931,hf_05931,photo,6,person,images/photo/hf_05931.jpg,d7caf8c0e191cc0e1f8c470ac57a2b1fda16583c3edc687c4c166e9ad257b9e0
5932,hf_05932,photo,6,person,images/photo/hf_05932.jpg,799e4135177290a52c7b9f793ec647dd459ab0c918b4f3f22ae9533299637125
5933,hf_05933,photo,6,person,images/photo/hf_05933.jpg,e6b841a28c2982a57a043a2dc0277a4aee4f9571e745785d621b9e90447bf60a
5934,hf_05934,photo,6,person,images/photo/hf_05934.jpg,f88e5fb3eef521730164194fc09526b13fe5be7dc3c02f1befe43b26ad78e708
5935,hf_05935,photo,6,person,images/photo/hf_05935.jpg,040120ce18a9ab859a4272b7e58a6cb0d09b7d047bca4642e7c480a057dcaad8
5936,hf_05936,photo,6,person,images/photo/hf_05936.jpg,a5c19e5ba8f335f915be706b1306c45c840145b905024a25a29a93624d19091a
5937,hf_05937,photo,6,person,images/photo/hf_05937.jpg,e5a613788bce7fee5b9aef3e491266fa1ec1fb748539d782c02fe8e2208e8e1f
5938,hf_05938,photo,6,person,images/photo/hf_05938.jpg,ea94495b25c1d593b12c1ec34bab00edfa5ada1cd71deb1ecc404f5e8fadf1d6
5939,hf_05939,photo,6,person,images/photo/hf_05939.jpg,dee58b7f4fe66ca39e9cad841d04b9b6afe4967cdb0c6b74caf3026db24eebd0
5940,hf_05940,photo,6,person,images/photo/hf_05940.jpg,188d5c3188ced8e9460394a9ada7f04aee3901ebeb461a7a579c843de78f9974
5941,hf_05941,photo,6,person,images/photo/hf_05941.jpg,5b86175f5d484896d10d929670bca5ec5b08ced58096512a781ee458cf147f44
5942,hf_05942,photo,6,person,images/photo/hf_05942.jpg,f4f55520a7c37a3a53c6d6afa63f0e70b86cb9b45f009bb42967a20c14cf08d8
5943,hf_05943,photo,6,person,images/photo/hf_05943.jpg,2e23bec7ee90caa3e9d8483c865c86e485ef427b187c631353dc5c2bc5006387
5944,hf_05944,photo,6,person,images/photo/hf_05944.jpg,dc2a275a7e688d13b535245273f5af032e1fd0eb0eb7c459afa4d72280597c1a
5945,hf_05945,photo,6,person,images/photo/hf_05945.jpg,8d8b5eb060c14b4cb4f17b03196297a9881f9f71a23bec909657bdfb056857f7
5946,hf_05946,photo,6,person,images/photo/hf_05946.jpg,3fe683c89a4fe409d6ac5212785ddd0ca0bf8127ec2648f5853cbc9fee08a94a
5947,hf_05947,photo,6,person,images/photo/hf_05947.jpg,e11ce1febfd5face2e448c6a908f18ba138776ac37f98c8a181b86fd55a5280c
5948,hf_05948,photo,6,person,images/photo/hf_05948.jpg,a57842026c81575088b67c066bf26395933ea56c80b1ed0b236862ae00f53883
5949,hf_05949,photo,6,person,images/photo/hf_05949.jpg,e2c0b5d239c59ae8e5990c60d7ff023050cc914f684b00bb6e537d2a1bef1f9a
5950,hf_05950,photo,6,person,images/photo/hf_05950.jpg,4c6ea652faf795f66a8136a175a0558d23d26bb35b98d442ced7f73484966d0d
5951,hf_05951,photo,6,person,images/photo/hf_05951.jpg,cabb2087878dc7f7682d221b92145bdff88998911fe9a1d02a4f8d554db6bcbc
5952,hf_05952,photo,6,person,images/photo/hf_05952.jpg,80ccf0b0944ad2a029bd50bb02e8a57b4aa5754aca9dc2a47f837c8f8bc24016
5953,hf_05953,photo,6,person,images/photo/hf_05953.jpg,f21246fa62d4a33e12094853a15bede10ab0cf5a715aac4116c50ee77e84de09
5954,hf_05954,photo,6,person,images/photo/hf_05954.jpg,362ebc2fe62093028526792c12c861f2656de08cf890c3409ec444107705342d
5955,hf_05955,photo,6,person,images/photo/hf_05955.jpg,209fe553f82f354b1fa552815eb1694fef0f80bf9c8bb1c281ad9c04f9c15845
5956,hf_05956,photo,6,person,images/photo/hf_05956.jpg,a4137a706ff033d06d51bb352b894d46bb87067c6bca76281ac66496b368469b
5957,hf_05957,photo,6,person,images/photo/hf_05957.jpg,7cef2122a29b81f98c052554507057311b21b80c0e7ec327c6f009ce1ebadb16
5958,hf_05958,photo,6,person,images/photo/hf_05958.jpg,3f36dfdc7de47bac4f1dbe6a957c18e87b947ecb8bdae118af63a74b00f65806
5959,hf_05959,photo,6,person,images/photo/hf_05959.jpg,daf3ba060f05524f8d0551ce7c60c978e76aecdae86ae379de713e4f5558b026
5960,hf_05960,photo,6,person,images/photo/hf_05960.jpg,fda29914a91124e97fbced8af37100b3916f58cca14877ea685232f34a1aa4a4
5961,hf_05961,photo,6,person,images/photo/hf_05961.jpg,d45e502d384cbbb8c0dfc1710500371f275cbda091376424815c69a193b80baf
5962,hf_05962,photo,6,person,images/photo/hf_05962.jpg,5035c62d90d165e96861bbf2dbaaf729e89e467621eb9ce0e62ed2a3a084d680
5963,hf_05963,photo,6,person,images/photo/hf_05963.jpg,d89e3c85a9473f27f0d18a77ffe3c1c9fa0d20d89e99c287fc439ae81da6d74e
5964,hf_05964,photo,6,person,images/photo/hf_05964.jpg,4d9e1a930884fbac217c14b04638a6c4198c207b2eb376a2b87daeedbfbdfee2
5965,hf_05965,photo,6,person,images/photo/hf_05965.jpg,7dc586d7e8b08f5f4c4ce6b815399ec8a2c4bdcfd724e4aefcbd31f9090692e6
5966,hf_05966,photo,6,person,images/photo/hf_05966.jpg,5337ae79409d97577b022651d91395c0c7c4f97ae45e167eb5f98684d6ab31bb
5967,hf_05967,photo,6,person,images/photo/hf_05967.jpg,2fe704c7e36131ba5ee7ab3cd423f940cdacb6b20bf00e54cebe2017796dc27f
5968,hf_05968,photo,6,person,images/photo/hf_05968.jpg,091b0870691ffe30877dfbbf403186723e816541d8f232d61fbafc52a8a1f704
5969,hf_05969,photo,6,person,images/photo/hf_05969.jpg,c05964f48a4036911a687b93f0ecc1ba25f62872b4a04ad710dbed9ea0a9f46c
5970,hf_05970,photo,6,person,images/photo/hf_05970.jpg,0399403d193028366b989f18f0528cf1b45ee97cf3fe3ab031c920fe999b3bd7
5971,hf_05971,photo,6,person,images/photo/hf_05971.jpg,55ac884d831fcfe1ac651be1c07b66b339671c165e17964c3b034fec736a1b3b
5972,hf_05972,photo,6,person,images/photo/hf_05972.jpg,1cfc38755ae068abeb30b2cb1f1702079c0b5d69a81f8db604ede6689caaeb53
5973,hf_05973,photo,6,person,images/photo/hf_05973.jpg,3645ef6cab65467e15e3d10ff0f519ef3a8c26b289e0fd354a118454605a9d4d
5974,hf_05974,photo,6,person,images/photo/hf_05974.jpg,4ec14b3ae939ce9fbb270734b113892d15e1e10316fd6bf8920a3d3b1c7c1130
5975,hf_05975,photo,6,person,images/photo/hf_05975.jpg,99deaf385d464fbff07cff77d7a6964a43fbfb5b3d39ba73da887e3e1755ed86
5976,hf_05976,photo,6,person,images/photo/hf_05976.jpg,44a1f4de505a1c21acda7f9292bc47deecfaa5d3bf5ee812686959140818b381
5977,hf_05977,photo,6,person,images/photo/hf_05977.jpg,1c6cc1386de29adc91db87ccac56304fce7f4464bb4abaf66be84719133f04b3
5978,hf_05978,photo,6,person,images/photo/hf_05978.jpg,e6c9ffa8128de0b01340fca87824fba742945fbabec4b3687ae37b81340522c9
5979,hf_05979,photo,6,person,images/photo/hf_05979.jpg,57b69583e1bcb6a677e07be107631a0ce5bb8b8c80c2120ecd6cffb165af2633
5980,hf_05980,photo,6,person,images/photo/hf_05980.jpg,296176543a3264b81deaea5db682fc38ac9f8c1c0cbebb933728025e8bf1cef0
5981,hf_05981,photo,6,person,images/photo/hf_05981.jpg,1e73b775861b361eba190818868329dcf5cceb1376b603c43cdba12abe70090a
5982,hf_05982,photo,6,person,images/photo/hf_05982.jpg,d779130b514e1d3860dbf1e412031d937f23c5891b59020e16d6297f0403734b
5983,hf_05983,photo,6,person,images/photo/hf_05983.jpg,345517ef954508a4632cc0d60725d99c0aa813e34f3b032b303df6be32c71a6f
5984,hf_05984,photo,6,person,images/photo/hf_05984.jpg,943953bb2def3f32f776d4020a711957da0c35be36f29791ea15fe856b70e341
5985,hf_05985,photo,6,person,images/photo/hf_05985.jpg,5c13a3d2be346b216bf215bfec8084fd4cd6fce9f9c6205e2ca54ac0ff7c335a
5986,hf_05986,photo,6,person,images/photo/hf_05986.jpg,437ea35d41bce4e378c5a514c02f816b7e83742c013e4b610122f287e02b05ce
5987,hf_05987,photo,6,person,images/photo/hf_05987.jpg,7717c7c05394118a07cf4f816e85d5912dc0f48ae083824c59073ef4948ae91f
5988,hf_05988,photo,6,person,images/photo/hf_05988.jpg,15cd32272b1991fa0c4f08776a5b551812e2c751b906c8123e39ba9224b8ac05
5989,hf_05989,photo,6,person,images/photo/hf_05989.jpg,f83332244d678a2df6f6dd01ca7c6e7120b99dd1ce269a016c925e7ff39bc019
5990,hf_05990,photo,6,person,images/photo/hf_05990.jpg,619e376ed1c0620bd30f8b485c152a81be804a9d05bca9b3860ed4e61335c0fa
5991,hf_05991,photo,6,person,images/photo/hf_05991.jpg,9026c178e2973c1405d0e149d759ee10adf707eeed72ede7c4dfe274e78f5b81
5992,hf_05992,photo,6,person,images/photo/hf_05992.jpg,21264bda4efc6b90a7ce4348760829b1acf6795b2e4cdd01822e0afc9367bd25
5993,hf_05993,photo,6,person,images/photo/hf_05993.jpg,e79f8d6804405bc5dcd9c6c094f2e60872f58fe7b65fc89cceb24137539d1659
5994,hf_05994,photo,6,person,images/photo/hf_05994.jpg,24a88b3c6449575a851c72b21a9468c5a14d3e0bd585227e0081abc17c9c937a
5995,hf_05995,photo,6,person,images/photo/hf_05995.jpg,7433159f0aa21780d4c3727f16b4cb2d412163e48a61d2a18cd10867a246da26
5996,hf_05996,photo,6,person,images/photo/hf_05996.jpg,041ecb0c086b0e00faa4d70f3c7c25b08c8bdd5049701124dc82acaf3c912149
5997,hf_05997,photo,6,person,images/photo/hf_05997.jpg,4245f8b5a7670f36ef028dbe2ce5410fca20657f8932357fd051fc042b1f2e3f
5998,hf_05998,photo,6,person,images/photo/hf_05998.jpg,2009195089c57a9cef8a3377ccf8919b3e68adaa11ebbe2de106dde75e786839
5999,hf_05999,photo,6,person,images/photo/hf_05999.jpg,07182eff6dacb9d22902d68b0c00c664043e7c10b4123c81c9d2e6beec6adffd
6000,hf_06000,photo,6,person,images/photo/hf_06000.jpg,c286cf8b203e8559927ef9aaf3e1ccee272623eaee6336d1d323696fa61eeddf
6001,hf_06001,photo,6,person,images/photo/hf_06001.jpg,658191b12acf487c34758ed84f5316f1f0ea085555025d111e95a0f9ab14d8ff
6002,hf_06002,photo,6,person,images/photo/hf_06002.jpg,8675240a72f600562b879cb1710c176f60b0d97f324893d3604fc2bc1f47c8a1
6003,hf_06003,photo,6,person,images/photo/hf_06003.jpg,81db6b0cc6daaf132c7ea2e747fc2a0619936a0feb059ec11ef30d81fdfbd2ac
6004,hf_06004,photo,6,person,images/photo/hf_06004.jpg,4fe68e2a25ee4f378e5cc2d0e365cf28a4d5bc110547c02970e8d626447294be
6005,hf_06005,photo,6,person,images/photo/hf_06005.jpg,065ccf642ef334916e1a7db1f5d5ac5a73d62e31f59d8dc718ea3d6f90e438d4
6006,hf_06006,photo,6,person,images/photo/hf_06006.jpg,2026dee82cf820fc9e929177518748072cc122e576f7569e9dcf3b2ac6750288
6007,hf_06007,photo,6,person,images/photo/hf_06007.jpg,6f9f6ac514aa142afdc4d4a6179790555831aa08e94005b80ca0634b4e3c87df
6008,hf_06008,photo,6,person,images/photo/hf_06008.jpg,69232a3ef08fcd793c8a87e2514879183a9dae86da0af4881c2aab61888a4ca5
6009,hf_06009,photo,6,person,images/photo/hf_06009.jpg,22f3c9165b2c0ed000e80c5b8e9baa4fb1d40ac96e63fd62fb12378946b980d6
6010,hf_06010,photo,6,person,images/photo/hf_06010.jpg,85b36c76c3cd447239a199a50884aaeee2e3f1d74fe5a0164a05c9ccd7be4bf8
6011,hf_06011,photo,6,person,images/photo/hf_06011.jpg,cdcefaf2e4f8daa4c78364cbfedf252beffe67b702d8708b3885b0bbcc3852ce
6012,hf_06012,photo,6,person,images/photo/hf_06012.jpg,1d4b6a977a4bc5b054d281b175807de7a8f1fc3e0114dd4941b29558a690d27a
6013,hf_06013,photo,6,person,images/photo/hf_06013.jpg,b07f774a465e2460f798f82fedc320fec2c03c41199e6bfd3b4ba6efa43ed80c
6014,hf_06014,photo,6,person,images/photo/hf_06014.jpg,865314136258c944d02888ac9f93c05de8c553c95be2defd823d42874ced91cd
6015,hf_06015,photo,6,person,images/photo/hf_06015.jpg,72437f7eb3632135dbb0350d566277586801d8ee1cb4622e2c477d6903bab7e3
6016,hf_06016,photo,6,person,images/photo/hf_06016.jpg,8fc5c9469a5619ca48170b2195db96fc604200aa0a71aa3023dcecf263561580
6017,hf_06017,photo,6,person,images/photo/hf_06017.jpg,5d9e0b3fe22b687a6713faf7e8c5107bc2a128231bebf2e1087c3692ead5ece3
6018,hf_06018,photo,6,person,images/photo/hf_06018.jpg,5aeb44a70ffec0cada2f0ac7c802515ba878c017a4b2b0e1f220194f6c390339
6019,hf_06019,photo,6,person,images/photo/hf_06019.jpg,7d207530e8d83002cabcb85a1450013bf62b3420b1da1052bdb09624697f98f1
6020,hf_06020,photo,6,person,images/photo/hf_06020.jpg,ca96ac59c9ac19cd3c59350c77c55deb9a0a80182c2b0e73f437ee4025d29ddb
6021,hf_06021,photo,6,person,images/photo/hf_06021.jpg,cea2ae084425d5680d5cf79881627a27bebf2d321716897bf8d3fcacb4171d67
6022,hf_06022,photo,6,person,images/photo/hf_06022.jpg,906b8579db709a74e34079aca3267db156b45cfb1a52e59a00104a83b04961a6
6023,hf_06023,photo,6,person,images/photo/hf_06023.jpg,2b983c77c4d99f7d1b16a19292945257786dd22b5041bda017b3c80b14420aee
6024,hf_06024,photo,6,person,images/photo/hf_06024.jpg,8b1e185d769b873da34d5a46b44974dab0324d61a43b5400726df602bc1cd4c0
6025,hf_06025,photo,6,person,images/photo/hf_06025.jpg,5df7cdf4ca58478b0672c025246dc6ca685fc99020b650ee62f659a507accfd3
6026,hf_06026,photo,6,person,images/photo/hf_06026.jpg,eb8271dd18761922a9e2c0f228466cf952d53169db1dd10dbe88c49fedb1acb1
6027,hf_06027,photo,6,person,images/photo/hf_06027.jpg,e156a37abc2e403d1c6070469aa9947a3756a834eac195880016d94a52151676
6028,hf_06028,photo,6,person,images/photo/hf_06028.jpg,0d3ac1b536638e0f6c8de2f905042f11423c5af1ae38c3b8686cf3266d3ae5b5
6029,hf_06029,photo,6,person,images/photo/hf_06029.jpg,2a7ac58b56085fe66c00e5933dfd0be9afd3203ee4988002a62b15408a637a58
6030,hf_06030,photo,6,person,images/photo/hf_06030.jpg,1d3b2c53a9b6250a2cd658e74812c2d2852c3771f82e94917e1bf609e7c7c6c7
6031,hf_06031,photo,6,person,images/photo/hf_06031.jpg,62c5dac9c3d94791f5fdfa2a4463d965c8d89ad82bf355c467e7888bce36c5f6
6032,hf_06032,photo,6,person,images/photo/hf_06032.jpg,8178459785e5c4a559279285c462f936d253d49aaa9a71b0a8eccb907d6a3048
6033,hf_06033,photo,6,person,images/photo/hf_06033.jpg,13bdb6bfaafd5b57dec93e342f3af1ee609ced851a06db9ef7e573ad4818fa2e
6034,hf_06034,photo,6,person,images/photo/hf_06034.jpg,b094e177af0d97c35b3f7595be1e2f22b4e04a150d02caa7469b1e629d6538c4
6035,hf_06035,photo,6,person,images/photo/hf_06035.jpg,2f15f67efd9f1804f38274eadc1313aa4228b42b41a435a81fe24c0f07a1aeea
6036,hf_06036,photo,6,person,images/photo/hf_06036.jpg,acd532785ea068178eb4fbe459fe9bf6852c2ba56ecd1b5cb50152d3e47c1568
6037,hf_06037,photo,6,person,images/photo/hf_06037.jpg,e4f2f933054cd4420fee90384dfa259db2f0423443c4c73814489b543a164605
6038,hf_06038,photo,6,person,images/photo/hf_06038.jpg,d507f6288cd6afc932ce468c36d142878a8ddc07d605196fa7bf65b9cea75a85
6039,hf_06039,photo,6,person,images/photo/hf_06039.jpg,9f74eddbd9ce02f58fdb3a0457ddd24ea4b6b960d709f9ff77bc2be316d82731
6040,hf_06040,photo,6,person,images/photo/hf_06040.jpg,de0c214a42986fb6680b9c84421d0af467c1f4a8598a570b9f31cd2f15419437
6041,hf_06041,photo,6,person,images/photo/hf_06041.jpg,ff22188d9a87ab81ffb38c41a6d9bded7c8c28527a0cb3dfb5edb4eb28ae36b1
6042,hf_06042,photo,6,person,images/photo/hf_06042.jpg,0596b09fa19fbda7a4a744f03c37fa9eb7abe7253f7885a55e63220574bb851a
6043,hf_06043,photo,6,person,images/photo/hf_06043.jpg,a9c664064e6314064fc0331556ecb0b2ddabd168778873726070b78cf12e83b8
6044,hf_06044,photo,6,person,images/photo/hf_06044.jpg,d0d76247ab8c9b09a5de9c90f41224c0c07ba597b59d105c804855e445c5b750
6045,hf_06045,photo,6,person,images/photo/hf_06045.jpg,c9730d568465a9e491d777ff58d0684247610bb4f4fb941d042e64a3d3009bd8
6046,hf_06046,photo,6,person,images/photo/hf_06046.jpg,308d764e6dfc2d1f819fe536237299d5b265109a541cdbe99e67ba2ccb6b52f7
6047,hf_06047,photo,6,person,images/photo/hf_06047.jpg,972dead91fad819e2c3ee339d307437b69a540f33e34e548862a5fd96babcc4d
6048,hf_06048,photo,6,person,images/photo/hf_06048.jpg,be8ad2d867a247b242165604aed4cce7e67b3ababdca139552d0351b52988d49
6049,hf_06049,photo,6,person,images/photo/hf_06049.jpg,ef1c1ae3118aa4ffb5dbd4135254b3986b887dc5fb83d7a5a9b9e11ba75a2033
6050,hf_06050,photo,6,person,images/photo/hf_06050.jpg,5867871d4fc3ff92d6eb6f5976006ace40140704f1603ef5c03188f9f67b2735
6051,hf_06051,photo,6,person,images/photo/hf_06051.jpg,c32d1c6199c33a328269fad381de03c3a5b9517508d8e12f441d7e10ee9b0da6
6052,hf_06052,photo,6,person,images/photo/hf_06052.jpg,f39cb233e00e0889432166c361ca81e4ea06dc7321f0184d4a233494b89620ad
6053,hf_06053,photo,6,person,images/photo/hf_06053.jpg,d59e94808274ac2ece9d18d796a1943bfc48c00cd0299ab9c267298edc7c2c58
6054,hf_06054,photo,6,person,images/photo/hf_06054.jpg,62e7d81e34b5ee352b7603d0af2a9fb32bfe1a21d258f8ae8816b8ec785430f4
6055,hf_06055,photo,6,person,images/photo/hf_06055.jpg,00da5813f64a68480b2e2056296ac2107a8e64dc060c6593ebbd2cba31ea58a6
6056,hf_06056,photo,6,person,images/photo/hf_06056.jpg,b81a337e9d0810fcd314504e0c579bf42c5f3ed071d9d42e716b8ac1c7c54159
6057,hf_06057,photo,6,person,images/photo/hf_06057.jpg,0303bdd35762198f0318fe793a4948ada2f86706ae4f11c7e7b149264865a289
6058,hf_06058,photo,6,person,images/photo/hf_06058.jpg,c7099ead3529e60ec742f5f477bb2c9128eb0e6daabb3388057dcf87af836a27
6059,hf_06059,photo,6,person,images/photo/hf_06059.jpg,fde57c6991ed41cefac0b1c015ea6074a9c64d69754eb3ae246a383fd0ae74a2
6060,hf_06060,photo,6,person,images/photo/hf_06060.jpg,133fb54749228b7bcf16e4a70937d7b6d364b53c146bad21ec7d43328e6058ee
6061,hf_06061,photo,6,person,images/photo/hf_06061.jpg,c0ee95ae74bd72b3f4f8b33730637cd887e3e1f419cf0e3df536ab07399280a5
