hf_index,image_id,domain,relative_path,sha256
6062,hf_06062,sketch,images/sketch/hf_06062.png,d2b37cfb6c7d86c21be9c2634a387de65fa9c2ca3d6c2bb7523d4cd38a918e40
6063,hf_06063,sketch,images/sketch/hf_06063.png,3fafaa07ea508fd34ecc2285fd51f608ee865dfb9c2f240ecd25172b757c695d
6064,hf_06064,sketch,images/sketch/hf_06064.png,59c3a00eeeb29ea5ba8d6a7f790a25a82c908b3de5b89cf2766b4441017786e6
6065,hf_06065,sketch,images/sketch/hf_06065.png,9264fea9c428c76cb34bd17b6d9aeb268cb1a160978bb533c3916149000f9f55
6066,hf_06066,sketch,images/sketch/hf_06066.png,87331443ae457014150230a7ea563a09db5df41168b98196cbc09d0bcc9434cd
6067,hf_06067,sketch,images/sketch/hf_06067.png,1357cafca8eee2a154f30bd4386947ccf5ad89142bd2947161beaca4a3c5d61f
6068,hf_06068,sketch,images/sketch/hf_06068.png,23922be102ba2f90d06d7998cc15b638fad1b20fcf018f02c99f2c6eae677174
6069,hf_06069,sketch,images/sketch/hf_06069.png,82080303f24f0f7bdddcd17f250ab6e812177e961ce00741a48c9ab595e4cf3d
6070,hf_06070,sketch,images/sketch/hf_06070.png,bd5d36bbb03e8d399faa4e1ae1b15c82bb08a188aca41956fcd09d68e4acb267
6071,hf_06071,sketch,images/sketch/hf_06071.png,31cd4e1572bd9fcff52c551858405401006d4f4eeafd44205ac7ed91cba99645
6072,hf_06072,sketch,images/sketch/hf_06072.png,a227fb2d8948e1b18e526384b2bdcd7ac69233d7f6fcfdcef7a1552b09a384bc
6073,hf_06073,sketch,images/sketch/hf_06073.png,9773956433acda346dfc58aa2683a8716c1dcdd342c060ed56782a33e88add81
6074,hf_06074,sketch,images/sketch/hf_06074.png,8a6c78ebbad44b7f2abeab9a67a2970dbb4924da621f4e8c1587fc0eb0d158fa
6075,hf_06075,sketch,images/sketch/hf_06075.png,3ac129f8e33cca9ce452d4818359f55b3176e5e4dcb18d6652c44e6af6700789
6076,hf_06076,sketch,images/sketch/hf_06076.png,ffb5ded7f519932e8738e933a8b981c9d98aa98ac852639c8d754a0cd98400d5
6077,hf_06077,sketch,images/sketch/hf_06077.png,698bab96adb0872909a34302ebae56aa4199b4d39b06316f2300a42253430d6a
6078,hf_06078,sketch,images/sketch/hf_06078.png,2b56128c8201659791d76a20c2034929163e8ae188ac4dbda5e9a79b2ab7f189
6079,hf_06079,sketch,images/sketch/hf_06079.png,f532db32282240510254d9040e404670ba20a93d54a9709f151620a0b2859013
6080,hf_06080,sketch,images/sketch/hf_06080.png,d6612e06bbc8d3c85db2143e3bee91dd01c33382d65b15a601a43679fc96fe7e
6081,hf_06081,sketch,images/sketch/hf_06081.png,16b09c7a7400f6a9738f1b646df5da424ea397b61d86a986c655b650008a857f
6082,hf_06082,sketch,images/sketch/hf_06082.png,2ce45619aab57ccf362e4686450dea589c532c791489758b1a3244a6fc1a4d69
6083,hf_06083,sketch,images/sketch/hf_06083.png,573d154ed9986f4ba1c6d809b7c00d8a03e0f4cbad61701c931c79223d24a68a
6084,hf_06084,sketch,images/sketch/hf_06084.png,a88f2792c5965cafe7505d9d70fe7d5b0247e269675d242a1d407a498c4d22c5
6085,hf_06085,sketch,images/sketch/hf_06085.png,05fa1228591899c7ae362296e0b8b822bfedc918bc169d317095bb2b0c70fac2
6086,hf_06086,sketch,images/sketch/hf_06086.png,abb36e34fcfda050f8a94aaa2b17a5185c3f692d646647306effca173e1ad04e
6087,hf_06087,sketch,images/sketch/hf_06087.png,6c8db6cb78375b1f39b89f82135c31038bd3b4478ead75d96e1aff96fdb8227d
6088,hf_06088,sketch,images/sketch/hf_06088.png,56442613f3866b9820c5f4bbe90da42c4f664ce79b62663fb661f6993e321dc7
6089,hf_06089,sketch,images/sketch/hf_06089.png,80d766ec929c0e0c9d60467b0236322946209bcaa530b4f6367c189537f28ace
6090,hf_06090,sketch,images/sketch/hf_06090.png,37d77837b75b9ddc41938dbf608e698760766e3c868aeac582ffa8b15f0588d3
6091,hf_06091,sketch,images/sketch/hf_06091.png,7a8f5ef69bb311392434c4555b59ae903342cf52cad0d825d1320ababa2690e9
6092,hf_06092,sketch,images/sketch/hf_06092.png,ef164b11f130b751470786bb2b929cd66960221595d1c808cdad328cb982d551
6093,hf_06093,sketch,images/sketch/hf_06093.png,410c481a77c6e907af45f99ca88ebd6c1d6f12972ab38d61b72ac99aa9145a59
6094,hf_06094,sketch,images/sketch/hf_06094.png,ccb9e71159f06c439e0e91a1862bb13d7365ed00d1038abd29397a0aa2464105
6095,hf_06095,sketch,images/sketch/hf_06095.png,fc8371041a65dd295d80de09a58ee7ea1da0f92f3085b3e0c64b05aa90dbecde
6096,hf_06096,sketch,images/sketch/hf_06096.png,4efd4f0c41032119d02ea295fb98739f29f3f0a033a6a8a91ee5e8bfca5f8639
6097,hf_06097,sketch,images/sketch/hf_06097.png,c8a0c8c9a95042e3aba1fe952695e299831c52ef6265b25013c006cbd68ca4ca
6098,hf_06098,sketch,images/sketch/hf_06098.png,780144c66fb8f8b07b0d1f660b03a15203f063fdb374da9da097cdd960061032
6099,hf_06099,sketch,images/sketch/hf_06099.png,dcf7c7109ddf5f52c674c2e82b97b75532ef775fed0935a8542915591eec2147
6100,hf_06100,sketch,images/sketch/hf_06100.png,ec72d82ca7bf834cc3e3c983911ba3b7c372c0b122de7404656ade91129739a9
6101,hf_06101,sketch,images/sketch/hf_06101.png,cfaf5d097e3864cfd9781e7e1646772c62236428b1c7c2dea8ed70e7f5d32976
6102,hf_06102,sketch,images/sketch/hf_06102.png,33a6c7de712a078aac8bd984a1b5bd0dd3c124198a00b913b89e3c53e325338d
6103,hf_06103,sketch,images/sketch/hf_06103.png,a650ffc84c62677190dbe17a06a6290aa1ac4f9cf2f075879e7eb1564febf5ba
6104,hf_06104,sketch,images/sketch/hf_06104.png,5850519d488c0f8333ee98eaa822bfba057d2464521bd46829987dde2e2407bc
6105,hf_06105,sketch,images/sketch/hf_06105.png,952f9b95a14ae0518a94a1ee3e0c397b55b6d0c02a149002d2fe7f200c1ef651
6106,hf_06106,sketch,images/sketch/hf_06106.png,62f4cbd7ce861dd8965ea51f5f7d770059602ac8eef99768eb8b432abd911508
6107,hf_06107,sketch,images/sketch/hf_06107.png,dc60d0cb2bd320ae3e658c47af08a9f50983d9941c31724dfc7d641d4e5cf3ed
6108,hf_06108,sketch,images/sketch/hf_06108.png,9964c341b7af397e05b61d5997eac697b77ae282b5d4349ed7109528542bce3d
6109,hf_06109,sketch,images/sketch/hf_06109.png,5418c790f605c47feff7a65b927820c54f832107a50b727ea0bc06e417c3a8a7
6110,hf_06110,sketch,images/sketch/hf_06110.png,5bd9de4f5f2c2e1e0cae2935a30b648fc7ca0ad1cb533c18ac5e1547176b4452
6111,hf_06111,sketch,images/sketch/hf_06111.png,6cf635bbce82ccc9ae7e533c77b88f1643d3227c323be7805eaadd69c2dbef78
6112,hf_06112,sketch,images/sketch/hf_06112.png,8a9f76a8e6dfff7617d0a5d5ccc96bf5c647bd6d3c4d8e9b674d6f593209a0ba
6113,hf_06113,sketch,images/sketch/hf_06113.png,cd58ec43ecaeea1abd5a9b0372841b7466dc7c48ea06d491ec331dfb612b9757
6114,hf_06114,sketch,images/sketch/hf_06114.png,7d4ace6663688a46be22edf55c320509855ea51cffe5b58606e7e887858598e0
6115,hf_06115,sketch,images/sketch/hf_06115.png,31aa8e0d8be5bf40617e762cfcb0544cca7c6cf5ae24ae65b3aa98dec2672f07
6116,hf_06116,sketch,images/sketch/hf_06116.png,bf7b5cb52345a0d62a57ee24b36d14072e464ca501be8882e41b03d254908799
6117,hf_06117,sketch,images/sketch/hf_06117.png,fe569cf1dc8cceb3a88593ce5af315dbfd136b99f42adf5301805d6f5f376e7f
6118,hf_06118,sketch,images/sketch/hf_06118.png,a12baed6bd15b22dcf94eb15e6fb2a3d70b9c79665c1b115c6650efc46bff198
6119,hf_06119,sketch,images/sketch/hf_06119.png,92140c486b8388e27b515d6a8102d4b8f9ec439547bc9d964f77add8e2d530ad
6120,hf_06120,sketch,images/sketch/hf_06120.png,8bbbe824eeeea0e97257e9e17d25ce6c85acac69f07285da871076ac82c77418
6121,hf_06121,sketch,images/sketch/hf_06121.png,6ab039b621bf68572cb40cfe885ea44bf3f9316651e038eb800228b91c535e45
6122,hf_06122,sketch,images/sketch/hf_06122.png,cc056492713b1f0cce9683f16962649675a1edb9e18a90334f4918ac19f8f888
6123,hf_06123,sketch,images/sketch/hf_06123.png,35ac15a669208d6952f61b87de34da2740083b46f9bc6dcb17cf480dbd9300b8
6124,hf_06124,sketch,images/sketch/hf_06124.png,3104f216f2df82b65258d19f041e616d7318c9004277110aa525014e6a1271b5
6125,hf_06125,sketch,images/sketch/hf_06125.png,8e81e9fd0af711423af7ba4b8a44dd079bd4811815ed4dc53a64bc670ef0b045
6126,hf_06126,sketch,images/sketch/hf_06126.png,8e578f8d78a8612e1f7e05dd375655077694419ccec132343a392b6028be6601
6127,hf_06127,sketch,images/sketch/hf_06127.png,00a1319d5bae740b8c7a744ff710633c9922e3f5ede300d0684056a743dbee2e
6128,hf_06128,sketch,images/sketch/hf_06128.png,d768663cb74585f58a7e607cd369ee25e7ab16b2dc57da651b9894d8cd80d378
6129,hf_06129,sketch,images/sketch/hf_06129.png,dc4de19b170b84ff03adff6ab9ca6ea45dae56dd4eea74be7a9ab94eb82e1810
6130,hf_06130,sketch,images/sketch/hf_06130.png,21fb43b5e08e97eb289834acf6fd1902b9fed1d2e5edfb32763b8901be44a2db
6131,hf_06131,sketch,images/sketch/hf_06131.png,cfa95ce8d18073adb12e962a993e03991ae14ba82b2cc25ed480a85bfc245cd9
6132,hf_06132,sketch,images/sketch/hf_06132.png,6660ceb819775cb81b1a08b742a3c9cd919447591b053e18ee4e1c0a89a0ed37
6133,hf_06133,sketch,images/sketch/hf_06133.png,cdd3c46b3fb34e7556e9f67e8f7e27560ff9c97db7d8e005225ffa7f7e46fe16
6134,hf_06134,sketch,images/sketch/hf_06134.png,bd900481e2682e3f401065b84fb767c194c9428aafb33c52e303afc73ccbd2da
6135,hf_06135,sketch,images/sketch/hf_06135.png,3b1506de1123a8122cd7f4764dfaf7f5625f64edf2eb68df4ea2ad90ba7b50b9
6136,hf_06136,sketch,images/sketch/hf_06136.png,fa408fd5f9e77fb2b411870aca7044864b85768f18ebb2a871fff9d5b65ee3b6
6137,hf_06137,sketch,images/sketch/hf_06137.png,8b5184e739b36cf48f89378a670308fb33682ab2ca97747e59d12ee320cfed65
6138,hf_06138,sketch,images/sketch/hf_06138.png,110d27237bb94cd35098d9b7be29f5858f141376d35767f50c8cf080a3f6f391
6139,hf_06139,sketch,images/sketch/hf_06139.png,554698aa608abf4e74e2f47b72acbc61871e79a0428e5f0afe6c104d5be72216
6140,hf_06140,sketch,images/sketch/hf_06140.png,77d689b4bcb4a1ca24141de7147c14e50ec98774826ed0eba0b3a2a68ff2c334
6141,hf_06141,sketch,images/sketch/hf_06141.png,c1fc336a71fb3dd81ce870cf61c0e03aa035dd8d18049c4b635f3744dfeb5df5
6142,hf_06142,sketch,images/sketch/hf_06142.png,6bd814ec2415745b2101a054eb5238ec1bd1c8fedeb3da092c15872c94c57336
6143,hf_06143,sketch,images/sketch/hf_06143.png,cf4dd1a7203b04db1d2a32a0040a938b532489034526520d62f091ed7196f651
6144,hf_06144,sketch,images/sketch/hf_06144.png,a816ffda822a01e4808ba898fdcebfa7fb7aaf7324ea353ec573b9e64986eb6d
6145,hf_06145,sketch,images/sketch/hf_06145.png,f689ed71480096ea1271ad537dc975d7aa716af397774cf706fb1ade4c1a48db
6146,hf_06146,sketch,images/sketch/hf_06146.png,f9f4fffc8efbda8d12fb769cd7e6873a3f13ed4a51166bb327c4c4921d4ad34c
6147,hf_06147,sketch,images/sketch/hf_06147.png,aa00bf0578c73c3a0c85f681cdf75982da4e583fe5696519e7598184bcf82ed3
6148,hf_06148,sketch,images/sketch/hf_06148.png,bbc5d7ba2062f5eb720153731140d8629f67b6c14c7fe3722d19f865e1ec9073
6149,hf_06149,sketch,images/sketch/hf_06149.png,a1dadda52111e817538e93e732292e8dc28310cff195a45ae6aa513a623b8c40
6150,hf_06150,sketch,images/sketch/hf_06150.png,a0983703352d9d13f6be3e5aefb7c8c8f62720ea6b2d4c2fb166b31d02fc3ac9
6151,hf_06151,sketch,images/sketch/hf_06151.png,6e9fe6db9fe9409e8fba32fbc4b3ca9a851f3f89a35aeb2bea9109c7ef536780
6152,hf_06152,sketch,images/sketch/hf_06152.png,0b489e19d89d945841c8cbe8c9cc429bd85b1cf2863b8848170c7dddd8c59162
6153,hf_06153,sketch,images/sketch/hf_06153.png,bf1dfa344313559735edcce4cb9bda3b8364f840dfe4821930f0191dd65af46c
6154,hf_06154,sketch,images/sketch/hf_06154.png,41e293fda6f40608e56f2a46a92b5e2811d94da63210f5a79160373b45eea469
6155,hf_06155,sketch,images/sketch/hf_06155.png,02c43240d7fa4704cb20156c2faff69d7930e30d58327c1b0b234fb978c7677b
6156,hf_06156,sketch,images/sketch/hf_06156.png,f96be840df0e48333dfea503d640dd87d1ebad2109cda588d399152d93d31e28
6157,hf_06157,sketch,images/sketch/hf_06157.png,f83e24e976de7ff909ba8311c53cb51ad51381f420920567857f0815ab95bba9
6158,hf_06158,sketch,images/sketch/hf_06158.png,41ad6203530e70943c5deab7692bf9a11317c72d12d86e0b9b7a518619615e15
6159,hf_06159,sketch,images/sketch/hf_06159.png,75a9ee5b1798de774a1437a257a5e50c13d4e988c2db162d669be657f1fc9e9e
6160,hf_06160,sketch,images/sketch/hf_06160.png,6b977fb0318ed7aee66897d6702c6bdd54b84bb73f58dfe14ee848e576fd4f29
6161,hf_06161,sketch,images/sketch/hf_06161.png,78411ce272f63c9ed9a94c02f41fb97fc06467393fcd1cb0b548f15a16e192f7
6162,hf_06162,sketch,images/sketch/hf_06162.png,4e9cfb0373d2e94c69daced197e3c4a4f875eb14683af4bb52e904c5471a6a7e
6163,hf_06163,sketch,images/sketch/hf_06163.png,7858c88b74fe59b81f9739e3e022fcbecbc2446a7f12c8595075868d2eba89af
6164,hf_06164,sketch,images/sketch/hf_06164.png,130e718f3c0db034f5fd26c92ee311db44ee941ac7c8bda103372e9e6c5809d7
6165,hf_06165,sketch,images/sketch/hf_06165.png,6cf7ecc693c13be9b278c51ced5c0ed8bb80b5d1942043fe8b853a62dc967ca2
6166,hf_06166,sketch,images/sketch/hf_06166.png,6c6d8f2787c27aa8eee8dcadec61a8fe703f14fac8394ca415dfb993c8572d04
6167,hf_06167,sketch,images/sketch/hf_06167.png,16852640ce77cb97f6a4e2c4f4310129e9566c566fce3a7affa01e3bcb2778ff
6168,hf_06168,sketch,images/sketch/hf_06168.png,6303eb6499e56d6a618eb23fbf58e5203e021b6a374582217cd0828d251f38ab
6169,hf_06169,sketch,images/sketch/hf_06169.png,65117a8dd14862f3ea10f108ec670645277ee51f6e6977bc62fee91ccd0746da
6170,hf_06170,sketch,images/sketch/hf_06170.png,05728e43c868c8fe282908e6246203327f5e71acfd87ca4976676ae58ea853a5
6171,hf_06171,sketch,images/sketch/hf_06171.png,1ac80f3d5442683e93581abb635e904e5ac2f16951f91300405300091bee00eb
6172,hf_06172,sketch,images/sketch/hf_06172.png,d19b107ec86f87edd0bbc2a3074e37599f99ea121a7b27a2b547f0f43412d5b3
6173,hf_06173,sketch,images/sketch/hf_06173.png,a76362f7bd504434f5ddaaa46c4293c8ed3e521a5e9aae032f1b290e251e2228
6174,hf_06174,sketch,images/sketch/hf_06174.png,2c1dec5a0fc25f6abcd0b96c3daa50321bd7c44c23bc267a142028841d70be73
6175,hf_06175,sketch,images/sketch/hf_06175.png,27e5018132fa554e8a962bcf07af193a0ff02dbe0d7695e2ce79b32dda1ef95b
6176,hf_06176,sketch,images/sketch/hf_06176.png,a6f12efceab7eeba8d29d8509d0a5ef6a6b5d21726a142a596d5239412203e19
6177,hf_06177,sketch,images/sketch/hf_06177.png,339bfde5fa638858f52fd5842bbf19b1b9c17315a1d57fd9dc0fd6a47fcd718b
6178,hf_06178,sketch,images/sketch/hf_06178.png,28d07dfbb78c9a4aaaed99b2e2403491b34de0537d2a68a1cfba0c382d432cdf
6179,hf_06179,sketch,images/sketch/hf_06179.png,76e52e838af6bd01e769fde15483235c1f241a4d7a80e6c7a3a07da3f11ed318
6180,hf_06180,sketch,images/sketch/hf_06180.png,8b542ed434d0b997bed8a6b6773067e9baf51b50bca169c5eacfb79c01fa7d40
6181,hf_06181,sketch,images/sketch/hf_06181.png,de7f0e30c5884b0ecd65b6f028d3f5b7c105bdbfa3993876b3a2c77640a539bc
6182,hf_06182,sketch,images/sketch/hf_06182.png,b83a6dc5067198864b522e8d6b6bdc500ebd932a2b20f90a5598a4e676087b15
6183,hf_06183,sketch,images/sketch/hf_06183.png,e4dedc147c67ffc9102f5785410b9f8b0c9d5e4d70c9e3b71037c784ebe157c2
6184,hf_06184,sketch,images/sketch/hf_06184.png,fb589c212868fa0b3b5e6f8fac961170cc3b626ddeb234e9c4fe60d295617b47
6185,hf_06185,sketch,images/sketch/hf_06185.png,475c7df9304060820526c79aa39c4f1ba87c7e5645a7a49b80cad7295db1ac0a
6186,hf_06186,sketch,images/sketch/hf_06186.png,30a9468ce658858668e71b3c9258ddbbb502f12d443d0ae2a490f7f9562d04cd
6187,hf_06187,sketch,images/sketch/hf_06187.png,55a86975f454cbc14902c191fede7aa8435a8bcabb52f6909dc0983889b3ee43
6188,hf_06188,sketch,images/sketch/hf_06188.png,e89f23603644c276fd58d2c87ca849d11eae9071f349c1be24986195923048b7
6189,hf_06189,sketch,images/sketch/hf_06189.png,f613b1cf3b75d396b0294d4a0de7bf393ba8dc2a7cba4e547285d83c8f0bd212
6190,hf_06190,sketch,images/sketch/hf_06190.png,d195858dbd5d94a053c8163e00317cff9398ad523f493c38e4ea90c4d64fa998
6191,hf_06191,sketch,images/sketch/hf_06191.png,a5238cfb114551132d5bdc1830182d348a8028e0c746414f712b4869f6bb0b87
6192,hf_06192,sketch,images/sketch/hf_06192.png,9eb68ade0cb0f279679838ff09591224f2abb91fba2a908c377cec3b9401c751
6193,hf_06193,sketch,images/sketch/hf_06193.png,e2f81a90732593b2610e2bf34069396273f3998ceee1a7a9b880cd088b826572
6194,hf_06194,sketch,images/sketch/hf_06194.png,58de08fba496568c6cf4aed8f44120b2d8b774a491e553f8083f5d01a5066e77
6195,hf_06195,sketch,images/sketch/hf_06195.png,eea7e1eccec7ba8342d0ae4ee7f481ed63c5d4d2ee6ad998e0459b2c4ee83993
6196,hf_06196,sketch,images/sketch/hf_06196.png,e5779dee3c837bce8e0be210310e39734505049ad2969f47f27f93fe3f3c27ff
6197,hf_06197,sketch,images/sketch/hf_06197.png,6eb5b8e9c909c81bb557b4c9a401cc2664ba1e64ec79ff5e11ae828ce16171d0
6198,hf_06198,sketch,images/sketch/hf_06198.png,6403baab8409034209a9bcaf6323578a464205d64aaf575d2563265c2776bb87
6199,hf_06199,sketch,images/sketch/hf_06199.png,d31c805d75a073e1ff6c63105886356617ecd53992b53a557ce9a777cb6cdabd
6200,hf_06200,sketch,images/sketch/hf_06200.png,a281bf8ece9a9cafc83b41606ec8f43e7db67ab95f8f7ae8e3e03732e2fb1133
6201,hf_06201,sketch,images/sketch/hf_06201.png,cb1aa6278be3b2df6a24c5f5ed70ffd09a807f9ad847f1a75e2368b7b8571dc6
6202,hf_06202,sketch,images/sketch/hf_06202.png,81a2408df53b20ad56082cfe51eb19692e754aeb1288d43979e1bac75548fa00
6203,hf_06203,sketch,images/sketch/hf_06203.png,e0f4ba5548e9163b2a9f28f1c8707ab8871dc2e9056cfe37b1f2109d3e830250
6204,hf_06204,sketch,images/sketch/hf_06204.png,b104a95b8e95ef644d6403a187c87b0303ed20c3333b3e5fe1bcab9a51d50125
6205,hf_06205,sketch,images/sketch/hf_06205.png,d6f3658f5fc227cb772e107f7933ccff14c55fc45b99231585ae9a0d0209a951
6206,hf_06206,sketch,images/sketch/hf_06206.png,06c05a658fa162bc65d51cf397b92d2b88c3aba60250d17588bc0b76f677b98d
6207,hf_06207,sketch,images/sketch/hf_06207.png,598e660280d5ace285b0f0f4cc9d22591e31d60e8ad91c1cd3787250723d803b
6208,hf_06208,sketch,images/sketch/hf_06208.png,2775c4fb72ff6db6ee7c8f0dc2d9a0ad349a5e6ea8a06acf9c63341c4b37f25a
6209,hf_06209,sketch,images/sketch/hf_06209.png,f1c2d10c1dcd170222f957252311d0a6b9d050a08ac41c356253897fd628e9cc
6210,hf_06210,sketch,images/sketch/hf_06210.png,cf63eac770fdb6f3dc3dc3e26680f64119d9988cd015b71b0c4f11c708e31da8
6211,hf_06211,sketch,images/sketch/hf_06211.png,c9dc40960bbcb864ce5b466b27b29cbc33460b1583b6ac6b8abdd53e3c613bbd
6212,hf_06212,sketch,images/sketch/hf_06212.png,235c2ae34b04ad6444d51236095a139154f37f66a1e9f5498357886d08c74caf
6213,hf_06213,sketch,images/sketch/hf_06213.png,334f0f1d000cf196f511049c5f145d1aef78a4504be1bc44a16f169e8b356c9c
6214,hf_06214,sketch,images/sketch/hf_06214.png,4a2eff0a9030e913605222faba0e8968b2895942332e03dfc2a88a4ebbd26fc8
6215,hf_06215,sketch,images/sketch/hf_06215.png,2e557b29533fdf3f04b8c804c84d7200ea600d413a962738286ee2e751b3faed
6216,hf_06216,sketch,images/sketch/hf_06216.png,4d6d9bf3db8bbae31ba9e41dd2c9e9544a265641aa5757dcbd1ef7720b6774d1
6217,hf_06217,sketch,images/sketch/hf_06217.png,99be43c7b7ce53905e3d845ca389bba37584f4010e09db87afa398df90254f8b
6218,hf_06218,sketch,images/sketch/hf_06218.png,1c001e2ffd9ab1ff2583c49680160eaff8820f0971c92e184f65009d88dae764
6219,hf_06219,sketch,images/sketch/hf_06219.png,01351b17fba0891d31ab2424de0e36206a121e56843b8fa930aeaf9bc506fc4a
6220,hf_06220,sketch,images/sketch/hf_06220.png,00dc70829259ea068780948255dfb9a1e7595f840ad335095b886f98a330bc90
6221,hf_06221,sketch,images/sketch/hf_06221.png,6f40d531cf51a2858bfb74f4dea5d0903c06643f0ce7a3dd91f49822c134e80a
6222,hf_06222,sketch,images/sketch/hf_06222.png,823331433117dfeeec740857af4e79446a61c6b5419f45fb4e1ae8daa184846f
6223,hf_06223,sketch,images/sketch/hf_06223.png,4968211ad1a5ac5af9bd33904d1cc9e230e30c2cad34bb356226e5acf6e07123
6224,hf_06224,sketch,images/sketch/hf_06224.png,4fede1bda0c6365fb5bce2bc54fed5d930b886098f584c06fccf31c629589a49
6225,hf_06225,sketch,images/sketch/hf_06225.png,e0f4579a37f69757b55d2b6051a8fa4f375b9d3f1a39da9148860835af1cd4a3
6226,hf_06226,sketch,images/sketch/hf_06226.png,3f01c5cdf29404d3ec2d09caff761c87276025b655799971f9d21beb29c2230a
6227,hf_06227,sketch,images/sketch/hf_06227.png,cbc59026bc298fce578305953bbf641c95c7daa499d613e682028cea77e13b85
6228,hf_06228,sketch,images/sketch/hf_06228.png,ff1da5e987eb77bed4f04d9b2bccb659922732d10f2091a53fe4acf957254c60
6229,hf_06229,sketch,images/sketch/hf_06229.png,9f5a0adef9b7e9d2fc91507c6e4d9d9e1b3acbb8ebfa3a6d33c8908ab328d19b
6230,hf_06230,sketch,images/sketch/hf_06230.png,ca1d6719b3d047d39bed8a7030ad531387bc01a675d3162dabb65a0371d9c5b0
6231,hf_06231,sketch,images/sketch/hf_06231.png,7c74ea8d29e6c30af8133f663c75fae23f3dd4d22c205add187cc45f65c83308
6232,hf_06232,sketch,images/sketch/hf_06232.png,6e665ec7bf6e609a9812f505c6a77291162233ff4eb06b4f1d23e0e3757a572a
6233,hf_06233,sketch,images/sketch/hf_06233.png,b3972258152e9d1e0b7780514148898e584859a228d9aa4b87e9bcabb9c3a7ef
6234,hf_06234,sketch,images/sketch/hf_06234.png,65b400520dbd6c04f2993951e36489686bda1c8e5218ed841051c3fbdb477679
6235,hf_06235,sketch,images/sketch/hf_06235.png,6785e140b1a7887356851c8c2ebc637b9852513a0e30444d79610cc66cc00564
6236,hf_06236,sketch,images/sketch/hf_06236.png,f8ef90d935abb9e684ca264731f39971a8b02db45f022378d2ca508985fb9ad9
6237,hf_06237,sketch,images/sketch/hf_06237.png,b9c7c607d26fd728933814e87ccd0e4e935b670ec137358bd1eea21f4477728d
6238,hf_06238,sketch,images/sketch/hf_06238.png,a8b8e88e5967424eb63775f09595b2f181941fc544f76268d2d3f889e3674ea4
6239,hf_06239,sketch,images/sketch/hf_06239.png,a5528d1074131561b63ec26e7483690d87768a36a789aadaeafabde61b5e630b
6240,hf_06240,sketch,images/sketch/hf_06240.png,2d089594b7fa55a8f5ed0ff10eeae04dc4d46297aaa9a123b8c58ec36f650356
6241,hf_06241,sketch,images/sketch/hf_06241.png,39e34e67c05e5e3b5421c803c1746f07271ef89945ea680c5ead3df6ad1a4854
6242,hf_06242,sketch,images/sketch/hf_06242.png,df27f12f029d8b9a1f5ec0feba004a21a974ad439196690f968b7241cfd8f63c
6243,hf_06243,sketch,images/sketch/hf_06243.png,2104c24b506106b35f9561fb265c9ba48c1736262f969365a6a8dce713c331d5
6244,hf_06244,sketch,images/sketch/hf_06244.png,58cdf4f8f3937a9b9de2747ff6bccaf8d394616dab1ce699e11ad566bf96fc97
6245,hf_06245,sketch,images/sketch/hf_06245.png,c23d9b3a963ee3a0455d9b05cdc754bf643ce40a21b7afc251aaf4506298ba97
6246,hf_06246,sketch,images/sketch/hf_06246.png,2ab4e55b916f98fcf19d36ead2d02ca7a48b6f6eedc68badac4a1c113b6e408b
6247,hf_06247,sketch,images/sketch/hf_06247.png,aa520d9d07525f0c1634ff81013941069367dc9ef82232743edd5e66d35ac78f
6248,hf_06248,sketch,images/sketch/hf_06248.png,c5c4fecd7df7805e70cb64d36cce54a14b80ecc6a3db4252c6839b999ddeb3db
6249,hf_06249,sketch,images/sketch/hf_06249.png,fd92457716a900430cf5a06c410253afbe8d71b225ba334c1f92fc1f49221d96
6250,hf_06250,sketch,images/sketch/hf_06250.png,41d1e089301db0f14403e26f4731f26ffea9f2fdc8471f2968d1b1a9f950afa6
6251,hf_06251,sketch,images/sketch/hf_06251.png,ec024fdfab14835a6b578688a8adf42b96871dfe619be37ad0fd3f690ece521c
6252,hf_06252,sketch,images/sketch/hf_06252.png,0e3ef9d492ea937d2cc34c603a334dbea15d18b00d2b0307cff225d2e0da2623
6253,hf_06253,sketch,images/sketch/hf_06253.png,f29b532a92c81866f7574a478d37a228013ee41aad7edf6ede05069f8cad5ab5
6254,hf_06254,sketch,images/sketch/hf_06254.png,e1474d2567023409ed47dc803b48a81f03689601ec55b659225412bd2b15a317
6255,hf_06255,sketch,images/sketch/hf_06255.png,d6e27d09c5da9feb74e9540396e29b83cda004f029b5895b56a7c0662474068b
6256,hf_06256,sketch,images/sketch/hf_06256.png,bc0bd7c68844c2abb4bbe51c76a1b053ca2627efb660573229060793dd2cdbb6
6257,hf_06257,sketch,images/sketch/hf_06257.png,951a27888601507fcd6e895b96940215be6b2b87c1d445b5aaac3e5896a1eda3
6258,hf_06258,sketch,images/sketch/hf_06258.png,9d48883a7dd8d6c77c9dae1ad1326579d342a62299e6e1b7f02eb3163223f43f
6259,hf_06259,sketch,images/sketch/hf_06259.png,2dfbf2244102ea699e18a6d55365451400147c773ec2ab0affdd5b3e3670a313
6260,hf_06260,sketch,images/sketch/hf_06260.png,79f96270d6ecc95ee27ff146d049bcc76d85e417ce7f12ce5db0f3caca6fa2c3
6261,hf_06261,sketch,images/sketch/hf_06261.png,f248d7ad0352758c94a8900affa9bdb138cfe1f6685a0baa5e588efe30a3f0d8
6262,hf_06262,sketch,images/sketch/hf_06262.png,6c189a2e97d1b66452b850bf3520e0ca226ebf6562d24b602c361a39347f6863
6263,hf_06263,sketch,images/sketch/hf_06263.png,b72d4b62d9ec8d5caad467717c70a3f848230ff78015a492970f3f376d742cd2
6264,hf_06264,sketch,images/sketch/hf_06264.png,c7b2fcc566f710cfd500dc49f224073e0c1a62129100eae8efb8f8962fab0bcb
6265,hf_06265,sketch,images/sketch/hf_06265.png,fe517a0aa1db7d9fd04e90b4514464165d0dcc9d8a6361c9b74bc04517329b0f
6266,hf_06266,sketch,images/sketch/hf_06266.png,da43b2f039bdd22267e596dcfc491e8f2b76ee568cdcda12d18a7e0cd12b5a30
6267,hf_06267,sketch,images/sketch/hf_06267.png,951e97b631544943aac9ddd2d512c1cf494bcbaba19884a556b2d94a7e775dab
6268,hf_06268,sketch,images/sketch/hf_06268.png,e12e4da9b787260556d80a591654ada6b8c879e3763d6eaccf08f546164e1de4
6269,hf_06269,sketch,images/sketch/hf_06269.png,9dafe2fa418b868e1581c52585b709c0709d8772b9dd51917a8770478a1bb20d
6270,hf_06270,sketch,images/sketch/hf_06270.png,db456f25acc18184529f3061012cfe88b6b6f491d9b8ff40d65965cd283805a4
6271,hf_06271,sketch,images/sketch/hf_06271.png,14f19efdf5e673674d3d58d173a9d21afa77f72eb9b51ef2c4fcd04a7c0abab4
6272,hf_06272,sketch,images/sketch/hf_06272.png,209f6a3e2dc30050be7f3e3bda39329220ad40b96d881d6f15fdf064e6da88c2
6273,hf_06273,sketch,images/sketch/hf_06273.png,31fcee1828f32cddb458cfd8fa31906b914b06e8a6fb0a665a57cc5af3de9a3c
6274,hf_06274,sketch,images/sketch/hf_06274.png,6aaf5799862073dfc92a20bd1cbf8780cef78313c6e10faa5f591fbc76e90edb
6275,hf_06275,sketch,images/sketch/hf_06275.png,c4b70ed19ffd659b503ccc51721aa1bcbb28a01cf841291dbaaa5ef4d76997de
6276,hf_06276,sketch,images/sketch/hf_06276.png,6e819f50efa107a42762874a53c58c923e74b63989909c630a38d4251f9ffbd0
6277,hf_06277,sketch,images/sketch/hf_06277.png,7f86b86c9b1e5a32ec4150e2c056420e16677af1395941d109d57502be4c5254
6278,hf_06278,sketch,images/sketch/hf_06278.png,7f41512dd8cf30db3e6b81ddcbf43117856de9f544fffcca31f575dded7e9d53
6279,hf_06279,sketch,images/sketch/hf_06279.png,45beb63946f5ab288d4b56460eba636b8d24cc6d293bcfc46ec15c7ba6dc2b8b
6280,hf_06280,sketch,images/sketch/hf_06280.png,39a4ec2d0281070cbcac48ae7557f08139061c6bf1f6b3e4cfa0e0d65e53d1bb
6281,hf_06281,sketch,images/sketch/hf_06281.png,c74ecf5e79272aaab17b687d6d829181be688fff7750573a4bc6f38192626e54
6282,hf_06282,sketch,images/sketch/hf_06282.png,9a81f51a1f9936bdf7d13f9cca973e97b777eddc8082c765b24076667e8a4308
6283,hf_06283,sketch,images/sketch/hf_06283.png,e7dd7d39eb45152da2ecb1d3466aabe1d1b4163446d43bc7ee1c15863bc13c6d
6284,hf_06284,sketch,images/sketch/hf_06284.png,0d29876956b4a82ff72999f6577324c1098ae97476e62d75b8e55b19fe95009a
6285,hf_06285,sketch,images/sketch/hf_06285.png,bf0ed868909d628f0ee4ddb5627221b671b42dbfe98a579d8779c2ab474a0b72
6286,hf_06286,sketch,images/sketch/hf_06286.png,cb29c55755156f02f0e9dcb2428c35e2a90aa9a11dc3bdac5b263007fb1ed9bc
6287,hf_06287,sketch,images/sketch/hf_06287.png,f57b882c726b0a5a7545f9733c9c50e35e95b7ad707313d8ccab67a40e482f3d
6288,hf_06288,sketch,images/sketch/hf_06288.png,81bf6d2f9e18ba433a63d6be5e021e5b2c4fbe08cc8f11e0ccfe7a2faedd9445
6289,hf_06289,sketch,images/sketch/hf_06289.png,88860e0c81fbcef4b04acd86b41f9abdefc50cd660410f14ab7c5cce15c111a5
6290,hf_06290,sketch,images/sketch/hf_06290.png,12034acc6779e02d8a4cc73bc017f4957b8f530d238fc13d7ff2890bd62be0ff
6291,hf_06291,sketch,images/sketch/hf_06291.png,7077396ca0f945780e4a061de18a47e7c7f762c399708160ffe562051cf6a661
6292,hf_06292,sketch,images/sketch/hf_06292.png,0b2385327efc25f2b0a3688bedcdd8c82624f397c8543df2052f3cef363ff368
6293,hf_06293,sketch,images/sketch/hf_06293.png,15a6f1691f97e70a12109dd5bf12e59daad8dacdb799baaf5793e29943418188
6294,hf_06294,sketch,images/sketch/hf_06294.png,9d877e4833a0a8c5eab0b8c8526f52d075d1fc412e933282dff3ff9ca4eb6a70
6295,hf_06295,sketch,images/sketch/hf_06295.png,8d334e962275e5aaaa59f9d640f6c47cab36c05bc6235f0a972389e87a98621a
6296,hf_06296,sketch,images/sketch/hf_06296.png,38aa333a863b93111f4bef9f8c69050808a3772bdaf25e46c6879d6df46e044a
6297,hf_06297,sketch,images/sketch/hf_06297.png,b51703bdce1602113880590ce15ec4e547c8486f53d785b852898ca2bf4d757e
6298,hf_06298,sketch,images/sketch/hf_06298.png,1dfc0590f2c5a7a0be29d5ff5683355ee2d64b69eceab2f8d267f67e153761e2
6299,hf_06299,sketch,images/sketch/hf_06299.png,3c5719c416f8ecfca1a87fe326da17f7d9420601d9d384573be48e35359e2fb9
6300,hf_06300,sketch,images/sketch/hf_06300.png,2a66cbe202e872dd88a39083beb70ed6fb1cfc5e358dd0b0ca5159e90402a05f
6301,hf_06301,sketch,images/sketch/hf_06301.png,33a44ea4e0c8cce2e1f26ea7e84801b00c574312e9466c843a828ab119b9fe12
6302,hf_06302,sketch,images/sketch/hf_06302.png,9b135e3744d97dbf3d903b692dbec7b2431ca1af00de9031ddd1c0b2e8253d38
6303,hf_06303,sketch,images/sketch/hf_06303.png,b91e4bf67dc5652afb1a36eefa10fe0f0aca74e943cafc1ff349a36904bc84ad
6304,hf_06304,sketch,images/sketch/hf_06304.png,1e3b30d8142d19f4af6d467792fa44b472be092c38a5f00111fd48f3f0a91dfa
6305,hf_06305,sketch,images/sketch/hf_06305.png,76e0bc43ef915ea6727c08740617ac1b2cc7b77002e2b1c13cb68cb6e8ab65d3
6306,hf_06306,sketch,images/sketch/hf_06306.png,d872876f19b1c17eecbce2be29c68b8011c641dad7b6657a8a98cf23f8834745
6307,hf_06307,sketch,images/sketch/hf_06307.png,d32e43846488ecab1a9e33897dba022266aeb1efaa5fc925557eea62564f08f5
6308,hf_06308,sketch,images/sketch/hf_06308.png,3049540baf8380d23402ce0165c42a8b904d5226015d48c50bc77c34154347b4
6309,hf_06309,sketch,images/sketch/hf_06309.png,32adc3447c7f1feffbc7ec2420377d8cbeec4c23bb7d9a59093d34f2fc9f7f08
6310,hf_06310,sketch,images/sketch/hf_06310.png,d1b42a34316b39de77a05cc19cdb0a600ee700c8f43510030d76af0783eeb580
6311,hf_06311,sketch,images/sketch/hf_06311.png,dc01476a287daf81c0eb6789866c1dad228e7aac388f41dc5a67580598f80724
6312,hf_06312,sketch,images/sketch/hf_06312.png,8ff4e6d2e2b9451225fee746438f00d65dd270dd46b8ecf05624f9f6b80a88bd
6313,hf_06313,sketch,images/sketch/hf_06313.png,6d0baeeddc0576f007b1e582d834dfecd92542878f0d10251bbe88362ca85308
6314,hf_06314,sketch,images/sketch/hf_06314.png,bbe4cdb6c34c72ec71209462b4b8d60d0ceb3afb3da3f7a7602dd8954a0720c7
6315,hf_06315,sketch,images/sketch/hf_06315.png,26dbbf755cfbfffcf363b09529d103110bd1c67b922b1772cc4917d83c719464
6316,hf_06316,sketch,images/sketch/hf_06316.png,3cddf4bde752468105293b72f743d79adb672d2787efd4f73deb3373a1a69fff
6317,hf_06317,sketch,images/sketch/hf_06317.png,f30474927c8e353749b44211bd12667ccd43b4e22a039a7d821a2b8349e372e0
6318,hf_06318,sketch,images/sketch/hf_06318.png,1cf14d6e5ebeb01077dd3b7b138a17b868600114c10cc40ebbf6e75383db2b10
6319,hf_06319,sketch,images/sketch/hf_06319.png,293179c1105e5861c64c1f479ee6eab547e3b300d97bc7af4e6f048720045f3d
6320,hf_06320,sketch,images/sketch/hf_06320.png,7299444d3ba128223b08f34fafd944ac2b4f0daeffdce2c850cac4c3b60137ad
6321,hf_06321,sketch,images/sketch/hf_06321.png,9fb5949c8ad28bbdbd627bbc1a6c0e1ea06931e29b7b3bfba5e61f2e70e08b1d
6322,hf_06322,sketch,images/sketch/hf_06322.png,507920ae1984d68738986c2bcace25421e3d9b3a403fa9585f1a566f96565e08
6323,hf_06323,sketch,images/sketch/hf_06323.png,05d6e964ab73b61a29af99034526aebce287020dace29f54f876096edeb56f5f
6324,hf_06324,sketch,images/sketch/hf_06324.png,f507d56d245b2b80f22b02b7d1d805162bcc6a06ced30fb62c3556a62ceaa383
6325,hf_06325,sketch,images/sketch/hf_06325.png,5be38a1ac60ec31c0e67f9f4a5b979fd661f75c20a1013f7aafa0fb5cc9e60de
6326,hf_06326,sketch,images/sketch/hf_06326.png,8a8db83b83429592672be0044259896ff0c437b7d3ce8de93e2810234f28a024
6327,hf_06327,sketch,images/sketch/hf_06327.png,89914948ba10b39388a0f50c5e6f122ed3bf087d52ca386f85150f4042742d1a
6328,hf_06328,sketch,images/sketch/hf_06328.png,79e5984ba523afc96ccbc01abd92dcca20726e0b504306b457530e50533e8fcd
6329,hf_06329,sketch,images/sketch/hf_06329.png,abfab5f1d1fe8c626b4583db2e14ed5e39e65332c2ce379a17d631d81b34b13f
6330,hf_06330,sketch,images/sketch/hf_06330.png,ae98e13885d2c71554f49c000b82fcd0b3d3ae9c65c7b9466129c8fef2a4b760
6331,hf_06331,sketch,images/sketch/hf_06331.png,0ae9e4acfc64106264b318a8197670dbcf2d6e561f109f35ab09a9f6fec8f172
6332,hf_06332,sketch,images/sketch/hf_06332.png,427869d9de76c172935a282e35d1bd12c1b0ed65c949666f4f46b916b009ae24
6333,hf_06333,sketch,images/sketch/hf_06333.png,63256007f0ec51652f22c4fc3a21546c3d4aeea4ba622f3bdf053da098328cdf
6334,hf_06334,sketch,images/sketch/hf_06334.png,232139e01a8e52e1cfaa1ccbb21ac09f78b898813018d7988d216748067eeb80
6335,hf_06335,sketch,images/sketch/hf_06335.png,bb809e3538bf31c1a798fa0df428de6c1e5e93b87b62399f29b2a319f8e96964
6336,hf_06336,sketch,images/sketch/hf_06336.png,b48d641094aa962526cbfd8df7f2c6839629508a3a6b643fefebe75f645d2631
6337,hf_06337,sketch,images/sketch/hf_06337.png,18790b32646023cfb3574df33479ae458d2fcf6ebe4919774a541b8e3a3778ff
6338,hf_06338,sketch,images/sketch/hf_06338.png,9fabc0f1df4181591384619693b2b1eafb341c7feebe54115b1e07b275ab721c
6339,hf_06339,sketch,images/sketch/hf_06339.png,1be86192b15a30fed1e3446a95a7b5f380f45c81647739d7d45080f4397c44e1
6340,hf_06340,sketch,images/sketch/hf_06340.png,d0ec037caca16c20ca0ecf6a18c941582dad5104e22db9b08baa9f41913b0b6d
6341,hf_06341,sketch,images/sketch/hf_06341.png,5c87830ed00bbcd7e3a6e0e8f1dfbde6d8377dfc42c52e7fab299a1cd46e4682
6342,hf_06342,sketch,images/sketch/hf_06342.png,3bd9bce7f11de57d1c827729d58bc2e83af04eb426ea489ed43c283089636376
6343,hf_06343,sketch,images/sketch/hf_06343.png,c2c2be94a9b3c089ce478816566e8a728bd7a61c660f6f1a97991710649b508f
6344,hf_06344,sketch,images/sketch/hf_06344.png,246e6697cbf12d25d62f631cda0f5dea46938dbc0cbd2898a3d1c28df88a43f4
6345,hf_06345,sketch,images/sketch/hf_06345.png,c9c382a96cf23a15eac10536370d80d4fc95793122aeaa815660ab32eddadf7e
6346,hf_06346,sketch,images/sketch/hf_06346.png,18a7a02cd11d36d1409883e5bffddae0931b1f0b9561c5d38dcc4d2ec1b2e061
6347,hf_06347,sketch,images/sketch/hf_06347.png,afaf12c8deb90c62ae7b63055542ac01b798882520f67999bb34ed2c615b69f1
6348,hf_06348,sketch,images/sketch/hf_06348.png,f743cace67bb3e302ac2d27621c3bbedb64e2815dfc280a1cd2e7ef2c868a9a1
6349,hf_06349,sketch,images/sketch/hf_06349.png,d72e3c08572efd4e9aa28fb29a558503a0d7510c89249af4d77dea770b46b09c
6350,hf_06350,sketch,images/sketch/hf_06350.png,abc5ab5113d2c17b09d2270874d2cbd0f6197f6413127076ddbfe949acf04961
6351,hf_06351,sketch,images/sketch/hf_06351.png,1a332b0de5dcf769d97491d387ef7a381d8cadf0e7a07103686d07ea3812dceb
6352,hf_06352,sketch,images/sketch/hf_06352.png,1f3db0ac4c98d7b5a14a917520d7cc42e02c9581d7233a6c2ba4b95062179caa
6353,hf_06353,sketch,images/sketch/hf_06353.png,99cf2a61f441ba93440f5814e514eaf431e611d53814226d995c194f765747eb
6354,hf_06354,sketch,images/sketch/hf_06354.png,cae8d98a4657e75c009c307c37e9da117ccfd68f7243ebc0bb9c18832924bb0d
6355,hf_06355,sketch,images/sketch/hf_06355.png,7e16d4b6cd47572e7a7b9e0310f913d0b1efd20021b0cd8bb4fbdb916c163fb9
6356,hf_06356,sketch,images/sketch/hf_06356.png,732c1fba75bd8239d5357e296a511e7e11328d4ee86d49b6a359ec8164e8e514
6357,hf_06357,sketch,images/sketch/hf_06357.png,fcb87ed2a7ae27531f38e03964fcef1ebe8ad4d1b0ddf6fb7cdf96f8c9f9ed14
6358,hf_06358,sketch,images/sketch/hf_06358.png,0e0bd6c26a71aceff0e31cfc8f611ae7acee90d7ef6be5c31bb7b4c103879bc7
6359,hf_06359,sketch,images/sketch/hf_06359.png,906af89a88d091b01a9c81ed225b3008095be97114aeceb33e55491cb3cb9ea1
6360,hf_06360,sketch,images/sketch/hf_06360.png,126db5128e5d422354a54f5f7168bbcc92ea45ed261a2fcdbeb4ceda268b6094
6361,hf_06361,sketch,images/sketch/hf_06361.png,081f15a47ced8afcd0ed533defdf07b54217070c52d64f6bf4f4cbb267c4a068
6362,hf_06362,sketch,images/sketch/hf_06362.png,b4fd798251a54bd051dcaa2dfc8646f3aec10d1e793386ac5beab5363c067ef9
6363,hf_06363,sketch,images/sketch/hf_06363.png,4c374b774e6bfc964d72435f67619ed2af385001ea960cc5ae146af5038b01d9
6364,hf_06364,sketch,images/sketch/hf_06364.png,f5dc811f815dd4815d205f34e0f6c0ceab4e934362fedfd96b5a58ae0cded94d
6365,hf_06365,sketch,images/sketch/hf_06365.png,916ab2e33a6e07deb0fac551df266a0722e6116848da3388b1eb051173f233d4
6366,hf_06366,sketch,images/sketch/hf_06366.png,21da96b7d7010267585cb888ffaf12b99d39d33bd8e27d493172e9f4fede7e9d
6367,hf_06367,sketch,images/sketch/hf_06367.png,7a2bdbab8d96de4ffaac6fb355137c4f4425bbd8eb332c1527148c2f6fb80518
6368,hf_06368,sketch,images/sketch/hf_06368.png,6ed0c14723981a926311a0120cc6304bea43ec6dca4493f61cb7980a786e8941
6369,hf_06369,sketch,images/sketch/hf_06369.png,325e9c483da281400d2a1e88434eec14865117c102d093cdb45b99c2e59320ec
6370,hf_06370,sketch,images/sketch/hf_06370.png,3b243b7b44a842decfffed30edbc4cfd20c3da37c3ed13b82bd7929210e3b6bd
6371,hf_06371,sketch,images/sketch/hf_06371.png,877b518c8bad7a48665acd79c013a8c9a5e8c3460ed01233e29852b9a487f208
6372,hf_06372,sketch,images/sketch/hf_06372.png,2e71a99782952166d919dfff757e4daff4be9c3a11f1076b0f50a04838d78be9
6373,hf_06373,sketch,images/sketch/hf_06373.png,b33c3159c19f2bdc7f2217bcf7cdc66c3fddb52eff08f1516c880cb69b6661d5
6374,hf_06374,sketch,images/sketch/hf_06374.png,52ce045e96749beaeda69db01ca308a077d89ba8ba256167928f2e3a853e3b88
6375,hf_06375,sketch,images/sketch/hf_06375.png,6a93f3966e630c41231bae1248bcb7e8544d4de539fa835b719386ab5cfe3175
6376,hf_06376,sketch,images/sketch/hf_06376.png,b042827f6f622a8c2936c1cd583a603df38f63252fca8450344ecd13c18390ee
6377,hf_06377,sketch,images/sketch/hf_06377.png,a15c085b5124df37aaff73b354e945fcb18c1ab06a02b71312ed6071dff74ae3
6378,hf_06378,sketch,images/sketch/hf_06378.png,a508db84fdaf5b169e884d73d570563f97f40b6facae084bc142010e960393b2
6379,hf_06379,sketch,images/sketch/hf_06379.png,ff22b1049c0959ef889ae576a8c54edcc7eff404d40427c9fd05b0fc57aa3edc
6380,hf_06380,sketch,images/sketch/hf_06380.png,df2e622b8fc31c21b355f8d954abc4e55ebab0218904b94e6a2a12fdad1602b5
6381,hf_06381,sketch,images/sketch/hf_06381.png,842ca354c4928f0177ab91870f42ed70ffc71713fdba274fd71214656043e21f
6382,hf_06382,sketch,images/sketch/hf_06382.png,a67ca02944a6791d98924adb05f2e9f09955e521977d63c874f7e58059eef6a0
6383,hf_06383,sketch,images/sketch/hf_06383.png,54fabccdb94d718dd2cc0a020e5c8e5abddee68f26cda6819aefddd2ceeacf6d
6384,hf_06384,sketch,images/sketch/hf_06384.png,07b9907e17d1b97996e8ae96844f289b5510083dae7f514f118ce01d24b5af83
6385,hf_06385,sketch,images/sketch/hf_06385.png,e1724e6af1f99a834850ff2da716877625522649a6454108dfde22e251ef29b2
6386,hf_06386,sketch,images/sketch/hf_06386.png,a3acead0cac91d071d8dc052e6e3f4bc3355439468827d8779775dc32817a131
6387,hf_06387,sketch,images/sketch/hf_06387.png,7b31f2c7ed2f66c32ffcf36b1a61d985d0338b8d424f30e3d3db285a70b9a0ba
6388,hf_06388,sketch,images/sketch/hf_06388.png,d046fadb42d7e09e64328799b8e3c1cfaf2a31f13224a07a1fb98ef93e865229
6389,hf_06389,sketch,images/sketch/hf_06389.png,c2cc184a1f1b75eab0104e04ecbac4fa56e89069c4b8c6ee9851bcc915ce13f2
6390,hf_06390,sketch,images/sketch/hf_06390.png,436e48fcdcd0378b080bf81ea458f44017041c6bc46876b4b5595f580f13f40b
6391,hf_06391,sketch,images/sketch/hf_06391.png,232e887b864c1d938f85e4430619b18f65286b8c04d2eb81096e0ea594eb004e
6392,hf_06392,sketch,images/sketch/hf_06392.png,a1b136e7ae359b1408bfb1184eb99e707e9498cbcac1782b49094312af3634b3
6393,hf_06393,sketch,images/sketch/hf_06393.png,ec53eceedbe3c3fc7b56c9f1db107f924f6a9cf8219c939f961c6f19b10ae25c
6394,hf_06394,sketch,images/sketch/hf_06394.png,528d4241da6d90f6fd0ee3e97d296eb55568d358887be596277b1ead7140463b
6395,hf_06395,sketch,images/sketch/hf_06395.png,5589d25d9b83344bd5eac1d57c4d02813e37b4dd50ebd4b5e45601026f582032
6396,hf_06396,sketch,images/sketch/hf_06396.png,57412ca1e66823bf40ca6ea17226e30969b5d7a6fabf91fb82409c028fb2a810
6397,hf_06397,sketch,images/sketch/hf_06397.png,e955b69a46002d155114ba8c89d57777f12634630a0a2b5e6584eaf3fd8af4c6
6398,hf_06398,sketch,images/sketch/hf_06398.png,689547495b2aac0d7b68a0b10fe2cd515c8ae324174d48365139414ac29a4855
6399,hf_06399,sketch,images/sketch/hf_06399.png,a22d52f7b0db1e16a1893c4a5256329809a1a079182983c06dce487dd5bfd4bb
6400,hf_06400,sketch,images/sketch/hf_06400.png,64f46c7f4d11a5ef6504fecd2424c58e102cb79a66e7ae004ad8771002669665
6401,hf_06401,sketch,images/sketch/hf_06401.png,4987724f8bc7bdc20a6bbbc6d97dad3e2d4f3c9d55169f6a04f09d074feb4fcd
6402,hf_06402,sketch,images/sketch/hf_06402.png,7de0beda748e7f56baff4a6636808013aafd6464a00ec95dd8357064e7c2b304
6403,hf_06403,sketch,images/sketch/hf_06403.png,a2048bb739393a2ce741fd8022ea5cc35c7521d803de0116692e49550402dd2d
6404,hf_06404,sketch,images/sketch/hf_06404.png,6db365c91b13316de9d9e413a691ebf2d92dff97aa65369a1ee98f8a22c68fb1
6405,hf_06405,sketch,images/sketch/hf_06405.png,3aefd2e2bc72151d7d0661c301c8d7d2d390d97af8d2c2fe8626c5686d771863
6406,hf_06406,sketch,images/sketch/hf_06406.png,ced2ed90da0d5b6dde626ce6a4af60837450772d74f0354e5713d6520a3638a0
6407,hf_06407,sketch,images/sketch/hf_06407.png,e2ff8e05273a998bd5b89482543c3a5e156a3b978d144bb19a82422870a1cd2f
6408,hf_06408,sketch,images/sketch/hf_06408.png,4056bbc9e926c11a2a51b6819752be5a4a3f2679016ddda7b6514851cf83bdd2
6409,hf_06409,sketch,images/sketch/hf_06409.png,1bf5d3798329df8188d958617e262e310fdb784b7d9d6a3cdff718537a81d8fe
6410,hf_06410,sketch,images/sketch/hf_06410.png,daf74abdd32b7be8fc6d70e55bf9b24185cf086be489459fba701a8b8079754d
6411,hf_06411,sketch,images/sketch/hf_06411.png,0aba4d634d7ddddb0369df378f7b8a71fdcb16620db27009ebeac4ae524136cf
6412,hf_06412,sketch,images/sketch/hf_06412.png,ad57eb929dec14a7f6971798e1da0e7131a66c07667b909081cd23553ecbebdf
6413,hf_06413,sketch,images/sketch/hf_06413.png,387c4629e2809ab8335a96e5c5a0dc13284a18fdcb42510f0e291fbd3a59488f
6414,hf_06414,sketch,images/sketch/hf_06414.png,104746eee0a6bd257d23d37daaa367b2207862d5f3ba84a5bddcbc1b36349230
6415,hf_06415,sketch,images/sketch/hf_06415.png,f164894d39071282100a422ff193d33ecfcb12f866ad2099c51d090385959703
6416,hf_06416,sketch,images/sketch/hf_06416.png,85d9f94b00c5a6e5a12290a76880c9f133386c3720253cd85afdf9d9615f2c9e
6417,hf_06417,sketch,images/sketch/hf_06417.png,0ff36441b348705955ed48920cfd178a89687daae3508b0a5bc881e768db9d9f
6418,hf_06418,sketch,images/sketch/hf_06418.png,9874cc8acf403a198143137f429d59e07bc32c7a326dc3f60dddd7912b10e979
6419,hf_06419,sketch,images/sketch/hf_06419.png,35abf4221d5936c05a82d939d8f296f84411df2aa8a0210981ba84dfe2d2e565
6420,hf_06420,sketch,images/sketch/hf_06420.png,6c6e6f44bf5be6d1541c74000576405efb7c23f99149c78d76e2665ad1ad7706
6421,hf_06421,sketch,images/sketch/hf_06421.png,6d2670f721642c2fcb30c622abc772034044790de6a67107f95515255b7d3dc1
6422,hf_06422,sketch,images/sketch/hf_06422.png,c4ef07c315de753d1ce452bf63745e0e5121b2d336ffce720b9043ee65c6e5dc
6423,hf_06423,sketch,images/sketch/hf_06423.png,f48bad40f37b9f44aa6ea35841de6ce0edd302a66e25daa2096207317e6a259e
6424,hf_06424,sketch,images/sketch/hf_06424.png,5c85006d323a6820500c7df86da36dd17ca9d7f3832b60477b7fe2772912dd0f
6425,hf_06425,sketch,images/sketch/hf_06425.png,5eefc78555bc3244e0057ca22713cbb158ac061b9e646a6e0d23b80cfccdadc2
6426,hf_06426,sketch,images/sketch/hf_06426.png,2dbc27c659d4cdb628f98fcbe0820afc5fa14064d52e95fc8c122fcb5f6c9c22
6427,hf_06427,sketch,images/sketch/hf_06427.png,ccce55e24e1f1c5d4fb54a46db591fc344d8a23dd631227637575ca22df3df34
6428,hf_06428,sketch,images/sketch/hf_06428.png,68c3a088d9da5b0576307c302ce67a1f8594f6a15f0e149370b59c97976ddb25
6429,hf_06429,sketch,images/sketch/hf_06429.png,37c9af2b371407f843913181ee8f46a33a1c139903a9d2756102e81e285b5bca
6430,hf_06430,sketch,images/sketch/hf_06430.png,0fac2429389d9e44d871ce0054da0442547f2db6890012d119badf206b60ec13
6431,hf_06431,sketch,images/sketch/hf_06431.png,ef590245ccf47d6a118ea46f6229ea3d1f5e222c49bdf4298bd3c6f1bd1c1af4
6432,hf_06432,sketch,images/sketch/hf_06432.png,de79348abc84442ee4d859ed3e35fbc49009bc03165cb9dc0111d42c2eafcadb
6433,hf_06433,sketch,images/sketch/hf_06433.png,f22daec46120410244d5c01f4abf432620b24a583105baa01e5ed1b881d45f0c
6434,hf_06434,sketch,images/sketch/hf_06434.png,265363fe45c56b989e345e0cf0ed7029688b2f5b9cbfe02e6f2716594d238ae0
6435,hf_06435,sketch,images/sketch/hf_06435.png,4260bdf3c739a9e7b1c90be3aabf5e09044f168669a7049cf588c6762d1eb860
6436,hf_06436,sketch,images/sketch/hf_06436.png,819d690ce68397d0e4b452557b2a308dd17c5c072c215a1f22efc231e2af0e34
6437,hf_06437,sketch,images/sketch/hf_06437.png,c95b2549d9340daf62bb8ee2297101c9953b69dbac41e55bdf2fddb79f6abd8e
6438,hf_06438,sketch,images/sketch/hf_06438.png,6eba6be1a950f84f7dfa930446d0ee9165bbd827a2367664a8f9b3d2d7840490
6439,hf_06439,sketch,images/sketch/hf_06439.png,bc5233e4d05da200862f7728c3c6668046960b8eb239f9c72fb26a200012a8f9
6440,hf_06440,sketch,images/sketch/hf_06440.png,88e4e86096d34e5cc9a6d9ad991bf090228e207fbe6f99b04f8e472a9c7bff2c
6441,hf_06441,sketch,images/sketch/hf_06441.png,edd63cff4980861f32e697174d1ab37e74af065e26e79f652a9418921be77889
6442,hf_06442,sketch,images/sketch/hf_06442.png,9e7997eeaf522c3b4cb0f0e7ed0f4361c9effd60c2b8361cf3fe4a92ad48551d
6443,hf_06443,sketch,images/sketch/hf_06443.png,5683df6eee2ff9c5f6051e2bce69405c9e876e7cd028c837586ead2f63398583
6444,hf_06444,sketch,images/sketch/hf_06444.png,2f433105355868a57f1329d92495543ae03c7223dced7bab26492fa580328131
6445,hf_06445,sketch,images/sketch/hf_06445.png,39f03ae3d2b7596cd43108cb504e4cc7312df0b7f778fe04684dbf09d8124d25
6446,hf_06446,sketch,images/sketch/hf_06446.png,5662edca5834855d6b6eb99aebcdf0c3df37f3932badd29bb67a1c41b483c2f7
6447,hf_06447,sketch,images/sketch/hf_06447.png,d6b27b8a8789e2b24f73591cd7149013ae10489c168580ed671a2fe4189e7097
6448,hf_06448,sketch,images/sketch/hf_06448.png,0b6d3d1107eee7e8837a4c9a87df2797870e54713e4f6d719b44522dcf4c4a16
6449,hf_06449,sketch,images/sketch/hf_06449.png,54cdaaf5f9daa1e283bbfe11bb88f77e7071952d93ce1efe433225af34adad51
6450,hf_06450,sketch,images/sketch/hf_06450.png,b3f710ac326cb43c724c45303a15349c528ff8789d37c2b094a694b8d9a0224e
6451,hf_06451,sketch,images/sketch/hf_06451.png,0f27de2e32dd02d4bd4f2fff47201effc3d5a4ec622dc1b72c095de20ff55a0d
6452,hf_06452,sketch,images/sketch/hf_06452.png,11162891d38d5ed75da42bca75c61140f0b3374204c506512ed2c4ab49df00a0
6453,hf_06453,sketch,images/sketch/hf_06453.png,5cb7dfedc4059170ff9d05d17d3e3b3e56e0965d6f18893cbc383af137ed63d2
6454,hf_06454,sketch,images/sketch/hf_06454.png,ca14d0b6d7162ea88ade934a4d14233f4c8e492b85ab11a3b4008fc827a6be87
6455,hf_06455,sketch,images/sketch/hf_06455.png,3693b315d5ab7089c1652ce5b4ad83e1e053a279f6d3a7bed7d6befd1c68f78f
6456,hf_06456,sketch,images/sketch/hf_06456.png,6ed1321be83e3e406847d28cad738ffd05e62a4ea86ff38e91469e7f265342b8
6457,hf_06457,sketch,images/sketch/hf_06457.png,ff671780a9ab16cf5b6a0973c6088def55ac025326bccc34ce4b9276b4b7f460
6458,hf_06458,sketch,images/sketch/hf_06458.png,1ee91b0da977284c4c9e86e566fc30d6aadbe2489e23e317c726186475244e6b
6459,hf_06459,sketch,images/sketch/hf_06459.png,724d31c72eab2b2fbd948f53e397243e5df3a1dac3f9033eb04a0354427673e1
6460,hf_06460,sketch,images/sketch/hf_06460.png,1a78570d2ba19f8cd368e16be0b70c34f789871773f23c57c4d475ddca75a28c
6461,hf_06461,sketch,images/sketch/hf_06461.png,ebbe521a7545b9eaf40d77a6639ce4864d6bf6584341301373cba0a7f893ba40
6462,hf_06462,sketch,images/sketch/hf_06462.png,68c74b2e8dbed4ff5c818cddd3443d37ebd0d23749ec58a83f047f428b9e22c4
6463,hf_06463,sketch,images/sketch/hf_06463.png,a06ad5730566e7cc5c49e82859049c312ae4be91780ce64e9524b20c97cb8d91
6464,hf_06464,sketch,images/sketch/hf_06464.png,c6c83a8dbdecb227cadd681abc38fc1673dc48064ae8b8d461a8f245a7f5d06a
6465,hf_06465,sketch,images/sketch/hf_06465.png,285ce61dd1c87d7eba1911fe1ff4d0b495e17a479318e27227d0fa0abd34427d
6466,hf_06466,sketch,images/sketch/hf_06466.png,b7e0d2c518bea665c6e5d80db24c762183b6c9fdb52e1f18fdc991c0601ba566
6467,hf_06467,sketch,images/sketch/hf_06467.png,12317247368c077c440b3239aea11ca70552ca91362718147d315bd314bc4509
6468,hf_06468,sketch,images/sketch/hf_06468.png,73bb9c7f0b943c8d1565fc37a2d92f8f462e3eb19e98bd1a457a1b4c5a34b439
6469,hf_06469,sketch,images/sketch/hf_06469.png,71ca96d9eed20eb798d5699bbd4605c7a122f29ba790447af0f73c017bc993e9
6470,hf_06470,sketch,images/sketch/hf_06470.png,81101d88a12f4480b9d43213452068ca96a3f35bf6b15c558c288d20970b9d52
6471,hf_06471,sketch,images/sketch/hf_06471.png,403b7ad74bbcb26afb07e9d6429381116ad33bf21cd8cb2d4c5764a39620de3a
6472,hf_06472,sketch,images/sketch/hf_06472.png,8710ba37b521990389b6c4d0966d75e7a85158bcfe58a61a9d4cbfddac9748f0
6473,hf_06473,sketch,images/sketch/hf_06473.png,ff74583aad22842baa44b3a2f73524a1289c1b766a644c37c72838897af678c9
6474,hf_06474,sketch,images/sketch/hf_06474.png,7e4cae527f50b6daf77dd011a6d164e6d663001217cca2830cdfd26a4b058ca2
6475,hf_06475,sketch,images/sketch/hf_06475.png,b26f11f9154f7a840b1da605c161e1be3a5d0d0dcf11bebe7f1171c1d9a48510
6476,hf_06476,sketch,images/sketch/hf_06476.png,78f46da0af9631e57633a983a69a89060504f1509846db641fbdc36000d8c0a4
6477,hf_06477,sketch,images/sketch/hf_06477.png,378cb41a1fab46b2bc5f30334acc8b7562b7ece194937691ad4980086257c146
6478,hf_06478,sketch,images/sketch/hf_06478.png,4103e41ea11e9941c29d9e4471da362579199547dac2110165e1e61cd5feeec9
6479,hf_06479,sketch,images/sketch/hf_06479.png,d55b52f0e1987c1eccea4970545252c43fc880eb3f9bbe1d458228b11d68a37c
6480,hf_06480,sketch,images/sketch/hf_06480.png,c2e5c06fe47754fd9e480a5a1aa2082a25144a429f8630ef3094acbae6b670d3
6481,hf_06481,sketch,images/sketch/hf_06481.png,0b0d56755c9c5ea2603e21eab808bcaa9f78b17d3dcd6de9a20a31d01d84015b
6482,hf_06482,sketch,images/sketch/hf_06482.png,b5cace0e1643068ffacab29b1a24405d8bed400b416e93cc92a72d3da0ceabfe
6483,hf_06483,sketch,images/sketch/hf_06483.png,18d1257f9360c860d9b1db4a6a76a50337af5054dc000a126eaedb3ff18b7656
6484,hf_06484,sketch,images/sketch/hf_06484.png,fb4a23d1a761ba42bf9123ceaf56bf009701c328c925509c875ff935b2af75fa
6485,hf_06485,sketch,images/sketch/hf_06485.png,8e84c0a9af297df861b828067bc291b1871cc76a4ad2ce40329a7ae0794c50c5
6486,hf_06486,sketch,images/sketch/hf_06486.png,04ecf69d0b61e5a7c342d5d9baf589cd64c8a1b12e06c8fc99eea1f2284152ff
6487,hf_06487,sketch,images/sketch/hf_06487.png,8740725aa9fbb01c6009a122e56255eadd499544ebde0122715322b88f191041
6488,hf_06488,sketch,images/sketch/hf_06488.png,1f75b2b2f639a27840cf99dd90cd345375e96d5274bedac85de7d9a74bacaa1a
6489,hf_06489,sketch,images/sketch/hf_06489.png,9b2f55aaafa3d782c90f9e6f22cc62cb811d801121ded63390d9908af2414d88
6490,hf_06490,sketch,images/sketch/hf_06490.png,7d87b687bf7378288e3c79d8c9493b520706a8397e55fb046afa9a1c6a728189
6491,hf_06491,sketch,images/sketch/hf_06491.png,0e59c95e95016dd80330ed44866f688b65fc1f5fd63978faeacd3fbf2b27cb70
6492,hf_06492,sketch,images/sketch/hf_06492.png,ca8203591f335b142e89bd7aeff84be667a6502ba5f0f1b4003e7bd07fca4176
6493,hf_06493,sketch,images/sketch/hf_06493.png,06ad62b5adef3a1a6be55f6d7b7ba0e0ae7ba30820163181a9006492b9ddcbc9
6494,hf_06494,sketch,images/sketch/hf_06494.png,f0b79939fd5ed2b58f95928a537da8a4c429b2824151579c67c08489457494cf
6495,hf_06495,sketch,images/sketch/hf_06495.png,e1d8cc930e66d8fea6df82065ef066786c78436d8dc83717a94715971604a5d0
6496,hf_06496,sketch,images/sketch/hf_06496.png,e8a0852c26a21e6640ebfcadc87eec33965279b3b5a845555cc82638f50282ff
6497,hf_06497,sketch,images/sketch/hf_06497.png,30e8916e6e39a1673a9c386d5fb6caed30fb31bdf13a5e8090578f9bf21cf3ec
6498,hf_06498,sketch,images/sketch/hf_06498.png,0867fed34e9dee08eb81afc873ef6b12e4c5d265f1c58a60637369d77605cd15
6499,hf_06499,sketch,images/sketch/hf_06499.png,5954b860aee0dd011a1f3011525f3b4c623cb568b55ad71cf4280eff4b8474b6
6500,hf_06500,sketch,images/sketch/hf_06500.png,3ac608846f218d3c7859ebc3d3feaf7a6a3c55a24067dbb5d9aa16a7f13a485a
6501,hf_06501,sketch,images/sketch/hf_06501.png,86918aa784b867c8d16ed9d7de47c2011d0c0ce7d74d37250366863cb41b9917
6502,hf_06502,sketch,images/sketch/hf_06502.png,e696167b467575b7f7628f1e6efb0fc474e0933444c86de80eebefe1b6467789
6503,hf_06503,sketch,images/sketch/hf_06503.png,9e82c59fd63282c21bad45615c5246c72c1a313ead8419689ff160e39d81611c
6504,hf_06504,sketch,images/sketch/hf_06504.png,c6a98bb6bb0cda46382690110ba83cce5c1ba4070655cad242e6ecd007bc16e9
6505,hf_06505,sketch,images/sketch/hf_06505.png,5afca57570179e193ea90f09523ff635dc4ae39e3fbf76b82a3cc77bc498cd5e
6506,hf_06506,sketch,images/sketch/hf_06506.png,d218e5f5876ee69945645caebcc3be3409840475581f84a117f80cd05bff1bf0
6507,hf_06507,sketch,images/sketch/hf_06507.png,8f9d87e04949fd06e2a72c44128d5142d0f28f48052686f9aec2149fb2d83b9a
6508,hf_06508,sketch,images/sketch/hf_06508.png,57f924930a698b5f3bb3e0c8e36a4e2d4586658e3fc53d56b0698ffabd191dd2
6509,hf_06509,sketch,images/sketch/hf_06509.png,f39b102a2a120e64852df1fcbf001936be805e304663d9da1e46a83a8fdd147b
6510,hf_06510,sketch,images/sketch/hf_06510.png,952b98f759818dd94618332d3b12066ff3c25994a56b7b39eafeec36a974a650
6511,hf_06511,sketch,images/sketch/hf_06511.png,674ba106e47c24c4fe03bf040944b27237a14b5b8d54d2dd58e5809e171981a7
6512,hf_06512,sketch,images/sketch/hf_06512.png,fe005967a2d762c337eaeae016c03f9d9bdc6987cb995faf0e773f982c9e04f7
6513,hf_06513,sketch,images/sketch/hf_06513.png,53561569cd39ee43ed28691c9976dd65f6154da575d7569329f34ae9e08ddfd1
6514,hf_06514,sketch,images/sketch/hf_06514.png,37b8e58519e31a54602922ed5aecc7f141d0d96db7f38f6e8c2e7dd18bf0b606
6515,hf_06515,sketch,images/sketch/hf_06515.png,b09fd78e47daa637322864d73e470e36ca91c1f074b91ff65466cc35e6ee0642
6516,hf_06516,sketch,images/sketch/hf_06516.png,107b228eea911cce294460912a5eb0e95fc180796f494885bc610f3645b5b1db
6517,hf_06517,sketch,images/sketch/hf_06517.png,b9eda99b82e14afc9760b19a1bbdc8bd7628b3120b28911a624f2eb91ae081f8
6518,hf_06518,sketch,images/sketch/hf_06518.png,7c54068d6945a4ce9f1648628fa54bbe9e9704fb942fad674457060903ea3094
6519,hf_06519,sketch,images/sketch/hf_06519.png,bc503d83755312da23a19844d460c59578e5ae28b7d16ae4d37a77d810818d0c
6520,hf_06520,sketch,images/sketch/hf_06520.png,cf2b7a7839b63ad11e41d3c26c495659b0a590eca325b0183d891bbcc9ce19bb
6521,hf_06521,sketch,images/sketch/hf_06521.png,6b2941521e28b53597374dd9737e37a9eb0d06071381d566cfb00a69bbf2ecf2
6522,hf_06522,sketch,images/sketch/hf_06522.png,2a3c3ba61db595773107c43a552dd0db438125211d117e9778cfd453bc6d1891
6523,hf_06523,sketch,images/sketch/hf_06523.png,126987769768773510059dd96c8b5cacc2e6bcaf1ec43f4bd58e1764db94aeed
6524,hf_06524,sketch,images/sketch/hf_06524.png,4e4ae18820da05b333688b655a5c83313b8853c041702c3cb67ebe3bb252b955
6525,hf_06525,sketch,images/sketch/hf_06525.png,a28599513dd35860b43ccdcc75d93f49f2bf6f5cc17941832fe5d89a0a5469c9
6526,hf_06526,sketch,images/sketch/hf_06526.png,bef9366e6f19bafd0c27d219d4bd1c4fb2367c00bb22342a0ffb1d4a1379882d
6527,hf_06527,sketch,images/sketch/hf_06527.png,579dcbd740cc1c7836a7edf39367c5b9b11ea8ae9b60024baf49c8b4b7072dc4
6528,hf_06528,sketch,images/sketch/hf_06528.png,7c0bc2d722cb1a436f74b4c84b0fd46eec50dd8cb2c3792bf5cc288a00378bb4
6529,hf_06529,sketch,images/sketch/hf_06529.png,200a941d7fd2df80072a44ce07885e748981dd5578fe33bdaa1460dddc1923a3
6530,hf_06530,sketch,images/sketch/hf_06530.png,35ebafcc9bc47d61d15e6c8ba6292bb788efd73e2f9404eaab8ba8399cecdafa
6531,hf_06531,sketch,images/sketch/hf_06531.png,0972d543c513b9ec7aae912db6d57c96917ec33f387e3b02fa9be74c6a4bd146
6532,hf_06532,sketch,images/sketch/hf_06532.png,cf62b278d6db224bd8571ac67baf6e19ed93fe2d3326cf1e5cb4b4b6c05340a1
6533,hf_06533,sketch,images/sketch/hf_06533.png,bfcf3b976b3dc4daf3d8be2d96867d9fba3423adcbe159370652211ec55d4279
6534,hf_06534,sketch,images/sketch/hf_06534.png,0fc54e38e37d3516c2af25702ba8fa16ebc357bfc9fdcbbafa7f4f624f7b3da1
6535,hf_06535,sketch,images/sketch/hf_06535.png,3a6a622575dc3689e6f5aa98f3f1bc98818c8560b6240d0ec4578d76371c409d
6536,hf_06536,sketch,images/sketch/hf_06536.png,13853948f671258033c898bdbe87303299bfa1c84034af180e2495090941ea64
6537,hf_06537,sketch,images/sketch/hf_06537.png,e1fb5553fbe10d4d232c6d1380f68fcd321ea2804d34b7dcc22fb37c12c72703
6538,hf_06538,sketch,images/sketch/hf_06538.png,8b66dc946ac1274e359f489736bbe5b1e4d9941935185f1f220f066b35cdd624
6539,hf_06539,sketch,images/sketch/hf_06539.png,ac09a0040d3f8ead844efa431ed2d1c4856db61a43cf5a97201889d9c1b69bb3
6540,hf_06540,sketch,images/sketch/hf_06540.png,15b1a418ffc275fcda3886219e0d903372f3d7a83022a66165ce695654f45f88
6541,hf_06541,sketch,images/sketch/hf_06541.png,74e81f06f11e85d5fea97c6388e764502b74f39878f484fa944a3d47dbf21f03
6542,hf_06542,sketch,images/sketch/hf_06542.png,8c0ec65c4517bb774185a0e1e8b65249e5d61ec7dfe5b8f8ee5de2b21411294a
6543,hf_06543,sketch,images/sketch/hf_06543.png,590d735e4f5e5485e69c11edc59dfeafb8d1a2bbbe755d3756b76cd14866a0e4
6544,hf_06544,sketch,images/sketch/hf_06544.png,1a1fda44b743f473e6ec43522982ac5c78bedd62a46d2c77130062d14345dd69
6545,hf_06545,sketch,images/sketch/hf_06545.png,433e471510ab087d20f65ad29f0f0498758c0ba775c207ae972363b87131ceb1
6546,hf_06546,sketch,images/sketch/hf_06546.png,a363e2d0fc556e6e6189e7bc4aadd27467d6df16e154b0cf6d71baf6e38e8447
6547,hf_06547,sketch,images/sketch/hf_06547.png,18d8b5cf2dab05334a636c8123958d77278511dbf521acdb700ed53691accf5a
6548,hf_06548,sketch,images/sketch/hf_06548.png,f00da058cc0d927867b88485509db07177e3f591f946051e1d84104ef581607d
6549,hf_06549,sketch,images/sketch/hf_06549.png,c1f3dc2d5a401f47779f58015845038f9bc53debcb3cf73aad31f587e8f477f1
6550,hf_06550,sketch,images/sketch/hf_06550.png,226b6b2b98b6bc34f539777b45840dbbcdcae875614d9bcf8c01d2c13c57acd1
6551,hf_06551,sketch,images/sketch/hf_06551.png,94947e7d87bee956ebe65983e0ec632c18ea33e6e1a64e7bc602dab93ac02fb1
6552,hf_06552,sketch,images/sketch/hf_06552.png,817727f5f49609df75c145f9ef6c8a0f7037a2ef423a79a4fdd3a2c855885d2b
6553,hf_06553,sketch,images/sketch/hf_06553.png,285937c16903821e9b0848d75fffb176a4eedc8b369a352f3983e4f417379599
6554,hf_06554,sketch,images/sketch/hf_06554.png,abe60ed3240742c28b71abfcca9a926be560cefd8be0ef30431916f1fe7a130b
6555,hf_06555,sketch,images/sketch/hf_06555.png,94bd3c30e651996e7b53021183eb911be488e4787cee9d2104e0e7660d17f4e5
6556,hf_06556,sketch,images/sketch/hf_06556.png,6ad200ad9a6527c593105979e5e4744b5206217b10adb5d63626294a4792c913
6557,hf_06557,sketch,images/sketch/hf_06557.png,a5e6ab6bfe023746ec710b237ab3f90ce21b330acdba70602355ef66e3b9cc8f
6558,hf_06558,sketch,images/sketch/hf_06558.png,88019f9a78ac0f0bc6c7908c8deda8c064ec260229316a8268abcc5f50a3f66b
6559,hf_06559,sketch,images/sketch/hf_06559.png,dfb3751ff87bb679e4fb7e070914512a0d037fc704d78efe51d991938e160305
6560,hf_06560,sketch,images/sketch/hf_06560.png,ed94d9ffd657ada3982a87930faa0b29b158d26889499c7b4238f9de14b08192
6561,hf_06561,sketch,images/sketch/hf_06561.png,e7c769547becc59b8763b74d4ba97ebfc51c44ca309949179cbc03883beb1747
6562,hf_06562,sketch,images/sketch/hf_06562.png,eae5327361e381449ad99e833a6d489b9e6b6d9c7540f5de69242b41a39250f4
6563,hf_06563,sketch,images/sketch/hf_06563.png,ae6b1357cdd916837bb152eaf56ba4ad1ec8598abff8886c0af8ad52cd5fc645
6564,hf_06564,sketch,images/sketch/hf_06564.png,149f10a2d3594c1320bc4ca53213e011c6229e9d42f2775a38cb3b8c78425059
6565,hf_06565,sketch,images/sketch/hf_06565.png,18ca17917e7c67713fd15d790f4f02169b1fe61fc69942c06b8b71f19df476ee
6566,hf_06566,sketch,images/sketch/hf_06566.png,b887764356429f0c946f4c999b5ee37f680437259bb216991980228fc3056063
6567,hf_06567,sketch,images/sketch/hf_06567.png,504d329e27dad0fcb5658d29a5b9286d9db9d1e94c98f26bd2c9fa13c484b272
6568,hf_06568,sketch,images/sketch/hf_06568.png,6000a1a60fc7280516ed45a70dc8965603489f23a3d10154e68ba0a28eb229e1
6569,hf_06569,sketch,images/sketch/hf_06569.png,9699270caec8622c81bfd74fa391f97aaecf11dd96f8f870667739b88600d99b
6570,hf_06570,sketch,images/sketch/hf_06570.png,c76cd5d86d45ca6203aeb804574838813efeb08411d604ddd8c2efc21cec6b9a
6571,hf_06571,sketch,images/sketch/hf_06571.png,7e970218b8adfa6cc327f216133f5ec5746eb297368c14b8e2473a9e19647175
6572,hf_06572,sketch,images/sketch/hf_06572.png,5b04b55ff19c711c5c94b1800e58b31d62d3ee268005a11442fabe8a188cd7eb
6573,hf_06573,sketch,images/sketch/hf_06573.png,d7132193f0c516c7b9951904ec10c1160ef99424e794a3d8724fc3ca2a3450cd
6574,hf_06574,sketch,images/sketch/hf_06574.png,cc04e2c91d7ea3b04612372eeff3568f0d5276c64dc6e94d8e783ca45bac54ed
6575,hf_06575,sketch,images/sketch/hf_06575.png,56982747ea1c0f02be40c897ab87001dc2684b222fc1324137d570ff3b164a60
6576,hf_06576,sketch,images/sketch/hf_06576.png,7bfa1d2e1274b67289a6183abffc205205f1f648e9ee4a0bc612b8e6f55b6065
6577,hf_06577,sketch,images/sketch/hf_06577.png,5918d71eb3b82122bc0ce3bea56c54c4b1044e842d96d3cdd7c3a7d55aec8aa5
6578,hf_06578,sketch,images/sketch/hf_06578.png,fa2ae2991cc5246bbd917e3de609b38942143d67f74329a910f7da226008dc93
6579,hf_06579,sketch,images/sketch/hf_06579.png,e362cbb274325749bb21c2d1031f5ec7538c82d501fbb9cd8227ce67328af016
6580,hf_06580,sketch,images/sketch/hf_06580.png,cdee7483dcb9eb01dfb6c229e3c6f53dbb816766b26af93fb63a637633837ef7
6581,hf_06581,sketch,images/sketch/hf_06581.png,02dbf7f560a37012805a1c6482f960ff2d285aa026c42ff1b82b8e1c9c4293af
6582,hf_06582,sketch,images/sketch/hf_06582.png,97d48d8cea7245f5ffa6fbd94b10296e357d164420e484918c04c27f6642ba2a
6583,hf_06583,sketch,images/sketch/hf_06583.png,2a5e2a467782c2a3da3fbe1b09efe42fb68d6def5e0c20ff1934d989d6291753
6584,hf_06584,sketch,images/sketch/hf_06584.png,03f1f4eeefd72100446be72ea75d900e92b2cfebb2752360e2d85eb5f54c3757
6585,hf_06585,sketch,images/sketch/hf_06585.png,799c70f6b7725911b1248671bd432ea2cb1aaa253e291a19f61cfe70f01cf21f
6586,hf_06586,sketch,images/sketch/hf_06586.png,b8a07d022bc2e26a51ad26f523c4e6c0bba8c86d45badabfa4790b5732dab9b4
6587,hf_06587,sketch,images/sketch/hf_06587.png,c3bbbb295e675f4b2d7ded394883461eeff1f874d2fc439d22417116609c2535
6588,hf_06588,sketch,images/sketch/hf_06588.png,fd53a0fce22f2e1dc2c4537807bafb113c4a5cacdf47b011f8c8ae4f65c1b748
6589,hf_06589,sketch,images/sketch/hf_06589.png,edad0f3213f044f456fd6213db904afe06861c0d2a8dfde06f96be157c227fc7
6590,hf_06590,sketch,images/sketch/hf_06590.png,2d0d75d0f7bfc48bad18fc191b957d68403118a9cfe81a70dc000b0f36d45959
6591,hf_06591,sketch,images/sketch/hf_06591.png,71038c4346c2f783aa4b00d91635a2e2ec1a06ab4b6aec3763aa2c4acf1f4b05
6592,hf_06592,sketch,images/sketch/hf_06592.png,5aa1bef4d9c99901f1162f6c18a68ff2d3a26140d6b6625743ecee6d05f3e42d
6593,hf_06593,sketch,images/sketch/hf_06593.png,682ae163cd6888c807a8c8316064f80104215c1e5efd38de04c72a154240219b
6594,hf_06594,sketch,images/sketch/hf_06594.png,45e450b0cd42c9b31d60d867609dd7f4b7dff517c6a81e67785f69d20ca32680
6595,hf_06595,sketch,images/sketch/hf_06595.png,009b9d94e5bc0b02f886dc12bfee9128e9729c862f357883a98fb6031783b2f7
6596,hf_06596,sketch,images/sketch/hf_06596.png,b7c7357523d9ff2d49194dc2e114b858a7144a0c78974ae447af5cf26acd7a16
6597,hf_06597,sketch,images/sketch/hf_06597.png,34b122eb6958668c16f6fe55fa94902e3ceb10e21e0e7435b1eefe99ab0d131d
6598,hf_06598,sketch,images/sketch/hf_06598.png,412bf18913157fc9b1d1e4c4879f65a119130ce6290658e710f0a8d5ff41adda
6599,hf_06599,sketch,images/sketch/hf_06599.png,e3870917fae698e2d29ddcdacd83f497a576965907435376ebea967141cf7703
6600,hf_06600,sketch,images/sketch/hf_06600.png,f3d2adabdc973a25e51b3d30bc236d7325342601532724f15b1a742070f4137d
6601,hf_06601,sketch,images/sketch/hf_06601.png,1f2c02a53d5f17afa01c41e4af20efcdb0409a55fc01764def874a85c50291ca
6602,hf_06602,sketch,images/sketch/hf_06602.png,94490bcddb205fef654771ea162b155fc39bf809cf49bdb4f045db137f16e973
6603,hf_06603,sketch,images/sketch/hf_06603.png,3df2b9d1d7ea3ae481f09d3c611fde776189a68b4b9718c29187b73415b9c69d
6604,hf_06604,sketch,images/sketch/hf_06604.png,0a6f678d61b6d4af036057b3bf9d31bbab2b27f706575e018cc02007787a5a68
6605,hf_06605,sketch,images/sketch/hf_06605.png,dc8fb5791f22a60694126403677f885472701a2beb5945f46535fb94363e46b5
6606,hf_06606,sketch,images/sketch/hf_06606.png,7e0b5726d1d16576a5d3be977fd1c4dd67b5ac6897b80e423d4bc9203a46ace7
6607,hf_06607,sketch,images/sketch/hf_06607.png,6b29cba4b1d255971cb109fac0c3295a3a5beffda8f8903f44d9c4e5651babaa
6608,hf_06608,sketch,images/sketch/hf_06608.png,d4cf1a43c85c84237ccf790453cf06adbe36465ab8e8fb1b63ef459cd90be984
6609,hf_06609,sketch,images/sketch/hf_06609.png,4de01bf27ea12f0d48ad1d0208195c10c68a48ddf39c86916d77a14d4ce146ed
6610,hf_06610,sketch,images/sketch/hf_06610.png,99b45e812627747c3dfe3d5c69ff119cfc6843abd9630723d3f6061863510acb
6611,hf_06611,sketch,images/sketch/hf_06611.png,705e5df72e9fa148185b8f8c0ba6fdf6ce792efd41615ea12221f31c491e2cc9
6612,hf_06612,sketch,images/sketch/hf_06612.png,e215e393908ce9b2fc1c69266c0a7ad3178dd6f633ddc8126b9702c09896298d
6613,hf_06613,sketch,images/sketch/hf_06613.png,6eb1c36ca177a4c6f925ab4f1564bfab638cc01102c8d9b6a4bece4a9ab0019b
6614,hf_06614,sketch,images/sketch/hf_06614.png,6824dc666b0381e6ba2d4e3589459d82a67637634cc6b0e1dd07e1dfd0fbb5a7
6615,hf_06615,sketch,images/sketch/hf_06615.png,47b88b69cadc843f76166bbd26453556f02a20d7fcd0eb4fa19c7d9a671d3c02
6616,hf_06616,sketch,images/sketch/hf_06616.png,4d01c6557dca8841a7b3d9a3188b31134f855cb90dff104b9bda3d215c0dac9a
6617,hf_06617,sketch,images/sketch/hf_06617.png,edddbaa31badcfbc64e9815912c7bf35adcc5cf8a64a9085d8eb825fcf9ff277
6618,hf_06618,sketch,images/sketch/hf_06618.png,5bb52ab1e99b0609a0787bb6b310cd4fdf59ecd070e0e286b73ca06aefbdbf94
6619,hf_06619,sketch,images/sketch/hf_06619.png,b734d0b1d552a16d0f819fd5ee5ed662be342d22d11e92796ed643914404df19
6620,hf_06620,sketch,images/sketch/hf_06620.png,9bec353f0080f42b7d3c3672e84b8aa0153ebd4b22f711b5cae43485a14d7d31
6621,hf_06621,sketch,images/sketch/hf_06621.png,69f14c3893027ffc09f67bd3204d861e6ab4a110b071981521b811d3e4c1c0bb
6622,hf_06622,sketch,images/sketch/hf_06622.png,a9f046e14000f0f3eff973a0958fab3cd9b1f59f03f0e2fcc3840b0d8100a9ec
6623,hf_06623,sketch,images/sketch/hf_06623.png,7320ec9cdb0df38d6fbca8a7521b777227a9bb8859981229207c93ad00c33140
6624,hf_06624,sketch,images/sketch/hf_06624.png,4212d343bdce6651b0ae86a0b3b391b61df9c9517c18b9d7c4619bb3f05e5f49
6625,hf_06625,sketch,images/sketch/hf_06625.png,651c04472f1ddec2710a2f235da5bc15145d15f122dc871aaeb84d64fd3d30fd
6626,hf_06626,sketch,images/sketch/hf_06626.png,991910a8e8dd4b25d6e5d70b437496c277c7035a6d4b62ebc9da2e8192995cfe
6627,hf_06627,sketch,images/sketch/hf_06627.png,ec631042d841054cbba57eb62ce346c3b712dd40340ed1febbb3632f7ca54f75
6628,hf_06628,sketch,images/sketch/hf_06628.png,4a871dc06c10b6fe93277486de2dfc3edaafc4b19edea4bcaea8149944c86d6c
6629,hf_06629,sketch,images/sketch/hf_06629.png,c66d3444c7f51f5a6000d013194f93ba1ab524a69ba1b813559558f7724dc2db
6630,hf_06630,sketch,images/sketch/hf_06630.png,3c0ad8d40c37aaa7b84c27c3ed8c039e2c8989a731d1c83c1a6c3e43d0afd517
6631,hf_06631,sketch,images/sketch/hf_06631.png,a0bb154cfa08c368be1da68d240cf6dbebb2dcc08c73f4730d9158bd109e4217
6632,hf_06632,sketch,images/sketch/hf_06632.png,c98c306f060480464a67db4f4253181e6c606dac0e9683a1ededb3c884292d4c
6633,hf_06633,sketch,images/sketch/hf_06633.png,34b2fa68a25e7ede314f162ca2e853f378b3a7feeebe21e6211ace1f60279cab
6634,hf_06634,sketch,images/sketch/hf_06634.png,daa2530637e5c31f3aa0f099d35baf92b917807de47b112d64a6743d6be79db9
6635,hf_06635,sketch,images/sketch/hf_06635.png,1d08900020dbcb7344fb23bdb897974ee6a3c06a51289a3d0903a146aadf1947
6636,hf_06636,sketch,images/sketch/hf_06636.png,f2cf1b08e0600ba8926178646061cc09a608eb5ba956a852fca30ab1af0133cb
6637,hf_06637,sketch,images/sketch/hf_06637.png,caf4ff43b9a0d65d6fb9fea3c00c81240712987b6937890e398da6e6cd28a1be
6638,hf_06638,sketch,images/sketch/hf_06638.png,0e9b9f02e5ada594f44b978254c3ab041e88335f69046822af3a1909ad89da3a
6639,hf_06639,sketch,images/sketch/hf_06639.png,fc032cfaafe11f9ead7559b486b5efedd04c27d6cf471b1c61f37e2a11fa1a60
6640,hf_06640,sketch,images/sketch/hf_06640.png,5fc776b832f68e03c989c97067fb2d7f719056c56805b69448b6ad0b0bb00139
6641,hf_06641,sketch,images/sketch/hf_06641.png,26d5c04cc6ee341647fc41537870f87efe00b7919c449899edc1399d123470e3
6642,hf_06642,sketch,images/sketch/hf_06642.png,588f6d767704bc6573b69d0d146ae1d7e152964aba2f4078cced2a8e554574b1
6643,hf_06643,sketch,images/sketch/hf_06643.png,bbe7707e5ff9c5ed18ed412805641987281640e56ad097c5efd46dccc0b89bd4
6644,hf_06644,sketch,images/sketch/hf_06644.png,026ff1cd872e4dd5cd04bc5354022216091126141b49ad5b50e36f79a7dd3cdc
6645,hf_06645,sketch,images/sketch/hf_06645.png,b07fd7ca100216038e2c5da2f7a15799cae046ae1ac5746d6ba35d48817ee80c
6646,hf_06646,sketch,images/sketch/hf_06646.png,086862eaea10faba148f251b66529223b268ca80ba34dd6a3cc31f35487a8fe7
6647,hf_06647,sketch,images/sketch/hf_06647.png,dc85e4d25b824a11a707821192707224150ccc4e39928dca52dd1a9dff42a3a7
6648,hf_06648,sketch,images/sketch/hf_06648.png,ed6b484aff45ee3fb4e1048caa1c67041d1ad53a0b88f4baae7e40b82d67eb15
6649,hf_06649,sketch,images/sketch/hf_06649.png,8999f1bf6b226f10af0a8c3668213a5df7d95768f4d34547174b51dff827dcd2
6650,hf_06650,sketch,images/sketch/hf_06650.png,f2d7fd5db23db910f43d2ca2bbc17cc9d29687d6e9aa39068b760d2bc5fe8640
6651,hf_06651,sketch,images/sketch/hf_06651.png,5b793be32e7d8d352f5cc68e8098fe668dd15d88ccfc29e3e28dea0744d517f9
6652,hf_06652,sketch,images/sketch/hf_06652.png,1aff6a5b032a3c7592a51042588be2aa7d03aeeab9225c1156d6766ec4f7357e
6653,hf_06653,sketch,images/sketch/hf_06653.png,1e270f0e59fec966162d95fc651dd656019ed2e4da60bb5534ccfea173a20abe
6654,hf_06654,sketch,images/sketch/hf_06654.png,4827291fac0b301a5f54fcef32529783f8b46b0fd25a976c506f1e3905e457ec
6655,hf_06655,sketch,images/sketch/hf_06655.png,9b44761cdf9d40aaa7bc9a75a13cf87b566a561322f08db9453bb4079c849cf6
6656,hf_06656,sketch,images/sketch/hf_06656.png,9b3c51ac9191171be5dc7aee579fe5a37f56348a128296bc31ba0639fe439429
6657,hf_06657,sketch,images/sketch/hf_06657.png,3bc78621f18d802cd813400b202e75d8c43a1d71e52d8b596b5fd950695d0179
6658,hf_06658,sketch,images/sketch/hf_06658.png,8f8ca89da7026d250a5a473975e7dba96364d7a3b8f8d8aee75f88d02c88afc6
6659,hf_06659,sketch,images/sketch/hf_06659.png,f5d42eadd3e5c3972ee6b8ffb9bdfcef0127ce857a9eb2422f4b8096ba3825a1
6660,hf_06660,sketch,images/sketch/hf_06660.png,746778b9f12e60ca967bbef4723f8b1d0086efe99f085f82fed289f8ee698af6
6661,hf_06661,sketch,images/sketch/hf_06661.png,b6c520fa8f93eade7c2f18036e458db9e56f419ee33a5823ce48aa3f76d475f0
6662,hf_06662,sketch,images/sketch/hf_06662.png,b7b89ab7a5e65224b7c6a60317a45c55dcb1e76b3305c1edef6ef1d2e18fbb40
6663,hf_06663,sketch,images/sketch/hf_06663.png,46325918daf8efa787067d00f73589819c5db2ae3c54e407db542c2df10d725d
6664,hf_06664,sketch,images/sketch/hf_06664.png,9634411cdaed94f1e42088a9e63c04d9201c908bb2a25a06c572bee2ed9972b2
6665,hf_06665,sketch,images/sketch/hf_06665.png,8d0fe95bb4c6a50e738545d1f0f29390b29144f33701a408b8d1014d889f7894
6666,hf_06666,sketch,images/sketch/hf_06666.png,c6089f537cf522713a9930b44b8ccb134309d01cadb7eb7c0c421e0850b390e4
6667,hf_06667,sketch,images/sketch/hf_06667.png,4a137a551ee1e0a4fbb64160624536430f07c7f1a47a684515a48c98a83cb5a1
6668,hf_06668,sketch,images/sketch/hf_06668.png,49dbc3c49bf5124223b659b74a0d46dfbef50d376910f5f8f642f196627616d4
6669,hf_06669,sketch,images/sketch/hf_06669.png,5ddc0b5386395d649b34189eba1dddad93428bc8ede376b2bb03ade09e039d17
6670,hf_06670,sketch,images/sketch/hf_06670.png,2bdf0fcc5f777ebd2075f586254970c43910f27ef20cf6a1fbd6a6daf4ec3b34
6671,hf_06671,sketch,images/sketch/hf_06671.png,808655cef9223749a258ac41293c4af68a70df9a0b4d78d1c3f5f1cdb1ec56ef
6672,hf_06672,sketch,images/sketch/hf_06672.png,435c2de202e214aad148f486b93f61c0ec99773d50e54d997fdabc938abe75de
6673,hf_06673,sketch,images/sketch/hf_06673.png,943758312176f8e850824affa86e87e3e7a08857b01675d98836431111635292
6674,hf_06674,sketch,images/sketch/hf_06674.png,0ed1d76ba3db3f0297ddf56b4f7adcf6468439e21583be563e25135c314b254a
6675,hf_06675,sketch,images/sketch/hf_06675.png,9fdc94717b18a77f2ddc3fb434626940165893410cc4d7119752b91093bf62ba
6676,hf_06676,sketch,images/sketch/hf_06676.png,0ec79e82d076ed49bbbcb800f6df60df8c547f0d93453832e902d019a898b2f3
6677,hf_06677,sketch,images/sketch/hf_06677.png,1ce1626c5617c9fa6c49a1b3d38aa4ad8e1a2974cc883cb2fd29003e7e049ed0
6678,hf_06678,sketch,images/sketch/hf_06678.png,cb78ee50e07e428563e3b919faba92f4fb36a1458311be6fb155782230cc599c
6679,hf_06679,sketch,images/sketch/hf_06679.png,0b3ed82ab2de6776dce7b9a8946fddc5b69bcc8c09354a3125236073e634ab04
6680,hf_06680,sketch,images/sketch/hf_06680.png,69c22538a4bba666dae7006668eddf77e2c9ceaa652b81ca7a011d04b5ccf36b
6681,hf_06681,sketch,images/sketch/hf_06681.png,7fb485d91e29a57cff0916e95067cb6a03a8a4ec65a065207f77dd0512cd0323
6682,hf_06682,sketch,images/sketch/hf_06682.png,772a857316866d487dbc3dfffd5b5772e83da2e4655a9ec03e51d5407bc888d2
6683,hf_06683,sketch,images/sketch/hf_06683.png,5c05b9e1f650cbacc6999795e99265bba0836d587ac52030a991bc5a1114ee70
6684,hf_06684,sketch,images/sketch/hf_06684.png,97a85b0ef5521497f3f71d85db8ea67b361265005c73972533dd215fae8e4dae
6685,hf_06685,sketch,images/sketch/hf_06685.png,07edf987e6bdb14c41fa1157814e65e4dbb39cc95e7c7b2bc2e4ced959b43232
6686,hf_06686,sketch,images/sketch/hf_06686.png,9380ce14c54245c98d79833a2355ce5950144a5d5fb1707cf6762ceb14e1aad1
6687,hf_06687,sketch,images/sketch/hf_06687.png,a9b6b483da7e0e44d58d471c09974cdce86bbbf218a2c49c5d6311cce81480a0
6688,hf_06688,sketch,images/sketch/hf_06688.png,fd95e7c0f108f2cd185f79d20310fa78e6bc96a7d49e1df7d756e41afc38062a
6689,hf_06689,sketch,images/sketch/hf_06689.png,54922e009bda1ff95036b916bffd0d1baebbd9c5f26d8b55fbd650611d7411f8
6690,hf_06690,sketch,images/sketch/hf_06690.png,31cacf1a521b3608ff0040badb9efeef2bb25c424ffe35ed0c14819035798736
6691,hf_06691,sketch,images/sketch/hf_06691.png,24fddcc4bdd9383a0caef93a1818d633dc6c128fc27662d2108d57c33046c38d
6692,hf_06692,sketch,images/sketch/hf_06692.png,7612a37e8a359ad0acc14af0e92bf924d1e23305cd406357f576f76aa45b0825
6693,hf_06693,sketch,images/sketch/hf_06693.png,e3e3514713e862edf54137c6c7e225b13e8c51638115ae6d4a69603c682c1d36
6694,hf_06694,sketch,images/sketch/hf_06694.png,6e20feb77d12dca6fa0f72c27c8f96ad3af78f5626ed8b86764716c08dbbb3a8
6695,hf_06695,sketch,images/sketch/hf_06695.png,ccf4c005f17aee9936ba0168465038cd2862f11453251105b5887b37d4c95989
6696,hf_06696,sketch,images/sketch/hf_06696.png,52afe3cda73f57f9c7626c5677acd36aa17c3004c3b67e13bc1caaecff2ddfb5
6697,hf_06697,sketch,images/sketch/hf_06697.png,6d34918ebd9fbb79d2b7590464b16db1cb28598c13e178c5cf96f160e335d866
6698,hf_06698,sketch,images/sketch/hf_06698.png,3899befbb9e91c43b496db4340c8580816f208bf164d7b77029c4d07a1168f61
6699,hf_06699,sketch,images/sketch/hf_06699.png,def8a09b153d0bd4e0ba75d72873338322c84031c50b74f70cec7992fa9345e6
6700,hf_06700,sketch,images/sketch/hf_06700.png,d098adc589639d75b7c0c5d8bbd650f7f9036e21b41aef06b3c551a3cda3f52f
6701,hf_06701,sketch,images/sketch/hf_06701.png,9c32807f31828f86f470bb7d094584e19ede5a75d8e68d83227a32b8c4b0b39e
6702,hf_06702,sketch,images/sketch/hf_06702.png,599bad38bcb7f1ad3f1f098ffa20f60262cb9926c87780cacee5f68c9588d2e8
6703,hf_06703,sketch,images/sketch/hf_06703.png,37743d69f85ec7a8e9219dba12f0a596c67f3054f6e44502703fe5f366ad0893
6704,hf_06704,sketch,images/sketch/hf_06704.png,b3d4908bb842ccc0546225c574a9abc3b5815eeea1a88be6693ffdc7e1c32efc
6705,hf_06705,sketch,images/sketch/hf_06705.png,516565155725b10f422d590c88cfa0b2f50ec78b5782b7601bd0c16852bce4d5
6706,hf_06706,sketch,images/sketch/hf_06706.png,637f668a35550eadf6c81c97e5af7cf3374c9796a2b9f3cb78308161e487db47
6707,hf_06707,sketch,images/sketch/hf_06707.png,ac6153abc9cfe66295d29af0c6ad7d349fa6019b7add7927e0c09efc264a42d9
6708,hf_06708,sketch,images/sketch/hf_06708.png,71940825ed2fdfb0423205bf7ba8c2915aeb5581248e56c16debad517dec20da
6709,hf_06709,sketch,images/sketch/hf_06709.png,3d967c37f050f4ba9c166ec126ee77ea9b76e39ee43d51afafe786135806f740
6710,hf_06710,sketch,images/sketch/hf_06710.png,f0ca50d0d0e634a0b297def8a1d3ba162da84c3148162633703453714c6738d1
6711,hf_06711,sketch,images/sketch/hf_06711.png,e20e3ac4a44dfe3899d094822ba015cf3bca9c93df32ac16c411fbf083646429
6712,hf_06712,sketch,images/sketch/hf_06712.png,d050f8c9c55b978c531f4810fc253cb7be6864247b535f6206ef0396efc72884
6713,hf_06713,sketch,images/sketch/hf_06713.png,42737c64249365a121d88a0f982c4ddf4e53a23c29b60c0bd594f0b890515621
6714,hf_06714,sketch,images/sketch/hf_06714.png,a6dd79b327241cefbd8906580f9c25769a53f39807f36b4fc0890fd449c0c2d6
6715,hf_06715,sketch,images/sketch/hf_06715.png,bdf74ef98c7abf2cad718e6c498c16d407151bc205f337a58adacb3f28523194
6716,hf_06716,sketch,images/sketch/hf_06716.png,16f06eebf6a3306fe7a1bf59829ed19a5c794a1f1dad0cd41ec109f7ab1f6804
6717,hf_06717,sketch,images/sketch/hf_06717.png,52bf209873ce5857e4535c4419b2355f411a3650e77e7bb5bfe9abe949512faf
6718,hf_06718,sketch,images/sketch/hf_06718.png,d66b4591d970c727da9f99844ed5cbbb631def0125d1b774618729b802c48f04
6719,hf_06719,sketch,images/sketch/hf_06719.png,5cedc3fd82a6489620c67e32e417ab4a6b978959059f6841dcff8d55b5565dfa
6720,hf_06720,sketch,images/sketch/hf_06720.png,e327627c2cd3089d0cde202e2bb04d770b54a145731b555e58b384d9b062fa80
6721,hf_06721,sketch,images/sketch/hf_06721.png,4c9ac32b20ecbe769a687979bfb6f1b3b6e99caf455fe949459ba542191a831e
6722,hf_06722,sketch,images/sketch/hf_06722.png,b303f2d803d4735ce725fc796b3012bbcc4e5006b40676d39b515a38ecec2677
6723,hf_06723,sketch,images/sketch/hf_06723.png,23760e4ff19f9816a7a5e05f83a7f0670a30d1a797e846760a929a526fb2e169
6724,hf_06724,sketch,images/sketch/hf_06724.png,1c319e93c3f0542cc3ca08e175445877969bdb883d09e41257d2822cf843fb98
6725,hf_06725,sketch,images/sketch/hf_06725.png,695d7d246e7bdbad6aafb0c55a2101319c1302d52021a4220be4292bbe954374
6726,hf_06726,sketch,images/sketch/hf_06726.png,8da5062ca9eadecda776f0dbb8a56676a1c2cb7dd4e186ec8e90d62483f1c74f
6727,hf_06727,sketch,images/sketch/hf_06727.png,eb817081be81be968103666e169880b6f7022c8eb1d391ace1206257ffd3c534
6728,hf_06728,sketch,images/sketch/hf_06728.png,fafe9a01add10cc798edada0eee3c304c887d9f6e26215282f9e656fc2fa5216
6729,hf_06729,sketch,images/sketch/hf_06729.png,08b0ffefa60ef227cc230e23d25177c1a6ad735ffeb840f434c3d0135493fb65
6730,hf_06730,sketch,images/sketch/hf_06730.png,7f091ba5c937f46eda5e04ef88593eee8a2cb3d9dd2fd473393cff71863ffa19
6731,hf_06731,sketch,images/sketch/hf_06731.png,a0aa9c8c2217f19bc1c61ab2a4020a579641206b579cb8375b2c9b9b1e23cca1
6732,hf_06732,sketch,images/sketch/hf_06732.png,d30f72d2f1fdd8e7ef4be651b84bd473fbd495efdd4c30da4835f2761fd694d5
6733,hf_06733,sketch,images/sketch/hf_06733.png,accc725c79cc342b7fa4718f162284a3cda7d97e4229225ad00c181cfed33b93
6734,hf_06734,sketch,images/sketch/hf_06734.png,5b8564f003c9c81b5591ed6aaeafc32e359315fea3fd8a5f5c72383491e1cb8c
6735,hf_06735,sketch,images/sketch/hf_06735.png,7b1c27f1af162300098f693afa7f3acc24a5c97589fb76834d0de3d635343da4
6736,hf_06736,sketch,images/sketch/hf_06736.png,572cddb308613d4c220b2784dec40dcc576bd92025a25b522fb6ea64ad183134
6737,hf_06737,sketch,images/sketch/hf_06737.png,7af1cc834a59241957ec735e1e058576d596b852604aabd344c68d6e5e9e1d11
6738,hf_06738,sketch,images/sketch/hf_06738.png,b3c8c6fab7ea44254bba65e80471c7a460f532afb1d5b4a3512fba07ff07fbbf
6739,hf_06739,sketch,images/sketch/hf_06739.png,2d9a9e424863580f7c9f0613fe49c0bff13238430d8a0c76fd99504db3c59d5b
6740,hf_06740,sketch,images/sketch/hf_06740.png,edc1cfce3ccb20748109bc34a316c38b1307dc0f1e09fc783225079283cc23ec
6741,hf_06741,sketch,images/sketch/hf_06741.png,c2ffdf6d86e9de3a3fa425c51ed88d6fe92b4f42bd285beda8eb896ff716bc00
6742,hf_06742,sketch,images/sketch/hf_06742.png,6b63f48d42591d8a1ee975a83bec1eec04afeeab9827a0fdbe2347ab20798837
6743,hf_06743,sketch,images/sketch/hf_06743.png,87656698b6b54b3b79c249cffb64f6c30b7243ce036e750896faf3f4bad91827
6744,hf_06744,sketch,images/sketch/hf_06744.png,73277aafa0258620e7f5a50ae9ef01d7c2be15534cea245583f3d06fdea4fb0f
6745,hf_06745,sketch,images/sketch/hf_06745.png,e2cdf8a01cd11e34e592aed478a2f3953ab8426571f3a2a7edb49439a469500c
6746,hf_06746,sketch,images/sketch/hf_06746.png,79fb010bd3b92319c29283f202b885bfaf148aa17f664fbacd0c2886fd4f410d
6747,hf_06747,sketch,images/sketch/hf_06747.png,f405619ffcd7167f1f2c5fa4c9b88a406ee026ddfb2625ccb0b1b6693fb953d7
6748,hf_06748,sketch,images/sketch/hf_06748.png,f368150076019562a67400594e6dc28a1cbde43b0811fbad420f150ad3e85a3a
6749,hf_06749,sketch,images/sketch/hf_06749.png,535c06e8d115670ba325e4927e6a9a1e3cf1b4878f05fabca78154b53d6c7653
6750,hf_06750,sketch,images/sketch/hf_06750.png,094985b5699d8dbd348d05429e4c07ef77bd8dcb9ebfba1ca4abd90f77bfb1e5
6751,hf_06751,sketch,images/sketch/hf_06751.png,e2dc666222b5ca92f2bcdc596752f169efea9d18b6cdff0a20b6fa349f3f3d7a
6752,hf_06752,sketch,images/sketch/hf_06752.png,f182ab84b0490d942a414221d57bd1c73eebb5d7dfab84f9b63a233258d3e7d6
6753,hf_06753,sketch,images/sketch/hf_06753.png,a983de1905bcd8aa5f8179b860799817f885332c41fd245757f70492f5959b7f
6754,hf_06754,sketch,images/sketch/hf_06754.png,024357b9429da420941a4c22209ae3ba1d3246a977bd2d2fc70a2bddb265e2b4
6755,hf_06755,sketch,images/sketch/hf_06755.png,8b90a7c3886169c9a80511994657a001c57906157e14fd4003092ae17b43e780
6756,hf_06756,sketch,images/sketch/hf_06756.png,b17bc402191e690df446b923e7a04f1000732b38456413cc94b8dbeec0dcf32a
6757,hf_06757,sketch,images/sketch/hf_06757.png,c704b0bf1113ad8b909603cc619e5093ae99aa66fc80afc26323d60d4afcc92f
6758,hf_06758,sketch,images/sketch/hf_06758.png,de7fc8a50935e982747894cfeeab1d800406ea7cbf8402c63e8d1ec211a8018a
6759,hf_06759,sketch,images/sketch/hf_06759.png,915ac6aa52eb3ed0d1273e5315785b6de5bd0091f379c4719aca1eeb6878b65f
6760,hf_06760,sketch,images/sketch/hf_06760.png,4e0735f8f8103d5620c068e0aa82038ba2423bb6c496bc3e77c4595ff2e34458
6761,hf_06761,sketch,images/sketch/hf_06761.png,0212a017d7f4443b1bf7e7060a50ada3267f138317cb0d0e9803cee991fe4f07
6762,hf_06762,sketch,images/sketch/hf_06762.png,1efef334fad4ee480871c2e707f00ed7f65f0897f5204dd75e46ae21e941a0bf
6763,hf_06763,sketch,images/sketch/hf_06763.png,9923c5097d1cfedf08e82ccae67c0a5b617048a04f64dbd7f76954ff310fafc3
6764,hf_06764,sketch,images/sketch/hf_06764.png,cfe9c6982b706df3670ea465f185d9e28802b129bd5fa095aa1e8193e6f6b1f1
6765,hf_06765,sketch,images/sketch/hf_06765.png,f72e9f0c9888f8f284dde116828677644021be851671e2d3f9a72437f232afc6
6766,hf_06766,sketch,images/sketch/hf_06766.png,eeca29f8ee54e9c3a20022ec99214974e841e1ef5b7c29495d1b9bf3cbf0f524
6767,hf_06767,sketch,images/sketch/hf_06767.png,1f87bc34a489b2b13960307dbafb446f74b685df33c4b1c30913964b907a70ca
6768,hf_06768,sketch,images/sketch/hf_06768.png,9c4c6d4a5e3a7dce482ddb8bb054617c003f406e28d938a3886c93ee999592e4
6769,hf_06769,sketch,images/sketch/hf_06769.png,e3d85e0f50b0f7057771257833b0ae44d37893976ec91a9806f496afa0c233e8
6770,hf_06770,sketch,images/sketch/hf_06770.png,c5df9e0355771038d58096d59836968ffc613d15f3f55c626d7761500e203b16
6771,hf_06771,sketch,images/sketch/hf_06771.png,a354b85b6f855ebad031e8b9fd36c4655850453aaa13f1aeae62c854486d6f86
6772,hf_06772,sketch,images/sketch/hf_06772.png,abdadbe4a068f6a5f7632a57d817f27deef05809022da5141731925146d2cdc6
6773,hf_06773,sketch,images/sketch/hf_06773.png,ac0ef9074b5ffb79807e32781932e8a363e865ac8debac610520a9a520455b32
6774,hf_06774,sketch,images/sketch/hf_06774.png,d3ee8d4598695c09ea7870d1bf86d828f1f21eea8fa89b7810599acfe44fd515
6775,hf_06775,sketch,images/sketch/hf_06775.png,889505a82599123a8fdf52d3cd148e542e35c147c03d8083d7d869555baac1b6
6776,hf_06776,sketch,images/sketch/hf_06776.png,babff5bb275b6450aade554948fdfa46b0983a3936c37ba24de165934c646cac
6777,hf_06777,sketch,images/sketch/hf_06777.png,ac093609e584e2aff98005792348ad6ae209f152b64810a20bc5b65255f74f01
6778,hf_06778,sketch,images/sketch/hf_06778.png,b1fe9d2090628142262f347ea55085ad559d11d5a850d7400696e98bbb18e8d9
6779,hf_06779,sketch,images/sketch/hf_06779.png,8f85e2113c3a9231b47b739e6bf7a2ad7706a9d4dc8bffb44f14486a30b20990
6780,hf_06780,sketch,images/sketch/hf_06780.png,2881edbd112fc8c6c05d228f02aa073d42a0b73ca73207ab7524de771479c065
6781,hf_06781,sketch,images/sketch/hf_06781.png,3696cac9aa76ff4904b6b8aa64cf9e46da09f69a285e63d400a1cb8985a6df0b
6782,hf_06782,sketch,images/sketch/hf_06782.png,4f1674fbe372b010d953b8e69c6bb90aede3c48cd059959ee7fbbd40ca492abb
6783,hf_06783,sketch,images/sketch/hf_06783.png,241d548ae662ecb83558fd6515248ee60c2b3b3183e267bb398e72075c01911e
6784,hf_06784,sketch,images/sketch/hf_06784.png,0e55b4f57f6dcd458d8930070845f18076d8f3c18da842e0544e225300197e19
6785,hf_06785,sketch,images/sketch/hf_06785.png,1a677be048a9f7ea9826aad4cc7e4a551aea5fc13bc06435e5855b438a5996f5
6786,hf_06786,sketch,images/sketch/hf_06786.png,36a2cd9adea9c7edbc6754796dada1650bb9c23ff3519f3f8d23bbf70dd43780
6787,hf_06787,sketch,images/sketch/hf_06787.png,9daf779e5f76b5951121e31f3d15077bb227458a203c5c09eb11407073e4155d
6788,hf_06788,sketch,images/sketch/hf_06788.png,6d5b5823ea06b9b6844b04525ce6ec482a02c98562cd85ed71f6c6c4f17e2404
6789,hf_06789,sketch,images/sketch/hf_06789.png,ed68b21e755121cb83f2262b5a60efa73af3dbb8f9f86ccd3983f492c8c8ffa0
6790,hf_06790,sketch,images/sketch/hf_06790.png,9979dcae35d5afea802734fac40cf647447078a56f71495d3d2ec923b26ac0f9
6791,hf_06791,sketch,images/sketch/hf_06791.png,96e2aa47ed09851c0fd0832a557b5fd9adbd890faa2353c9a431a4d3239eedbd
6792,hf_06792,sketch,images/sketch/hf_06792.png,1605bb1e14e810d508915e89388e96d7307f4dd7255c2067ab053693bab109de
6793,hf_06793,sketch,images/sketch/hf_06793.png,f6237cb3d11509e80c89bfa945f947f5dc069462bb377af656e670b91edbd8ed
6794,hf_06794,sketch,images/sketch/hf_06794.png,6b107212886f4c20dd19ca726718190b6058b7a05ffa1a3f56effaa470d79623
6795,hf_06795,sketch,images/sketch/hf_06795.png,b5e68a144eb37cab43e0130f68d908877c63edd75396bb995c5f5c60d8b10b91
6796,hf_06796,sketch,images/sketch/hf_06796.png,47587b35d8fbcfbeaf5ab90be43c2340a79c9a70bc3c5243c34661069554532f
6797,hf_06797,sketch,images/sketch/hf_06797.png,66e620cf6888f737cf6823f7c5f160ce7950ab3f35adcb89074fa1ce66b78393
6798,hf_06798,sketch,images/sketch/hf_06798.png,666e5c64c636edeccfb9d2421d665cc2de7bf03d90145f1715883fa1080c0ccb
6799,hf_06799,sketch,images/sketch/hf_06799.png,256641cccdcc2da88b3fb0c2269fdc56f38b630966669179477f58375fe37644
6800,hf_06800,sketch,images/sketch/hf_06800.png,ca8d9b5aa7dd5a749796fe741695b522da1dc81ecde2d514e757d045585db42d
6801,hf_06801,sketch,images/sketch/hf_06801.png,f65688aff6b63e8e856ef04f097236379bedc3eb75e071165de09a81ebb21ec4
6802,hf_06802,sketch,images/sketch/hf_06802.png,5c10a8124f0b1d8c65400d1b5512814143d123d091e0c7532b519b204b362447
6803,hf_06803,sketch,images/sketch/hf_06803.png,b59ed31d7a6d12ed47c3a956dc4b651dfca262a218a18c2fd987a3ede93f4cdb
6804,hf_06804,sketch,images/sketch/hf_06804.png,0d40a60c608b38b5828c76d1e82291970698dbf5f88a4063266ab93852c945c6
6805,hf_06805,sketch,images/sketch/hf_06805.png,d33791bcda78ac5cb14e2271517924d61f9c3821bd88840c2abac4390e373b6d
6806,hf_06806,sketch,images/sketch/hf_06806.png,8ee49fe35a372d5aa999ccb2165190215a5057ffee9444801dc62d0df3f9fa3c
6807,hf_06807,sketch,images/sketch/hf_06807.png,71e6a0822526b171c49f01e4df88a79057533a6e4c92bc6b5a84caba8c631f76
6808,hf_06808,sketch,images/sketch/hf_06808.png,66ecbd522810a4bbf0c485ab588bb057b44ba01348f6e1177ac23659eb6a672d
6809,hf_06809,sketch,images/sketch/hf_06809.png,2359e30f2c1cc74ab6382a3b196a84c4180d8c13b07021fdb526c713bc3715c2
6810,hf_06810,sketch,images/sketch/hf_06810.png,6e794c3d015660d8c807c55b42b65cd04571830d260bd9444d46a95801fcf437
6811,hf_06811,sketch,images/sketch/hf_06811.png,d8d33128227a13ffdaadc89ab8cb201cf90bad6661473468c05c3c6fadecb7f1
6812,hf_06812,sketch,images/sketch/hf_06812.png,0ca88fbeb761ab88ad174047d18c74b829dce7941201ff79cf66cbfbdf80b45c
6813,hf_06813,sketch,images/sketch/hf_06813.png,20ee63e2dc8fae35b29f46eb2775bf8d3e80b97b7a3a18031879ee6f406c0174
6814,hf_06814,sketch,images/sketch/hf_06814.png,06168d252a741c01b66f68af12cdc97801e8604d01e5742160b9b8f173fbfb1d
6815,hf_06815,sketch,images/sketch/hf_06815.png,10c3361d72de4832ee92a645a7d59c76aff551a488126a2713ad57334c56afda
6816,hf_06816,sketch,images/sketch/hf_06816.png,c46c21abb631176aa5a881fc40401666085652d56894411ef2d49a50fa62c193
6817,hf_06817,sketch,images/sketch/hf_06817.png,d34cec6161f3f254d7d153923be9316db0d35dc0a8361628afd84ef62814ddc5
6818,hf_06818,sketch,images/sketch/hf_06818.png,e41166a6ff2878e38f009d648fe1897d109505eb12db3fa4fc67bd17c76e56e9
6819,hf_06819,sketch,images/sketch/hf_06819.png,2a9e25d87a3a627b54d23d654deeb340650be3b412fcdcc4b22fb4bc54fe729b
6820,hf_06820,sketch,images/sketch/hf_06820.png,f41072a1c397e2de1cf9017fbd60cc4b8be1f2a30e8afc34f8164fbd596f0075
6821,hf_06821,sketch,images/sketch/hf_06821.png,f3770badc904a9595a98661a5ceb4295e7ab796a6d64b74daaee325e1d214815
6822,hf_06822,sketch,images/sketch/hf_06822.png,c7ece83e6250ce92f5022684aaf808c3d902424eb71767110fa9ac637f65993f
6823,hf_06823,sketch,images/sketch/hf_06823.png,3002a6cfb0c9e989e6c4d7de78290bf28fd9d4d27e9089ad09025134a98969f3
6824,hf_06824,sketch,images/sketch/hf_06824.png,5a8f0ea6ae0bbc12311eddae3a2328ce294c2f8f8d02895ed4015b172a9f1b18
6825,hf_06825,sketch,images/sketch/hf_06825.png,58a1be1577c9cec418a58b54b856db4e6938294fcbf7a8e19fdb5ed7abf2317f
6826,hf_06826,sketch,images/sketch/hf_06826.png,d54b28987cea9b9303db9e2abe482a664114185a1ae64c6ff8d44151d1b2fa15
6827,hf_06827,sketch,images/sketch/hf_06827.png,798cfc797225c7817bae4aef8f2dc236c7cd9d281cc21e6b2650d0934987c2df
6828,hf_06828,sketch,images/sketch/hf_06828.png,7824234f4dc641ccf64269012daba0b5636754532d3deb31eec56c6c2980c2c7
6829,hf_06829,sketch,images/sketch/hf_06829.png,9976623a22a305d2598c57c0836fe75ed0f41020f08b6bce23eabbb747bd6b93
6830,hf_06830,sketch,images/sketch/hf_06830.png,656d968ad6bbf337852e6e467e9bae664f16c399db768fa0ca005f9ed1072f6b
6831,hf_06831,sketch,images/sketch/hf_06831.png,002957e7f68201811cf8d8417a958d870170ebaa7ea72af08acb1ef4fcd3c3af
6832,hf_06832,sketch,images/sketch/hf_06832.png,321a070e2002039cab84eb242004cccd1c1c83bc76ccf7fc45766f0015d9263e
6833,hf_06833,sketch,images/sketch/hf_06833.png,cad2341fd9926d9450792dcce219dc6b5bef07e0a153446f238b68a02fbb9552
6834,hf_06834,sketch,images/sketch/hf_06834.png,21a290e7d9263e8fc60a877c2bf37cac041722e89cab220171f8db2240d3f55f
6835,hf_06835,sketch,images/sketch/hf_06835.png,ea4163be8182975d377e0c468c958a0871c98dfbeb7becfcb377777475bf47e5
6836,hf_06836,sketch,images/sketch/hf_06836.png,14f896805bdae50e5936902dbd2aa74aed8e330ec9a25ae45d2062e90920604f
6837,hf_06837,sketch,images/sketch/hf_06837.png,c449e74963933b659b12b5a7b9bb68c163ed36700c132defe401901cf3bdf578
6838,hf_06838,sketch,images/sketch/hf_06838.png,d683e5908ee97f888f605609f7440ba63b61ce4bf7491310f8ff1a3c6a07441c
6839,hf_06839,sketch,images/sketch/hf_06839.png,f4553afa1c7d132b32cb2693664751ecab7e9ffbcdcb6d3918448f9d3cf1737a
6840,hf_06840,sketch,images/sketch/hf_06840.png,a7807db7109eb42e4cd54e96c399efa3bff2894275390788847248de0b8cdf4b
6841,hf_06841,sketch,images/sketch/hf_06841.png,c496abbf06a90feec48a216ffbf457875521eede07120aacbbe51ce680acd04a
6842,hf_06842,sketch,images/sketch/hf_06842.png,09a106a106b3abc59b450852e7f4147eca030d2c0e61a6c8ab96b079b434bc54
6843,hf_06843,sketch,images/sketch/hf_06843.png,5ff4538b2ea9f4aa30d5f25469b80888b12df8f096212d0542d31e9860a36996
6844,hf_06844,sketch,images/sketch/hf_06844.png,bb017785a7fa69ea7808e7b4c6d02825a96ac322bed82da50eb21eb249fcd2d5
6845,hf_06845,sketch,images/sketch/hf_06845.png,6716603275700d49b9f159f07dbdd8ddb322305908835b401484d2532ce877cc
6846,hf_06846,sketch,images/sketch/hf_06846.png,7136e702c0227ce393f1e7eef1d0d5af86ac6aee626c62cbab914527bdeaae81
6847,hf_06847,sketch,images/sketch/hf_06847.png,b49c43d66c501c92346786d82ecd00777fd66a6a239b30d4a5b1586c22dbd191
6848,hf_06848,sketch,images/sketch/hf_06848.png,8a4a6049f0a9d3d06bc58fb991a3564baa1f97acfd92a25463d55242c6ffe25e
6849,hf_06849,sketch,images/sketch/hf_06849.png,38658fb282953564171301b67e68c45b1d0a352a26b60f1fffd275d55bad50dc
6850,hf_06850,sketch,images/sketch/hf_06850.png,b2e7b658290835396aa9e0dd68857e1348851e245b79d782ce6bf5686b21020a
6851,hf_06851,sketch,images/sketch/hf_06851.png,c5d6729d1505b05a07ee6a04496c7ab31ca6abe01a580aab68a229276179bf7a
6852,hf_06852,sketch,images/sketch/hf_06852.png,f27fbc4cd3c211c896ddce9995aa1f2a27f60b6e5666223eac703c656ab6320c
6853,hf_06853,sketch,images/sketch/hf_06853.png,15c02571000419d310170a304e8c1f90f311dac6e1568718bf181fe8735c466e
6854,hf_06854,sketch,images/sketch/hf_06854.png,f5c3716fcce9ace2514674dd53570a20e1309b5fc41156bcb18eac1438dbaa38
6855,hf_06855,sketch,images/sketch/hf_06855.png,20693df7124f753514948856168fda4f3ffeb4b5a399629e3497cee60442f632
6856,hf_06856,sketch,images/sketch/hf_06856.png,050ffaff47ec1295e5ccf04537f302ce4e50359ba49fdbf3d267f8a545dfd52b
6857,hf_06857,sketch,images/sketch/hf_06857.png,1b3e5f6e281127c58f1297e674c890ad4b8f1a33ee1b7adac51027a36807055f
6858,hf_06858,sketch,images/sketch/hf_06858.png,c20eb0c9b61a632c53f5b59a8eadcc11bf6d2faf62cb92ec671c29ff8cc2f4b2
6859,hf_06859,sketch,images/sketch/hf_06859.png,41b15e3cbf255ede13fc62d7ac2c696de7853c17dd5cff8f51043f2a9dc6572d
6860,hf_06860,sketch,images/sketch/hf_06860.png,c0e4ebd92ffd12b72bc3c312448524c0fbbc3ee87b0a70fe913ea941a05f359d
6861,hf_06861,sketch,images/sketch/hf_06861.png,7722a272c4acb14cb1076af58bcd204c07763805480a8d5869b4729a177dd897
6862,hf_06862,sketch,images/sketch/hf_06862.png,db800b160a6b2838b51e38224d4941fba774570dd766923ae251216cd2f9797c
6863,hf_06863,sketch,images/sketch/hf_06863.png,83cf65d9b79c9f674f613543dd53b7d517c340fa3ad37550ace6b02548b590fd
6864,hf_06864,sketch,images/sketch/hf_06864.png,0de5101e3ec474a5de6d8d87446935d28e6628d2d8dc0ea33220c51c11dc5407
6865,hf_06865,sketch,images/sketch/hf_06865.png,5062ac627e7190c1eee5307992dc7291926d1275698870aa5c04d892717e7bbe
6866,hf_06866,sketch,images/sketch/hf_06866.png,5f4de9ae18be98b5f8c24837f8fd541ae45eb1e45a584e633a2148b16a6ee512
6867,hf_06867,sketch,images/sketch/hf_06867.png,1e1e33a370fc2f80d4a68af38c44ea70b9a5783574b01553f66592fbfdb20f7c
6868,hf_06868,sketch,images/sketch/hf_06868.png,eb23c0bcd809d2838c6cb7ddba6eaed926b8e89ef5d9b3dde6babe48f994edff
6869,hf_06869,sketch,images/sketch/hf_06869.png,07088d9b32a54e6ff07fab2998bd268396eba4395bc8458bd4fcdf181a8a11e1
6870,hf_06870,sketch,images/sketch/hf_06870.png,94f252333c619eb39bb801807402befb67e7f0243cfc90039173c836e18bc0f1
6871,hf_06871,sketch,images/sketch/hf_06871.png,d429a707912cf8b1aad6bc79dd68970cb5ec0da3a41e1567e8e676c012a8b31b
6872,hf_06872,sketch,images/sketch/hf_06872.png,7afea1b5c5129ae06679685807f3c5b8a939b776d2bcb07b567e7425024c31d7
6873,hf_06873,sketch,images/sketch/hf_06873.png,f7ad57a26650e829687532813c8110004667ab4ec5732f8aa2a2bac32a166b2c
6874,hf_06874,sketch,images/sketch/hf_06874.png,81d4447ad367546397d41905c77b20dea0a78b4aa83bf5cc7a46aa51b4070373
6875,hf_06875,sketch,images/sketch/hf_06875.png,fa8c2b1625a5a92143083ea180668c81fa2c068572783f5c45c700533a33e0c4
6876,hf_06876,sketch,images/sketch/hf_06876.png,e5f136cffee82f5f9dd7bd03db6dd7db5af83aab367f0f04684836aa3e234ee1
6877,hf_06877,sketch,images/sketch/hf_06877.png,b630b6abb71c6eff3b285347e6470f79e3d4586e3fb75dfa2698b43372196af9
6878,hf_06878,sketch,images/sketch/hf_06878.png,d18aaba0b3f7d495b45e2c3c43a11968119b770ab61f8bc70a8eef833bb6f908
6879,hf_06879,sketch,images/sketch/hf_06879.png,9b2aae2a4c19c95788af57537581095804574d029645e1030837159c99bed58d
6880,hf_06880,sketch,images/sketch/hf_06880.png,0c9c33360bbd80f31041fadd5570a366577b995a425969685ade41eb8a78967c
6881,hf_06881,sketch,images/sketch/hf_06881.png,ba5f1509fc055e2327a57efc9c2b914e9b9eeca50411dd06a803f7706bd6dfac
6882,hf_06882,sketch,images/sketch/hf_06882.png,e6177ed360d75a5fc1b897041a3ff2af91cfa4b77ce9e71233e511320fd4dc72
6883,hf_06883,sketch,images/sketch/hf_06883.png,a3e1962b6b4d4340e4b2bc41e23d989ed169200a1334a6ea2ca5ec29c1dd887b
6884,hf_06884,sketch,images/sketch/hf_06884.png,5956020aebe39f4d93a31f54c2250038263942279276795f051a08602dcbaa2a
6885,hf_06885,sketch,images/sketch/hf_06885.png,162dace542b1505693a788744800b7588519766aedc6bc296a66e0c54771db10
6886,hf_06886,sketch,images/sketch/hf_06886.png,cabedce0ebd8c9cae10bd5ef8e0071a94d64c1251c0571af67321da916d60a12
6887,hf_06887,sketch,images/sketch/hf_06887.png,22539d663f1ebe0c13ad592f281e752c90ad0d1ee1365404bdb1d7854781a77f
6888,hf_06888,sketch,images/sketch/hf_06888.png,2ed2ab2774b5a187eceaeec2dfc105419dc30f35a53b193f401217088e3d6946
6889,hf_06889,sketch,images/sketch/hf_06889.png,0c9dddd1b835886fc47bfe255d5107f96df8d67297dc6f2b11e4faab5c8d3aac
6890,hf_06890,sketch,images/sketch/hf_06890.png,e8280a3583f9f06b9683b4a17589a78198ea1262bd0a2b95a5bba5713ebab597
6891,hf_06891,sketch,images/sketch/hf_06891.png,181706aadc47e14899f88cb16f7ec00fc01c0016a072b5933f436e2a0b99f479
6892,hf_06892,sketch,images/sketch/hf_06892.png,7955d95733e4e0d5855e1f96f2d75a792a14f0fab8f188c3e7a9a81ab82a6422
6893,hf_06893,sketch,images/sketch/hf_06893.png,34c01e2a6a54a380523e5635613cb8435bb48f8078c30d13844c225c85905d75
6894,hf_06894,sketch,images/sketch/hf_06894.png,947f840b78058b1ef5fa6c1ac1efe4c487677a26973624c854737f6351e06a00
6895,hf_06895,sketch,images/sketch/hf_06895.png,b86ec25371ed10e94b2995d6e78b1bab0c56f43638934beba1ddb802dcf78d09
6896,hf_06896,sketch,images/sketch/hf_06896.png,82ba0dd86959039dea8db42cc003a04d8a3417cfcc3b3064aeed111853c5554b
6897,hf_06897,sketch,images/sketch/hf_06897.png,89745cd949237a1c26618cc779f720e7ecc6ea4f2625bb70d092ee79a6e0cdfb
6898,hf_06898,sketch,images/sketch/hf_06898.png,633f2c5fb8382cbf471a51823933d233be4c4e9e3bfc6be6f775a212e166ac54
6899,hf_06899,sketch,images/sketch/hf_06899.png,a89ec1fe0f8446553e45ac7a994845fc9560eb49c8a7abe8538a027271a31477
6900,hf_06900,sketch,images/sketch/hf_06900.png,b0f1d3cd07f7aeba951108f57aec5af933ef836aa0fad3554fda21fa56199ca9
6901,hf_06901,sketch,images/sketch/hf_06901.png,60130bb2ba5d7eba4ba3305acad88ccf4e5a7c739c766555bfca81fada02afad
6902,hf_06902,sketch,images/sketch/hf_06902.png,84c983b6e123f901de3e4d9e136b69a0ed565133cd7aed2217c71e39613ad64f
6903,hf_06903,sketch,images/sketch/hf_06903.png,c6a506085a008284be2a628fe928b883e7566bfd3899338e0fab44778d82c46b
6904,hf_06904,sketch,images/sketch/hf_06904.png,a5560f40bda8edf586f7b9ffd402b409c796df11ff5a5612f40fe50a2183c25d
6905,hf_06905,sketch,images/sketch/hf_06905.png,c0482df35602248da13446ca57fde416542c31b95ed702d97f685838194ef4ca
6906,hf_06906,sketch,images/sketch/hf_06906.png,4fe0e0224ce13525cccf5c48d085eae1b37a9a3d1baa128f5431d2c63927521c
6907,hf_06907,sketch,images/sketch/hf_06907.png,4b8bfd5e0b973cf26eeabb5860942dc2680254b82b3736bf29e2fa47803ac1eb
6908,hf_06908,sketch,images/sketch/hf_06908.png,1393b9905d219595eca9dd197e8587f119e3540ab34c5f8dbcc71dd257c6f6fc
6909,hf_06909,sketch,images/sketch/hf_06909.png,cd1d02cac7f3b3d88c56fbcaf862240177b5ba0b49aab6dc803cb4b41edc868e
6910,hf_06910,sketch,images/sketch/hf_06910.png,5019394852f01c87b8fb371d69e4e25ddd47bea4da57e4f00acdf38c44919623
6911,hf_06911,sketch,images/sketch/hf_06911.png,4a43d37c6fa2284a6889543eee49df33d73221bd82d3e3e7938218325648c74e
6912,hf_06912,sketch,images/sketch/hf_06912.png,33be085bc49ad06a865f6cf261259861f0b50a4b10cea581c45be5c62d39ec7d
6913,hf_06913,sketch,images/sketch/hf_06913.png,4a6c9a899f6111dc9a18d1354224c8006afe871c7b3095e87bdcfb7f4beae2d8
6914,hf_06914,sketch,images/sketch/hf_06914.png,5f9e7461eac1ee1151f8c9cc33c7401599ccd3c2c0c24ce1968f135d261d1133
6915,hf_06915,sketch,images/sketch/hf_06915.png,6f80fb0f81828f36695b9e2a0fb08e2a8290521169c5b8a603ef3e75e51c17b2
6916,hf_06916,sketch,images/sketch/hf_06916.png,ddad864ffe6a47418ef1ac606c3c3fba99b2b8976ac00ae05346688b03ef86a3
6917,hf_06917,sketch,images/sketch/hf_06917.png,ad430e9462f32a1fbef1445b4df545e0256b781763cb10dbe841eb611e32b06a
6918,hf_06918,sketch,images/sketch/hf_06918.png,e850d97d021cf1747d07690bf6932acce804fd2dcff79d11f06570b72fafcbd8
6919,hf_06919,sketch,images/sketch/hf_06919.png,7603968f0e9b9cdcd11ee3ef0bbc444f1614ed7ded960c214000f29b570486f2
6920,hf_06920,sketch,images/sketch/hf_06920.png,4697fbc15eb388258b050ed0f8b5d61fff12d7c34e4da31c07ad166f88f1b688
6921,hf_06921,sketch,images/sketch/hf_06921.png,1224df48fea465933ac312d3b79d6c0afd020a759eb308ef5898181ce0133a4c
6922,hf_06922,sketch,images/sketch/hf_06922.png,4777b781d75aa758a81425e51987e40fdfc21c372a6215a97a6415af1a1e350c
6923,hf_06923,sketch,images/sketch/hf_06923.png,59339c2ece8351269210382deeaa442197ce49b586825db1e6f194ccf9df4aca
6924,hf_06924,sketch,images/sketch/hf_06924.png,ce0739ac931bacee7f5cd95a881c45b99b47850aa49dadabfc309c09b1b0437e
6925,hf_06925,sketch,images/sketch/hf_06925.png,0d0fb83ec3d2a2d4d8cf55c5956efb16208cea45c7fac6e97ff526aa6ad181f9
6926,hf_06926,sketch,images/sketch/hf_06926.png,fac69de7c5f44e285934af3037d9da8670f2a6453515d85a7207988e181ee2ea
6927,hf_06927,sketch,images/sketch/hf_06927.png,c9e6c6cb3e02b70d0c0f4fc7d645434a51ccfa21dca70016bf162094ca4d5a90
6928,hf_06928,sketch,images/sketch/hf_06928.png,1c95cd64f7ddfaca33d957f70bc632611a41c3e541dfb3f4bb9288e2d935c892
6929,hf_06929,sketch,images/sketch/hf_06929.png,330e39886466ea4f9243d80da18eefc76846f7f9e94898dcf0ed996c543963ef
6930,hf_06930,sketch,images/sketch/hf_06930.png,1fafdd20edb8cbef4246f3b690da71f8b9650cf8dc41265ce1315451a0671f3f
6931,hf_06931,sketch,images/sketch/hf_06931.png,244f2f88b1bb37ae6bdb9d08946735d82f549fc8a0c5ef35ff17aac521368250
6932,hf_06932,sketch,images/sketch/hf_06932.png,0ed34e483cff853690040503d783c0393974ceeeb8608bd738eadba19800dd21
6933,hf_06933,sketch,images/sketch/hf_06933.png,fc2ced801f37fd58ebf689be4c9c94b150fd75b329d018026a4bef4da7499b50
6934,hf_06934,sketch,images/sketch/hf_06934.png,0dadf6afdfbde8e9d08b34df9a90f70ced100ff303f241baf0b0f54a6094c6d6
6935,hf_06935,sketch,images/sketch/hf_06935.png,3b1c8c03b583881d9f653a33720a371be6501cd88ab138636bf4af088cfeac34
6936,hf_06936,sketch,images/sketch/hf_06936.png,72f8a11e35a50f654babf4563e5da47376486352ba29f2b915fc0f9cbdbb787c
6937,hf_06937,sketch,images/sketch/hf_06937.png,48671435e5bd30d0761d040bce4304971ebac71cbcc77f83522b5383e349fc6f
6938,hf_06938,sketch,images/sketch/hf_06938.png,7cdb622007dd27839683a94f7e0c5cf7ec53b15cf4880374690eb76bdaf37f7d
6939,hf_06939,sketch,images/sketch/hf_06939.png,4cc7182faee842e1fc22b059f4310902771b94efa17722e1e680b7bda6005445
6940,hf_06940,sketch,images/sketch/hf_06940.png,815d429600da505e358b800ced2c23aabcadb9e4e554fefb4e2b4a40b35ede55
6941,hf_06941,sketch,images/sketch/hf_06941.png,af5bc70a2cb5e54590fe21a8b5e0cad7496507b373d422d44a0aa8db2ab450a9
6942,hf_06942,sketch,images/sketch/hf_06942.png,8714a11463e275790250f010e4c387b9c6df807576ce00be34fff2541b5fff34
6943,hf_06943,sketch,images/sketch/hf_06943.png,e6467607a8ecb0f3f8ddce07e42c95aec3e4560ae0f5a3be2d83df63057b04bf
6944,hf_06944,sketch,images/sketch/hf_06944.png,49f6aec24b069dbc4e165279fee30db3acae59a9002dd9c1f5de81c4256d45a7
6945,hf_06945,sketch,images/sketch/hf_06945.png,6a2f2a5f0b41561b8bb71d14871b52766ed83505402ad9334bcba2abf5d99585
6946,hf_06946,sketch,images/sketch/hf_06946.png,dae05d1ceedcf27643b282ff01e6174bb9b57c510e4c5cfd50dbe40174475e85
6947,hf_06947,sketch,images/sketch/hf_06947.png,ef2551243826ab0d9d5e81eb983fcedca1726362ff788258def9b64b1f6971a7
6948,hf_06948,sketch,images/sketch/hf_06948.png,a1137917ee3ca70b96ae1291ef58c6f155651a1fa4f513ad9a6066af9e150ba3
6949,hf_06949,sketch,images/sketch/hf_06949.png,0cfb0f5a9c1916204d549ce591ef54564d972b5c563df63bb944a8db58761803
6950,hf_06950,sketch,images/sketch/hf_06950.png,136c7d43d3fc0a384be3e3ca7dc97171b05f3a874dcec8d965d7bae3b73a60a9
6951,hf_06951,sketch,images/sketch/hf_06951.png,ea7869fecad6eb2c4345b0618da4e75154af28cbf785b0e22648fee4814efc4c
6952,hf_06952,sketch,images/sketch/hf_06952.png,0988f7777756c0d1ba50416d3f8bdcc0be32df1f06f8d806ee64933240e39bb7
6953,hf_06953,sketch,images/sketch/hf_06953.png,81bf3ce9938ee2efb2e90c67ed0447402d50a90407de7ff8ebb3b5356e63312e
6954,hf_06954,sketch,images/sketch/hf_06954.png,b45d740b084121607b956ce4c944f104e7bb422720ac14303cddc6b347988baf
6955,hf_06955,sketch,images/sketch/hf_06955.png,ac61be36ff09fef1dafb3efb25439ea8be3e7b618a14463d7eba947259ecbd5a
6956,hf_06956,sketch,images/sketch/hf_06956.png,bd21a916c10c916b27492629bbb00f0c87968541ea49afe8883059dbdcb0275f
6957,hf_06957,sketch,images/sketch/hf_06957.png,ed457671fdd4952b9377f8e9b6cdd6402789b15964564c5d9c942ff437cb23e2
6958,hf_06958,sketch,images/sketch/hf_06958.png,ec76800878634a5fd2d0550270e6fbfa4001086c108011c34bb09242316019f5
6959,hf_06959,sketch,images/sketch/hf_06959.png,32ac8d00f71386b624bae70d6a09bb2fdb5cddeb8ecd0ee0893cb20d2c2ff715
6960,hf_06960,sketch,images/sketch/hf_06960.png,2bee1788e2129892460dce58f4cc6bdad5612b9fb95883ffd2f446c9f2e35ac8
6961,hf_06961,sketch,images/sketch/hf_06961.png,c37b28617f13d055247184f2525e4bee0912eea2301174c6269480fff3e938d8
6962,hf_06962,sketch,images/sketch/hf_06962.png,9273265cc7c719cbcb26c4d882ee8a9742532211e6b70eaeb26d5aa5536986ce
6963,hf_06963,sketch,images/sketch/hf_06963.png,1476a62bb705f8b047ed3f719b8d7cea328ee3cc86570336635eb8617a97068e
6964,hf_06964,sketch,images/sketch/hf_06964.png,8d5c9ac35acb4f97fdcc445c028bcc787ef19ffefabc848f31e705da63a37f6b
6965,hf_06965,sketch,images/sketch/hf_06965.png,bc78a5001e83caafacde728d486e0365137f66989e87c6e6cd27c65eb1bda895
6966,hf_06966,sketch,images/sketch/hf_06966.png,8e0510a8ebdc2a9811968c05150ce1de54beb23538edf7d9d58a164134653695
6967,hf_06967,sketch,images/sketch/hf_06967.png,76ccff93ec897cd919ff4350b5e14b2444100c1387e89ca203c650f17b4e8168
6968,hf_06968,sketch,images/sketch/hf_06968.png,52e8046032a120fc600fea5ebb40dae72c916f02fd6252df75e6be815087331d
6969,hf_06969,sketch,images/sketch/hf_06969.png,2cbcc5fbd07b057501b4cc62a35f6ad1ac06a5541350f82105aac52b0f086533
6970,hf_06970,sketch,images/sketch/hf_06970.png,b07284ae79a175d6a5d52840f12ee88df05c5ffd6c14137f037164ada160c43d
6971,hf_06971,sketch,images/sketch/hf_06971.png,bb75c22f1c750b9ccb90a3ac7e04c54badbb504c707ee1b7f46aeb75969c2dd3
6972,hf_06972,sketch,images/sketch/hf_06972.png,fc5e69c20ba66906f2b92782bab7a194259200ea40af924f4e98a42f31d3cbc1
6973,hf_06973,sketch,images/sketch/hf_06973.png,8bc8d6f524f29ae2928507c7257ca5abafa7a6df9964781f1f66b939a0b6ae76
6974,hf_06974,sketch,images/sketch/hf_06974.png,ed1d8f99290293889c6f7448796102e393ccb17cd3157aad03275d43cce6d2c4
6975,hf_06975,sketch,images/sketch/hf_06975.png,1943e78da9b1e4f1605ba332fad4ce11592c6e03fa1cff02eefd2b6abd80d3b5
6976,hf_06976,sketch,images/sketch/hf_06976.png,a792d5d7c5c87eb39f172649c8a2fc2c3c620b348f5b15ef627c7b903f39734b
6977,hf_06977,sketch,images/sketch/hf_06977.png,d518ee17e90f4233cabcd12cef5a3bad094069c53294c0a23bb4c254993cdeed
6978,hf_06978,sketch,images/sketch/hf_06978.png,37a6ea3973a0e1fd47e98d0edbf2043326258110ede4ca592b9cdc400d1b6d5f
6979,hf_06979,sketch,images/sketch/hf_06979.png,0f52081f8f702fbf823adfe41ab0ff52d11fd19c2fb251e22022f50e247aca14
6980,hf_06980,sketch,images/sketch/hf_06980.png,171441eac931b0ef3060a69bf32724c614cb4d1d436e194b19c21aa255ac2145
6981,hf_06981,sketch,images/sketch/hf_06981.png,8c81217337b8e8abab335181f52028ad6aa0078bed1171c7081aef1f3e197175
6982,hf_06982,sketch,images/sketch/hf_06982.png,67b7320d3741ab87f48f4a1063953b70e12375eaed3dc84c0829529979d7cb39
6983,hf_06983,sketch,images/sketch/hf_06983.png,3e6405742194332d1fc8ed6295e2f0fe2c0eef4eddf1feb40a8277a66c77f924
6984,hf_06984,sketch,images/sketch/hf_06984.png,dbc6a4bf22167129b898fb894b5709a73c90327a7b1f51328c2e0ad53afc0162
6985,hf_06985,sketch,images/sketch/hf_06985.png,8a81e9cd892693d91a94640e094b3add4560de20f263446ca2c0ded631ac4fe9
6986,hf_06986,sketch,images/sketch/hf_06986.png,2275ec5c21b32e0922a8a270c08609a98b549afd93f4f90a31d12bf7f2c28e32
6987,hf_06987,sketch,images/sketch/hf_06987.png,65fa8fb2ec14a591c7f41c690f04d1f9007bbc208cc4b22b66ec4c78c1cb5e53
6988,hf_06988,sketch,images/sketch/hf_06988.png,7f4d144192690245301d766bc4f5048002dee3bf362a4f10a87f7b4b889049a2
6989,hf_06989,sketch,images/sketch/hf_06989.png,c1ec863a574af0a73bfd4b46602ad4f95a14b123803bbdfa14355c87b94cc8ef
6990,hf_06990,sketch,images/sketch/hf_06990.png,4ec7227f513a5731da5051cae89321a200769aea624a18a3aed742ccdc56b4f8
6991,hf_06991,sketch,images/sketch/hf_06991.png,dbd06f5318db19e784d5891fc92fbbba8a54473bb80f4b7c34415ca01e5f0c36
6992,hf_06992,sketch,images/sketch/hf_06992.png,24f0f99805b1672ec525f93821868042186be55b4bc9dd15ad8c45618c7f8fa4
6993,hf_06993,sketch,images/sketch/hf_06993.png,9b72f582805bbb320b8db6c9818038efb93147a0612cfee194e78cf6300c07e5
6994,hf_06994,sketch,images/sketch/hf_06994.png,6de81c596f4fb4ec77d59bdf6653f899d6783900098fa41288246bad28dcdb2b
6995,hf_06995,sketch,images/sketch/hf_06995.png,103ecac9529a95db318c5a72e89594a63d2f1cc53754e5197ac9a489578e3ba6
6996,hf_06996,sketch,images/sketch/hf_06996.png,24af120670ef653d2b69e060df85463d224682cc1e553f3ab754e7f2b9c5d264
6997,hf_06997,sketch,images/sketch/hf_06997.png,1fefd091f5b5a222b85c01380ca0adb3f85ce93fdc31b07a0505042a696342fd
6998,hf_06998,sketch,images/sketch/hf_06998.png,ec59451d6ab1d8fc09d1b16a1223217d07f2098c9c2eb02ad07970b9bcdc9cc4
6999,hf_06999,sketch,images/sketch/hf_06999.png,5165ebe9c98d26106c7fe7b1555e9e302325e5c0ec66544f38ab1ca086c6130b
7000,hf_07000,sketch,images/sketch/hf_07000.png,d2ed19d8252db9168f7c4eed279d5e6572d93038ac195c393714440243153402
7001,hf_07001,sketch,images/sketch/hf_07001.png,94368ab69185c33fa5d1fd00900649b37fb7c9e02583fb0632e37325f38a9237
7002,hf_07002,sketch,images/sketch/hf_07002.png,0517b2423a288f00a097b655d254afbdf0453b86f7dc9f3f60421df84a012ead
7003,hf_07003,sketch,images/sketch/hf_07003.png,5bdc926dbef7f118360bb4587f0e7ce975d6b2a6627687e65aaa073d39a5b4d1
7004,hf_07004,sketch,images/sketch/hf_07004.png,7bf6e7d9d1aaf3b53bb9e6ec6265d30967bb202f52f623251598f5dffb59f30d
7005,hf_07005,sketch,images/sketch/hf_07005.png,7fc8f7ce9d0861673c978f5d7e1b4b9005e3022d8815b515dd1a99d788930620
7006,hf_07006,sketch,images/sketch/hf_07006.png,91f88888a71b8b48909de8cd29f5424cb98f89d4938d50062109aa8c85b226a8
7007,hf_07007,sketch,images/sketch/hf_07007.png,c7337990a2724a13e83fc299dd191d08a0a73b6d48477310dabdc63fae05798a
7008,hf_07008,sketch,images/sketch/hf_07008.png,fc0af5dabbd2e2d60cea84f5111a41738b29e7230721bf6b3d649fccbd8382c5
7009,hf_07009,sketch,images/sketch/hf_07009.png,106ba99c4cdebba6785bfc07b1ea5aeac22686e6ea33d353ac91a9b8c76590c2
7010,hf_07010,sketch,images/sketch/hf_07010.png,fa235d7dfb2b424d55ae03800eeaf69bf4f192ce7c5c3280dc3bf0bd29ac93ae
7011,hf_07011,sketch,images/sketch/hf_07011.png,9a70efaaf7e2e3ef72ce7d7fc3e15e95d1200a759eba808878b6ac8797b9b005
7012,hf_07012,sketch,images/sketch/hf_07012.png,cb22397b42527274ba572eab3cc3a4f4f8085510e01b3e0e98299e308ed6a5a4
7013,hf_07013,sketch,images/sketch/hf_07013.png,2176a6c65d920439f893025dd8759ba65b07f6a2168dff499d83cb3be6f9d6ca
7014,hf_07014,sketch,images/sketch/hf_07014.png,bbf66d4db2c5487599b68abff2087603a5707305d74f1d44f741d7edffb33568
7015,hf_07015,sketch,images/sketch/hf_07015.png,01eb46aca2e5b95cd6eb60d9444a62dba3ee5a317633cfe451a845e601454510
7016,hf_07016,sketch,images/sketch/hf_07016.png,06f9fd38d743c438f42d3a36617dcb11ec0ee1d1c29bf3e0fb06a48707c336ec
7017,hf_07017,sketch,images/sketch/hf_07017.png,5bdad98c521910b4245943528a30f316892a7e8926fd690c9b083e2347781bd0
7018,hf_07018,sketch,images/sketch/hf_07018.png,66104b874be2478ad452209efc87482ffe747d6f5a09e68a787d7ed39be93a1c
7019,hf_07019,sketch,images/sketch/hf_07019.png,47ec4fbad5406dc2d1c965216922ccb9e9822d6f83507e5e3cf3b831cbc3ee57
7020,hf_07020,sketch,images/sketch/hf_07020.png,8055c996d9895497152a0593b952555d7e34fd7a6a7a21eda16f24a45b9e8beb
7021,hf_07021,sketch,images/sketch/hf_07021.png,da14955ba9a1a3a17c9f94c0a2554aa421618d75cf3a9205af3eeb7b10ef6173
7022,hf_07022,sketch,images/sketch/hf_07022.png,544d7d15006070eb283f753737a97ed87cdb32eff870e316b4c2cb6e34a1d244
7023,hf_07023,sketch,images/sketch/hf_07023.png,f8f730e21ced56180ff7bb3945410f609bf8db9cbcbbdffd10ba6e56018a9342
7024,hf_07024,sketch,images/sketch/hf_07024.png,0ba266eb7d89bb3cf4d844fb15ca3916d4b40b2c2380e009c85181c4b491fffa
7025,hf_07025,sketch,images/sketch/hf_07025.png,dc2d8a2911f30a5b51fa6b0329e9141b3ab70c21480c8ffa674bb58f3cbca5c8
7026,hf_07026,sketch,images/sketch/hf_07026.png,81f9e0e67b43a5d538841ce6a75a76c7ae0953f9e422db738a62bbfb5d420e52
7027,hf_07027,sketch,images/sketch/hf_07027.png,927de9eb4cdf21abff248e499f11d9328b482e70ef6fd465efecd31cf7314a20
7028,hf_07028,sketch,images/sketch/hf_07028.png,b5754400dce750a92d3fbd633498a5136e4fb0c2bbbedd079bc14d1ffe0736e0
7029,hf_07029,sketch,images/sketch/hf_07029.png,de2cd120d014edc0db78c55fa8d87a4c2a212e6eaa22eaa2494e5d629a397e56
7030,hf_07030,sketch,images/sketch/hf_07030.png,d24ede955ef61141f8a2a613995e48fb3233e7562669a1a55837fe045baefb8a
7031,hf_07031,sketch,images/sketch/hf_07031.png,7d64caf8cc2d067d37483924f57dfaf8c9f3462c4c62f7490397906f958ccfc6
7032,hf_07032,sketch,images/sketch/hf_07032.png,e16ddc8369f81a25cf97a794489f683b1472633d9ad2034e276820cfb9ddebf3
7033,hf_07033,sketch,images/sketch/hf_07033.png,4a3e3959e99fc7b077b70c49ba26a55224cd7136b2aef878c0b07d2bde9530f2
7034,hf_07034,sketch,images/sketch/hf_07034.png,5535f4a35c77da52f4402489733ad45c8ec72884dbc66275968c4f4a459b2a67
7035,hf_07035,sketch,images/sketch/hf_07035.png,64dab8a8095db345443f448b060b8c1d6720ed71fdb9b968b9b65cb699363f4d
7036,hf_07036,sketch,images/sketch/hf_07036.png,f9b12909821d19a0a5676b2a3b17889c2402fc03f02789a967dd1a94e1c35202
7037,hf_07037,sketch,images/sketch/hf_07037.png,9423093b3ea510d33c8bd3603e824ae3e2dc5c4f3974b8911c36c060baa940c2
7038,hf_07038,sketch,images/sketch/hf_07038.png,8669a576d1079ca835b1bc4e3c93980e3256a88896bd351674d7deba5a8ba0a0
7039,hf_07039,sketch,images/sketch/hf_07039.png,a06e0064f9c5e829a15f3b69bee7bd0843eb131f2bb5f99429cf2c661f81b90e
7040,hf_07040,sketch,images/sketch/hf_07040.png,e5952a4271c5fb835b1a360393effb3beaab509068e29a3bceea706f7cb4a275
7041,hf_07041,sketch,images/sketch/hf_07041.png,ecad787b14d7a7288179a12213ad665ff4a32bab60e21011e8b1590f4278c958
7042,hf_07042,sketch,images/sketch/hf_07042.png,d37f90cda3deb3e31ad9413fe4c7c9571eac545103283838f46a6d6837a6441c
7043,hf_07043,sketch,images/sketch/hf_07043.png,fb2da49a55cb012846a131299a53b8371d6aac2bbea4b21b37311dd6d2e0546a
7044,hf_07044,sketch,images/sketch/hf_07044.png,db52e15ed9561f0a21bf4cde8e98e693f86c560503b4821c7c480fa9fe1e6f2d
7045,hf_07045,sketch,images/sketch/hf_07045.png,de82fcf7612a45137dd7f5e579117c668f41c428736e2e1d09332770eda6449c
7046,hf_07046,sketch,images/sketch/hf_07046.png,6ac3eeb92e6a46a8f36e55c7a410562e8275325f733f98882fa5bee7b44f662b
7047,hf_07047,sketch,images/sketch/hf_07047.png,c074686cb9fb2d86ea22f28aa662c0ba8e1b9f11965a1c57614805b1de338b44
7048,hf_07048,sketch,images/sketch/hf_07048.png,fa606fcecd2fa560d776135d3b508bf9bde548332007aaccf3bd82f731c6cebc
7049,hf_07049,sketch,images/sketch/hf_07049.png,fab7757046a2afcb52ac9997eb86de6983325e5832709bdeb8595bb5e0637c3d
7050,hf_07050,sketch,images/sketch/hf_07050.png,4a1e7cef75c968abaf66ee6cc5760cce2d33eed1f16b7f2fb1e88d4af69e61d3
7051,hf_07051,sketch,images/sketch/hf_07051.png,516f595e65ec739528e5dfabb11b73ac23baddef1d7d19f52c2bf7ae3ca8d762
7052,hf_07052,sketch,images/sketch/hf_07052.png,760547ee46346269e699bfb3faa8b400df7be9ce3df61ce29b501f21f2b2df83
7053,hf_07053,sketch,images/sketch/hf_07053.png,0cf723b1059e9811ad639896e302eec348fdcd250d17b42e2105ab85cf606027
7054,hf_07054,sketch,images/sketch/hf_07054.png,9a24d3e3e9388299bec36023981fca57bb225b8fb0bbd9d180bbf95a1522a3e5
7055,hf_07055,sketch,images/sketch/hf_07055.png,60a205290822eb223966ce09f222c6e304f1edcfe915fae725a26ed7ce2524d1
7056,hf_07056,sketch,images/sketch/hf_07056.png,22f8ba7440805ae7e8a4ed319837ee1fdce8bdea4b0294e3b5ea01fdd46a13ea
7057,hf_07057,sketch,images/sketch/hf_07057.png,a0f9bc8d931e7f50b9174fa672cceb0171452712fb3bdef960f754d0cfaf1eab
7058,hf_07058,sketch,images/sketch/hf_07058.png,da0c89784dd8b05da1758e4ec9ddd11ff474eedcbfaa6224d7df06579a078845
7059,hf_07059,sketch,images/sketch/hf_07059.png,dc6bd950a5ac15deb51ec034facde643634f3d7f515b2a6b9efd6385137379f9
7060,hf_07060,sketch,images/sketch/hf_07060.png,369e93a6cdbfbe2cb64a3738fb9bb0a19c87eef2de72ad9ad909ccc5dd7d0fb0
7061,hf_07061,sketch,images/sketch/hf_07061.png,e7568e8db173c6a2eaf1ce8949ef20ac702097a82465454a2d58ff4b992e2f50
7062,hf_07062,sketch,images/sketch/hf_07062.png,697f740647b9737a22587e9b9c237c04ce07478f5ec4991a54e390c9e8a71eec
7063,hf_07063,sketch,images/sketch/hf_07063.png,4e2fde4fcb24235ee87f5067d3fd8aa98f520b1ec1ffd422cddd8177e50dd3b1
7064,hf_07064,sketch,images/sketch/hf_07064.png,7961d89df259cec118a3df3b0c535a1040c7a64a736e68a11c7a40165384002b
7065,hf_07065,sketch,images/sketch/hf_07065.png,c6a6c95fe3f261ab6b577a8bd546158ec43ece127b70d5c375dc0489e7d53918
7066,hf_07066,sketch,images/sketch/hf_07066.png,23daf28178818fc5dc273d7a7f369d829f7deffd407e025e137e77c717b9f856
7067,hf_07067,sketch,images/sketch/hf_07067.png,df72210e7ed62102d958e62c74246a541d3b0f62f9131d74ca0e53438f9b6933
7068,hf_07068,sketch,images/sketch/hf_07068.png,929dc979751d0153dbdf3964d0d5628391cc52f3edf4464d47bfca5fe6c9eeb3
7069,hf_07069,sketch,images/sketch/hf_07069.png,e0b013425bc0aec7fb672abcf950832be233becffa18aa6c7b2c5550de4ba296
7070,hf_07070,sketch,images/sketch/hf_07070.png,672e94616ede777a268cc86f18d8e7f7fb9b98fb8a86b37df9b039bbdb2a4e47
7071,hf_07071,sketch,images/sketch/hf_07071.png,28e567f7c2cd5b5fb4cddf98ffef7ee28c2ad3c30819b10bbeac4589350086c4
7072,hf_07072,sketch,images/sketch/hf_07072.png,0e42069e9aa6b28617c50796f9828968e98f6d8120e161fdaaf7207ef3c5f589
7073,hf_07073,sketch,images/sketch/hf_07073.png,7d0aa1f01eec6e5ed324821274d1a75295dd92d2ec8ef5eeec4fdfe4462307f9
7074,hf_07074,sketch,images/sketch/hf_07074.png,37cd658d13971a38edf7a156909b34d770937809e5347b0dc631c3f412b81226
7075,hf_07075,sketch,images/sketch/hf_07075.png,99aa90b88456f1934ecdfb003ec92808a8f939d07e8c47dc1fc00955ef0fcb73
7076,hf_07076,sketch,images/sketch/hf_07076.png,4f14ad2545b1c5c4315d94b5f24ca6c99201f88f6cefe0a5114f6a5c0a7833f0
7077,hf_07077,sketch,images/sketch/hf_07077.png,9eb5bb6b816cb1719fdccc312e0339e98d233d201b9acfd2663e55eb96213f0a
7078,hf_07078,sketch,images/sketch/hf_07078.png,abef9f5435a5c4172f4abc0fffc9e874706757a9d11b04f804948196f6b5cabc
7079,hf_07079,sketch,images/sketch/hf_07079.png,5ba2a2ce8ecc7a71a208fd3ae0dce0ed589e83a91422ce7ae51b9eaaaa292dca
7080,hf_07080,sketch,images/sketch/hf_07080.png,2033f0e040398fb2526b733900f2e4f9eb26433beb2909185fd50e0e3890063f
7081,hf_07081,sketch,images/sketch/hf_07081.png,516c9922aae4a97c1884c4c7a5f020a15890a99937dfa3608e4cf545a7605015
7082,hf_07082,sketch,images/sketch/hf_07082.png,5ad7f62fed0eb3a51cd9abd5af60c490e448dc5d1195fd4423fa961f803372da
7083,hf_07083,sketch,images/sketch/hf_07083.png,1425fb35a6429f35b851acca312f28d0b59d6c504bd9ec8473dafeabce7a6a64
7084,hf_07084,sketch,images/sketch/hf_07084.png,c749be51190e4871d78575bbc0992f79ea791ee75a5d0197cf3cf7daa4b156dd
7085,hf_07085,sketch,images/sketch/hf_07085.png,a9451fc55c8cff86b646cd68530994f9aac62d11cda7d76b0b75999ea89587cb
7086,hf_07086,sketch,images/sketch/hf_07086.png,58860d4420442efdcf030522e756b4ebd23a6ca66ce50ffe8689e27a715ea4f1
7087,hf_07087,sketch,images/sketch/hf_07087.png,3feb311fedb25f016153838f4f467900279ed6e354b5617c1742a92afb751a67
7088,hf_07088,sketch,images/sketch/hf_07088.png,d8dc5ff53dc018d193ec5bd5c8b14715fcef10e43edaff84991298027f94f924
7089,hf_07089,sketch,images/sketch/hf_07089.png,b785b47f653280efd869c88bf9a4c845ccc02c6b9b0d093f4abc881eb7b5d904
7090,hf_07090,sketch,images/sketch/hf_07090.png,cae1fcbd5222df1d307f7f5712e548b9bbb8ab272a1cd1593b0d380397d33365
7091,hf_07091,sketch,images/sketch/hf_07091.png,63115b0d2663468528dcad55a6474853b724290a7e20d55a480a2d28aa3b6dff
7092,hf_07092,sketch,images/sketch/hf_07092.png,7e73eac8416b23e12716c11e2781f37871521c23b70f69fd21d6ed697c8ae7ae
7093,hf_07093,sketch,images/sketch/hf_07093.png,ce176ca48fd1dae80967aa9acf82570fc10040d6f2aa6e4cb57389eb35eaaf08
7094,hf_07094,sketch,images/sketch/hf_07094.png,65f60bc3dbcc51242eaa5f64924631fa420df1dfedfa667364fcc9e80e01a2ab
7095,hf_07095,sketch,images/sketch/hf_07095.png,1620a11c0f2fe67b24ac9860f17c82efe1714b0debaff446d2914b6d6f6a194b
7096,hf_07096,sketch,images/sketch/hf_07096.png,fe4f2aac17dd2702ae1276dfc2455959be42dd79214f2843c4a3b1746fbcc815
7097,hf_07097,sketch,images/sketch/hf_07097.png,231992b808af1be7617c54a760ce1cbba93690cfc3d1779537e6329c5c5883a1
7098,hf_07098,sketch,images/sketch/hf_07098.png,3472c65d80ecdf9ddbbdc39e18f71f6a700410b8219e85fcc57f43dd4fa02a07
7099,hf_07099,sketch,images/sketch/hf_07099.png,1963fbf5bd41cd29495364078d12107bf5ffeb46f58933e20c046f15e9514174
7100,hf_07100,sketch,images/sketch/hf_07100.png,1ef03e85249a7b5dc24ca514d07402762176cae3a17f2b6bcb67ac07526f267c
7101,hf_07101,sketch,images/sketch/hf_07101.png,fa6b0c4a1cddf5102228586089432d3707adba138cbc49e9492c154e7c5592cf
7102,hf_07102,sketch,images/sketch/hf_07102.png,cae4e6d0af4f2f01e58d07d4102c49219d23b85d47f9fef47d2db5027a1b4df5
7103,hf_07103,sketch,images/sketch/hf_07103.png,0b9aec9f902d6a5a317d810fb1278d9b1a57e53f9daa37050d1585d50ff5b97b
7104,hf_07104,sketch,images/sketch/hf_07104.png,8f48cac52d7e927fa04944bc5e6bf40e41076a8cf2d69d402e58fac03cd40751
7105,hf_07105,sketch,images/sketch/hf_07105.png,376b154506e1a60aa7408bd18fe5a676e405bbfb698e2e9c833862c1cf2c06cf
7106,hf_07106,sketch,images/sketch/hf_07106.png,d12337519f10e2ac30d788d507230521b28eb30e767dd253790dddb3858ee46e
7107,hf_07107,sketch,images/sketch/hf_07107.png,b582550ee67f63193fd59ccfe2ade35f92edce491d2d2b42156e840c17c34017
7108,hf_07108,sketch,images/sketch/hf_07108.png,04bbe99e63856b891e4c0044fd1e629485d5b41b5fc2ca9c63202dd9c368eecf
7109,hf_07109,sketch,images/sketch/hf_07109.png,61bbe2b7e7b355edeeea6b5f2be070b11b5ae2b8ed44d30d868bd42c0cfbf1b6
7110,hf_07110,sketch,images/sketch/hf_07110.png,a3f734b332a59c30f498f0c440148dfbdc19d673418798ed09cd41c31268ceee
7111,hf_07111,sketch,images/sketch/hf_07111.png,6ed12a4629158fb9bbe1028075025cfe7355287823c82c55dec8210a234185bc
7112,hf_07112,sketch,images/sketch/hf_07112.png,07b4ce870fdf9b21b2ef95a8666b93b50b1d88c885090d834435b80ab6a35b83
7113,hf_07113,sketch,images/sketch/hf_07113.png,ff1a053949ddb0e57e73ff993e9e0b09db9c37ba78e81bb5c3e02211719327ad
7114,hf_07114,sketch,images/sketch/hf_07114.png,5fe92aafcb354a7d494cf35bd644ece4260b9e67359d4e57d629081cfc709556
7115,hf_07115,sketch,images/sketch/hf_07115.png,07f7465b9d5c51674535b4b1929d9f040621b1bc5c22a41d2caff51fd28ef8c6
7116,hf_07116,sketch,images/sketch/hf_07116.png,22f84e613a7e30de83926ea08bacbaa08342a7abbfb69cdee0a5b41975b01b3e
7117,hf_07117,sketch,images/sketch/hf_07117.png,48a1b921151a2406f2714b2e16e207516fcff43c63e1a6665deb5b2ba973c65b
7118,hf_07118,sketch,images/sketch/hf_07118.png,7ed180dd5ec38d777d7c18d993ba5decd007f6bd67750ade81c1f192d52dc221
7119,hf_07119,sketch,images/sketch/hf_07119.png,1154627cb798125152f52442a8bac366dd7f992ac77bb0409063c2be173dc7d9
7120,hf_07120,sketch,images/sketch/hf_07120.png,0db5d3c4e354d91a7521567de8f8cccc823f42341e512866c05d22c370ef1bd1
7121,hf_07121,sketch,images/sketch/hf_07121.png,71efe99ba02ede92207c49f6aed8e94a15b515af8fee64d37a44102df81e485c
7122,hf_07122,sketch,images/sketch/hf_07122.png,73eede19e7373ab0799df6e1b72209bf2d8e60eb5cc43fca660589085f9f6de9
7123,hf_07123,sketch,images/sketch/hf_07123.png,0ca5663622551ae88b9ce0253e05b603aedb3823ead9da046ed7668af6543319
7124,hf_07124,sketch,images/sketch/hf_07124.png,6e67834038804b9de1a05d13e48b265b56ec0f05a43435d824ac62a45e25dc58
7125,hf_07125,sketch,images/sketch/hf_07125.png,1895274e9021f3ce549444a9ed60586595191787aac8b930fbe33c1dac9ba0ee
7126,hf_07126,sketch,images/sketch/hf_07126.png,50589c79eda9a12c215cd88d73ab699632456d6a7d30dcba41d76f03fb54ec0f
7127,hf_07127,sketch,images/sketch/hf_07127.png,2682e5a373a96b0733183c829348756ec309f516573eb988e5e92868b3dee79b
7128,hf_07128,sketch,images/sketch/hf_07128.png,a5843c55536bba9faf0196b77ee9fda108a41c08e18af7161a46d3f056f4698e
7129,hf_07129,sketch,images/sketch/hf_07129.png,b6caac11eef7146cea04e4b0b8dcb1a0f9b1e05c0a0cda36b50e6e5123a45f25
7130,hf_07130,sketch,images/sketch/hf_07130.png,1f80ae71fc901c6b42df56c7b2eb2926bc09728a9b426b8d95f244d55da4367d
7131,hf_07131,sketch,images/sketch/hf_07131.png,f56414b480bbdf80a338cc39359056a755c25c4d631b1bed24e8cbe58493fa2b
7132,hf_07132,sketch,images/sketch/hf_07132.png,500f55937e3eb20547d6248d10bbfca269760d523afa9f42b045e15e07047697
7133,hf_07133,sketch,images/sketch/hf_07133.png,c1c40145448f36e9679bd3b55a780ec22540ce248be0a83d433a21c99557d470
7134,hf_07134,sketch,images/sketch/hf_07134.png,3f72dc8ab6fa5fc5cfd8b13c2d30e22c6d646a62a86641409dc5ca84e7813111
7135,hf_07135,sketch,images/sketch/hf_07135.png,bfb4dd45c4105e79370760fbf5c0aa1d8350b28e8fdd339c18ca14379bed02dc
7136,hf_07136,sketch,images/sketch/hf_07136.png,361d1d0f39ba873a4b21d355231094657489bdb6a618175ba5689f9031b3a7d2
7137,hf_07137,sketch,images/sketch/hf_07137.png,c0ca6220cb5d4db77c36a716903f2582b81233d6a61bbb04dbd163f8549ed602
7138,hf_07138,sketch,images/sketch/hf_07138.png,9c820b7099bdb8b0a6e4a57d302df81ba82de47d3d3540c989237cbad5bc1b1d
7139,hf_07139,sketch,images/sketch/hf_07139.png,79e435b012b77a40c47e3ca8b7e6623dd6caca2f3de78ee51e837fa4999658b4
7140,hf_07140,sketch,images/sketch/hf_07140.png,90588f614ae0c176683433fc2d2649099ca1e8bf92ba5334330f0ed78edcd0d4
7141,hf_07141,sketch,images/sketch/hf_07141.png,cf3cbc0cc467d63a2dac6e7feab6e54e3edb92a393317a709b666fd76dabfcdb
7142,hf_07142,sketch,images/sketch/hf_07142.png,f8fc7c8e57bb1e010b6b32abcad466aab679236d7b8f60b9bb647042aa4ea32e
7143,hf_07143,sketch,images/sketch/hf_07143.png,5120016ad33475a23dd65c94502cc85a5ca23ad9d2db90cccd5dbdecd1d1101f
7144,hf_07144,sketch,images/sketch/hf_07144.png,de483b2c03500e9f669739b036f05fa0fe42b3025a90ffe2242c242a8970a7ea
7145,hf_07145,sketch,images/sketch/hf_07145.png,85056311ac15066f390ae25f03b1d2ef74e4e8c32cbf47657f4ba72b099b9ae3
7146,hf_07146,sketch,images/sketch/hf_07146.png,04a5806823ab4109ad88e5e259c320dce8d45706171b5d6996e747ad5b45dcec
7147,hf_07147,sketch,images/sketch/hf_07147.png,04e00cd3fb2a3e8a37779bd07707741cbaa7666d842ed842152f85ff8e8e6db2
7148,hf_07148,sketch,images/sketch/hf_07148.png,8519a167744d5f1ced5dec14b3edd7d43c0d198da244edbfade2ac04823c7bc5
7149,hf_07149,sketch,images/sketch/hf_07149.png,00ade296234802af72e21ca4a675140e8b3ff510a5f0b72e14af2ff94341168a
7150,hf_07150,sketch,images/sketch/hf_07150.png,e202c30eaaf0265ced40b589212553d8e173982b3225d346ba5a588f8429c1bd
7151,hf_07151,sketch,images/sketch/hf_07151.png,d5976b2e301b3f36aa6ddaf5d1ac2ce7b917898c357b0bae8e6549471a27bd6b
7152,hf_07152,sketch,images/sketch/hf_07152.png,865144e54130476009d74ff184128c9a72dd96f1494d926788d099481a0487d6
7153,hf_07153,sketch,images/sketch/hf_07153.png,74f72089322c8a3d01459b501f2177f4ee7a949e049bc24c61e29de9c826f78d
7154,hf_07154,sketch,images/sketch/hf_07154.png,f7f4a3024d04932a5e92e57b8ca363fd683d1525835a730845f92ffb815b52df
7155,hf_07155,sketch,images/sketch/hf_07155.png,3eefe1e420c59606928f18dbd41ba356ac57ab293b09b5393757be3f512d16bf
7156,hf_07156,sketch,images/sketch/hf_07156.png,3d299cd67d7323aafd134de60e33706b7a7924d2bea186cbfef7480bfd20b2f2
7157,hf_07157,sketch,images/sketch/hf_07157.png,cd2082bfd3208e676b55c06c2d8db35e93f38dcb6041bf1192736ab94f35a776
7158,hf_07158,sketch,images/sketch/hf_07158.png,893f9c9a3f1ae9016837ba372838f33e67abda2452df502fcf5ccbdd0b40925b
7159,hf_07159,sketch,images/sketch/hf_07159.png,a54249f65a628b92fe6509fe145ae739d63ebfd95cfc5ae18d1be536d62ffe98
7160,hf_07160,sketch,images/sketch/hf_07160.png,9281fae702586c5dd904d28eac5a40d8823cce457ce149137174010403d9c4ac
7161,hf_07161,sketch,images/sketch/hf_07161.png,a42688d252d62c080cbb1b6455a6a0f1e248adc9d7b205123b9b934d8f96cc93
7162,hf_07162,sketch,images/sketch/hf_07162.png,232a68480419936b6320f6e08ad5ea0f03b0e462b3115ba8051609deb0d4e0aa
7163,hf_07163,sketch,images/sketch/hf_07163.png,0c7becc8bcfa9f5b4d63dbccbad292abbd68d51e4d7e9edec4b07ba6bbe2783e
7164,hf_07164,sketch,images/sketch/hf_07164.png,b0b06e3b139923479fe08e0b5103b5ace035b423ffd7e669b2cb3294a56d6551
7165,hf_07165,sketch,images/sketch/hf_07165.png,7eb0137b746bf8155e508be2944adb4282e61128eadbbc33d6f26b20df31852e
7166,hf_07166,sketch,images/sketch/hf_07166.png,0e733937910a98875ad8b36e44c27cb5815402d3b02eb2f3a4f71031712345c6
7167,hf_07167,sketch,images/sketch/hf_07167.png,ed60db11470bac82ae35b48ccc8544502f0397c27adbcf570b8a829ff569dbe6
7168,hf_07168,sketch,images/sketch/hf_07168.png,f6f7f4be494e8834871fc3b886caaeeab814046fc0b87a79f6fc6fbb0842566a
7169,hf_07169,sketch,images/sketch/hf_07169.png,90b3e5c2a8f907c26815a7f03ad6359668601368b400e8002406f13c69f0efb8
7170,hf_07170,sketch,images/sketch/hf_07170.png,ce52ce7b1ced5e014c37959e4efcf48fed7d496009bfe8bb7043674cbb5bfcd0
7171,hf_07171,sketch,images/sketch/hf_07171.png,f143ca3acadcc34354d4f1cec3ee92a0362ae501c908c3b1d1659467f040cd54
7172,hf_07172,sketch,images/sketch/hf_07172.png,d2889099c82947f2d529486e361883f294af84e31871604baf874592a17f3cef
7173,hf_07173,sketch,images/sketch/hf_07173.png,31532df82b74f65e442dd9fd97edbc74ab5d56fe9877194490e682937077b547
7174,hf_07174,sketch,images/sketch/hf_07174.png,b4f195c760e026760920bb92a66568afd24f1166c445c10484f49be7dd2a5b96
7175,hf_07175,sketch,images/sketch/hf_07175.png,a64e4ee1921b5117ff984a1aff4d19e190b2237dfea149c78ce3e2c107113701
7176,hf_07176,sketch,images/sketch/hf_07176.png,db6cb4340612e837c61b81cac4792f8308703590e2fa07133729193b4639aebd
7177,hf_07177,sketch,images/sketch/hf_07177.png,cfa23a8174a9edb38c19f1ca36c04d753f941dd111b319a5e97d2dc749f85dad
7178,hf_07178,sketch,images/sketch/hf_07178.png,e12fefb86617e5810af85f65a8e1ed3a245f6cd9a48844589d3829441fa608b1
7179,hf_07179,sketch,images/sketch/hf_07179.png,7f2b67777b946c74f6254b8644350e922a70b6a376262c76c8e31ffb387344c4
7180,hf_07180,sketch,images/sketch/hf_07180.png,a1c95c15686e71cd26d0f96329a948fa738ca2699f33e08aa26861cb6ea80ae4
7181,hf_07181,sketch,images/sketch/hf_07181.png,4fcb4a36c3d346c83ddcd6dc19a12ecc596da470e9cde5e5b1d11da893a03d65
7182,hf_07182,sketch,images/sketch/hf_07182.png,0af2494fa702ee03f9d6591475b1f99b68c249bc233406c77ea10e44b3d9ce8e
7183,hf_07183,sketch,images/sketch/hf_07183.png,3dbf12b05b9a0e1d43517de8839d01795a2080127a51ac077538bd86b3d4dfd3
7184,hf_07184,sketch,images/sketch/hf_07184.png,1b5e2d49ec19aae005615ef1a109ace45be10176ca970586756b992e5d407473
7185,hf_07185,sketch,images/sketch/hf_07185.png,cb7228b023a93a2110c121c2e475270732e52168cfdeee2f70ac668dd8e979ea
7186,hf_07186,sketch,images/sketch/hf_07186.png,b16eb482d04ba5c2f29d110f187ee0884f5a923b33c90721586e8da65b90950d
7187,hf_07187,sketch,images/sketch/hf_07187.png,bb0645a2bdbe28a80f49f96f875b660338af5a18904dc3d1073d4904db5b8e24
7188,hf_07188,sketch,images/sketch/hf_07188.png,c6730da36ed8702984f2fbc503bed502552fd1f2bbab4d99221660e3e15ca161
7189,hf_07189,sketch,images/sketch/hf_07189.png,d2e3d867c117685fa40cc5ba27114962425712dc3954369690eebee5280a3d47
7190,hf_07190,sketch,images/sketch/hf_07190.png,dde289830a71e5a8bb4a78ad0d4e61389f9dd8ad042084a3a869f3830e91c677
7191,hf_07191,sketch,images/sketch/hf_07191.png,0ac222454b1055bab5f3ce680fe9cff1eb84b3651098dfb1d5b492f641ac88f7
7192,hf_07192,sketch,images/sketch/hf_07192.png,c4edda66ac1932ee60e5b53a6b977f58b7f752720edafa8059833e1a7775d604
7193,hf_07193,sketch,images/sketch/hf_07193.png,bec3e30609bfdd7c220f034d0f39d827234b1b255851f2efab8195fa2a1d97b9
7194,hf_07194,sketch,images/sketch/hf_07194.png,28dcb5c5b44dd67cbb2974e2097955cf48c559df7e8f8fb7ef17b8c059c113ca
7195,hf_07195,sketch,images/sketch/hf_07195.png,3a5e82b5b6ec9ac0685c8130afdb76128358a0c2a3e81d2b7912e7883819324e
7196,hf_07196,sketch,images/sketch/hf_07196.png,6748cc853a5505c905d2898ae2738f5b093519385fb8bf035407e901b0cafe7a
7197,hf_07197,sketch,images/sketch/hf_07197.png,129d58919def5486830e3cf942cf827ff71e4f0f2b02600b7723f25474901c11
7198,hf_07198,sketch,images/sketch/hf_07198.png,e30f81259d59f2f94f4e3f5bbb9aa3ebbda6b667a3ba62665d43af1fd52084c0
7199,hf_07199,sketch,images/sketch/hf_07199.png,2ed5aaf15cd3582d5c8889fc4163afc50e477eab9e9a214faf1748c06c8baf60
7200,hf_07200,sketch,images/sketch/hf_07200.png,0880f2769db0ae3c0cd3c2185b69ccd4dee4e1256706d66d4e59bdad125f6257
7201,hf_07201,sketch,images/sketch/hf_07201.png,83c172586d7d978217d1bccd43df4e03ae00d83e62b089d95587a04f307702e9
7202,hf_07202,sketch,images/sketch/hf_07202.png,8fea55f0a6f94b0ff34e2e17755f4af7d2723493e580f0c99ff3708dfe04f6ef
7203,hf_07203,sketch,images/sketch/hf_07203.png,c55e6d29f88ef5971e2141cdf7c902bcb7f6eb624c31f258f6719cefe299a145
7204,hf_07204,sketch,images/sketch/hf_07204.png,d82076de95350b5390de40b3c40b0bd86b8bda0e8d5cedee93a63bda40435a1f
7205,hf_07205,sketch,images/sketch/hf_07205.png,277e1de9c8abe7e5365443851050ad54e43d9638e9203d98181e68820e3915db
7206,hf_07206,sketch,images/sketch/hf_07206.png,044fe9f4eb97b1c2ea4389bf93ba4b9dd7c0c16a5764bdf7ceddcf74a0bd32ba
7207,hf_07207,sketch,images/sketch/hf_07207.png,82ba7a0b49c28b2eb89a95177394392b4d97dcca56be335cd333ebf321d66658
7208,hf_07208,sketch,images/sketch/hf_07208.png,0517d41ff2b400f39ca1e505d3725de565d33bc0da3ad2448b8e3eb868e1b088
7209,hf_07209,sketch,images/sketch/hf_07209.png,469f668abdcee0e598e94f68ceaf6b53065fff04a5566996dbb0b4017c5dba0b
7210,hf_07210,sketch,images/sketch/hf_07210.png,e093aababee7ca5bf864dde6c47edebb0ff03ea8c11c5080bf47b48ea467f1e0
7211,hf_07211,sketch,images/sketch/hf_07211.png,0ce6c9890a100a0969a1368f53d4490ba97bd2c4550977455032c166069c77b6
7212,hf_07212,sketch,images/sketch/hf_07212.png,6b52f083ad4cdd915d6b373f463481b37151a3d5349e6cc088c13c196dbe96fb
7213,hf_07213,sketch,images/sketch/hf_07213.png,b2e860a1ebee71df2cb7610b101f8aa552a355802dc76c75636c8e619b4022b2
7214,hf_07214,sketch,images/sketch/hf_07214.png,ed5b5d9c90f234e498aa3724067288045002d0c16a3a1d4bc44112d02301c285
7215,hf_07215,sketch,images/sketch/hf_07215.png,157c127835bcb4cea198d3da7eea03245b9dd30c9907af24fff1aa676adaa34b
7216,hf_07216,sketch,images/sketch/hf_07216.png,14e3e812fdc10d8bcbcaa5c52ce82babfd32cd41cf36f4a1a55f5288205005cf
7217,hf_07217,sketch,images/sketch/hf_07217.png,30bde514c54a94c3e5b557e1a2887146aaef89fe30f7630be649cdbf2e74dfba
7218,hf_07218,sketch,images/sketch/hf_07218.png,d1eb44c4383866e9a2d739ed6af618952d17933707dee11509343fce8d6ba0fd
7219,hf_07219,sketch,images/sketch/hf_07219.png,4325371aaad4179148959aa0d5299070ccfaf30f4b83a92e9743bf643da51f1f
7220,hf_07220,sketch,images/sketch/hf_07220.png,9300d19ff84d33421180af93c63d393f0bac311124c64160a99d3c3a6bedcc96
7221,hf_07221,sketch,images/sketch/hf_07221.png,c163a2b4c3a664a09a0e3405ba0d5939940fc408f940aeedbec3e688de426b15
7222,hf_07222,sketch,images/sketch/hf_07222.png,b382c41a0cb396b4aa02ab1c813310bd7e22051ba642ce941e4fb5075e6eae7f
7223,hf_07223,sketch,images/sketch/hf_07223.png,f8aa48a1edcff3031cd6e6b869ecd7b67fe8b752153570d7d521647c0877be8b
7224,hf_07224,sketch,images/sketch/hf_07224.png,e797c9f71a0b16a4eb3371e414028819f71cd35d764b4c35c78153ee55548480
7225,hf_07225,sketch,images/sketch/hf_07225.png,d0555c8d843fb859caad55b11443ca29468a7893305942d69528b43353c862b2
7226,hf_07226,sketch,images/sketch/hf_07226.png,65b8c8e16337018602663ad8a2fc3772fe3fe9802376a28b54cbd68fb70870fa
7227,hf_07227,sketch,images/sketch/hf_07227.png,0f7a5eb56ae5213dac9643daf4238a64be3325190bc4f3e7726aaede1024bde1
7228,hf_07228,sketch,images/sketch/hf_07228.png,8608c79292112bad753064f7919861c1ed06370c3963585c0afe665fd73cea54
7229,hf_07229,sketch,images/sketch/hf_07229.png,122a01fd91090c0913aeb84c68000ab020f77c0390125290411b2bb868de2e6d
7230,hf_07230,sketch,images/sketch/hf_07230.png,0ed7c4e7e43ffa5301aac92d0a557b2f6f0ee9c06ed91ddb565d5c82b4af3cd7
7231,hf_07231,sketch,images/sketch/hf_07231.png,1ea91932da22f7430b02f63b70ee9d364c62953de26d97d4ada988cd02653892
7232,hf_07232,sketch,images/sketch/hf_07232.png,c3ffb56fe5b4ae7c5301d6a11b6291584e7ccaaa75550804e55cb33a6dda1c7e
7233,hf_07233,sketch,images/sketch/hf_07233.png,9a74b0512856616a08ee248fef9b17b99daae019b6b0c059a199efde4c21cac8
7234,hf_07234,sketch,images/sketch/hf_07234.png,2fd01174514595c67882f9c4d26b725f37c79a9766612c5049ae72ac971499f5
7235,hf_07235,sketch,images/sketch/hf_07235.png,d80649776e392b0042c1c9e6446b223ca4d04f3660a55f3977f1bad231d7b706
7236,hf_07236,sketch,images/sketch/hf_07236.png,b584aa62cfd2b0574fdcebaaf8c1af92b386221ab83d12db5ece41c34dcda25e
7237,hf_07237,sketch,images/sketch/hf_07237.png,c9c2f55ec7f65b25def39217a682f0c388cae297c9755b616a63b204f337ec9e
7238,hf_07238,sketch,images/sketch/hf_07238.png,2aa511aa8e40e81219876f2908d9cde39ecbccb21fc80d0f61f1b744a97748b7
7239,hf_07239,sketch,images/sketch/hf_07239.png,981148c7740962196242e70e3ec82397524ee4a8d179050054846993d717dd64
7240,hf_07240,sketch,images/sketch/hf_07240.png,4d64b235f4e5c001799ffb326222182edeeda6c0b717afd680d2451e579f91fd
7241,hf_07241,sketch,images/sketch/hf_07241.png,54c382a1824e3d52f9b29eb1664b92d4c19705d16c9aad6ada56d6e358cb568a
7242,hf_07242,sketch,images/sketch/hf_07242.png,7b4cf8d14ac7c4e87137832544a3783ec0fd37e0d07badcb07c6e6d265b4e40d
7243,hf_07243,sketch,images/sketch/hf_07243.png,6fb72df7bb2d642771de68d9595d1630d0923ce76ac6d430839b951cb6fa4303
7244,hf_07244,sketch,images/sketch/hf_07244.png,66a1293985d918317c202566936afdcea0a5a70ff07430f27b82653906647469
7245,hf_07245,sketch,images/sketch/hf_07245.png,1104102c73fe7b8e24256ec71ce55c39d699e45a57e018186df1e6f7635a6114
7246,hf_07246,sketch,images/sketch/hf_07246.png,582c3fb55c6f508df8393545750f284c7727183f79bcefad07dc09c982497716
7247,hf_07247,sketch,images/sketch/hf_07247.png,0d95c711da533d58fa08e886588bd674ce5490850e603963951e6ebb70372032
7248,hf_07248,sketch,images/sketch/hf_07248.png,e316b990ee805cc66e72f35e88fdf4bae43b3d5360f0a1b7ba6f457a20144699
7249,hf_07249,sketch,images/sketch/hf_07249.png,447a14fd4c2007390a90296ed3060e6d07d9c64cfa01b36e0bbda18b200934df
7250,hf_07250,sketch,images/sketch/hf_07250.png,41fc4d86649dd64eab14263ba6ff16e8acc3c79901de57da96de318ed7baf3ed
7251,hf_07251,sketch,images/sketch/hf_07251.png,326b54654097e46694ef271fa29e4b918b9936b7394266aabde2a17838ec52f4
7252,hf_07252,sketch,images/sketch/hf_07252.png,3285abd1ca3238969340120f7abad9bc09c63bd43eb31482dcc261700e89368b
7253,hf_07253,sketch,images/sketch/hf_07253.png,eac7d5077a09c95f9ed4cc3e18f925eae4e9df964732a93d3f43578122f1f7bd
7254,hf_07254,sketch,images/sketch/hf_07254.png,7db2210839a54b2a2907d96f90a91aa3729bbfddb44505a110be8e0e4e0cf07f
7255,hf_07255,sketch,images/sketch/hf_07255.png,44e019259ecbfcfc4be55f773138bf4688d8947631e078be007d2d254ca82caa
7256,hf_07256,sketch,images/sketch/hf_07256.png,c2fb6ca8d8acc26fc526d54b06329142374eef11d4e1f621f2c5ea1ce4edc587
7257,hf_07257,sketch,images/sketch/hf_07257.png,69123470d67e82eee359872b381bf4f4ebe6890c2ca16e84e7d7193fad7c7547
7258,hf_07258,sketch,images/sketch/hf_07258.png,69541e41e20a11edaf1ca7672bacfe81b1aca343c9b7952297704c0ee973a106
7259,hf_07259,sketch,images/sketch/hf_07259.png,0657ba01fb50e02ddbe548edd086ff29948176e567699b5df7f23b79d1c8eef1
7260,hf_07260,sketch,images/sketch/hf_07260.png,14c0f3d8575215c8d89547cf6027462248dd95ec6e3902cf1bc22ff78e09924c
7261,hf_07261,sketch,images/sketch/hf_07261.png,4cb59ccb0d5884af6e133601a8f7a0050f2e3e177021b4682a551b6ea6b7db82
7262,hf_07262,sketch,images/sketch/hf_07262.png,c117e6dd1dd6f0055b15c4521690eecf23d011b979e8a8305a86668a780496b3
7263,hf_07263,sketch,images/sketch/hf_07263.png,d646dcb1457f13ed82683740e629ff8f319152927d4199bddd74366bce17fd9a
7264,hf_07264,sketch,images/sketch/hf_07264.png,217d801ad4bd1c03bb0d5717a89c6db3be42629a6d7c6bd2ef7616d037a12fb8
7265,hf_07265,sketch,images/sketch/hf_07265.png,2ee6f8ff8a55b0c9c71f2c4019d668e2131d82ee4d52090be7767ffb1a7584a3
7266,hf_07266,sketch,images/sketch/hf_07266.png,d1155a9896baf365519aa80d416eab84164aefcc306bf86cb8422b3c3d86de62
7267,hf_07267,sketch,images/sketch/hf_07267.png,162d015adf649400363620551b2d5e4e3ac23f6f861c760ffc7d7d837bc06934
7268,hf_07268,sketch,images/sketch/hf_07268.png,37051097250e0b00e08c7e9692c035bca239f7b7553f6185de7987ce25c100eb
7269,hf_07269,sketch,images/sketch/hf_07269.png,89108affc60e785dac6f494772fc7c0f5af08a5406a5f4a17fd9f3097141e664
7270,hf_07270,sketch,images/sketch/hf_07270.png,6e8f4dcdc1aebfb9da4297782eb38e9cb28b31928e5ca7d7534e417d8f42a57d
7271,hf_07271,sketch,images/sketch/hf_07271.png,e64726b1002c4f7dc4e6bc4b6b5429af9a86dd78ed41818d27a45a07041cf663
7272,hf_07272,sketch,images/sketch/hf_07272.png,36a5790798d7ddc9bef8c0bf7099d75cae2a72f032069e563d7cf1f16c2ee2d9
7273,hf_07273,sketch,images/sketch/hf_07273.png,d91c205a5eb83f8c9031d862ffb327e5c26814733b37ae1bc3228afd955d4b67
7274,hf_07274,sketch,images/sketch/hf_07274.png,2920772254002659f6a611cbc21c4360f8a277b0f3adc706ae28aa3e31a3058d
7275,hf_07275,sketch,images/sketch/hf_07275.png,4ace713393c2b5ef91ed9aecf2c37f5f0263b137d372f934cf974ea27040cd51
7276,hf_07276,sketch,images/sketch/hf_07276.png,c774b39309e3aa368b70cb4b0c5ce48aba6f10e44532885ce2f6371d3e22e76c
7277,hf_07277,sketch,images/sketch/hf_07277.png,bb078652cf18181cc0570dbdc1c722550ac54a1c8e0df1d4cf12e4b8d720b497
7278,hf_07278,sketch,images/sketch/hf_07278.png,22becef16c6bfe7f0d31af4af98102e136bbc46b0e804dd24d9768aa445c8d0f
7279,hf_07279,sketch,images/sketch/hf_07279.png,833e46d7a4cc12bd8d568b594309fcc8c135efc071ed657ba45af43de586b0f3
7280,hf_07280,sketch,images/sketch/hf_07280.png,d2223f10a7bc22869efefa7719d08f8f9c5b0b96905418bb78f9b92026cfcd8e
7281,hf_07281,sketch,images/sketch/hf_07281.png,5f973a20a2dede389331917851d13d09a7ea5a69d2f215d2c6bacb71e07196cb
7282,hf_07282,sketch,images/sketch/hf_07282.png,59f061b4d4dad43859eea6e65d6094e39d39f072096559064076784dee74b05f
7283,hf_07283,sketch,images/sketch/hf_07283.png,6f71b54f1bbdb87fd0ef8bdb949084ff119149ff6e41eb140c19540ed598900f
7284,hf_07284,sketch,images/sketch/hf_07284.png,c4723a26f4f9cf6b502d5c75e079712b0dc4bebac3658f4cbddd7d6085e358bf
7285,hf_07285,sketch,images/sketch/hf_07285.png,56550b873bf7538c9900bf95c6f0f9ee14e5b4e33d5ed58feb643e601353baa0
7286,hf_07286,sketch,images/sketch/hf_07286.png,edd9c94b4454fe6d1afe3a044433ebe9ff93afe4084107e806406698a6868283
7287,hf_07287,sketch,images/sketch/hf_07287.png,81238909356891ea9b2fb405da2c15a45ccabc39c20c0fd33a98e9dd978e2437
7288,hf_07288,sketch,images/sketch/hf_07288.png,91c82f60817ea934afda18aee99400803f36f12627d0c5858f1fe3391e221f04
7289,hf_07289,sketch,images/sketch/hf_07289.png,ef76aea9e9e406cda94c78a7b243a0b8c8cb730c57fa9c8611e83969cfa6a6e6
7290,hf_07290,sketch,images/sketch/hf_07290.png,75912f882b994920ff74862fd682b1177d61bd0094cee3cedfb7ce228bd5f088
7291,hf_07291,sketch,images/sketch/hf_07291.png,afa89d3f1f3d9b53328919563ded15202f79428d554211495ba18754a010a027
7292,hf_07292,sketch,images/sketch/hf_07292.png,28357f5b0b83c9cf6d48af048affa417a900b866d03d9e1ad23c5b8de56b0816
7293,hf_07293,sketch,images/sketch/hf_07293.png,cec486a6464513673fe4540801884e8714b6d8706b7388a0a6e79a967821bb29
7294,hf_07294,sketch,images/sketch/hf_07294.png,8e43b3f7078b910104d26353c8aac5a6aebd7383dc66abd2a381b4290835ecad
7295,hf_07295,sketch,images/sketch/hf_07295.png,db344bb79c79e252f2bb074d9587e46af3f73a4ecb1cfc9ad3c5ef165fc0da03
7296,hf_07296,sketch,images/sketch/hf_07296.png,e71338e4c7f02baa621e0eba38102ad2433c4406b6f4ebcfe1c96c4c159134ab
7297,hf_07297,sketch,images/sketch/hf_07297.png,190c88d4e533d7e9bfa32a9b651bed14bac66f3fb21e34f439daae31a432df07
7298,hf_07298,sketch,images/sketch/hf_07298.png,a00c92dff0bfe85f3f3d86a4526e9b18ab21451062c0497e83684fd91f103510
7299,hf_07299,sketch,images/sketch/hf_07299.png,0ba38dd848cd48de653bdb1d93d233ad5109401719b37f3fa61d1a1b920f7903
7300,hf_07300,sketch,images/sketch/hf_07300.png,9b417a58240fdd621c16505a7b35263ab90999ba5ce3bdd2c399e96c61daecf6
7301,hf_07301,sketch,images/sketch/hf_07301.png,7a511900659cf1226e7fe9659645a85e5d6d15f03d27375315c44e06697f23e6
7302,hf_07302,sketch,images/sketch/hf_07302.png,ff9e00812a09845a393de55f843905c36efa582254c822b82586c70d9227e14a
7303,hf_07303,sketch,images/sketch/hf_07303.png,861d90d6edf10013dcf788dac907ef18eb0736a6d896054476f97db3515c3404
7304,hf_07304,sketch,images/sketch/hf_07304.png,1213cddadc1297e07cc5607f44bd1066b4b9364ef9714b56b3d4a10a7f8b0f31
7305,hf_07305,sketch,images/sketch/hf_07305.png,52b2e4128061f7a459c9d9fab0dc6fb29855a0686d84aae8a854bc61e156d7a4
7306,hf_07306,sketch,images/sketch/hf_07306.png,17ba91588385816a7666693f4aabd01b8e7f6effef6a5480a1492de894807a76
7307,hf_07307,sketch,images/sketch/hf_07307.png,5c971f3055822053302bf8151554b68e67ff75e20020db0445b87323782fa155
7308,hf_07308,sketch,images/sketch/hf_07308.png,a5e6c825724d256dbf662f3f7dd5f3649b7817c9f1f398121ed55cd20d477b26
7309,hf_07309,sketch,images/sketch/hf_07309.png,ad8bdb71bb2233d460653a685452b1880dbb14fc95f6c41e9097aaad6cd578a7
7310,hf_07310,sketch,images/sketch/hf_07310.png,20e7acf9744dc78a2eb5c20f510c12c67a27020cf9c35a519f316ed8517b29f2
7311,hf_07311,sketch,images/sketch/hf_07311.png,d14e7f85d9149169e5dbb336d0f015db9bcc4dcc8e57e5cf6543b438d32b5a63
7312,hf_07312,sketch,images/sketch/hf_07312.png,651485af694b5ebcae069ba091352dd7c9402471f288141d82cb778693dc86d5
7313,hf_07313,sketch,images/sketch/hf_07313.png,52f2be591a0e31dcc80384d4b2d0c60d69ddfd80427058f17c6948e315225502
7314,hf_07314,sketch,images/sketch/hf_07314.png,d90dcc23cf59e645b44037ec45b088f8930036498739a4a381624049b8fb5dc6
7315,hf_07315,sketch,images/sketch/hf_07315.png,fbf8fd3896f5f798550ecb71fe25399d5a4d828b459d6fd2ba778c938249585d
7316,hf_07316,sketch,images/sketch/hf_07316.png,5bc7c20c85e5d5589ea16e13aba035c3f2f1a222b6cca124ebb6e18b204446a2
7317,hf_07317,sketch,images/sketch/hf_07317.png,c0ed3f1555e078684909f5611ea2b234b28644046a08c69aa8ee5b84d995aead
7318,hf_07318,sketch,images/sketch/hf_07318.png,32873f5caa0d1aef6096b5aa7f73da4d10580762925e313e33b231e7e4cc0301
7319,hf_07319,sketch,images/sketch/hf_07319.png,fc50c77480fa8193cae54d3969bdccea798f9689ec23ad5004358c7d9167cd3e
7320,hf_07320,sketch,images/sketch/hf_07320.png,bfc7c920224989382a0fb2e14e6320d63c8310a438b5a88027d1e7820dd155fd
7321,hf_07321,sketch,images/sketch/hf_07321.png,6d3b367d71c97f2d372203ed7c81fe815e129a1f9b1afe626930c3d61c1ed57a
7322,hf_07322,sketch,images/sketch/hf_07322.png,deb8c9c169d7d4bb90769604eeb164db98bac7c2bd012dd296e09e702be5de32
7323,hf_07323,sketch,images/sketch/hf_07323.png,ee2ff719c8c6b6d381b8c8c6780ca1e97235d88b2655ca5fa5976fc7c80b78b6
7324,hf_07324,sketch,images/sketch/hf_07324.png,0695a3e6338a56e8e5bbb9c3baa5c1834c49aa1d5ca0efec393eae2f44d359c0
7325,hf_07325,sketch,images/sketch/hf_07325.png,583f97b580f88d5b1abaede42e4356533c9efde35786574c67c442ad2fbaaa7e
7326,hf_07326,sketch,images/sketch/hf_07326.png,0a8a5428cbad6e4caf4943340fe445a020cc5a414d56947e94ec4b5194ca52f8
7327,hf_07327,sketch,images/sketch/hf_07327.png,7720ab029fdc2d1506cb593ccf3ecabbaedce59b58f851f7c009f7cf8292e18a
7328,hf_07328,sketch,images/sketch/hf_07328.png,f011adc6c20685259ebeb545ac90581ff6c10f03a9bb5c6170a1369f4a65b832
7329,hf_07329,sketch,images/sketch/hf_07329.png,b66adcbd0c4dfa2b2f90484bd46f29a36b1d0172d003f4bcc55ec02b74494131
7330,hf_07330,sketch,images/sketch/hf_07330.png,4cbba930ea4b7702724395313f0fc68e45928b9aa519ea702962ba8b81e8b7df
7331,hf_07331,sketch,images/sketch/hf_07331.png,e074070fdf6092997aa0d94836c8f98d4fea3efc233b09b29f8cb95df9ad5493
7332,hf_07332,sketch,images/sketch/hf_07332.png,ca71172a783e2ae390d6699fac2a11a0c82357fba89dd93886e09fb49ca1adb1
7333,hf_07333,sketch,images/sketch/hf_07333.png,9d09400bc4b8f9180cca855e7d232bc2bed0e2256b2445eb02db86f33ca21a2a
7334,hf_07334,sketch,images/sketch/hf_07334.png,280dd17795bdd84f389d8524ea0221e74aaabad8adffab84da12f7ecc0ab5c13
7335,hf_07335,sketch,images/sketch/hf_07335.png,2014fd12f713e2110e5fe243e866b072b1c1934ef6beabdf40d856b631cbd23d
7336,hf_07336,sketch,images/sketch/hf_07336.png,c3e4ca738057e9b0b872b2a22b8e70d63029100479c6df427a8a77b8d59d8858
7337,hf_07337,sketch,images/sketch/hf_07337.png,738cb0db96b6f1b7deac3c227758a6c220370a20347a24eeaf04ee5806863af5
7338,hf_07338,sketch,images/sketch/hf_07338.png,22c8d20a57d6d8f4c6797ccbea7dedf8725de9a8eeca3dcdf260446fd709bf8e
7339,hf_07339,sketch,images/sketch/hf_07339.png,048340bfc65a906680696d0bfe8b2aae0895bd2e5df12e53d652c13a6788f38f
7340,hf_07340,sketch,images/sketch/hf_07340.png,a97d06522eac1e34e472c7a00e0e22cdb6af60ebbfcad3451ad9d110801c1ef3
7341,hf_07341,sketch,images/sketch/hf_07341.png,6d6e0ec07612336600ad1586a93dd3b3d96a95bca8d0de1bd2a82bee4a7da6a7
7342,hf_07342,sketch,images/sketch/hf_07342.png,c883257ad384e7984ee0576c9e3a94a7cdd356f0e97636d3df5d36f7d3432f77
7343,hf_07343,sketch,images/sketch/hf_07343.png,7413826df1759ace20d17d5e5d9a02b70ce89b11d1f017e1fb8840ee4b3cd764
7344,hf_07344,sketch,images/sketch/hf_07344.png,c62ba943f696bd0c4371a5a6a6fb66b1e727aafdd259ae202f4e0b977e20987c
7345,hf_07345,sketch,images/sketch/hf_07345.png,3e69cfe174075d3aee4917f2a85adf47dbc4fdd7fc5805ddd786fb25afd62a24
7346,hf_07346,sketch,images/sketch/hf_07346.png,af81ea03329ea63ad2684f0d5256ab9fa3054f9069423f33cbea85e138a05921
7347,hf_07347,sketch,images/sketch/hf_07347.png,a45923abb306c27811065ca2d7d349c3945bbc18dc555579cb5ede120bb72af0
7348,hf_07348,sketch,images/sketch/hf_07348.png,e9cbafb7556544fa28ae0c453f9c5ef43a51b38bbaecf1a34df470358f32f088
7349,hf_07349,sketch,images/sketch/hf_07349.png,8029b1b973dd63d2869c872f519ae79885bac325f26fb43d461ad38e0f1d2dc8
7350,hf_07350,sketch,images/sketch/hf_07350.png,13e76fe42351992d332228f249e946c4adc94af3b59e114bce533dc4c01047c1
7351,hf_07351,sketch,images/sketch/hf_07351.png,30c6d223ff24ded44a2839bc47489a34ad1a423f7d3ae7c9cf55fe8e66885aff
7352,hf_07352,sketch,images/sketch/hf_07352.png,e0a5f91c021d29f6b7d21137c5656cbd75b4a06bb052793b2c668deecdc217b0
7353,hf_07353,sketch,images/sketch/hf_07353.png,bb8d698738041a0bbbb831a982bb9af8ef470c9b2ff5d1646d52aef95daeeda0
7354,hf_07354,sketch,images/sketch/hf_07354.png,b9c9e5d1d84250774da55dd2a46eb3d0b6006b97253bac59b64c63a7c20a85da
7355,hf_07355,sketch,images/sketch/hf_07355.png,893678de51540520d0a609b1fca7295dc8b4118b5a195d73d72c9fe616500c86
7356,hf_07356,sketch,images/sketch/hf_07356.png,a185c13dc3d3caac1d98ba8f030494dc7f38ccec9787417234a9eaee06bc0c32
7357,hf_07357,sketch,images/sketch/hf_07357.png,a36064accedd244c088b06b41f824ea239bdd147ca17b2201b996644150b7519
7358,hf_07358,sketch,images/sketch/hf_07358.png,b831229cac5198cb39ef9bded3f444adfcc2aa574b6a457ec21c91448e426ea5
7359,hf_07359,sketch,images/sketch/hf_07359.png,18df7a893aaf9a82f7e334b20e9fb361a260db5c7a63eebb9f51ff41c5e43efc
7360,hf_07360,sketch,images/sketch/hf_07360.png,1a35480e03a2866faaf45cd25344ff3011dc09328fa680d6fa9fb453fec322d3
7361,hf_07361,sketch,images/sketch/hf_07361.png,a222d970dc043e0de9172891b274d3c34d7db88009cf70575d3e90dfc42c6cef
7362,hf_07362,sketch,images/sketch/hf_07362.png,814020235ed14e0987719767da76fcf3a2f4a67da1642f60d1337b1a181d25fe
7363,hf_07363,sketch,images/sketch/hf_07363.png,091395e6f827cbe48120d6661681828d19a586907ec19f565b6c8b33b3e33c8f
7364,hf_07364,sketch,images/sketch/hf_07364.png,58544f3c0865420c403c613e1ae3f8f61c1344e3e21fa3b82fe9c7042395cfcb
7365,hf_07365,sketch,images/sketch/hf_07365.png,1a280477f671c0ac6abda4e05ce2923cbb5bf64326f9eecd2fa40882c75733ea
7366,hf_07366,sketch,images/sketch/hf_07366.png,aa65957c623d9529cd2d772e9f9f93a7678e9885d7970724f44f9b768f87949d
7367,hf_07367,sketch,images/sketch/hf_07367.png,f770b641b4f6716219007804aae2937242d33733e3be0c90cea0e33a512c9fcd
7368,hf_07368,sketch,images/sketch/hf_07368.png,66a982f3b3d0dc2acf62e433b34e9e835879654f4fc292ba2d20f5bfa1051dda
7369,hf_07369,sketch,images/sketch/hf_07369.png,e6da10cf3599e53a69bacb9b06a760c693e103ecd9d5d737d0fa65822e330f94
7370,hf_07370,sketch,images/sketch/hf_07370.png,e216631255d03e915d853098fe4436ba1d200206d9f2637278b0ad4d8596cf5e
7371,hf_07371,sketch,images/sketch/hf_07371.png,e58ce17cc794456536d899b4a613f2f493fcd5f1efe4dbab2f68d9f746067703
7372,hf_07372,sketch,images/sketch/hf_07372.png,ae821fa4731266f6ddc037cf466e0fbf068d2e63768551346f7a6c6e1d31e8ef
7373,hf_07373,sketch,images/sketch/hf_07373.png,cbfa1ea53795b41f5b81eaa20df0272ae09e1d582bb5732ddabac93469696e21
7374,hf_07374,sketch,images/sketch/hf_07374.png,5ae8ec7e333abefb7564cf35dec4da294bd8cd2832dedd885d02e0d09b88a85d
7375,hf_07375,sketch,images/sketch/hf_07375.png,03bb47f42304fc5dd2cb25d60bc2b72fc09d8e0b9e8d1c1257b257d3ddc6e300
7376,hf_07376,sketch,images/sketch/hf_07376.png,0537244faf9166bd494a0c3b4628d48e9995fe2bb800a0bc56436118be68e0ed
7377,hf_07377,sketch,images/sketch/hf_07377.png,258d07a377def8e92010a4f8bffd3f0b4964ae5ec7be6f30dcdbe1ef2f2e246c
7378,hf_07378,sketch,images/sketch/hf_07378.png,ae07fa623d4890f3f8c186caa13b7548a2b4a0008a0d08114fadd03cc1be7da8
7379,hf_07379,sketch,images/sketch/hf_07379.png,af162d9528a600b7eaea888b669537a186a4943184e83df9a1568f8645281b48
7380,hf_07380,sketch,images/sketch/hf_07380.png,13b4839cafa397bbe8dd28bc47fd5d101bcbd53fa3118db840c441b925a4fb49
7381,hf_07381,sketch,images/sketch/hf_07381.png,3fecd74570ce77464464348b06485e2b5df86b438389d9a9744b40e748c0f5a2
7382,hf_07382,sketch,images/sketch/hf_07382.png,8bb90982f16dad08edc7473d7988ed804423d904e8a01edf3fca5deef2b54827
7383,hf_07383,sketch,images/sketch/hf_07383.png,27a2c1ca49e0c5ce140024d280fa6bb2a12645d262712a37df9f2a835f7f90d9
7384,hf_07384,sketch,images/sketch/hf_07384.png,9b7e7537326d848f5994b54f944a0ec061cc545b436787f41f9e40544408d87e
7385,hf_07385,sketch,images/sketch/hf_07385.png,fb8e30b575a3a52e556a63917a2ef11b6fbcf5764927f1fdf6b745cc554f2b9c
7386,hf_07386,sketch,images/sketch/hf_07386.png,b53ec004e8e8e1c0e01b50004ccf4900167b8daa3fd2ce083fc10343b715a90a
7387,hf_07387,sketch,images/sketch/hf_07387.png,6f11de0a1d4deb412242d7e5c2ceae0aa50bfb0ec64c55941ccb969de7cfc29c
7388,hf_07388,sketch,images/sketch/hf_07388.png,88756d96a86f39148713c1969fea17f147ceb1d835f70b4987d2cc261a242e98
7389,hf_07389,sketch,images/sketch/hf_07389.png,8c64fa5c569e296615922fa131757f19493ffcc6b9bd5f4637d7f8b61f258ed8
7390,hf_07390,sketch,images/sketch/hf_07390.png,10ea70bdd976aa414c2c57d65a9099cd99d6854665b59761dfc632aca357f785
7391,hf_07391,sketch,images/sketch/hf_07391.png,d2304642b8fea9acf8e5b1d0cf8c3dea69ebd7e1552dcfe5d75e945b75faefd0
7392,hf_07392,sketch,images/sketch/hf_07392.png,a1ba4818886264542dcd697c23af1228b7f2b38c8132d6f034fdc02562a9ed88
7393,hf_07393,sketch,images/sketch/hf_07393.png,c8ee2f84cf7918e5d56e82d8593c722fd5522975e18360a071e1abea94172437
7394,hf_07394,sketch,images/sketch/hf_07394.png,5e24f26f4a569a3efcf62156f38eed37622b1ee80c1a3f7dbfa7c69b8762ec72
7395,hf_07395,sketch,images/sketch/hf_07395.png,4a3c4adbc6113dfd0e6401732be562f554a17f5821a85b484f972dafaa0d3010
7396,hf_07396,sketch,images/sketch/hf_07396.png,8d661db7ee50f6ac06fd39bada61a51f5a5ae83b91fab3e3d21590dbfc5c05df
7397,hf_07397,sketch,images/sketch/hf_07397.png,6261f3a77c25be14daed64a1190a81316e26df1663fa679388ded0a41813092e
7398,hf_07398,sketch,images/sketch/hf_07398.png,f9fe3cc08a2fa089f84de170c5a764a02d9fad12a26c4abb3439575f80fab3a8
7399,hf_07399,sketch,images/sketch/hf_07399.png,13953a1a2f7415f08522e75540ba25fde01317e1e5ae49ede176fb2ee17fefe8
7400,hf_07400,sketch,images/sketch/hf_07400.png,1e88ae1a93be280a54b8fcc6714987856e8a62c599848fd8200becff7fdf6a34
7401,hf_07401,sketch,images/sketch/hf_07401.png,422c552e3b5890af8eaa0344275fa328b783c82a8f579dfcbff5897ae2e03127
7402,hf_07402,sketch,images/sketch/hf_07402.png,6e3a78224e619d55baad27a1860668fe9d6d7776bb2698a21e551e68a0da3598
7403,hf_07403,sketch,images/sketch/hf_07403.png,2f1b172edb729b1d16417e8318c64ea09644822ff437900b9efff66ed84c287f
7404,hf_07404,sketch,images/sketch/hf_07404.png,99b006848f0ebe5b8441048e9fbadb4e6f45df2f6f8ba6a871fececaa0b78f49
7405,hf_07405,sketch,images/sketch/hf_07405.png,eadb33cf990016a06aec2abef4f52bc543bd5c10362d5e8dca599b99eb82586b
7406,hf_07406,sketch,images/sketch/hf_07406.png,8c763c129269551fb6ff361ab13dd437f92551c470b653cc521f9d7e148cf944
7407,hf_07407,sketch,images/sketch/hf_07407.png,d179f0e3f652c2f41ba19e9b88e3dbfaa6a47f04d352683fae5bd5849b5d4dc2
7408,hf_07408,sketch,images/sketch/hf_07408.png,51ace688a806eff41d4af038929135ddaa5c72ad5d598c6a5ad745165af1875b
7409,hf_07409,sketch,images/sketch/hf_07409.png,8c758bc2babed244e671497fafa1ccf0258c91c45fb399d67a43080e5fd8d674
7410,hf_07410,sketch,images/sketch/hf_07410.png,cb1899a4aa8b268ae45e7d1ab61df11450427455337176a7bf3c65be55830ba5
7411,hf_07411,sketch,images/sketch/hf_07411.png,1043b9489f584ad66223044f4800113024cd25de176abffb2b7631931f125083
7412,hf_07412,sketch,images/sketch/hf_07412.png,bdd4d55c937946dd371b0d9537e049eff0836e5ff9860f867dcaa4ac8600c429
7413,hf_07413,sketch,images/sketch/hf_07413.png,2ddac3de644861db221d9985f8e17c50984526a3d1f2085dbe809df29168ac47
7414,hf_07414,sketch,images/sketch/hf_07414.png,22ce8e0e8907f76e725a1e214461ea5ff0cbcf666c7b800d8cc7b19b1f52985e
7415,hf_07415,sketch,images/sketch/hf_07415.png,cb6f67126cc017cdbff98eb171e4668d81c5c5e670da17c10622a1d0e6e731da
7416,hf_07416,sketch,images/sketch/hf_07416.png,aca9c9559780ea2fa60df5f44d76450d45fd1e4b53475fa7f190de664f8fdb65
7417,hf_07417,sketch,images/sketch/hf_07417.png,730ced8ece0b45326bc18c19e2b8bee5732148cf03ce71843eb11757213b0d78
7418,hf_07418,sketch,images/sketch/hf_07418.png,61711c2425d214a25fac48541f36a5fb824458bafd615e75192f72a6d1644ecf
7419,hf_07419,sketch,images/sketch/hf_07419.png,4114673078ec5fab20b074dcf85c97f3d64dcd6f98109a0a0922b0d9684b05d9
7420,hf_07420,sketch,images/sketch/hf_07420.png,9e682abf4dfdbf953e03784ee696b5ad797fa6856eea20035c0641ce067efed8
7421,hf_07421,sketch,images/sketch/hf_07421.png,144da3910663276f21773a87fd7ae923b2a1c0732bb04953fae95534a47600ea
7422,hf_07422,sketch,images/sketch/hf_07422.png,a9ad10acf62631e5f3bc310ecdeebdd06ca7ab11bbbfa2ed36d902c473393c12
7423,hf_07423,sketch,images/sketch/hf_07423.png,a5d7c5c37e75bcbc1f1d29e885cfe94b96fdb8809dbf32dd064933323d4c4cd5
7424,hf_07424,sketch,images/sketch/hf_07424.png,c717f38ea220135987a78eb78783f56a9e7bb898c4837c0c30b42560799dbf1e
7425,hf_07425,sketch,images/sketch/hf_07425.png,236f0d8fdc2d0410a4d32911532129165db86f2efb3f37285ddbf030f10f657a
7426,hf_07426,sketch,images/sketch/hf_07426.png,d68500a19f9566d98b35f5767d6013444d9db983d5dbc757e23ca6a2cdfc5ac9
7427,hf_07427,sketch,images/sketch/hf_07427.png,68815613a3548d328022ce5ad5ac2351326d7b7eecf162393f7597084cab20a1
7428,hf_07428,sketch,images/sketch/hf_07428.png,a49b584b12dba811a9ed320ced1bef934127564b439e0af67402f7ded7719923
7429,hf_07429,sketch,images/sketch/hf_07429.png,38f717993e8fba186f844a0557c80210fd33002a5f4b4bc94aceb8c6fb87262e
7430,hf_07430,sketch,images/sketch/hf_07430.png,a8a208762c945a9de273fed45778ea152c719b06b5d5b6d04cd4e593d0955dfd
7431,hf_07431,sketch,images/sketch/hf_07431.png,8199fc8021ac27b1199b12b39ad164c67356171657977846b861e831173f43a8
7432,hf_07432,sketch,images/sketch/hf_07432.png,425f77981e1bf2247ca7ca545f80b4eac5f2358c2c271713b6ed3b42048d6418
7433,hf_07433,sketch,images/sketch/hf_07433.png,8c1dff9f8ee4270cef81253db650ad406aeda26db44e2fcf0e7cf0f44637cc50
7434,hf_07434,sketch,images/sketch/hf_07434.png,10ec46a30b041f89af8206471694d0df39acc1fa74255d229a54574569fbf620
7435,hf_07435,sketch,images/sketch/hf_07435.png,bcefa497199070940bcd4c9de0a3b778da2d1ff544134e06e85cd5615f6dd125
7436,hf_07436,sketch,images/sketch/hf_07436.png,572a81078c23cf548eec45bcc33bd752f1055c882e1895e1db6ab32ad4105bf3
7437,hf_07437,sketch,images/sketch/hf_07437.png,2f51bda543eb7a5afb70b3ec02f7611a0e585fa5fc157d34271fd068777d6e4a
7438,hf_07438,sketch,images/sketch/hf_07438.png,70adb427aa5bf671e39f8ae7f145b64c351d26f2e6a11b6295b134ae726d8bf7
7439,hf_07439,sketch,images/sketch/hf_07439.png,13623e3f5ad8cf5ec74806c73ab1843ae9445ffa3c768c925fa2281a57f569ca
7440,hf_07440,sketch,images/sketch/hf_07440.png,3e8dd8d5ae5a5449b56f7f8ddc88fad4567edd3342532ac2fc1864431ea84478
7441,hf_07441,sketch,images/sketch/hf_07441.png,8510f114d604e8e96b741c1ef1db995ec6f579a2d516b6ebb13b71a573b87ac0
7442,hf_07442,sketch,images/sketch/hf_07442.png,40b03a384ccaef8cb7fae9419d97a8c8e99971ef08caa5ae00d1b2dcd1a17e20
7443,hf_07443,sketch,images/sketch/hf_07443.png,fa2c315aa7d8aa91b14425369ea88ff4f3743c95b52515bf4fd0df7faa695512
7444,hf_07444,sketch,images/sketch/hf_07444.png,fdba00668edec9c16b33a4a751533eb58a4a17571b9f3495e31ee7311c99003d
7445,hf_07445,sketch,images/sketch/hf_07445.png,1f6377d5cd51b5c29b5843d1bd444266d77b5b9ea378027f5d0fc8fcf2db2342
7446,hf_07446,sketch,images/sketch/hf_07446.png,fdd8ef810987720a58bd8548824bb3ab2b0ddd5a11fb53f1db694e56120c0b4c
7447,hf_07447,sketch,images/sketch/hf_07447.png,d114134bca6d6fb596421f0c7b9e299d0fd8ec28aaf9f0ca6044e28691cd162f
7448,hf_07448,sketch,images/sketch/hf_07448.png,424de5c30bbd2424f79ead7be0a193c1dacc97d902a3de09a6a94f8279de99ac
7449,hf_07449,sketch,images/sketch/hf_07449.png,1f37c998da0567b7538cd84bfbf9d7eca5f5ae313aa10346df2a29f8e6b4ed72
7450,hf_07450,sketch,images/sketch/hf_07450.png,cc48ceb06e998b4b40c385ebbb40abb7e82edd839be90b360e6ca20d7b820cc0
7451,hf_07451,sketch,images/sketch/hf_07451.png,78aead19793e611e123c71963bd32b4a8b0d62c58ca2d10104adae551bd3b2ad
7452,hf_07452,sketch,images/sketch/hf_07452.png,76835d65c20969e8cdb4cd6a07e32b4b0434e4ac5a368605741d90ddb122d2cc
7453,hf_07453,sketch,images/sketch/hf_07453.png,5dcfebe653d8490d3328dd49b9b9b9d4d131a7eef74db7c48173ea4fe2a9ec14
7454,hf_07454,sketch,images/sketch/hf_07454.png,49ee5cdd575ffbd77c3be6b4a5d91948109147495666edd9e007278a2933f252
7455,hf_07455,sketch,images/sketch/hf_07455.png,8e97407cfce8ec7dbc19fd32cea7343bdfec20e597ff9871a9bdecf89afc0256
7456,hf_07456,sketch,images/sketch/hf_07456.png,c8dcc9bac3eb02110f9d59c0d0306289d36d81b21961cefd8014aedee6de2efa
7457,hf_07457,sketch,images/sketch/hf_07457.png,9f807491eb376794454c216d778608ba984f3f40151b6447f4542649a393b956
7458,hf_07458,sketch,images/sketch/hf_07458.png,1a820ccdf520b3df9d6efe6d1a20e827d812e7fc923318815a51dc737e092ae2
7459,hf_07459,sketch,images/sketch/hf_07459.png,98c8d644a0ee664669f2e46c666e329ad60c3811e159514cee3a262d3e1f2022
7460,hf_07460,sketch,images/sketch/hf_07460.png,f301b410380e2a0fc84574482b3e53fd809ae10f2de73d4c8a5f40e1dcc947e1
7461,hf_07461,sketch,images/sketch/hf_07461.png,0433c90cd6191540fdc74b2a5872c44eff973bc2c49d7e37abb30426e090b2bb
7462,hf_07462,sketch,images/sketch/hf_07462.png,2b44fe0d42b2369e6b0a6f807e93d587b145be7130b2a1518ea51c8c2f9f4417
7463,hf_07463,sketch,images/sketch/hf_07463.png,072843bff7c5b8c1ce826e7700f7409134171c602327c1b636bf8c969d87c33b
7464,hf_07464,sketch,images/sketch/hf_07464.png,ef5f44726f7d967c7a2251ef6dd6eadc01bf510c9daee3dda7303724b7b6c4a3
7465,hf_07465,sketch,images/sketch/hf_07465.png,385c7e8c084fa6c0d446a9f1f2b506f54b407c1c2f47fd5f96dd97395b299d70
7466,hf_07466,sketch,images/sketch/hf_07466.png,ec9bab6c50a250508affc41a0df707619f512ddf3a712ed38197d60068f22738
7467,hf_07467,sketch,images/sketch/hf_07467.png,d60156950859398149044c1e8b47e30e2d95d48ab1ffdcb71c2221e42a0aa935
7468,hf_07468,sketch,images/sketch/hf_07468.png,0f65f332dc38ee4e385ae6277cc99e6a05252c401001135bade2f3ed5312e27c
7469,hf_07469,sketch,images/sketch/hf_07469.png,321096f80187b6e8b12243341503587829f67bba3e88536cbd184cb3a23de5b4
7470,hf_07470,sketch,images/sketch/hf_07470.png,4b5e54064f498c54baa3301cb9ef8dbd3bd5ee8808484f9ed317a21fb43caf25
7471,hf_07471,sketch,images/sketch/hf_07471.png,c716aab9f2ca1577c505b3c4b3b43c505de47e688298cb6cde74f3323a5fb064
7472,hf_07472,sketch,images/sketch/hf_07472.png,85873059f797c2abea898ae191baf0b02259b34010a7f79fb2aee7646da2abdd
7473,hf_07473,sketch,images/sketch/hf_07473.png,2b0ef0fc40f096ee0bf06dc9a43fcf943a2d50dc0a5ed81c46895a7da970766b
7474,hf_07474,sketch,images/sketch/hf_07474.png,93086de283057d0131950d63fa7ec588ba794af344bc322d822aabfce676a4a4
7475,hf_07475,sketch,images/sketch/hf_07475.png,77c09beb443a86702c783cc9a8703080271c23aaa4fee3e3225129edf2c4cf07
7476,hf_07476,sketch,images/sketch/hf_07476.png,f48b9e46108739321d65e6e29693661cc14642965b94173a32457bdd03a07af4
7477,hf_07477,sketch,images/sketch/hf_07477.png,0ce3a8a510b95d2e6a83edbb940c37c4c244f03124f8b7fd622a81c8b16180e5
7478,hf_07478,sketch,images/sketch/hf_07478.png,32acb8575ed67020751ee50f2523f7778dccb492bcc6c6257790d134933f6233
7479,hf_07479,sketch,images/sketch/hf_07479.png,a4c44875d2a56fd31d6fa6871ae3c2889fc912123f4250c06e0baa88109aeb50
7480,hf_07480,sketch,images/sketch/hf_07480.png,44a93d564eeb9f81558cba1890db0843c9fe47c72b4e518d1c22d8937f404b13
7481,hf_07481,sketch,images/sketch/hf_07481.png,dd7d1c52181277e37129b8c842eb1702e6ddfbe5f05cfbe232a36a9ac0afbba4
7482,hf_07482,sketch,images/sketch/hf_07482.png,fbc5b586a84ca0a9ce55ebd42cc18eef5e6f60697b7cef2974f2cb77240393d3
7483,hf_07483,sketch,images/sketch/hf_07483.png,b19f47ee4fdf33eb09a9bb6ee9a51e688fae0f7b5ce6175817c1ddfe8c401be3
7484,hf_07484,sketch,images/sketch/hf_07484.png,815e4bf6156356b822625a20232cc0bd528624a7fc0f1c460518366598e7447b
7485,hf_07485,sketch,images/sketch/hf_07485.png,6af269ed55944d59d2e8c8cdb8ed3bed72fcba793c44d092e735eec2cb88f40a
7486,hf_07486,sketch,images/sketch/hf_07486.png,499ac07b02884130c962b5b00099a7bd76c2d032de71fc988b75b35dbe23d325
7487,hf_07487,sketch,images/sketch/hf_07487.png,fc4db27baba915b4df4ce75769fd489b53643887d79c557dd3c5c1c0773668d1
7488,hf_07488,sketch,images/sketch/hf_07488.png,c7a932f54443b0359292979604ef735fba30b9cc3eeafddc458383a37ff45154
7489,hf_07489,sketch,images/sketch/hf_07489.png,5899b33805218a47cd90d6c3485c33ef4c346b9778c80bacc12730cf3f6a80b6
7490,hf_07490,sketch,images/sketch/hf_07490.png,81138133e8ae764d7bba7238297c5d65d3198b0e122eecdce135893aa49ba7e2
7491,hf_07491,sketch,images/sketch/hf_07491.png,aaf12e0c8077853f663f144bd79fabc6c34a7b762f2acee63aef88a4477f20b3
7492,hf_07492,sketch,images/sketch/hf_07492.png,25bc5fe2e148d0a999b0ce290ee1a795ee6810797602d0d127ffea593d1c2882
7493,hf_07493,sketch,images/sketch/hf_07493.png,818327eda60c5e8741546e6f22c4b9086a59ed5742da11fb4dbcd7e2d3ddbf2a
7494,hf_07494,sketch,images/sketch/hf_07494.png,e4fd72759e72ce0ccee7e7df27c62ff1fe8fad41ed60e51d919d118fe2ee132e
7495,hf_07495,sketch,images/sketch/hf_07495.png,6043b76f788b5dea4517745d73e35f81275db84bad1e3680b7b04ae6070b6b3b
7496,hf_07496,sketch,images/sketch/hf_07496.png,6abc69a54adeac7ef68e42e0e6a3657b6e4eb23b66091e2ac28c62cac78de792
7497,hf_07497,sketch,images/sketch/hf_07497.png,83ee3388bed6dcb55f4b74fe8f12823cb4c6ececb3acb53643321963436829a5
7498,hf_07498,sketch,images/sketch/hf_07498.png,8e88d4fc48bf2ed643c75df0c3eac0638133393e7ca110cc4723ac5582fdb0be
7499,hf_07499,sketch,images/sketch/hf_07499.png,4e70e3e491a872558975cd95ca2d459befdffdaf1d2925a0ce825973a481c189
7500,hf_07500,sketch,images/sketch/hf_07500.png,6c886098cea9071874532b569afc300ffbfc65481da908506c50a6a3eb4672e3
7501,hf_07501,sketch,images/sketch/hf_07501.png,20a2523b7f4551eeec8fb6b356dab3925a8b8941d12f5c7e534fdc546697bfa9
7502,hf_07502,sketch,images/sketch/hf_07502.png,3b1e39c674518a64223757949f612c3d3738bae7d0685a8b68b7ff6419ea4570
7503,hf_07503,sketch,images/sketch/hf_07503.png,6266b65bba096a91b7f8611cf5e8b6a0b4439ef3ecbd64ad1f11d414b62e6cb5
7504,hf_07504,sketch,images/sketch/hf_07504.png,c60a546fd5d3c7623a4462ec10369f4df607b6f7a6b2d8593f34f158a05e5f41
7505,hf_07505,sketch,images/sketch/hf_07505.png,94ff591d4a3cae8fe1d94f3f9531cf69fc70c94f75f804c520b19384196f59fa
7506,hf_07506,sketch,images/sketch/hf_07506.png,0c775775109afbdaba11b520caaefd0a794e5cc8c261e32f7dc3a122c04eb65c
7507,hf_07507,sketch,images/sketch/hf_07507.png,34ff21dfaae930818d525d27a346e3414fcf52e3ef8bfcec04dde1027a139c6e
7508,hf_07508,sketch,images/sketch/hf_07508.png,e827dcf13180103d4229e78c4c6222502b103868a6b3761850507c6b3fe39a4b
7509,hf_07509,sketch,images/sketch/hf_07509.png,73013eb168fe10219a11dbfa22c747393bb788e65efe5b149bc3a0d566130164
7510,hf_07510,sketch,images/sketch/hf_07510.png,28bf4018f6ded9fa6ac6682fae5bd7098ea5a035fddd20e9878bda7b2945ff34
7511,hf_07511,sketch,images/sketch/hf_07511.png,060487862950da7ae4cf2a090fdbbdfb6aa20d39023e6bb79c40c87646b9e262
7512,hf_07512,sketch,images/sketch/hf_07512.png,b303748084d9ee09ec8c784056f09faadcc971c8a5d6746137377c588bf020fe
7513,hf_07513,sketch,images/sketch/hf_07513.png,f7a8720d2c665ebc2c3e4631e7a23d5f388adb10c4037e4c9d8b76db0b64aef0
7514,hf_07514,sketch,images/sketch/hf_07514.png,dde48dbc08ad92ad1096922fd73962b3b5a2ff0c534de109944c08b365b358c2
7515,hf_07515,sketch,images/sketch/hf_07515.png,0f8770b151b84101f070cb7ba334a29382eaa8bf89da1aa43acdeec8f0178318
7516,hf_07516,sketch,images/sketch/hf_07516.png,28c42ffa07b0ebb6add76c0cd9ea3651bb03ab3a918556e42178961af6705ab8
7517,hf_07517,sketch,images/sketch/hf_07517.png,ce4052e1d05ca81b817a38e2e269718ed57d8e2a565ed038c4ef221496925aa7
7518,hf_07518,sketch,images/sketch/hf_07518.png,14ab1242ae07af90843a5e13fbcaa79ef25965de90c3a834a1841c00c6060200
7519,hf_07519,sketch,images/sketch/hf_07519.png,5e02a193e6f67c15cc7774fe76a593bf4507a6858ad24c197e8f3dbb84e592de
7520,hf_07520,sketch,images/sketch/hf_07520.png,16ae91b09924e56701af9e944f08dabdc4b655990ff17421fe89fa8bf40aa28f
7521,hf_07521,sketch,images/sketch/hf_07521.png,7e49a2c6a2d7ca3af56346d7d92a29e07ba52af677bd75e3c9d6e4df5965eba3
7522,hf_07522,sketch,images/sketch/hf_07522.png,7683a452303d16424eadd286b377ca17331993369d20fde67d09fb215967f66b
7523,hf_07523,sketch,images/sketch/hf_07523.png,e859aeb13f92d7959e60df9ac94e8fb8420af36466a00dbc3b399922fa561471
7524,hf_07524,sketch,images/sketch/hf_07524.png,15cbba4f708a3a158ac8125f8bc7661e97b37a3df600b81565d23931198135d4
7525,hf_07525,sketch,images/sketch/hf_07525.png,61a64d346905ff843fa7dbedfb62f402a83fffc73d205c66cfb433972fe0d1b7
7526,hf_07526,sketch,images/sketch/hf_07526.png,210a47124e5b492606a2a8017bc1866b9afd29967570ab0e30687bc3783d8918
7527,hf_07527,sketch,images/sketch/hf_07527.png,b346e74b2a2670564d946d31b2f6dac6414eacdbfc6b580496605d269bb9d215
7528,hf_07528,sketch,images/sketch/hf_07528.png,9f182ed1fc224ecf3c729c70b8b9cdc91f9096be529917e36c915b21c5e326b8
7529,hf_07529,sketch,images/sketch/hf_07529.png,07d5df3f0ee776ee68d255197f67ccce53c5b515f90c9acd917d84d9d07fa037
7530,hf_07530,sketch,images/sketch/hf_07530.png,470da0d7b97ebb87b9692216d264b742a272f3158677b998024e55bdf1a228d9
7531,hf_07531,sketch,images/sketch/hf_07531.png,0b49f566f42d49b4a94d013823dbcff8a901d0c24597de0fc3878e2a7880ac5b
7532,hf_07532,sketch,images/sketch/hf_07532.png,7fe159e5d2588fa4ff60794b271e177c8e835ba3d0a4347fb08edfc2e60457fc
7533,hf_07533,sketch,images/sketch/hf_07533.png,aaff768da8130997d2dbf11fd2d167a96ccd0b95ed5a3440a8ee002b9de39268
7534,hf_07534,sketch,images/sketch/hf_07534.png,a32a731eede7da3969ebb92ef28441205e819396c85389a1922d7dd284ee15ca
7535,hf_07535,sketch,images/sketch/hf_07535.png,ce3fa83333cf5c6443ae26a1e671d231d7e4e89614fcc6b141009be344575b38
7536,hf_07536,sketch,images/sketch/hf_07536.png,ac1a856bc98277c5ea8517355e46463381f56d63a120d8f33622c0d557b3e0f2
7537,hf_07537,sketch,images/sketch/hf_07537.png,b404ed3d7ec138a6b3d12cbfcd12aa9f0a583911583c543708086febc74e590d
7538,hf_07538,sketch,images/sketch/hf_07538.png,346a3a276fcd00024f0acee8ce1a16ceb78111d4716db3f83043396d4bf9eb73
7539,hf_07539,sketch,images/sketch/hf_07539.png,5532b0b5e8a51ef2663ab4e74eff02861eca221d2980f5aa2ba0d697b60a844d
7540,hf_07540,sketch,images/sketch/hf_07540.png,937d4f9bc5e07e31b34ee1d26dd85f586b3bdd5299f09abbc170b0780e22a577
7541,hf_07541,sketch,images/sketch/hf_07541.png,93f40fc7b932c2306941357f304a6bcbc6c7611449907813240248bb488b2fa9
7542,hf_07542,sketch,images/sketch/hf_07542.png,ac01efa6155afb3b1b1c57d47e46c7e1ec923556f63806eaeac2ad67fe7ee073
7543,hf_07543,sketch,images/sketch/hf_07543.png,a5d9d0a1b40144c4e3454bae256e5ddefd946d03ad2c68ed51ed3fa5618ed71f
7544,hf_07544,sketch,images/sketch/hf_07544.png,fb794d41eb83e596388ef1e994160ce40a9d34699c507ac60e96eba438276a05
7545,hf_07545,sketch,images/sketch/hf_07545.png,f8c0ceb3c5fb5ae14ca96fd0b343f3a44174d5a799a6bb0947a02f0a8f29e269
7546,hf_07546,sketch,images/sketch/hf_07546.png,8e00427a7c991960a0ba0af2705f93f30016945f5d7ff270d00b9b95431ddb13
7547,hf_07547,sketch,images/sketch/hf_07547.png,dcda551457048c9790a98a58bcacd4bcac038f30be1b9e22d52f10ef1bf8ac56
7548,hf_07548,sketch,images/sketch/hf_07548.png,1da41fb3fdf4fad36003836cb03f8308bed4847b6aa45b63fed833d6499cf118
7549,hf_07549,sketch,images/sketch/hf_07549.png,05bc7c8a46fef35bd75690114dd26dd0b70b7c2deb6bd82e9db62d21f6244853
7550,hf_07550,sketch,images/sketch/hf_07550.png,60fa6f143175ddc335cc6210511b7e9a2c5070eca75cba02880738d8b0c1cb0a
7551,hf_07551,sketch,images/sketch/hf_07551.png,ad5ec040882a4196c8225149b6eb59f32f2da510b78616a46d61cd917546ed7d
7552,hf_07552,sketch,images/sketch/hf_07552.png,3e06e094a1667dd644b2acb19cef73e09d5fa1072f09cd0dca8acff6d3f51fd1
7553,hf_07553,sketch,images/sketch/hf_07553.png,25e745dd5cb8ff00c1264d67bcd5aba2a180a6c2eb9756f0a3752389fe3f3b65
7554,hf_07554,sketch,images/sketch/hf_07554.png,ace94101d736c8108f8a9157073ddce5e27172c84030ab7d54193e5e28b875c1
7555,hf_07555,sketch,images/sketch/hf_07555.png,798f09f089cb882ce6bb561735ee09d8efed7b8414fa7f34845d44ef081493f9
7556,hf_07556,sketch,images/sketch/hf_07556.png,d509c5d6814884d00c20cead98e647850071bb4f9ab594b7c4a43c13148eff30
7557,hf_07557,sketch,images/sketch/hf_07557.png,481fd3792ab9da392d512a2314be1a8906b23a03b6c90e088893d3d46d55d83b
7558,hf_07558,sketch,images/sketch/hf_07558.png,4418eded8e6641e6bfefbe8dfed7a0dae3ba6d51410d58111bd0910036c186ac
7559,hf_07559,sketch,images/sketch/hf_07559.png,f4ba1656296eada4cfcad37787e5653b6f20f11dcee92e73a927c3e8cad6c973
7560,hf_07560,sketch,images/sketch/hf_07560.png,6f0ddffae7b3a4838cac3b49e7f57d0bca63fefa7f232b9cb340078ffb76a0b7
7561,hf_07561,sketch,images/sketch/hf_07561.png,95812d55455b3b85be36b26d242244745cb7fa35faaa6460455b6ccfe764a729
7562,hf_07562,sketch,images/sketch/hf_07562.png,9a5dfddba5f161bd0f94f6f43940be31bfd7ae4ea61aeed447d18c6fb23b180b
7563,hf_07563,sketch,images/sketch/hf_07563.png,288a1cab006a760d2fdd5b438cba644cbcabdca4f4c8822a7ff054a770fd883d
7564,hf_07564,sketch,images/sketch/hf_07564.png,3840e623cd48e1225c8431a0855637339528b27a7fae5b6baf2ea47b2828e00e
7565,hf_07565,sketch,images/sketch/hf_07565.png,dd985b0e38041710e72055467d0c7f90c1a7af9059f0859197f5d559afe25be2
7566,hf_07566,sketch,images/sketch/hf_07566.png,12ed90afbef1b31ad6611e2ac68e9449ed72a74a13169bef3163dc35f46cf24b
7567,hf_07567,sketch,images/sketch/hf_07567.png,ffd9b99fe175a5be83bde613c2e5d3176712c3e70b6af760eaee4ea3dcfaa154
7568,hf_07568,sketch,images/sketch/hf_07568.png,61bfd0d556a51d35e07ebb021b0d41981f8a23d92883c5fd1b7fbd5fbdab72ad
7569,hf_07569,sketch,images/sketch/hf_07569.png,1b862f18a8d0a8aa7812f8142e0f590a12b872ba19e6ef324b0a0ae8e4a7b79d
7570,hf_07570,sketch,images/sketch/hf_07570.png,9e9a82175e3d981096406468ae933b563de64131dda6f4a10cb3f55e01d23fce
7571,hf_07571,sketch,images/sketch/hf_07571.png,f562d492fea0d3558fed8fabad63b9f968e31ca2b99a79a35aed1168f4e2fdaa
7572,hf_07572,sketch,images/sketch/hf_07572.png,acfdc1d8a749af8eead2bb9d7a8f2e13b8f3332b77e9797aa53cdea3900e2561
7573,hf_07573,sketch,images/sketch/hf_07573.png,e8eddc49c53e2b70edfee851181bb463a6645fdfb7a317356cc1584982eaa62d
7574,hf_07574,sketch,images/sketch/hf_07574.png,a771d19cd13f9770602a9c5d3893c36b7c67814dedd407f5dc5860930630f0ea
7575,hf_07575,sketch,images/sketch/hf_07575.png,786e03db6facb28a249f648d034d2a9765aee04a4401d6565724425b0bf145c1
7576,hf_07576,sketch,images/sketch/hf_07576.png,20cb4d2de54069d3f5d6897c8e9609894e1e7e5c8022e2dca4e8b1868a92848b
7577,hf_07577,sketch,images/sketch/hf_07577.png,138c65eadb79c275cafe6c813d8279baa6c42e0854bf974cfc6a824ab1be46ea
7578,hf_07578,sketch,images/sketch/hf_07578.png,e47cb0afc015e3f2c5e6e4ab1363f03c9b5dc7fb0afbbfd453cd66f092333bfe
7579,hf_07579,sketch,images/sketch/hf_07579.png,991ddbb213c78f6385fd0462dc9e07f700cb106a608cd57b019890162e1ee6de
7580,hf_07580,sketch,images/sketch/hf_07580.png,c32f17b5b6c45122f43fb4a34293607ff22ac9d53e129f5256b6cca58a705bb3
7581,hf_07581,sketch,images/sketch/hf_07581.png,32296eb32334adcff47a738b3fba35bb71276e2a8289e7060cb0d036d509ae33
7582,hf_07582,sketch,images/sketch/hf_07582.png,1fc68cb2ed817c2563b0ef160a3223b0cea936b5bcbcc953fe1b3e3ed87bc6c9
7583,hf_07583,sketch,images/sketch/hf_07583.png,b36da2291f6a105fb21ddc30542e0339bb69c6bc5b38d10b88d957dcc7320da7
7584,hf_07584,sketch,images/sketch/hf_07584.png,2e51ae3a7d82bdb277afe4c3ecdc80e4be252ebcb3b09b15989fd6f8c985d03a
7585,hf_07585,sketch,images/sketch/hf_07585.png,d5957d1b3306ee9b1506fe9e8dfff439e5b29998823437edfa2afa5f8aad242b
7586,hf_07586,sketch,images/sketch/hf_07586.png,6a111a2415455ad5e9df81893181354a60a7f38b698b47ca55291b1a87e34559
7587,hf_07587,sketch,images/sketch/hf_07587.png,8787d68a77565dbcb84314ebf9ec47a5f0efc5a8d7e5f82e79d8d38b690f4a15
7588,hf_07588,sketch,images/sketch/hf_07588.png,25ee812587421791133a2708a2364c2f065aa2d3399149cca30a9799eae257aa
7589,hf_07589,sketch,images/sketch/hf_07589.png,0ebc6c5db08c5474a808f7ec23a1211a2bc16ba4b63434feffda603c44bad518
7590,hf_07590,sketch,images/sketch/hf_07590.png,ace13fd1071449126dada9212040fc40a28d07604dd6afcb0377573d7d29c7e0
7591,hf_07591,sketch,images/sketch/hf_07591.png,d3ab27a19e5742668d481456068d71b73da44f8ad1225f4d4516b479c2532b5a
7592,hf_07592,sketch,images/sketch/hf_07592.png,a7fff6bc3c7eb0b83f59fddd5910fb65bea8209c016524a121f11086f946462d
7593,hf_07593,sketch,images/sketch/hf_07593.png,8f352a9205b6aee13ee495b85c12237c464300860e8ca061c7efddc707cfb9e5
7594,hf_07594,sketch,images/sketch/hf_07594.png,1676933a973cbd6020f1779bbdc068f86b28777c12a20919e5a4320a1ec824ca
7595,hf_07595,sketch,images/sketch/hf_07595.png,b2dadf88ca0c9c2fa292d736419642085c8c79f64f8016426ba65215ccd3d4c8
7596,hf_07596,sketch,images/sketch/hf_07596.png,2e5aa522dd7513ea9a90341aac629b57c718bf72a0f716e558c313b2868a7450
7597,hf_07597,sketch,images/sketch/hf_07597.png,27c9d19e09559fd2f8352d2bfb377256ccbdd1b25a2ead13b5af70d968513974
7598,hf_07598,sketch,images/sketch/hf_07598.png,d5ae132715ce239bbe7f73e8e3f3778b84cf83b68edfe5b2bfecb924ad84bb8a
7599,hf_07599,sketch,images/sketch/hf_07599.png,a549b26ff907494a68c874a6d982b8e0ce7f1a142e9c7a257981736465520880
7600,hf_07600,sketch,images/sketch/hf_07600.png,04af9ffca26dbf11b21eafe51a790fcb21ff1b1a087a9b0d22f8f4655a8553ee
7601,hf_07601,sketch,images/sketch/hf_07601.png,3162eb583b34cd080ba95020ede816a754448092c10244aa1b6c386dc818ab6c
7602,hf_07602,sketch,images/sketch/hf_07602.png,094bf931fbeeb7b10db1b89f6a9e5b50eb40df04005ad6cdbe7aa1d04a05ed29
7603,hf_07603,sketch,images/sketch/hf_07603.png,4a64cfae1ba2f11b1ead3336116d91ee39ed2ae74e77ab1bd940ff340c11ab31
7604,hf_07604,sketch,images/sketch/hf_07604.png,5286b3d27f77e22cf71d7eee1a8d24e9ba5ad4362bca3c7896e28845db78fc4a
7605,hf_07605,sketch,images/sketch/hf_07605.png,73c18d61ed81f2293a2746b38777bd3168787ecf102f310d82c07b3f4ee5cb5c
7606,hf_07606,sketch,images/sketch/hf_07606.png,c4e4f3b8a7d90c2c759bfe6cf8fa98c7b7d01502482fc0462e9c82637cf9bc90
7607,hf_07607,sketch,images/sketch/hf_07607.png,283b865c902861669127ae1c02b457df40eb8241345853676cfd4c8429c52d3f
7608,hf_07608,sketch,images/sketch/hf_07608.png,85a560cd54a9cc0f28b92f30956af2de4e36e7495df721f516ca5087807e8c08
7609,hf_07609,sketch,images/sketch/hf_07609.png,984bede355018dc0e914e0ad0642a4b47834821cd6fa12ab726ab4b6fb6176dd
7610,hf_07610,sketch,images/sketch/hf_07610.png,b18e58fb175c9e86461a0cf981016af97a80ded1972668010b7451bd75b964ea
7611,hf_07611,sketch,images/sketch/hf_07611.png,4dfa20d54630e3d487ac3f7b4ae604949b0d0ffb661b0b35b2e4140208a58c86
7612,hf_07612,sketch,images/sketch/hf_07612.png,706f1b0f6cbd805bfdfbc7a5a0303f16f8368841312a49b069792c3b86efd51f
7613,hf_07613,sketch,images/sketch/hf_07613.png,242e0bc8659f789c44665ef955797deb53720dafb70a6ac6eb8d20df2af8be52
7614,hf_07614,sketch,images/sketch/hf_07614.png,0735302f0f0072c4fb3a940c031e752df584489b8013af2d16164408e1f4eaff
7615,hf_07615,sketch,images/sketch/hf_07615.png,0c86ea9cf505d6da69d0a1b003fccd06dcf358bd874a739c72ba5af5e11284f1
7616,hf_07616,sketch,images/sketch/hf_07616.png,4cac4b3be7cf6ed6250d794a95d2eb9f3c371e0c42a95d958b5f19e320957963
7617,hf_07617,sketch,images/sketch/hf_07617.png,b2e4060f9af02aea16969bb0b96817c312847466530492283d17d1c35f6d41af
7618,hf_07618,sketch,images/sketch/hf_07618.png,13ce7162906a797dd3cd41446252a337201641e309eb49ef4e001b0d78b0d361
7619,hf_07619,sketch,images/sketch/hf_07619.png,06a3217efb8310e65edeb2d7c55701a53b66a660d4d8469156af59c5f3c9ab03
7620,hf_07620,sketch,images/sketch/hf_07620.png,7f3fbeea4b1a501700e59b2389a6c9d51c186ad2294804a02153f3e795d0e47b
7621,hf_07621,sketch,images/sketch/hf_07621.png,33f8dd07caf16e750b88d75e9f84bc5a7124e13b02dd5c8d050d99b7c99cad22
7622,hf_07622,sketch,images/sketch/hf_07622.png,be7de4b8d3f8ff7bc147d62d923aa22c3d0c12fb8d811096a48de4f0d3944735
7623,hf_07623,sketch,images/sketch/hf_07623.png,4ceb97d91c6cb090b434465070b4afdb8e5c7043e097051479ad35a276e59b90
7624,hf_07624,sketch,images/sketch/hf_07624.png,29d443f709f8c09865040faefee4acc2f1722c78811cf6505bbe21f1992997ea
7625,hf_07625,sketch,images/sketch/hf_07625.png,fb71fac059c45b7f8e6e0828b13b0b418713cd0b86f5dde22ab7524b7f98052b
7626,hf_07626,sketch,images/sketch/hf_07626.png,b8210fc8f2a380ea2a137261c863d564f3a71a7b0d5f260178419bad3a1d70d5
7627,hf_07627,sketch,images/sketch/hf_07627.png,c4496229264efcff3b4d0e6305db35d9be4e4a9234bef32ca273d24363da98d6
7628,hf_07628,sketch,images/sketch/hf_07628.png,3b73a2168663cb84bc7f0edfc2d7c789f79e476567a28c7c5dcf17102002c8d9
7629,hf_07629,sketch,images/sketch/hf_07629.png,ad3c5e02a550439aa210a039dc8b490d6d83054c67a25391739faac70267da06
7630,hf_07630,sketch,images/sketch/hf_07630.png,10b94537412dffde2ec7d51ed8a45ffb456ef431bf517febabcb59d64ad7ded6
7631,hf_07631,sketch,images/sketch/hf_07631.png,d4d27bdf56ffdbc8d314bd60b7aa7248b6611f68bca2fee2c29a5510c4b7470f
7632,hf_07632,sketch,images/sketch/hf_07632.png,108a35647950e92ff27fe2ed5cdbb32ef5bbf940b35a23e3cd4a86763afb8a77
7633,hf_07633,sketch,images/sketch/hf_07633.png,0948cd4f6d3dfff6551bd45853040f79093cc119b4c9158c5461d8380cb7f8ee
7634,hf_07634,sketch,images/sketch/hf_07634.png,29097fadc37a52a82127f18234e78c4d56d904670257290aaabd349113f1d299
7635,hf_07635,sketch,images/sketch/hf_07635.png,b79496aee111db103062a6cf5f727fab0b2ace6b9c67a393413523832cb16563
7636,hf_07636,sketch,images/sketch/hf_07636.png,c3a4af624e21c22c91747de5d4f62383cee4fcad03d5880a609a42415ce96874
7637,hf_07637,sketch,images/sketch/hf_07637.png,0acf60df83ab856027f109bbdf6f1dae372f935e669fee1b75d4bacef042bc14
7638,hf_07638,sketch,images/sketch/hf_07638.png,1d55e8f3c5bb5839e1d53eeff0dd63ab1fe8c34c37a341baed20a3b79b6408a3
7639,hf_07639,sketch,images/sketch/hf_07639.png,fdae22f90fb3bf7705b91add2b7d023f94a6d74eb6c9e728a13f04c2d3b80fba
7640,hf_07640,sketch,images/sketch/hf_07640.png,297608ce3392f76f707fde0731d7b295d94fd286f240609e18058e92fe93a21d
7641,hf_07641,sketch,images/sketch/hf_07641.png,132adfc5b309b5d756802ba65d56868840598f3ed1f70a1b4925244ede603fc6
7642,hf_07642,sketch,images/sketch/hf_07642.png,842b1a517a9d4cfb8d1431708742ad4d8d6058c5b2b692e8015b3cc38cbe3b0b
7643,hf_07643,sketch,images/sketch/hf_07643.png,53adb7ba6b910e52b899bcdb9e6b2642a422cfb8657e90af03f137a310a2f153
7644,hf_07644,sketch,images/sketch/hf_07644.png,d7a792ab0faadaae890fb6254a21c4485d97478dd7497e657c6ffeb15dad4f63
7645,hf_07645,sketch,images/sketch/hf_07645.png,cf9c0f46c9fab0649dd0bdd226d5c0b17c893caba409f5d8af86cdff114f7d67
7646,hf_07646,sketch,images/sketch/hf_07646.png,20ff6812e86c4d6072a8965fb606e1a6b5b9575447ce407f77a639b72d22ab58
7647,hf_07647,sketch,images/sketch/hf_07647.png,b4e0462a8a3cc5dde25ff8d0c4a2b305be0aa394143b5413cf755e4591b477f5
7648,hf_07648,sketch,images/sketch/hf_07648.png,e6dfab6261974ee1db4dbc4048ce572d44cd8c82e6aa36f574ff826592f06eac
7649,hf_07649,sketch,images/sketch/hf_07649.png,221c8fbe8c385c788e65c3dbee3b02864563ac856334e8dc49fe535ac4165c5c
7650,hf_07650,sketch,images/sketch/hf_07650.png,d386f1be995bc9bfb846e2b9cea3a1ff765b8bb7259270766df60403d939b6a8
7651,hf_07651,sketch,images/sketch/hf_07651.png,9544b4a012d344eefc6225462e2afacb8197ac14ef6be7a6cf4e04bfd7e22c3a
7652,hf_07652,sketch,images/sketch/hf_07652.png,380c90fa69872eacb0ca56770c8d042aa41e4be10770238648c44ac04091a65a
7653,hf_07653,sketch,images/sketch/hf_07653.png,21521d510f2d72c0f38150b542f70b4a62b6063f835a0621c606ce7ab48c42a4
7654,hf_07654,sketch,images/sketch/hf_07654.png,ab99ee822d8dd24de637d9ab34e02f45fa36474b1b92713f605a43fa7f34636c
7655,hf_07655,sketch,images/sketch/hf_07655.png,7ca4b9fa3955105e9ea55e9b1db72916f38c06f8caf47dfec00c270404e84177
7656,hf_07656,sketch,images/sketch/hf_07656.png,abca7f5a7be4b5bf96e7ffbfe8ec93ca43b6c178d6560aef607d85457a365840
7657,hf_07657,sketch,images/sketch/hf_07657.png,57e96f9b707122b89da2430e4f22f63f1a8638f239a46eaa15a003ff4cd1cb7f
7658,hf_07658,sketch,images/sketch/hf_07658.png,4fb3743f6b3316d1ad44e4ef0588492ed7ae656e7df64b6aac3cf53d7cb15c55
7659,hf_07659,sketch,images/sketch/hf_07659.png,06f3ca6e4fe573256186349a5ec59ec43c29bda4e86b42d130c4d799544545b0
7660,hf_07660,sketch,images/sketch/hf_07660.png,cd968483ea65b297eb8f0485edd7e348a7cd8e254f76e741f31db476cf2d0a0b
7661,hf_07661,sketch,images/sketch/hf_07661.png,936d20b54b88596a23211d013623110068c7823a0ffd93f47b1a491827610296
7662,hf_07662,sketch,images/sketch/hf_07662.png,01307335d59e554c3907afc83f6d6ace67ea18c8a86736b4679d75a285fc111b
7663,hf_07663,sketch,images/sketch/hf_07663.png,61802652995ee2dd222026fa21bbada7b90225fa9207c38e99ab5d4cbc6f111a
7664,hf_07664,sketch,images/sketch/hf_07664.png,b945fb455a92b6473b97624d4f789d87c80c19fbdc0baaab6e3647c25e85198f
7665,hf_07665,sketch,images/sketch/hf_07665.png,2d4d26e72a70a9e1a8f791d21c3383332d7feb6561a6d218e1202d4d716f4f5e
7666,hf_07666,sketch,images/sketch/hf_07666.png,e4a75948941aecdadf5fda427b127354d46e87de5ac1abad3fb021dc6ad724d0
7667,hf_07667,sketch,images/sketch/hf_07667.png,3fe7bc7069aa955b942b74676ce763f5295126266cf0be00d3d0ee76f1a59ce6
7668,hf_07668,sketch,images/sketch/hf_07668.png,4cc76a0a0b1b56a9326222bb6b10d28a903fe6a8b7f56f407f470e22f55e861f
7669,hf_07669,sketch,images/sketch/hf_07669.png,137a8c735b276eb786fe52daa741573ceeefe2f7574fe635da546e202bd91f54
7670,hf_07670,sketch,images/sketch/hf_07670.png,ed54d8d72b2eb6d2d4fa31f7a817fdc919184598cadb3a560e490fa78c8dfe7d
7671,hf_07671,sketch,images/sketch/hf_07671.png,05efb98d69e7e996f34248fe81e4c48f18dcc3f1d996431d05d163a7efede2ed
7672,hf_07672,sketch,images/sketch/hf_07672.png,14da19a36d3592e8bea57eb8629d41c25773d52c4bc12d3bdfb224cdf75863a3
7673,hf_07673,sketch,images/sketch/hf_07673.png,a07a673e38e0a61ee12689b2d62eea99147f260ffb24324277c21f8e4fbb6522
7674,hf_07674,sketch,images/sketch/hf_07674.png,5d14a05444a7f769b70e7f2d697fb84de530b444cacbcae13b26ad7dd5b0d81d
7675,hf_07675,sketch,images/sketch/hf_07675.png,4040f97a70f15202fb7ac10cbeae4ce027e215dd62fbd91296e9ec2cbf2589fb
7676,hf_07676,sketch,images/sketch/hf_07676.png,6a6ef6e7b8f71037454961b7adcb2fe20be998e05f8513e0f02540ceadaf35eb
7677,hf_07677,sketch,images/sketch/hf_07677.png,e1ab82a8db11e198d615ffc243cbf7a2ae645a806cf8da8b9550ab82a62fe15c
7678,hf_07678,sketch,images/sketch/hf_07678.png,198ed07eef9b57afc8a1e3ef14f97f070c7f28a3ad9dfe9b780fba0284390391
7679,hf_07679,sketch,images/sketch/hf_07679.png,82fae61a7a09b7d87165b1034df538848b800ebb50db5049f7e19d8cd3293a5c
7680,hf_07680,sketch,images/sketch/hf_07680.png,4180451c99afae1c32f5894dbe183b249b4793809ba1347e5bda3dff4ce3721d
7681,hf_07681,sketch,images/sketch/hf_07681.png,f64ff8c8b4fb7799022a13b676e75f8aad64d1b5d74eb3926a57c52b6fbe4775
7682,hf_07682,sketch,images/sketch/hf_07682.png,2d634e0b971a6cb930e2e2b68e50d80e3314146bed8ea9e7ba71f01f341948ab
7683,hf_07683,sketch,images/sketch/hf_07683.png,21e2c696161b974d815bb5457590e25e055481a1dda05508f1a5ab18dbccd7eb
7684,hf_07684,sketch,images/sketch/hf_07684.png,17b9e85f4977db433cd65bb2b9ced850f9aa21efcf532f7c42e96a88600779da
7685,hf_07685,sketch,images/sketch/hf_07685.png,de90cecfba344bc3565f57f67bde5a92e68f5d4c6f74ec5b20c6143a9de6a527
7686,hf_07686,sketch,images/sketch/hf_07686.png,65862ba3583c509567779fc6754923e956a59592c208fbfe446a2e0a07a3d4a2
7687,hf_07687,sketch,images/sketch/hf_07687.png,6ae4c5c5f858a3de1ff7cbdf358fb29006d11bc21751cc5f436ef3a8ddc22e5f
7688,hf_07688,sketch,images/sketch/hf_07688.png,ecc6b49c054c06a29d4cd25270e15594ff7ee6ceb7a7aa4773943ebf3b39003d
7689,hf_07689,sketch,images/sketch/hf_07689.png,cd87d9054fdef6e03c5fe7509d87f8d333cd2125be2d51175cf73555be0fed64
7690,hf_07690,sketch,images/sketch/hf_07690.png,6bcca59f8ab6b71bb16afdae381f4f0fa28fe72afef161559dbf74558c9653d1
7691,hf_07691,sketch,images/sketch/hf_07691.png,860b98855e4415bdcfa0767c63575be3af8beb8380f36e0f5b39d49e5d1ffbf2
7692,hf_07692,sketch,images/sketch/hf_07692.png,8fc7c3ccab94d09da17818a19a6b7b701e71af601b14411056c653ec2b5856ca
7693,hf_07693,sketch,images/sketch/hf_07693.png,659412d070646aad69c1959ba19ab6a69d9e41b8f2880ec6196c88a01bb0e7fa
7694,hf_07694,sketch,images/sketch/hf_07694.png,497ff5eea10b534862d72fb703fefee1092e8a41967750332f2fd43bf84c78b0
7695,hf_07695,sketch,images/sketch/hf_07695.png,4fc83e7b069e25a04720c364c1c413abe88bd01c5cfb1414a67a7859bd6a4e00
7696,hf_07696,sketch,images/sketch/hf_07696.png,f9e8c3cfab089256730e5a4fee4e5ae5abaed40f2d93cdfba4533c467e8f26fd
7697,hf_07697,sketch,images/sketch/hf_07697.png,5bc8d89adce483d3a1aaec943ca24120b924f03f65e9963c1130f29aa15a6494
7698,hf_07698,sketch,images/sketch/hf_07698.png,c80567c853957a1062db300c7128831443ca3692b400543a0fe22ca2dab835c6
7699,hf_07699,sketch,images/sketch/hf_07699.png,7ec8c56319f4ac1e0bc14f460557956567a4b96e5fee2ba8fa5be078b62369cc
7700,hf_07700,sketch,images/sketch/hf_07700.png,90b97b5634370ad141e8af146af7fdbf803f68d5e34ccdbe168414e4f6d0ba14
7701,hf_07701,sketch,images/sketch/hf_07701.png,7c5330e1c6e5a91c481e42662ac9eceec115b245b973a0d38e1fd61cfca74e80
7702,hf_07702,sketch,images/sketch/hf_07702.png,8ae18504f44be862297e37eb6206764ae9e2c59d4d312788c53d7d0ce25a8981
7703,hf_07703,sketch,images/sketch/hf_07703.png,89f35c16e91027220a8f6bc3d7a055781889eb8b849911df0cdc149816f9bfb0
7704,hf_07704,sketch,images/sketch/hf_07704.png,a3c7ebb5ec74ed25b4fde8830b69eb0f9a1f89ca6f29d7ab2d091c48642e4dcc
7705,hf_07705,sketch,images/sketch/hf_07705.png,58fab5115242837b2757046a364480e19f7dd8b468d27325fd6c3025f270c799
7706,hf_07706,sketch,images/sketch/hf_07706.png,88ca935d729a20bb93e0a687ac4e36293b6d0676d7b93e63ca116fd1e13d896a
7707,hf_07707,sketch,images/sketch/hf_07707.png,493b638ce5db32ee7452d1c478d3f7c198106dcf687e9392e9c5d807de93f225
7708,hf_07708,sketch,images/sketch/hf_07708.png,65e1e93281f60c1fb4bea47d31d8e8ff297ec48c7c9a6078c20c0dae81853acc
7709,hf_07709,sketch,images/sketch/hf_07709.png,2150d36ea6c438ccaa396b624525aa5c9257f19255b6397561491e6a14050cee
7710,hf_07710,sketch,images/sketch/hf_07710.png,1894c687fda7e984865d2094a1f24f96a5275a8d3453d63517158fc1bb503ec7
7711,hf_07711,sketch,images/sketch/hf_07711.png,da0e8ddc871d30f506985f461e091e870cc1dab4fbbc75fffb5f345b1cb0ccf3
7712,hf_07712,sketch,images/sketch/hf_07712.png,c0f0689b3525178f2cfbe84044958f413d0dcb1d137780e7b6df9e29872a9e1e
7713,hf_07713,sketch,images/sketch/hf_07713.png,cf37f394500753e9354ceb95496be2df6fcf0b6a2f2ce85bf0e77a4a3bca143c
7714,hf_07714,sketch,images/sketch/hf_07714.png,10dc99d89cc679d76f0c57fe7fc190e98602dac555739d465783f01586d29b9d
7715,hf_07715,sketch,images/sketch/hf_07715.png,52e5bc18ed011be6331df2393df0a5e7b88c9181d74420d79d2812601348f4e6
7716,hf_07716,sketch,images/sketch/hf_07716.png,e8dd2eb62d14383ce08ea33f259c6818f4d27c715408b8d4018d47c1538e6449
7717,hf_07717,sketch,images/sketch/hf_07717.png,0cdf65a8ee377cc5c53f6222a58602ea0e7f0944dfb62e1859ae94b6a793541a
7718,hf_07718,sketch,images/sketch/hf_07718.png,d0fff5b81ad9f321819b0320bd54f0748d2694000fc89f7b4041075c2a410677
7719,hf_07719,sketch,images/sketch/hf_07719.png,d8236f882e46212292f5181d3b7e6939d9139342d03c460f0c5e8abc3868e985
7720,hf_07720,sketch,images/sketch/hf_07720.png,2932ce8933c0cdf65db4d6063d6dab4ca16752d64e5bb3d32fbbe2110d6b9cf1
7721,hf_07721,sketch,images/sketch/hf_07721.png,0bfd959d94dbb409cad85b7848ce92542260df4fa62affdc0f40cfd8ca4046f2
7722,hf_07722,sketch,images/sketch/hf_07722.png,4ec4eff520aa0bf03285b6861cf826a8259b408cf9c4c25be8bd8a5794a68fd7
7723,hf_07723,sketch,images/sketch/hf_07723.png,392a8f0eec08a2964093921f031cfce7b6c6dde05805e257a579efc7ae8d751e
7724,hf_07724,sketch,images/sketch/hf_07724.png,5a89840b51a263fcf1f10fd44fbc0e167b4b53d85182ff771cf1c11d19228816
7725,hf_07725,sketch,images/sketch/hf_07725.png,28c9179f71540bbd206ca714a42ecd0cb281d589322367f5977405b72b5e470a
7726,hf_07726,sketch,images/sketch/hf_07726.png,e41b73d9612d62a4bd908e8259cf058e8268ba29f2ea910557a6ed503cf1a1da
7727,hf_07727,sketch,images/sketch/hf_07727.png,6fde455e10ad29bcd2a0f13906515620729b7b2e8989b05af02ed8cc2780e522
7728,hf_07728,sketch,images/sketch/hf_07728.png,d60e19aa7332764f2d1317c12f53b4b639ef97053b8a9cdb1cd5765dc9f27d82
7729,hf_07729,sketch,images/sketch/hf_07729.png,d429b1cfe8ce912ec70c0cb8eceff06c06a5eb2564b64e17b721cc9f145837d7
7730,hf_07730,sketch,images/sketch/hf_07730.png,d1241a1807e2475a3bc5a6ad69ec0a63d23758302d7ab61c78f3184f75db1c26
7731,hf_07731,sketch,images/sketch/hf_07731.png,a0ffaf0cb58f19e786d37de1d7a61a1cb75230d15535b264ab7e543361d88960
7732,hf_07732,sketch,images/sketch/hf_07732.png,a4d79967cadc9d9d4f70d87143e8cf0e6a5ebf6b293ad011453fad6bac4040e5
7733,hf_07733,sketch,images/sketch/hf_07733.png,e5548ab2934c6cb2178f65b81cc6cc8363c4556c98649d75f04489981d05b9b7
7734,hf_07734,sketch,images/sketch/hf_07734.png,44db0712066e49c4a75443d01fc26a9ef269ed483e5ee17677e01ff9ae590f3b
7735,hf_07735,sketch,images/sketch/hf_07735.png,d707d36e1d2c0729cdec79e877e99282d54dbf2c561c1345bca9cb1fe97e351c
7736,hf_07736,sketch,images/sketch/hf_07736.png,12b8d1e00f5a78117560589fd65df35b1e5c07f8ca75ce93651a136bfc8a6343
7737,hf_07737,sketch,images/sketch/hf_07737.png,c52e5de2564e86fb1fcea71b8fc5bc2a9b3c42b2191ca7d391313421ae1116a6
7738,hf_07738,sketch,images/sketch/hf_07738.png,5e955e666888499f40821cf1d62424e624bfaa7640adf30270f825b0f44e9f15
7739,hf_07739,sketch,images/sketch/hf_07739.png,fca5d5d16f3d97ac9ceae53dac8097bf23543a0c82cd35504e9c714385f84367
7740,hf_07740,sketch,images/sketch/hf_07740.png,6f568ab44ad736ab046e854144313589e5dedb2a93494e67ce3fcf886744816a
7741,hf_07741,sketch,images/sketch/hf_07741.png,4c431a0e9c8f13a9be146a60d50dde3fc57675c65342341f0555939e2be7353b
7742,hf_07742,sketch,images/sketch/hf_07742.png,122688481a946e0044c5a63c1d6657d6afe4f908504546db808c8da15a10422e
7743,hf_07743,sketch,images/sketch/hf_07743.png,a98a7efb83471118806f50af3b07a4281f440fa6fdbebac6d585f9b8916e95e4
7744,hf_07744,sketch,images/sketch/hf_07744.png,ef869f0a86251cf21f45d1f1bdf438a435ba5023755a1363b4a9372f09239670
7745,hf_07745,sketch,images/sketch/hf_07745.png,b87178d8d35be44f17228f2b8c778717a9a00ac345fe5912a7a1976029b1b7d7
7746,hf_07746,sketch,images/sketch/hf_07746.png,fba3f5632f64efdeebe150e4bce3e87fdfbe23f575acb5a64e81cf813a2bb3f2
7747,hf_07747,sketch,images/sketch/hf_07747.png,e872d4f8d8e3cf61eb3e007227250d8142599198e7228b7574e8d1f17eb0dab7
7748,hf_07748,sketch,images/sketch/hf_07748.png,451e100cbd3b2a9ba1b06b56d3d5762570bab38adeddb831efd830462bf44a73
7749,hf_07749,sketch,images/sketch/hf_07749.png,ff86ba2359e5f4217a98ee528810f16c364ba0f8b64368a8e488c3b80b8b9296
7750,hf_07750,sketch,images/sketch/hf_07750.png,8fcfed4e3be2b001f66978ae6d0c4b512d06568426f1088451292854602fa6bb
7751,hf_07751,sketch,images/sketch/hf_07751.png,bad0a4997154cc859cec72f16db4ab21d29a8e4651437cf68c8a9ca1fddcc5c5
7752,hf_07752,sketch,images/sketch/hf_07752.png,6421d2bfc7f0e310359d38b95d0c2fca50d0f0908858ce3bb0d478b8d5bfcc78
7753,hf_07753,sketch,images/sketch/hf_07753.png,b11c8334487baa67a52ed5ce6babd097877f5f36e3eabfb08232ea8c7ef31a23
7754,hf_07754,sketch,images/sketch/hf_07754.png,38a7b9c8653eb2ad56c80c29ce5f4bbcec6c366712b09a9e724861e1abb5b154
7755,hf_07755,sketch,images/sketch/hf_07755.png,4a36b3d87482c1f8e7b15ca1d45c124aa24770b45fec728c2b29760103abe35a
7756,hf_07756,sketch,images/sketch/hf_07756.png,fc93c3733eb29f33b89c63a7d37396f93aa08a7e39baf5d6d244c2db0dfbb394
7757,hf_07757,sketch,images/sketch/hf_07757.png,e232b334e97e2495ec6290b2f6c13a9c0618a0c6c545838f340da8b242c9e2df
7758,hf_07758,sketch,images/sketch/hf_07758.png,b54dbd5e9dfd17e8a71f8d1f8ccca091549ec80b89d4fa1115661ccda3fd4b9d
7759,hf_07759,sketch,images/sketch/hf_07759.png,16dec5f6cf4bbf8db310cac2892a27980aec0db644ce610342fbe10403ff9e15
7760,hf_07760,sketch,images/sketch/hf_07760.png,44aec0afce63da35540d04d05838a95b2bb7c21d47a114921a5adcb8978d1f25
7761,hf_07761,sketch,images/sketch/hf_07761.png,96e0f21051857e7c715f1f3fc656365249ad769c3b9caa3386e75b193bb3796b
7762,hf_07762,sketch,images/sketch/hf_07762.png,3463762aa2de7fa12a05993944016716c0a0028910368037f23c267639085f8f
7763,hf_07763,sketch,images/sketch/hf_07763.png,8e9ae1010147a957e94f95d6be38c4166afff89fd2d93eee3890fec747307c5d
7764,hf_07764,sketch,images/sketch/hf_07764.png,659f0661bb20055ff12d18f73d59bf5d9d6d492f44ab3df11aba65f25b3c07e7
7765,hf_07765,sketch,images/sketch/hf_07765.png,f883cd2121c6e6e1f7b7de6a7099310a4a1ca1b4687fb2d69afd9f4a81600543
7766,hf_07766,sketch,images/sketch/hf_07766.png,5d335a1c33054ce2f650f6f3d9c55fd7e25ee8e9d12f1988ba7950da80b7aed1
7767,hf_07767,sketch,images/sketch/hf_07767.png,80b696fa44255d87e15ad89930559b5c3b3a698fbec066c003c089ba05d6aa3b
7768,hf_07768,sketch,images/sketch/hf_07768.png,636d11b6d9da25bcbf4b7091ace8e3ed13b7c3c873a1e3328ee5b7071443df19
7769,hf_07769,sketch,images/sketch/hf_07769.png,2ca88b86c09c9bd4348146166ac119a7235bc75d992a23ae95483ff5088a35d1
7770,hf_07770,sketch,images/sketch/hf_07770.png,3cc98c3203ca5bde40230a63683d15b4bfdd1c3038e9075b5278ef690687ec22
7771,hf_07771,sketch,images/sketch/hf_07771.png,abafbeefe54e56580f15658d3cb36bd068975be8dfdd7bac2039fbafd82e005f
7772,hf_07772,sketch,images/sketch/hf_07772.png,4dc49d90937cb8ee67eef23c1b4802ea82dd52cbb626fc056f4e4b0f0d134a8e
7773,hf_07773,sketch,images/sketch/hf_07773.png,16de57c7aa878663bd9259282549143252c6f28c8d76f1b87207adad4f6e5243
7774,hf_07774,sketch,images/sketch/hf_07774.png,b40f7fb85761ff6c07ae2184fbd3b6f347d53bbecd8ec61b772fb924d5ec77fa
7775,hf_07775,sketch,images/sketch/hf_07775.png,f2e2473b03c9e53a77f3c25a8477429bc09cbba512f1a0ca7f9f7b07fe0c9dd3
7776,hf_07776,sketch,images/sketch/hf_07776.png,d855c6732547da0298a1533e8b74c93f5ef1383e9fb52c5678a3b6bf4da1d4c3
7777,hf_07777,sketch,images/sketch/hf_07777.png,9a9166d45b3c43940409b6aaba909216b673925154b16bca91d98465e0d0d772
7778,hf_07778,sketch,images/sketch/hf_07778.png,47a015058b014604367777e6170f0ca56e49d6821537e49f3f034df455608ae0
7779,hf_07779,sketch,images/sketch/hf_07779.png,0df05d3fcfc68a3f670e8de6136f6d8e54df8a3d7a130ed94ca9568c63b5b4f1
7780,hf_07780,sketch,images/sketch/hf_07780.png,5d0de66e90115cee1c43946ce54ac6111b25158550477c1cb3d0c8bed4ecd642
7781,hf_07781,sketch,images/sketch/hf_07781.png,c0cb83fafb9f6a2facd209f61cf5f2eac8e0ba3c9a155e9e635f986da82de198
7782,hf_07782,sketch,images/sketch/hf_07782.png,736e2a019afd6de2b2fb2402fc800ac04159516c214ad75a9b43a36e9c058f7e
7783,hf_07783,sketch,images/sketch/hf_07783.png,a5d2b747e0fad4f0bb117018f887680299e7a9bbb503efffe2c59a2f75aba07a
7784,hf_07784,sketch,images/sketch/hf_07784.png,c99691011fda0f050034ff01595f7476579bc8de41574fc3af7ea984c5050e5b
7785,hf_07785,sketch,images/sketch/hf_07785.png,c3e621c9f51a74725da6a0095ceb81703562e1302f32fd5d8f6f7a64975c5a51
7786,hf_07786,sketch,images/sketch/hf_07786.png,ebd3a19e48fbd7e0e4bdacbc14b1501b657c150d96c0f6c5adc005b8d078506e
7787,hf_07787,sketch,images/sketch/hf_07787.png,81cab13471f52cabacc14b92ef4887cf0da483fd30298f4de463628766bea5c2
7788,hf_07788,sketch,images/sketch/hf_07788.png,d843ee81f0da73cff439ca686de670c5712eb3ddffd1f201ba8f8747bc698c2a
7789,hf_07789,sketch,images/sketch/hf_07789.png,d75ba36f21a9ef6d9e1e36c2514f8daadd7987a7100bcaf28ba071440f398a69
7790,hf_07790,sketch,images/sketch/hf_07790.png,1e5edd2c5653304187d143071734cfab9667b4a5731436c540f4274f6e96d15b
7791,hf_07791,sketch,images/sketch/hf_07791.png,92fd38933cfcd00dc949739f65462b472e2b646441da263af1a7951c36589c72
7792,hf_07792,sketch,images/sketch/hf_07792.png,cae1036844381304eb03e344450b021da1efd19e078c435664a7c856794050b8
7793,hf_07793,sketch,images/sketch/hf_07793.png,66062504a3e8ee68ae943a8ea28553868d9887947d93714550f89028d6dceb71
7794,hf_07794,sketch,images/sketch/hf_07794.png,fe76433482ca0fcc72a973757ee232c410b763bb7bbcbbc718ccfe08714ccd0f
7795,hf_07795,sketch,images/sketch/hf_07795.png,302c9c6fbce88ae04f659ad2363e588c6bd8cffb28352b8b1e7f50aa3b179199
7796,hf_07796,sketch,images/sketch/hf_07796.png,21a8997032b5e9c0cacfe27fa5213ae1193cf002e6988a3a5f8d393f8318e0d8
7797,hf_07797,sketch,images/sketch/hf_07797.png,913d84b9107cdeaef58eaa3b80b6423e1a351dc9857ee73ba83b41a2ca1a28ab
7798,hf_07798,sketch,images/sketch/hf_07798.png,4fd020b7c21633b05544a110cbcfab5cae7ce0a92504af36f4680f8ef9e4585d
7799,hf_07799,sketch,images/sketch/hf_07799.png,5b9d75b79e045142e698eff32bd75ee7ec72d48c98038f0ad2f1575e1ca80592
7800,hf_07800,sketch,images/sketch/hf_07800.png,c49da3faad5dd673c204149d81e79dc18f80ac4182cc4d047950db3d3c817e01
7801,hf_07801,sketch,images/sketch/hf_07801.png,df069e03930935b703d968bd61687f0aa936d9a28eb2bea88d8128107e895b48
7802,hf_07802,sketch,images/sketch/hf_07802.png,c544bb5768b36686250c3e498d95b8a1e49eb7fb454a53277650d967d00d7256
7803,hf_07803,sketch,images/sketch/hf_07803.png,8a7ea6ee63fe4db0b9b1c2f484b823f737b870e283c8a8d3bf8d4e58a95e3cc0
7804,hf_07804,sketch,images/sketch/hf_07804.png,59532c025cc9ff806b4accac3a88ea20297b6e65f11d6bdd55807bcb4a8929f8
7805,hf_07805,sketch,images/sketch/hf_07805.png,6ecd40f38034f5ff5610799c13102797e85b5e3814a50d7e97daa6c3d2de8cdd
7806,hf_07806,sketch,images/sketch/hf_07806.png,001f9bcb0e87c0ba9add2d809e4a0f2bb55c9f44299590e693d749e44579fb11
7807,hf_07807,sketch,images/sketch/hf_07807.png,69f7098488299f395915b8fa9e72fd24bbadaf2105c243736b0ed2dd122d5a7a
7808,hf_07808,sketch,images/sketch/hf_07808.png,f6158a2257196ab81d507352e7027dcc3ffc8b4be63469c081629f8a597b3c44
7809,hf_07809,sketch,images/sketch/hf_07809.png,bd3ec22023be172f84dc447a7a95830012a691e25fce712ca96ee603d191442a
7810,hf_07810,sketch,images/sketch/hf_07810.png,452cc6a09417c2a09d545132846f3a64c4f440cb57471b2d76a9961f14f25343
7811,hf_07811,sketch,images/sketch/hf_07811.png,32f1abbe997fbce41168596260fe9f2623aac6f8d30ed6ea55ad0a0a3809b8b1
7812,hf_07812,sketch,images/sketch/hf_07812.png,8e998095f7c714170f3d4376843de8e1d3e7ef32f028a0ca6ef4f87a9a71bd02
7813,hf_07813,sketch,images/sketch/hf_07813.png,6b74f89bd164c3876c19c2af231955d27a14b10f83921797059474de9736f7ab
7814,hf_07814,sketch,images/sketch/hf_07814.png,30c5aa53bc3c982ab6a78f31888798f42b22df829229b3294688d1d64bdec284
7815,hf_07815,sketch,images/sketch/hf_07815.png,0aa25a03c499103699b5a996a3526fff3ecfa9efb4bd859700ed270641c30a86
7816,hf_07816,sketch,images/sketch/hf_07816.png,135c82680db6b05b5c877ae51a31e1b5842e49252b558d907bbfc2ccdf610a97
7817,hf_07817,sketch,images/sketch/hf_07817.png,8e3799dcdab286c7e2294e148772d7e6468ce73165b995d5ff8424e04b61612d
7818,hf_07818,sketch,images/sketch/hf_07818.png,0662363381ee0f4db7633f4561a1b4903ba0791bba75a83ffd81434fb47d0422
7819,hf_07819,sketch,images/sketch/hf_07819.png,c7a93c3de975e5f640167ecc45f1d2c874a55538c42610edd9fc3007209e8bc0
7820,hf_07820,sketch,images/sketch/hf_07820.png,f1ba55dc065848afdb338903f22289aec57469a080934fdb52565c41af065f5f
7821,hf_07821,sketch,images/sketch/hf_07821.png,5f8ef8d46966bdbb48abfb14cae726441dd59f497b9fd17fe60e72e3e1936653
7822,hf_07822,sketch,images/sketch/hf_07822.png,06d4954b27b4f32c34c734f441784dc863f13a445991ff67c4fbe30dac1af238
7823,hf_07823,sketch,images/sketch/hf_07823.png,6be291d4ae5c1163dab442075a19f7772e9a86bb551757ec5c8c237810634845
7824,hf_07824,sketch,images/sketch/hf_07824.png,93a871ac743c529e16ca4712d340d8775e08c76b27888add387910a08e2c3047
7825,hf_07825,sketch,images/sketch/hf_07825.png,0880791545d758028c09726cfe08e346e83e8c8b301ea6e9c6f7895594fb3a84
7826,hf_07826,sketch,images/sketch/hf_07826.png,9ad49e9489f0d8d917fba7f4e11cd55212fd12ca37f20bdffbe3a868d2865172
7827,hf_07827,sketch,images/sketch/hf_07827.png,3f2a6f5a48cf25f10ac27da71aa7b44dbe157714f5cbd8064673c67e0c419a2a
7828,hf_07828,sketch,images/sketch/hf_07828.png,35dc7e1fcbfc1f946bedc511eba3dbac351a743e78943228117b6059e0d1c422
7829,hf_07829,sketch,images/sketch/hf_07829.png,abc7d51cd012363678442f450b7c1b0ebd2f493e386677066fc53d36768c17da
7830,hf_07830,sketch,images/sketch/hf_07830.png,b2e3becb670c7563953ae68a3045717f9458e01bbf82c3a0169fcd09cbd6010e
7831,hf_07831,sketch,images/sketch/hf_07831.png,70b33f12671958aba376f54cc96ec54b9050b7c92b0fa0e5e8429bfe83a3d052
7832,hf_07832,sketch,images/sketch/hf_07832.png,5d1588377557b760c155f296f31c16ff0e390181f9be59c2481c5008aa729228
7833,hf_07833,sketch,images/sketch/hf_07833.png,904c474ca7f21f684f0a08fdb29e492e884c2c7a5f60d6c539edc9a3581cbf93
7834,hf_07834,sketch,images/sketch/hf_07834.png,f291f31764c43bd8f1ffa0f23e2b1f03e2be887c19ec4015a2818e690ab16e04
7835,hf_07835,sketch,images/sketch/hf_07835.png,b707863a6dfda536a5f847ea90c31ac047603c54786551b96f4c170d0b7142ba
7836,hf_07836,sketch,images/sketch/hf_07836.png,2efc44e25cb06d24f0a6ff2c750482f198c27432124e295cd8bed43159b7afbc
7837,hf_07837,sketch,images/sketch/hf_07837.png,2acc448ff0fa10e6aff75f0fd94f3319631b0e00363cb24d961df6165ce58a90
7838,hf_07838,sketch,images/sketch/hf_07838.png,f92f2c67a2ff508af1418188febde0571f1faa6d2cc6c0b20913fefd656f905c
7839,hf_07839,sketch,images/sketch/hf_07839.png,c88933ea384d326ba4b8ae711a96d6f20d12a088348a9cd650e7207c150db2a6
7840,hf_07840,sketch,images/sketch/hf_07840.png,a94d5ce3f45d54a2f5488ed08c59cbc1e17030a9bfc0e914ebb8528ca44aa847
7841,hf_07841,sketch,images/sketch/hf_07841.png,545db4a6988b23c6e53f4b3fba6eaa0fd89b7a1a12dbf00c3a142c581b97a6b2
7842,hf_07842,sketch,images/sketch/hf_07842.png,a6997e4c7d58e61e0909ab183d20d6db00a11d4224f5b7ad329f91310980b41d
7843,hf_07843,sketch,images/sketch/hf_07843.png,ba6b0df71c1fcb363e99a1035659025023114fc0c9efee8396ca31ac5f18cca8
7844,hf_07844,sketch,images/sketch/hf_07844.png,32e089320edfdfdda5db7791b09c53f85e165c1d149cc212bae7473b4bc51dbc
7845,hf_07845,sketch,images/sketch/hf_07845.png,256c41e7fe4b0f6983f9c4e89fe6c5b58ccd23e57a555b37de0401febaa0ca44
7846,hf_07846,sketch,images/sketch/hf_07846.png,41d13a264e3fff7044805e521f1342b7edeeed6278bf0d8f9f2e370f87234750
7847,hf_07847,sketch,images/sketch/hf_07847.png,f092cbbcd266c6c4c30f466851000fcd26e6312bcb2ee7091b4986667c3eb8d2
7848,hf_07848,sketch,images/sketch/hf_07848.png,7fe74b0807bcc000716a2dc502c555e50299ad0397fd1fbc54cecb73655be728
7849,hf_07849,sketch,images/sketch/hf_07849.png,a03cc245c2e6fcb02f6556fc83abf8562a49e6418e77c5449cb5c94431688b7c
7850,hf_07850,sketch,images/sketch/hf_07850.png,7a570d2e19be1fae11b9131fa10b9a35ced8bb10dd1ab8391b5e4abaccfa7c8a
7851,hf_07851,sketch,images/sketch/hf_07851.png,6dbab9b0919e014751617161dc3ae39aa4d1819c83e11bb8a2c366753b6a72d7
7852,hf_07852,sketch,images/sketch/hf_07852.png,254f2e2f64e02f605aa33dd7ed903feeaa2dfcf85e9908045754547e8a163307
7853,hf_07853,sketch,images/sketch/hf_07853.png,6ad476b7136c181846abb5e2aa7708a0bf7610fc50015a20a91c48c7865d7ae7
7854,hf_07854,sketch,images/sketch/hf_07854.png,4f00861cfddcecc06d9f08fb18a859c25cce8bd1d5459711a1b2fcab04957971
7855,hf_07855,sketch,images/sketch/hf_07855.png,51ec324149635cb7e321b71389f7605c7fad4c3bbec01eef40483658b7bf3c0a
7856,hf_07856,sketch,images/sketch/hf_07856.png,bea30a003e7377b3086982dd4baf55e9eb40966955256de8b9f1fca6ff389ce4
7857,hf_07857,sketch,images/sketch/hf_07857.png,e43ce9bc901c50d80133afe2301ee1eb15db2d160f2fba396104d5d0ac12cd3a
7858,hf_07858,sketch,images/sketch/hf_07858.png,720b4e15d2b916f63e1c8391d3a62a7406e22680205239cd7e3f98ad68a45613
7859,hf_07859,sketch,images/sketch/hf_07859.png,f014f3a0a830e209a40a21a1b916f55cc8d62a5363f8df0714f82a2d1d029009
7860,hf_07860,sketch,images/sketch/hf_07860.png,f3b5bd76cc78d20c9cf89747a4feebf0ec6ab13e72725032365929b9cfa44bc7
7861,hf_07861,sketch,images/sketch/hf_07861.png,50bfe453d7932e35a658efa0996452427b3a0f2dfd0a1328e95d5ff344e20be4
7862,hf_07862,sketch,images/sketch/hf_07862.png,8d3128bc5082bd986f6e1723875ffd67a22832c816422f2d6a32c3e45089ecb4
7863,hf_07863,sketch,images/sketch/hf_07863.png,720dbc1acb69034c1efed644418247d4971ab8a3412804be02ecabed9547512a
7864,hf_07864,sketch,images/sketch/hf_07864.png,ce4f816a34027d2f889b529937794776ea4f81ff3388ba1248c57684ea80cd77
7865,hf_07865,sketch,images/sketch/hf_07865.png,0a24f649d9c2c19fba60d98e1cca8a7990a28b59affce9a5900f32471c4f8698
7866,hf_07866,sketch,images/sketch/hf_07866.png,7f4cc52962c311cddb7b64f4e8f58500fe2501694df6f8449379a495d774d523
7867,hf_07867,sketch,images/sketch/hf_07867.png,2804d0f373d74e8dc19ef3931c9e7a67cfae8546bc27d337f1d773b733d88963
7868,hf_07868,sketch,images/sketch/hf_07868.png,7ec82154df97b6be44c4b7a3ed9bd3d54d7930fff44ba704e5fd266d1499e099
7869,hf_07869,sketch,images/sketch/hf_07869.png,8d13b47b08323096f944255b2509d7a69c6d4bad661be7140cf6bb4ba587203b
7870,hf_07870,sketch,images/sketch/hf_07870.png,0e81921966b11315cc0fd7c0ec90912f01b6bd594d48cd6b1d9feb17f2494afd
7871,hf_07871,sketch,images/sketch/hf_07871.png,90523c2badef610f45492ad3c11d81ec43398edd62e23aa2d9b551438f24f09c
7872,hf_07872,sketch,images/sketch/hf_07872.png,c96ed381599e455050084ac487dc61006d4b541a921019975355f784127bb0de
7873,hf_07873,sketch,images/sketch/hf_07873.png,72cd60d901c788c2e47bc39d3633cf4d84e6bc7beb90c2d97eb9b3715d60144c
7874,hf_07874,sketch,images/sketch/hf_07874.png,f5f9db21768eb3242934d315de61b961776d100a3961fb9c7ffe6f0a6c4ed12e
7875,hf_07875,sketch,images/sketch/hf_07875.png,9142738762582e51763565d5b442a1c68043d6b790a923b3a757dfdba837b2a5
7876,hf_07876,sketch,images/sketch/hf_07876.png,dd4ffdb9ae6163886e15b508ec5bea0f5c5692e6b79ac03f9f9f14eaeb287454
7877,hf_07877,sketch,images/sketch/hf_07877.png,4e602ff2150039f230fd5d4cd3d7f852654a5eab02a0d635b6b863f5afc64ce2
7878,hf_07878,sketch,images/sketch/hf_07878.png,52552caaca6818a04989907979f676bbcef03d68530f2c6ce6b4b2adce9ef6ae
7879,hf_07879,sketch,images/sketch/hf_07879.png,94c57e7e6452089b54197f88752f91688bb62998f2bc01dbb060566324191356
7880,hf_07880,sketch,images/sketch/hf_07880.png,349a0e441a55ee30bbe4b0acff12578f624bf3d755549f130c53b7b87b597b65
7881,hf_07881,sketch,images/sketch/hf_07881.png,f489923905efb96cfdffc4649f7df9b20810c76dcdaef473bbc81226c35f1390
7882,hf_07882,sketch,images/sketch/hf_07882.png,2285c323c66c5eb47db13e2e07fc154432b8b7b5d90dd98112a46f5be1cac4ef
7883,hf_07883,sketch,images/sketch/hf_07883.png,030ae16a8f783ece7ddfa5d42cbcb39598739245204df2d0be9cde95788bc79e
7884,hf_07884,sketch,images/sketch/hf_07884.png,3e4534ff7aa7377313510512d2e3e952d13aa06599bb93260cafeb5b6445779c
7885,hf_07885,sketch,images/sketch/hf_07885.png,524c419c26b3a7d196b1f0f0d5bc8df4c6d27574c8c95d67c70cea10b10755d8
7886,hf_07886,sketch,images/sketch/hf_07886.png,00c038e95d00a29d359a887366555730fd98bb4244da5300b5f3feb941c5f287
7887,hf_07887,sketch,images/sketch/hf_07887.png,7cc71777d4c039d7319abd3fa89d61044cbfa246547172a3667f17ac1e9995f5
7888,hf_07888,sketch,images/sketch/hf_07888.png,ce4040879d60038d8b6dd29ba2f37b48fd5ff9cf5ac484caa73dcb7cd2fef5c5
7889,hf_07889,sketch,images/sketch/hf_07889.png,c2e23f2e48e09edaf4142e4fa806d125791218f525d6eb857cf4eada2fd0ff1c
7890,hf_07890,sketch,images/sketch/hf_07890.png,f12be89b451c0fdfcdbbce8cc537270dab713d8330bbdbe6ae741e8e6fa93abf
7891,hf_07891,sketch,images/sketch/hf_07891.png,9ce291ad035c48413d60282075395dd37ecf02625334420d341fac95cc28f8d8
7892,hf_07892,sketch,images/sketch/hf_07892.png,5fe498f53d1e2f084d3aeac596142cd98ddaaf7280071338301bda146c8598c4
7893,hf_07893,sketch,images/sketch/hf_07893.png,5e8e56085e663d02637bff6b14477c5373db7efd92e96deca9c21fe1901b9bae
7894,hf_07894,sketch,images/sketch/hf_07894.png,23f0708f2deb4ea13df0d036c65812987af9fe3fce82acbb43d5e93a8ad5dc9f
7895,hf_07895,sketch,images/sketch/hf_07895.png,41d2598e10324d02c331e11ac2cefaad6ed836b23821222f173b5e27321c7706
7896,hf_07896,sketch,images/sketch/hf_07896.png,3c68d61499eedf2da50db8e104a394be62f31b105b893d937d1cb23df5089556
7897,hf_07897,sketch,images/sketch/hf_07897.png,0f0d7f941ffe7c958ac095f5173287c5bf3c797eabee0eb840eae1fa6f380503
7898,hf_07898,sketch,images/sketch/hf_07898.png,ab3553fb72986156b94210cd36501f33b0f5e7577dc6fbb915aa093bdc586070
7899,hf_07899,sketch,images/sketch/hf_07899.png,ca8faa3c52caf0f07ad2057da6cc561a28163ebacbd851bc75c3fa39dfa86631
7900,hf_07900,sketch,images/sketch/hf_07900.png,b710f04f049cbe86a439aa986bbf07b6e986d3ebe3361e21e4cc20a3f825d91a
7901,hf_07901,sketch,images/sketch/hf_07901.png,3b5f24cbf0613c565bec5eac1662015a1c3b9e75675c2c9680a6f6eb3f6dc213
7902,hf_07902,sketch,images/sketch/hf_07902.png,7223b260b3276bfcc7fe60ef93ad8d676e018ca51dfaa92d8e1a278955fd410b
7903,hf_07903,sketch,images/sketch/hf_07903.png,39df8ad6b39a2cdc477cb1ba075121e94515dfa5cc8c4380890b02c23b0b8f31
7904,hf_07904,sketch,images/sketch/hf_07904.png,9a148cd62c77d5ac48f4e14826009cc246b6949ebd3ee5122e1ac6efdda5b5b8
7905,hf_07905,sketch,images/sketch/hf_07905.png,5ca8de8163935ebc973b8e3b1d6e7f71d406e17afff2ba2441d32f2b48311041
7906,hf_07906,sketch,images/sketch/hf_07906.png,97369dec6c38281b1334641b88df9613209513fe31e37f4d147ca341f2b5ad9f
7907,hf_07907,sketch,images/sketch/hf_07907.png,1b3a5aad88a45d60bf6a066f9dcc3e7abd8bb692d4a2e9183504ac4a660f49ec
7908,hf_07908,sketch,images/sketch/hf_07908.png,3e7c92842f22746d3bd1a60b575acb2af9572c2b2b5ef2c5ade47bf8c03da4d2
7909,hf_07909,sketch,images/sketch/hf_07909.png,348a80d1bffe615268207841950f1036725690264ee94a06745c54e340875b60
7910,hf_07910,sketch,images/sketch/hf_07910.png,cc19263168b69bddf5287f7aa870804c68174334a95892ccf885e7105991a561
7911,hf_07911,sketch,images/sketch/hf_07911.png,7a653e1b08345b284bb08f633db30d5dac7a42e6cab7c484a7a054ba86f9b81f
7912,hf_07912,sketch,images/sketch/hf_07912.png,39f81e4bef2323cf32c079166de24b02fbdf1947ee7249c41336089ab360c087
7913,hf_07913,sketch,images/sketch/hf_07913.png,a91b8141ec1c86d37a3c00a2e4d2f07d7509f56487ee3dc2d5757d19a129dc55
7914,hf_07914,sketch,images/sketch/hf_07914.png,1e507cb5c4852a35b5e003fae718f6060e0adc5fc6bbcfbc9196a05024536baa
7915,hf_07915,sketch,images/sketch/hf_07915.png,28b25cde3bcea72302c674ad1c1192b55d7d1170f675a9d95bd251b4dedaef86
7916,hf_07916,sketch,images/sketch/hf_07916.png,4961eb737aef62c24465df667fd6ed12f87bfbc8dfb9794af13cf00c396b4f93
7917,hf_07917,sketch,images/sketch/hf_07917.png,13b93cdc2b1e52348c08fb9adefd01dfbbf1d8fa996f48bd0910b82a1edb3d0a
7918,hf_07918,sketch,images/sketch/hf_07918.png,2779e6378e3f4ac7aac333d93d78557c31748eb09ac11b376b7721b8432ee486
7919,hf_07919,sketch,images/sketch/hf_07919.png,59beeaf038ab9266a54154fc7655fd419e33e63b7801fad1d819f8a890555f51
7920,hf_07920,sketch,images/sketch/hf_07920.png,70ef8cd7d4c0e328ed8a52a561658d2191974d5a37f68a549916403d2542d309
7921,hf_07921,sketch,images/sketch/hf_07921.png,a8c1df4394dcc2ae5668a6973de07f184a8314936e0b8f4e9758fa8fe913c336
7922,hf_07922,sketch,images/sketch/hf_07922.png,2434f4a4305eb8e3d79a33a4290d57b25810fe9ee37a0e3dec349ce9c1aaf8a9
7923,hf_07923,sketch,images/sketch/hf_07923.png,120a60fb6a823db7912ae270c759cc56ce2fc23257d32e0435b01f3a3e7828b5
7924,hf_07924,sketch,images/sketch/hf_07924.png,454c92c3ae3033f52c879345a8abeb1a14f76b72385f33663c3e5c63be8c9451
7925,hf_07925,sketch,images/sketch/hf_07925.png,8b55db5cc5789c2cdb455a26ad537c2c2be56a30d43343b6ea944cc57c2bda78
7926,hf_07926,sketch,images/sketch/hf_07926.png,2c7674843859e6bd86c39746dea5197c90c8cbe19247c3794dec9c589a858937
7927,hf_07927,sketch,images/sketch/hf_07927.png,f8fe8e1f474cbcfe27e4210ab24cb5ef4e088584d66f08b1654b07764bf50ba7
7928,hf_07928,sketch,images/sketch/hf_07928.png,71247460b431aa07d6c6f70122cdf39139fb862222534498744b8403b2e497ea
7929,hf_07929,sketch,images/sketch/hf_07929.png,3d70555d7661d79367584ff01e0b0ecda3bacaef54c736f196f592e5e2092e55
7930,hf_07930,sketch,images/sketch/hf_07930.png,b7ee5f8207fe57853d442e851391d5850e3e2f6bf949d5bcb27ff382b696c0ca
7931,hf_07931,sketch,images/sketch/hf_07931.png,a0f89f1a47b858d65cac65bf97a02b8d531288ee5533c2038382393456c99ca5
7932,hf_07932,sketch,images/sketch/hf_07932.png,4678c09b214262462c27dc58f38bc3565fd0ed03690818e8f140d991ee833751
7933,hf_07933,sketch,images/sketch/hf_07933.png,0b007171780a7279a82ccce9a70d740411962b9ef776eb19d33bf4195075802c
7934,hf_07934,sketch,images/sketch/hf_07934.png,cf487e8091318ebd5a809621484f2e19c8f1552d2cf36a54a5ed4e3872177e82
7935,hf_07935,sketch,images/sketch/hf_07935.png,22e4224c95556f16c902f113575a69be87d42921cbdf670dd465a2acfd1168aa
7936,hf_07936,sketch,images/sketch/hf_07936.png,d8465e76884e977943680055db62337d52a2d17a0ba406a517bf734ce5d60cdf
7937,hf_07937,sketch,images/sketch/hf_07937.png,d3b8d69357701d34563d2ba99c30fc40cc5ca7eca9886bc49a826be467299009
7938,hf_07938,sketch,images/sketch/hf_07938.png,36b2dad9a2303fd7b4bf814df6fc941cc07a40860f8633cbfa821d6122b1c2b6
7939,hf_07939,sketch,images/sketch/hf_07939.png,5f9c4fe3089a4c321c8149966e02544e2241b6a133b6e9db8b5d4651c1abe13b
7940,hf_07940,sketch,images/sketch/hf_07940.png,08b4a105388574bec8d1344ab0fc429355a84a81864c8ab17448eb9f4dfdf5a4
7941,hf_07941,sketch,images/sketch/hf_07941.png,99162c8b9ceec3dc9e2601823f03668920808caf230cae7638c27300cc86efe5
7942,hf_07942,sketch,images/sketch/hf_07942.png,06dcb8e925860b91594f7f36f0907d1e9da097d2557fe10d64baab121f722d24
7943,hf_07943,sketch,images/sketch/hf_07943.png,a37800d1fc6249d10edc3d1b4e811e1b7d26ef265aa00dc4c8debf95dacbd824
7944,hf_07944,sketch,images/sketch/hf_07944.png,c9731545d5bc4ae47df3365f2238068643fc4f23e28e667a30bd5bde4afe1158
7945,hf_07945,sketch,images/sketch/hf_07945.png,fd96b68292c852f1d5b68af2c750e350d6eb763999e6b9918676f31440377a0e
7946,hf_07946,sketch,images/sketch/hf_07946.png,075267a9875e79c8e7d6c92100f8588b9d5ada0e52a1a6f747732572a64536c8
7947,hf_07947,sketch,images/sketch/hf_07947.png,48f01c9f264942d7c0a5401075cfa99b0ef53b2355b8756a48aec96583e7e5ef
7948,hf_07948,sketch,images/sketch/hf_07948.png,8b85c61da56c479d4bb5bf367d19f9793265c7b7e708746a2b58a8e92ddbc03d
7949,hf_07949,sketch,images/sketch/hf_07949.png,e7a231d3c20f8b186d53b6d303d5a626b3849645f65ef0ac44fe635260517c51
7950,hf_07950,sketch,images/sketch/hf_07950.png,cf00199151e976ad602872ed1f12f5921582a1260d9dcefaf249ffca09e45e37
7951,hf_07951,sketch,images/sketch/hf_07951.png,5d11a9c1d07ee8ed067936bc204b0a95d82ecbddba748d29eea555ef41e1055f
7952,hf_07952,sketch,images/sketch/hf_07952.png,b3a53749d12c1a8eab3ab3a0a2ab9ca34eb0a73f904445b99b087ecab62e8008
7953,hf_07953,sketch,images/sketch/hf_07953.png,d05266f7392cf0e8f3fc7f0fb1f86191b0387ee7e9ca49ab0afbdd746653945d
7954,hf_07954,sketch,images/sketch/hf_07954.png,a465f193864fc96b9b35462644a3fd8e1df88cd69a7834e15c9b81183f1dec2e
7955,hf_07955,sketch,images/sketch/hf_07955.png,3d17923af325d9bf96077fc921eee688fa29c177bf7c789fbafcd0a3caf7a5c4
7956,hf_07956,sketch,images/sketch/hf_07956.png,b60577ef155761aa7f7db8e4ca8b4bdc037fa01a1b43d70431997d7e212aaf8a
7957,hf_07957,sketch,images/sketch/hf_07957.png,76c2db9eada8cd276ab746fb8e95adcbc1c5cf9b96f215dcfcbcb0e464d171a9
7958,hf_07958,sketch,images/sketch/hf_07958.png,e896fb9996b81679e7d0b10c4fa11b1989e920bc8f4b40cd1822d104201f5c20
7959,hf_07959,sketch,images/sketch/hf_07959.png,b63988dfea01b8e39fbf87aa39e1d93342a5904c9ab4cc945f7b9ce11835cf03
7960,hf_07960,sketch,images/sketch/hf_07960.png,a7e49a8d77d32a52037c10c08271971533bad8b68e1eecf3ee9a0b29fad8b303
7961,hf_07961,sketch,images/sketch/hf_07961.png,69b684d7a6162689f738fb66d397011064fe444b6fec084dd5f6018c575642c5
7962,hf_07962,sketch,images/sketch/hf_07962.png,a0fb68d95f488d1d81d7097d8b547337e5f1bdd67e3c050022086bd71bac86b6
7963,hf_07963,sketch,images/sketch/hf_07963.png,cd8f1e16a27bd85865e7912519430f7db3be4e102055c7a045edfaf0dea4c868
7964,hf_07964,sketch,images/sketch/hf_07964.png,ce4ee57db6c660d3622fa3c90e923d49d56c8da7bab936b601c0ba2c0d219a45
7965,hf_07965,sketch,images/sketch/hf_07965.png,fbdc1c1471b61c2eb3eab37ee71c1d3d8b40a9e32160b9ecb899f03149591fd9
7966,hf_07966,sketch,images/sketch/hf_07966.png,8747a6f5d10d0fca6fcf982d55a6b3aca0dbe02e145e5e316800653c9b4b5647
7967,hf_07967,sketch,images/sketch/hf_07967.png,833a290efe183bf089e615082a3e476d69757566118285f3039e28a225e4a701
7968,hf_07968,sketch,images/sketch/hf_07968.png,f0ffb3c4aa00aecb8cbb6a317d0442e139352ac8a88e080afe1e4a8e12dd8e27
7969,hf_07969,sketch,images/sketch/hf_07969.png,4cdd49af65a82a5979220bd46dd0a361becb185e6ea4a24d33dc8cda230d7f9c
7970,hf_07970,sketch,images/sketch/hf_07970.png,3e388faae23b65fb57bdfca3ef6e50dae86288ce6d6fff7cfd3c7997b50a62aa
7971,hf_07971,sketch,images/sketch/hf_07971.png,7dbbf4e1970a62cb91466fb9df84c3d7ca3a27dcf4fe85a611b47f10ab15b23d
7972,hf_07972,sketch,images/sketch/hf_07972.png,59f74d9f1089799f367bb8bf79dc3065f4347e10bd950c3885d255f0bf4ccfcf
7973,hf_07973,sketch,images/sketch/hf_07973.png,2e4c14208eb6b395f3f3f7799215daefc645ac762ec32e0ddc2b022359674fd5
7974,hf_07974,sketch,images/sketch/hf_07974.png,160156a74215bd9fce707f85f5318c5d0cc1b1db76d7cbb57f9c84808a94aa3c
7975,hf_07975,sketch,images/sketch/hf_07975.png,f3e0e9b9e6bc6d7da773723738743be903f54f97f6b2520723ea13b46d6ae966
7976,hf_07976,sketch,images/sketch/hf_07976.png,855fededb424367ee9fba44fae28988674e26b99e0500f9531b2ae7f537157ad
7977,hf_07977,sketch,images/sketch/hf_07977.png,9b7c0e6d625118a80604ce0f2b71f3a394e2978d489a4d7ed8f26a344de861fc
7978,hf_07978,sketch,images/sketch/hf_07978.png,bfd442b6308de7da9547c84cb138a39565706f6a3decd40a22d40609f3f94a44
7979,hf_07979,sketch,images/sketch/hf_07979.png,4f3b8251792dd3b05e2f7c06f42bcf14d6375eabf9a92951ad47f6cf1cd77728
7980,hf_07980,sketch,images/sketch/hf_07980.png,ea6643f697e48f6db8446ee84c74da419578015b0933c3cbdd624614c3bae4e8
7981,hf_07981,sketch,images/sketch/hf_07981.png,6adda2b2925082a409b66b0f6ec8a72b63cfde7be8554de6285f0484fc21367e
7982,hf_07982,sketch,images/sketch/hf_07982.png,1429ac576abc5fd1293fe2a20e81cd4349ad9486cf23ab712c897973684ee7ea
7983,hf_07983,sketch,images/sketch/hf_07983.png,5b9b4bba2139021cf0fb3475e2d5cbde24f3cbb113216dbaabde19c6dcbe0529
7984,hf_07984,sketch,images/sketch/hf_07984.png,696edde32f2aadcb34a83827a868a7edf5652a46070e8aacde10701e7cb1c243
7985,hf_07985,sketch,images/sketch/hf_07985.png,58a50480464fa8aef9c5f10063c6372774b2b5aac14acf5797fa4cbbae401a49
7986,hf_07986,sketch,images/sketch/hf_07986.png,3f21d0033fd3abe6ac8e43d95a517e9c763c7395b6155d779db53453803d0202
7987,hf_07987,sketch,images/sketch/hf_07987.png,763f4f5228d3eff7352f805dac4fb1b3d840300a42005f274442601e5a6dc2b7
7988,hf_07988,sketch,images/sketch/hf_07988.png,fb34520e2f0203fa8130355a5df094e2b89afc4e9c5a57d921cb21dfe72911b6
7989,hf_07989,sketch,images/sketch/hf_07989.png,f18c0d41d626c3525d24938e4fbfb019c0d5a546a37b5c84ba7050627a214d6b
7990,hf_07990,sketch,images/sketch/hf_07990.png,a705e53df7a9c4fdb418c1e26a5a00ddaa706fb83156db53dd5b9e6431aff745
7991,hf_07991,sketch,images/sketch/hf_07991.png,892b94bc9757d937c4f93307afda767f2274a7337cf200b7f3b2b6aae9d48ddc
7992,hf_07992,sketch,images/sketch/hf_07992.png,d2584ef76c3c3c375a06448b4a463b8247d4646b0f5f2c8363b2dd97b74377eb
7993,hf_07993,sketch,images/sketch/hf_07993.png,c840dbdf25d28af0795e0fbb410a1bcac990ed6f0e527ad9b3ec5361698f080d
7994,hf_07994,sketch,images/sketch/hf_07994.png,00e46367545b7eb17ee6eae9d09e483242ab23d4ca636239d989f4cfb9767a3a
7995,hf_07995,sketch,images/sketch/hf_07995.png,d53fc775a65e6f37295e9a830e098ccd34d484510af1e243c732ad89f06c86ac
7996,hf_07996,sketch,images/sketch/hf_07996.png,4942155195314a98ba5fe13b7bf2cef2d6dddff09727d5165e0de07b2cdcbca4
7997,hf_07997,sketch,images/sketch/hf_07997.png,13c83766e5af96cd8f95c6057292d6bf389c7991f08f7a8fe21a970224048331
7998,hf_07998,sketch,images/sketch/hf_07998.png,5251a044e355afa2892eb2628f3bff9feef88f4f817b9f3a8d426dd7577f1b50
7999,hf_07999,sketch,images/sketch/hf_07999.png,ab4f7b66d102cda59950fd0bfb5009a0977f5f56e342b8a0fa806b5bc6318db9
8000,hf_08000,sketch,images/sketch/hf_08000.png,1e8aa69b1f23885f7c08d7585eb0a4334dab8dc128b6888d5aac2bf699f0ccdd
8001,hf_08001,sketch,images/sketch/hf_08001.png,91a59183e5ce54c3ee3e9b27b17c90a4580823330f0857d6f7da71f4a79fdc67
8002,hf_08002,sketch,images/sketch/hf_08002.png,999156b7c47738ce333d84ebb06a199cd5027650977cfc49b526b74e3d802514
8003,hf_08003,sketch,images/sketch/hf_08003.png,214961e82e0b5326e3014ef99cadd23affb5a71572a25987c2b158ce8f592bd8
8004,hf_08004,sketch,images/sketch/hf_08004.png,015456a992b7bda79b9a3da766c99c13cbc5854670e6252b13ab296197d26c9d
8005,hf_08005,sketch,images/sketch/hf_08005.png,17ec951d2a3724c1f420cfa00456f1c01e2b91275037aaa79600d81282873203
8006,hf_08006,sketch,images/sketch/hf_08006.png,dd19aa10b974580688396a071ac6173c209896f73be78aced12ba0f039a29cec
8007,hf_08007,sketch,images/sketch/hf_08007.png,ebc51f3683717780523942f47e41036cc114e488809067020002828e7dd5e103
8008,hf_08008,sketch,images/sketch/hf_08008.png,0b4fbb51e0e514684ef09935a42dac5f4e76569b8cdfde7aefab41fe13e53b85
8009,hf_08009,sketch,images/sketch/hf_08009.png,d3bc97e0edaa343f17401e52e6c26a42ee985d6742a7906c4634512abd064222
8010,hf_08010,sketch,images/sketch/hf_08010.png,08592eb662305f9ec25a7a84299a55226a97f5aed04201af572a100264423791
8011,hf_08011,sketch,images/sketch/hf_08011.png,40bc934239ea02d0f97df85b0adf72293be60bc8347c0a775ed803f3a0e31900
8012,hf_08012,sketch,images/sketch/hf_08012.png,73e50d1d4b7179f3de23885e036017992ea94f0d790464ec6a379c4124a2675d
8013,hf_08013,sketch,images/sketch/hf_08013.png,81529045d847638a8e8e0cbb8f0778adba0a3254deeddc80027cff7422809b70
8014,hf_08014,sketch,images/sketch/hf_08014.png,0648e3b91b3a4866908ca347918aa36d29e20e630c57e20765ae4f5a9011b582
8015,hf_08015,sketch,images/sketch/hf_08015.png,96e0ef40c171a9093c85a1e14ab7dd8dfac7734d0b022c248f963b62c7fc1e71
8016,hf_08016,sketch,images/sketch/hf_08016.png,8953f87fb0283ff5be30454341e24e674cbe04d209bf6c056992a5dd8005dd4f
8017,hf_08017,sketch,images/sketch/hf_08017.png,73da6f5d549a5d9b465e378da1cad2f779f462be50252700f49f2716e334313b
8018,hf_08018,sketch,images/sketch/hf_08018.png,8a80486a1807b337a4d2d8da112f182dff12e2efbf70f5f1db3ae2f015efca4b
8019,hf_08019,sketch,images/sketch/hf_08019.png,19f38f556e861a5a5c5283bcf8e52ee1b1a7ded11d88dc1e8d6587e049cb0f90
8020,hf_08020,sketch,images/sketch/hf_08020.png,42d92b19a228cf88507c6a80f6dfb93fc7bb446463fa6024bc377d80a3b7ffbd
8021,hf_08021,sketch,images/sketch/hf_08021.png,9081359adfc6cf9c48eed80961ec305f7d0a887fa0195227c642a1a8c4558c18
8022,hf_08022,sketch,images/sketch/hf_08022.png,771a5ed6b4fc8e8facafe1b323ec4f43e23b2d6e6ff395bb996062674ace8064
8023,hf_08023,sketch,images/sketch/hf_08023.png,33b161456ac7ca8706642b9564e527d3b53f50c9439070ec9790219cacd64db6
8024,hf_08024,sketch,images/sketch/hf_08024.png,1152a7334447246b593ee0c333fd2fdc4e43697fb16e06de8f27338f244de05a
8025,hf_08025,sketch,images/sketch/hf_08025.png,2456bfcb16b2aa0c2278e4c6a870e875999b5d7b2ce238f4c3fb6fbf1713b5b4
8026,hf_08026,sketch,images/sketch/hf_08026.png,879f8c459b86e5f8a3a4d386558e1bc92e18cf2baaacb1ab3b6af5be8b5d1e95
8027,hf_08027,sketch,images/sketch/hf_08027.png,25d86c7aa06090dc08b1aa988c4488d983428a22d5c677cd1de4d6d701159c63
8028,hf_08028,sketch,images/sketch/hf_08028.png,abec002a2b45ffe80869463b0f4ef898b32e2f354a9eb2b6a7e116dbdc25e8e7
8029,hf_08029,sketch,images/sketch/hf_08029.png,786107ec5e0d694dbc40aa17d8cb9fd2da9588b6c3e8a5f724d8736c60eb49de
8030,hf_08030,sketch,images/sketch/hf_08030.png,b183556f9ae6aa79bb77418e64cdfad914e04642747a1ab101f37a246d2e6c13
8031,hf_08031,sketch,images/sketch/hf_08031.png,342689d86baff3335d2eec645aed190faf5eed373b92073df48b7afe03af7bcb
8032,hf_08032,sketch,images/sketch/hf_08032.png,dc935105e36923ba0af7317c860254d8297961bb937b74471adff5d0af226b42
8033,hf_08033,sketch,images/sketch/hf_08033.png,e7fb70240d48d28343274d06d6b27cc0f2cefde3cb96eba846555a021f93c31d
8034,hf_08034,sketch,images/sketch/hf_08034.png,ff058f19be941d51a5233aec787daf9c9c8ac987b86d638471127b6b5a256303
8035,hf_08035,sketch,images/sketch/hf_08035.png,cc1cd4abde47bdb166c732bf3fcfbbaa025aa8fc738c627dfcb63a97293220f8
8036,hf_08036,sketch,images/sketch/hf_08036.png,5c818d49c4d817746d972c62a5181ebfa1d2ef77ece740e6a42c19abeb36cb85
8037,hf_08037,sketch,images/sketch/hf_08037.png,9d387f81e543d5bf8f8225b126f7a1d329922fe8769b3dc91d447423dc18a21f
8038,hf_08038,sketch,images/sketch/hf_08038.png,3c6112b43ebe5959688651487de9e4857d8e0c96dcdf4e5e5e17166b24b51b25
8039,hf_08039,sketch,images/sketch/hf_08039.png,d01cef6c597a6abada4f01323558a67440697b9d1891728ae94b168b7c8cee0a
8040,hf_08040,sketch,images/sketch/hf_08040.png,914ad30ae7a6a5895f4eb4b8c578a4cf5756f741ed68cb470c19ca059be7c216
8041,hf_08041,sketch,images/sketch/hf_08041.png,af65c93f2e61af4a08c37b22d5e3dcbedca5a2e3aaa75f3e0d2f1d5a09d961ca
8042,hf_08042,sketch,images/sketch/hf_08042.png,da1fec73eb63dae6e2818bd9fe129773d3ba7282ee85810cc61da23a52d76907
8043,hf_08043,sketch,images/sketch/hf_08043.png,46eb920daa169cfa01ad6196f2fa87185dc82ffc83259834e7d79a1e65857475
8044,hf_08044,sketch,images/sketch/hf_08044.png,ae647f9e73f63c69733ff374961a0174bc93ba6881d59920a4e3fc48060aa492
8045,hf_08045,sketch,images/sketch/hf_08045.png,ff0ce6d57e471d3a54e1d42a1cd71744b297d0d9d5e2703e13c9fddd1792454c
8046,hf_08046,sketch,images/sketch/hf_08046.png,3503bb0e72f616c7e2ac2943536950f624e1d6efd2fda605729e97b2c0525623
8047,hf_08047,sketch,images/sketch/hf_08047.png,eeea226b1f80baa6122390ad9718a56570004fe8e6e6540764c6d721f96f4796
8048,hf_08048,sketch,images/sketch/hf_08048.png,0902232e96c91687525942fba4b9f130f8b53151f36eecd0d9da6325cc5b42cd
8049,hf_08049,sketch,images/sketch/hf_08049.png,52344b6196bfeca9e9df35b8fd6981e56558eebeb2a343c5e330f31cbfa40043
8050,hf_08050,sketch,images/sketch/hf_08050.png,ecf4e9765d2bf75b5ef5165063685e22e1dfbd0a88156d7c4239f03c5e55a54e
8051,hf_08051,sketch,images/sketch/hf_08051.png,e03ff61204af54a8287bbe9810b64ad4c16e693026255c12282ef4fd933f1105
8052,hf_08052,sketch,images/sketch/hf_08052.png,63701daf1fc146184f7432f075b7463a4e364acfb699813b042bee77349eab17
8053,hf_08053,sketch,images/sketch/hf_08053.png,9b61ef0e8f9a8ab9f9b81f4dd9c1f85cbe7a88faacba11335789e2b3b0ec2c02
8054,hf_08054,sketch,images/sketch/hf_08054.png,7a4f0651325b713e2e4194052a7c6f513a618df5bc8fc3d421a43b744e828c70
8055,hf_08055,sketch,images/sketch/hf_08055.png,a6b589000f5f3f05318f7c4ec762c9fcfbc71a6bba100f7970eae9b7c34aedc7
8056,hf_08056,sketch,images/sketch/hf_08056.png,29cb45e16d1ff39599393fb350d70151fa64d80d6a26ed288a9c81c19ae6f552
8057,hf_08057,sketch,images/sketch/hf_08057.png,39df960396f1ef8886bf468b47c807657d422b7df3e09ac5f9e8e16c2783b065
8058,hf_08058,sketch,images/sketch/hf_08058.png,604a821469f52799de726f2f3378c44ecadfa88604350fc38a276d713192f790
8059,hf_08059,sketch,images/sketch/hf_08059.png,837d95b34895352547947b60251b7f61b770bf3c239be5d48f970a28d0519415
8060,hf_08060,sketch,images/sketch/hf_08060.png,eead5388c8f9f1b03091bd40effb82ea86e8a82f699f5be22a5c83300cf35cd2
8061,hf_08061,sketch,images/sketch/hf_08061.png,f62b5201301e6c2a5d4655c86cec762c53eb88214f9d8fb0d6ca984d0fb1ad2b
8062,hf_08062,sketch,images/sketch/hf_08062.png,4db694f3255486cbb5041cca5619f8d99a43e130316784da8b9bce930d5bcec8
8063,hf_08063,sketch,images/sketch/hf_08063.png,ea99596ebcf9e80455dcc05c37792d9fb062565acfaddefc58258fdccd827da9
8064,hf_08064,sketch,images/sketch/hf_08064.png,40762ad1aef2c68409b78457296dc7bc0740f43b99ac0b71e22ef83ae224752d
8065,hf_08065,sketch,images/sketch/hf_08065.png,2a8377f51086602ff5ad982a8e6eaed26651bf810055582d8a2877ee7e97929a
8066,hf_08066,sketch,images/sketch/hf_08066.png,3ab1937998d7463707a387e7c229eac60b9513e682d3f5cd39e6fa81f15aa043
8067,hf_08067,sketch,images/sketch/hf_08067.png,0bf4f28a7b869447d6e3c402d39dd5a88a958e2d007a72ac4ac0df1dc0852e80
8068,hf_08068,sketch,images/sketch/hf_08068.png,6e4b97978c1296661de23525ad1cfa97b06d55a21b821f0713fc8bbb129b0b93
8069,hf_08069,sketch,images/sketch/hf_08069.png,06d8bea3934f5bf6c59fd00973bf4eb7fbf64565bb7f4c56da2760c02af66f88
8070,hf_08070,sketch,images/sketch/hf_08070.png,24d4efa5360a4f9cabc55ab2df592439a53f31699b8c0690a768c8ddd2d3fc61
8071,hf_08071,sketch,images/sketch/hf_08071.png,fee4328963649b657b7e9977c3f2a184e1c1e56d5e962b02c9cef153b0180453
8072,hf_08072,sketch,images/sketch/hf_08072.png,5b816ec21f4688d9d28d905fe4265497994aab4f1d74191b459a52f80a29ab95
8073,hf_08073,sketch,images/sketch/hf_08073.png,45f47a4961cd3af99ebaea9070c00ea134ea475c243965dd355a9c619824db6d
8074,hf_08074,sketch,images/sketch/hf_08074.png,63be7d4e442753ac4ff4fc007fbf96cb39fc15e794eb3551a555810051e556e8
8075,hf_08075,sketch,images/sketch/hf_08075.png,37e80b832337c1b96335ab857de61b9d190e607f73568818ab06d9f06b8db657
8076,hf_08076,sketch,images/sketch/hf_08076.png,0b2ee0098064bea57806ea5d8499a0acd4306b2ee3467c4e524470f2b6ddc704
8077,hf_08077,sketch,images/sketch/hf_08077.png,b2fdf7312516ce427001ef7be7c73a852d9874dce731b4eaee6a612b1354b6d8
8078,hf_08078,sketch,images/sketch/hf_08078.png,e6a6bedbb194e35a6c88f9d2db82f3bf15bce1523f372a8f513087956c8aee23
8079,hf_08079,sketch,images/sketch/hf_08079.png,328a3c72b214b926a188529e702cc2e6004f11b1398fa62313d2c922a178b7d5
8080,hf_08080,sketch,images/sketch/hf_08080.png,6e4a5e2775bcfa3900bdbd0c15f1cd282cf7f4a778526a6ff04e8eca981c6418
8081,hf_08081,sketch,images/sketch/hf_08081.png,92b6669ec68550b67ca4445955b8ed2e1031618a41839734329f4f2c81ebf5c9
8082,hf_08082,sketch,images/sketch/hf_08082.png,4548155bfc661acb5e5a32df7a5e1d5db7729970c7b8736598470797a9476d09
8083,hf_08083,sketch,images/sketch/hf_08083.png,3de09bbdc2a6fad944a89573f456f626e6d13929c2b6aa4bf5d4c5c44904e68f
8084,hf_08084,sketch,images/sketch/hf_08084.png,b610a588049ed0a87d34027b52f45a6fa65a298a4e5ef1639844701323348c06
8085,hf_08085,sketch,images/sketch/hf_08085.png,076126527306e4cfc42668c0a77915adfa36de23ee26eda4a6d3ff78055156f7
8086,hf_08086,sketch,images/sketch/hf_08086.png,b2e8ab18477ba19120a25b82246f1d968317510454108780e602323087c3f67a
8087,hf_08087,sketch,images/sketch/hf_08087.png,0f2e479d1cf8ebb3ab36a02a3ba89b1c6dca5152256e7abb000bd4babc21fc4f
8088,hf_08088,sketch,images/sketch/hf_08088.png,a04bc589baf3e0b773ef8bd1753c239905b73de9fadbd42348d2ac602aec7f22
8089,hf_08089,sketch,images/sketch/hf_08089.png,fc12b8575b89177f16e80f009d6ede430ce8fb180360619a12b63715b0a8f33d
8090,hf_08090,sketch,images/sketch/hf_08090.png,570fc0c3facba7daa6c4dc7efc05a8cf4368a1afb5ebb2d5c5c7482e99ef087e
8091,hf_08091,sketch,images/sketch/hf_08091.png,69c8fd761bf950c6a79d11ef5077c75203d477d6830bdc61f40385e8e08e1a13
8092,hf_08092,sketch,images/sketch/hf_08092.png,bec82f5bc70314b1a92e283642ccc14e56f5e4c8bf837b1b4c7e2cded9a0b66a
8093,hf_08093,sketch,images/sketch/hf_08093.png,141cdcf69cb6743f67107537aede5db286b08fcc2f4c83d0e0ef4b4ca44fa046
8094,hf_08094,sketch,images/sketch/hf_08094.png,5aa547ffa7e81e94699ed4ce183bcbf16ae7489abf2cb0b69598cfa1ce490a9e
8095,hf_08095,sketch,images/sketch/hf_08095.png,2a03de503292ff7dd479babaace107eb37601a899704f8a991828da47fef765d
8096,hf_08096,sketch,images/sketch/hf_08096.png,7205f151f1c3687fc88b1f9ac86ac26ec085c1394db773e31026007c25e441c2
8097,hf_08097,sketch,images/sketch/hf_08097.png,787cef1dddaf0b97cc1976c37e18daf8983add41e1855116d896fb881e6dbe78
8098,hf_08098,sketch,images/sketch/hf_08098.png,8f63bcdcf50e55709871d6329c3ddf3fd693f6aeabae9457e8838ad127ba8f21
8099,hf_08099,sketch,images/sketch/hf_08099.png,1e1dbe95e6a71ff6436791a9d6062df604c78427ae762d3bb38bc2e3ab777b79
8100,hf_08100,sketch,images/sketch/hf_08100.png,0e5c24dbd32163dcfe6884926f054a6185af323ad185ab1fd9860b0895eef5f1
8101,hf_08101,sketch,images/sketch/hf_08101.png,66a6d7539257a17b32cb6f77ed8741f5d22f9db8eef343e80315ae44375a2a92
8102,hf_08102,sketch,images/sketch/hf_08102.png,a937de52a6569bd22918a882e57b2339ae09f8f8282a1f80a90495852384ea5c
8103,hf_08103,sketch,images/sketch/hf_08103.png,ed0e63b2c780b73542bf77c791248e3f38065c9b27468266d74dd8ee49dae00b
8104,hf_08104,sketch,images/sketch/hf_08104.png,769eee84f2fda8c11f6bcedb0388f76a6ff2712c73946fdeef6891364fa7cdb6
8105,hf_08105,sketch,images/sketch/hf_08105.png,f891636b12e3713dd8900bb3245cf669fde03b8e7b050d18dc11536c22effc77
8106,hf_08106,sketch,images/sketch/hf_08106.png,d70768380d54d1a8f853e2db74ddde4d4dd8640f9c92b3a603f3f13b58118e94
8107,hf_08107,sketch,images/sketch/hf_08107.png,14fcd2243216968df861487b32fa4e7773ef9051d7d77ca65f27a44f7831bda2
8108,hf_08108,sketch,images/sketch/hf_08108.png,d4d208b9afdaed1311dca40012ec77de863c9309421a26eddcbcae3b3ff7e2a2
8109,hf_08109,sketch,images/sketch/hf_08109.png,980833f646025a589521b026b70d1d54e551f2d42be001802c42e71f089f479a
8110,hf_08110,sketch,images/sketch/hf_08110.png,40f69a33c893f1978dc05c396d053b5a07c33960d4b910afc32f94c4c834b7ee
8111,hf_08111,sketch,images/sketch/hf_08111.png,1627dc6c08ee8ea8722d7988293cb6b3d625adb11f7748334d055a0c1f3718bd
8112,hf_08112,sketch,images/sketch/hf_08112.png,49951f948ada3bdc073e3bf43e0449ea3fa8a6707ce8ddb8b1396bafe1472b87
8113,hf_08113,sketch,images/sketch/hf_08113.png,5569dc9de5d216673153559ec3fe09e9caf96666873e38788bd36be8c2433c16
8114,hf_08114,sketch,images/sketch/hf_08114.png,bbb913df4acb9bec04984708f5e34c18951bdd63b3f2e63bcce9a916f4ea1ad8
8115,hf_08115,sketch,images/sketch/hf_08115.png,2f78b34508c243e0d257343300b6c98a17a3c9b6f510f18f87a466d8d14cb609
8116,hf_08116,sketch,images/sketch/hf_08116.png,39f954e75e6361097693efdf9ffa2bcb1d23f73d30fa4327558f7d609ddbc380
8117,hf_08117,sketch,images/sketch/hf_08117.png,1b2cd955102429d88c91e338713344eabb6801b1ef945342818170998a9c9df4
8118,hf_08118,sketch,images/sketch/hf_08118.png,a7b5ca986c563fecb8212613cee6f965338e7f4c0d25b5a16b0d5099cd1ea752
8119,hf_08119,sketch,images/sketch/hf_08119.png,55eb87656b10faf411bdc03f0233288d1840f0d8f94bcbe858da3cc14d625813
8120,hf_08120,sketch,images/sketch/hf_08120.png,7fcbb2c45e5e1393e3083cc2b37e8e4f95031c6efa0e1306964a8bc5d0131816
8121,hf_08121,sketch,images/sketch/hf_08121.png,a509340edf4e6a83c7433c34d26dadf3efb7fed924e867948252994f2b453f12
8122,hf_08122,sketch,images/sketch/hf_08122.png,892cf58ff89d33e2bb782abcd3fbdd51903eeedc56b1adf58f65f437e2ad0daa
8123,hf_08123,sketch,images/sketch/hf_08123.png,6d4284a77caf6cf5462e71d58f78e0c4ad0d82e8d977d248217036308d2a0157
8124,hf_08124,sketch,images/sketch/hf_08124.png,1de6b219d0a2a48852a53892ab6bdfd73327b385a17429998d981aec30aa25a4
8125,hf_08125,sketch,images/sketch/hf_08125.png,d8bb5709aae39e4ff012e947afb2dcd9f547c4a65f257c13454b9797a404c454
8126,hf_08126,sketch,images/sketch/hf_08126.png,686bca08f0db8dd6596f91ec47c73062cfdef7e32c574ccd96b2a8f0c00144fe
8127,hf_08127,sketch,images/sketch/hf_08127.png,746c24de9e9a66a4832396daf4e6bd28aa41cd7a3871d9e06d9d67dbfa84568a
8128,hf_08128,sketch,images/sketch/hf_08128.png,9b15afd0c2bc1f33af3cecd2a2f069b9b881892d75486b86aa1610ec7a75a2ed
8129,hf_08129,sketch,images/sketch/hf_08129.png,fdb147b5f434a0b205b0843f6fdd40e9449ffea0f72d1ff801302c691932e8d0
8130,hf_08130,sketch,images/sketch/hf_08130.png,fdbbf7690a5ee0aa17e7877dd528ee622da655b2930bdcf818641cfc8fb00189
8131,hf_08131,sketch,images/sketch/hf_08131.png,7f880aca5d0e0908bff5a797ffe7feb6f4b885d699114739660e4990be0a9be1
8132,hf_08132,sketch,images/sketch/hf_08132.png,2c9e7d9878f336b4f2f233273b076e50563ba6c6b5bc22d63c17763d53d949eb
8133,hf_08133,sketch,images/sketch/hf_08133.png,a813ade74d5ab1c1f76d74f34d0fc4f30576fea6f8f663707b66d0a7e775cba9
8134,hf_08134,sketch,images/sketch/hf_08134.png,0182176d4903997dbf4d8270a4bd351fc478f7887cf73d6ee8f55a368b705e84
8135,hf_08135,sketch,images/sketch/hf_08135.png,ea995df6e21878365c29febd8090d0de9a5b40388f4e3d4117024951cb95b21d
8136,hf_08136,sketch,images/sketch/hf_08136.png,03336ae997fd44595146bafac65a638577b9427a783fab63aea2e8c508f6fa7f
8137,hf_08137,sketch,images/sketch/hf_08137.png,8d59157f4d06aa7af3667fa8bce71d738a011ecaf2c5b7d466c515d0e314ff72
8138,hf_08138,sketch,images/sketch/hf_08138.png,32710656bc709593779cc796637c02f29699b193f27ad81cd6097824ac3af29c
8139,hf_08139,sketch,images/sketch/hf_08139.png,842e8619e9f8540bd8aba15450ee389141819af62b6edf28461abfbf7cf96511
8140,hf_08140,sketch,images/sketch/hf_08140.png,56f86983243b9cf792b446c6dada0c703cdf46fbf9c2be6b0efcce08d1d1db18
8141,hf_08141,sketch,images/sketch/hf_08141.png,ccdea849ae67b596be3a4265d65dee3e86b8de01743a27e43b39c0c4763cd052
8142,hf_08142,sketch,images/sketch/hf_08142.png,ff9c1a19775baa1cbaa2697213aea2bae04e3c0d0a7f9947072ef19b9369a160
8143,hf_08143,sketch,images/sketch/hf_08143.png,339d6ad4fa5df3133a37d6bf5a52259456fa2e7e16970344bc3fb45a1f45c0af
8144,hf_08144,sketch,images/sketch/hf_08144.png,27a46d4086b2dc3b641e1abdd5eb16c4d0891d1babff8961bb681053b37e1b36
8145,hf_08145,sketch,images/sketch/hf_08145.png,58e2b46c00d7d20b4b6ef9ad643ef76d64cec160b7648f7c1ab137a370d721cd
8146,hf_08146,sketch,images/sketch/hf_08146.png,6b3ebd09685649c131990486b11ba218bed4189578b9ed8b807f92c06ed75e91
8147,hf_08147,sketch,images/sketch/hf_08147.png,4f1cb20508471124f0beeac58bc18944b73a95daafad70c08199f2b66cff90ac
8148,hf_08148,sketch,images/sketch/hf_08148.png,dc8323aa32bf17c8620548a83e419bbdd60b0babd0088f8947f3cccb95934640
8149,hf_08149,sketch,images/sketch/hf_08149.png,83e40dab4c080223ec4ec54743c722ce3c87f9bc6729059b056636efd074b411
8150,hf_08150,sketch,images/sketch/hf_08150.png,df040c3d25483e176a618a714107795544da399fa72bb8d717aefbcdf8c70162
8151,hf_08151,sketch,images/sketch/hf_08151.png,147f66fe1c2052b76e7587c1f59cb0a08b90762fa32d05830864c2d69e6fff32
8152,hf_08152,sketch,images/sketch/hf_08152.png,af23d82ed3be1a1bac7585bea12899fd61e6a954a07a49d6a2de5c5ef732bfdf
8153,hf_08153,sketch,images/sketch/hf_08153.png,238cf2d49d6c03c23445b3c2dc01efc793cd159f4d9fe88569340fc2e0c850ec
8154,hf_08154,sketch,images/sketch/hf_08154.png,7d16da2597c0b41440cef3df450a37503a4737444fe59d13dbed4ac67e6c6b6a
8155,hf_08155,sketch,images/sketch/hf_08155.png,a2cd8f876e69c5a32f19ceb9def0d13be0b2aab9a33f967d8e4948bb9739d662
8156,hf_08156,sketch,images/sketch/hf_08156.png,2400d56aad3051da923d040048616d136379c5fd5785416b70967987e6fd88e6
8157,hf_08157,sketch,images/sketch/hf_08157.png,d6df1f2fbce6b357117f71aee768882eb0900bd09d7762404f8fc32d5bcd851b
8158,hf_08158,sketch,images/sketch/hf_08158.png,400450589ede612d2e135d253ecf1f6e1200b19fb637fc8d1be87cb07b10067c
8159,hf_08159,sketch,images/sketch/hf_08159.png,58bd8de3b315a1ca101fe17196efbb7be4afd85002db1e9f2804274c4ff56874
8160,hf_08160,sketch,images/sketch/hf_08160.png,c545af55f3326f494af93807d4992aa4f5a990cd4702df9b8c4201119f8f9eb9
8161,hf_08161,sketch,images/sketch/hf_08161.png,980a8b42ec7c557e892c6fa759aeadebd38b189cebadbcc3a6bbdf7af204b37e
8162,hf_08162,sketch,images/sketch/hf_08162.png,0e3bfbba52746a19973bc5e610c9d4701a06722dd9ed4741301d3dd34bc93eec
8163,hf_08163,sketch,images/sketch/hf_08163.png,95f7e4eef9e3e5d641fadc724bc6c6280be5fd4a652ccc6f7c6c0397a9b6b4f7
8164,hf_08164,sketch,images/sketch/hf_08164.png,a53fee87a039be186b72bd932321231bd5d3373009c5550abd16b142c79df01f
8165,hf_08165,sketch,images/sketch/hf_08165.png,8d9855c3d7433a122a43b7376c345eafd5c3ad79a05996e560c2d54abd64fe07
8166,hf_08166,sketch,images/sketch/hf_08166.png,3980094c474d827ddda0bf42569f90dc62472436452c7a43993feb8ba1a29228
8167,hf_08167,sketch,images/sketch/hf_08167.png,c99c8a1a9bd9ce843fa43701620f0e86ef6e3f28bf3278d8c2f2562c946e25b4
8168,hf_08168,sketch,images/sketch/hf_08168.png,3bf93b94726ac8454416dc264e6806ccf648c331202683f4d7b08dbfba404044
8169,hf_08169,sketch,images/sketch/hf_08169.png,13185f85348318fb91abf169dc21e243dfa6f86ea0cf70d262876cc83d47b8ea
8170,hf_08170,sketch,images/sketch/hf_08170.png,f7202a449fe7a456aa0397fdd8f9907eb680af89f11b6cc4650707c89f147019
8171,hf_08171,sketch,images/sketch/hf_08171.png,038590a571a10b4ae9b98c12f0fb1538efdb2a88c840a2892ab8fab223fd2b02
8172,hf_08172,sketch,images/sketch/hf_08172.png,4308ea80579de1a300fae582c11efcd27079940199e6463a262694ca31b6d3a8
8173,hf_08173,sketch,images/sketch/hf_08173.png,74ef9f0d1b1c79f34a3fed2f197aad052f7e1a8c895e8c0916dd9ad7c798b9da
8174,hf_08174,sketch,images/sketch/hf_08174.png,3b0005a6e92ca41e5e22a5547174615542ab1b1423b3e6a1e692eb7f4582bc28
8175,hf_08175,sketch,images/sketch/hf_08175.png,40c94f25df2bc7fc88f1aaa46b73ae7ea2c11e368fb2cfff9d6e3ea27b7dc1a2
8176,hf_08176,sketch,images/sketch/hf_08176.png,df1a3c51db352f5c39fe8310b9abae9e45eb08d322b5c5507cd39d3fc2752ec7
8177,hf_08177,sketch,images/sketch/hf_08177.png,6297a495a30c2b680b603f84030e793e94a94dd82e4833f84a22e58d3810e6f1
8178,hf_08178,sketch,images/sketch/hf_08178.png,fa3e8f8b1c470975e6fafc4570a2923dc2609968eb16d3ea8c2d55ef137904a5
8179,hf_08179,sketch,images/sketch/hf_08179.png,e9cb62122be90d3cc07a3aac1b7ce6d90baaf114f71c9a945a3cedc447d35f04
8180,hf_08180,sketch,images/sketch/hf_08180.png,9225b8fabfd7fa2ba42143759d7446d9cbdecff7a65e64779d22d2121793791e
8181,hf_08181,sketch,images/sketch/hf_08181.png,fe9ccb1cec232a53f8f13867f77e10201384cd3d8910bccde677a46d3f770017
8182,hf_08182,sketch,images/sketch/hf_08182.png,73aa2330e0dca812aebdc4eef79d401a0b5eb04773b18b402b99c442d3f75f20
8183,hf_08183,sketch,images/sketch/hf_08183.png,573952eb45b8c0e5a6ce88159a2901200f5508938e7e773d325a119f9966e0c0
8184,hf_08184,sketch,images/sketch/hf_08184.png,3cf8ae67af9bc3b3ad0e503d2e083db65d2e049121d7f58e36fcfb763ab6139a
8185,hf_08185,sketch,images/sketch/hf_08185.png,f98f42d6cffa2b3723fb88f7a98a7b0e50debb13a82033030eee6c00d4a619c9
8186,hf_08186,sketch,images/sketch/hf_08186.png,1064496419ac58151fed67b7c3fbf64becab9fa2f7db1c9febda828c5358f0a1
8187,hf_08187,sketch,images/sketch/hf_08187.png,b0c48d5f47e690090a8a162687ea8e1843d7b59ceac93407dde188642e8c5ab0
8188,hf_08188,sketch,images/sketch/hf_08188.png,cd6c5913984369e6068b9a7c0876ac2207cd02e691668395ba96b78bf38a543c
8189,hf_08189,sketch,images/sketch/hf_08189.png,e37230bb442c35dff94a60989723ee6e31fd096ab2a32da287081656b7c3b3a7
8190,hf_08190,sketch,images/sketch/hf_08190.png,454b16e115c58d6b2629c39aabbe4334303e192969f784c9213584ab4ee69f19
8191,hf_08191,sketch,images/sketch/hf_08191.png,ad699fce892ea0767c0849d8b25f82d10ae81b778ecacbda0bba201bdbf558b2
8192,hf_08192,sketch,images/sketch/hf_08192.png,6eae9a25d6f3fd3e68da57d6cf9aa697b3ffb37135fbee33ebed25fb9f2409a2
8193,hf_08193,sketch,images/sketch/hf_08193.png,b3b537fcaf25285ac096fef94e96897500271b68214c6cbb060b17faafc0463f
8194,hf_08194,sketch,images/sketch/hf_08194.png,1b57a9e37e35cc07d522ed191988a3a9cded9d2d5c96f2258705722f3c371c50
8195,hf_08195,sketch,images/sketch/hf_08195.png,07eda114306d61c5342d4d710a5ae7ae36348fea27df940274d11065fd42cc97
8196,hf_08196,sketch,images/sketch/hf_08196.png,eb2134c3aa62161881df7d8b2a04f992480f99fa6377adbd9e07de7fb7ee1121
8197,hf_08197,sketch,images/sketch/hf_08197.png,df567ffddf4c1b0ab024391239dbf229b62cd9716ebd220704050b9e1e6da680
8198,hf_08198,sketch,images/sketch/hf_08198.png,e4845d8b3424da3ffa63146c1f00349f8347105333642af8ec658a6297d02967
8199,hf_08199,sketch,images/sketch/hf_08199.png,e8cab8011099230db6873a88cfdf11dae52cefea24a8b2b26d92cb80b2c80887
8200,hf_08200,sketch,images/sketch/hf_08200.png,fe2f73bcc1954a8290351ddc611841c9f953d5845822f143440ed9ef8f5d6a37
8201,hf_08201,sketch,images/sketch/hf_08201.png,63f3b3e4bf37068df8c5ea69d3abfe79433a147d90560c4c1135dc593d786481
8202,hf_08202,sketch,images/sketch/hf_08202.png,eeb1392fc16e403814f0218a625d34b2cbb9f172478c6881a4c4b28b1e24f067
8203,hf_08203,sketch,images/sketch/hf_08203.png,5f4874c04f559da456b8ab1adb8dd2c584a038ba5c7784aea61647c8b09e890e
8204,hf_08204,sketch,images/sketch/hf_08204.png,b5e020d19006304a46f79770c96207a0d1001d5183d263dd184342b09449da7a
8205,hf_08205,sketch,images/sketch/hf_08205.png,ed5363966b79e8f000f9b9448e490c56ad717ef1ba997a61b1d0c674f4add154
8206,hf_08206,sketch,images/sketch/hf_08206.png,cc429d70cb04ee89cca5003e078a91ee0b1b0813f6cb0c2f1ddfcca4f8dc5aab
8207,hf_08207,sketch,images/sketch/hf_08207.png,e1d556e0fc100ce40baba57b0bac21cdc8eda132d967f921c7ef557fcdb1c523
8208,hf_08208,sketch,images/sketch/hf_08208.png,a32808113d0f2fcf83471d29186710af4102fdb552b28d03b9bcda52476e0221
8209,hf_08209,sketch,images/sketch/hf_08209.png,01778602de698eaf49510d6305356822c900304634b0cc5aa07b17dbb8219a5c
8210,hf_08210,sketch,images/sketch/hf_08210.png,a7da4f19dafa1861ded53e4fc9d88e38e8f9d316d927562482830b9f549ccebf
8211,hf_08211,sketch,images/sketch/hf_08211.png,8287446bcc44f2f70b36bbda774a3d385f586ec3b2420ff9297a03537909d6e0
8212,hf_08212,sketch,images/sketch/hf_08212.png,47ebc8b0cc4255376fb2a8a53a8d4028c24e1acfd74da70bcb3dc464d7437436
8213,hf_08213,sketch,images/sketch/hf_08213.png,2feca8a1b0f9e3a18269043b0f81234e995830f200448944cbfc781ee8c153f4
8214,hf_08214,sketch,images/sketch/hf_08214.png,03cb42e9db4e9c0d60c1edcf9f8faaa4fba607467c2abcc4cfc8f888d01db7d0
8215,hf_08215,sketch,images/sketch/hf_08215.png,36bc3ae40995dac8f43c206603777108153c77ecb66b767b213e3199d4f7ab7e
8216,hf_08216,sketch,images/sketch/hf_08216.png,4b731b0ac3baae120b26ae20ad86ef491911267d532662c77f3b24328adedad6
8217,hf_08217,sketch,images/sketch/hf_08217.png,b29af7bbb4db8b7b5a4338af579c25ea447c0935c922fbf2c7a82b288f8ce020
8218,hf_08218,sketch,images/sketch/hf_08218.png,5d6a282518214d56c7c79ce6a529ffa8cd104db7529027cae7054e666ee6e9b8
8219,hf_08219,sketch,images/sketch/hf_08219.png,d7ba60efda2c5bd762a0314ef650f423b8f8aa813ef4b7564ca242a9696ed476
8220,hf_08220,sketch,images/sketch/hf_08220.png,943cc24b3941b9a8519c1d40267f7d19c723ac753d331c46885467920a15c3e1
8221,hf_08221,sketch,images/sketch/hf_08221.png,03ab5c74a28f477179b53ed1f32486323f18ccf853898f5254ed3ac6414e64f7
8222,hf_08222,sketch,images/sketch/hf_08222.png,2b52fd25d46e40758136c3e8d534979ec7144923f225bdf25dc55cda85b5cd9d
8223,hf_08223,sketch,images/sketch/hf_08223.png,85697cbdc849aa443c41adfcac4be865b46ae9c54fb4ad802bea3328f0483cf1
8224,hf_08224,sketch,images/sketch/hf_08224.png,f33bac30f1c9a06805faff54d3d0744fd14e20d415f194dd54291594e5bdbec7
8225,hf_08225,sketch,images/sketch/hf_08225.png,8973eb2f307a830480ae743bc8a492cdf9376b637bc8fc5d99467a93d7ff9b3a
8226,hf_08226,sketch,images/sketch/hf_08226.png,b3929a924d67b358057e60b89dee4f61fc150fbb7cc42c1ca1d6e08353652e48
8227,hf_08227,sketch,images/sketch/hf_08227.png,b3a9748640b10b4b9b2cc821dde28467ff719bc0f4d7e3685b448d34ecbcb8dc
8228,hf_08228,sketch,images/sketch/hf_08228.png,6719df18d8bf8834d4e1bc299cb4059aac71e17507e4e983eea01de7ec6e3898
8229,hf_08229,sketch,images/sketch/hf_08229.png,8df68dda0046291041491d860f78b4f359048b81f3acf7f3a5f1d1918fd5150f
8230,hf_08230,sketch,images/sketch/hf_08230.png,520bea309c6ef10ef8f184b53080890f4c186c836f05b6f2e6cdfc1348fd165d
8231,hf_08231,sketch,images/sketch/hf_08231.png,41cfac544d5730ead621d0f87008e5ffd9afb89f6928047870f2ad5494ae798d
8232,hf_08232,sketch,images/sketch/hf_08232.png,3ffb47c077bb112a66c22d548bb40b4cd0a69735d6581dd3f5b74a90d0f8bc04
8233,hf_08233,sketch,images/sketch/hf_08233.png,e73e7581504e2bfc7215707b87a759c1212e040a981224cba40900fa5dcc0163
8234,hf_08234,sketch,images/sketch/hf_08234.png,a3c5ffbaa71671dc2b4b3bdb8c9be444d437dbab7573fa93b28d96da34c47740
8235,hf_08235,sketch,images/sketch/hf_08235.png,c432f68fe55a4708db566c3ade01f556f37fec6361073dc610e8378920a00764
8236,hf_08236,sketch,images/sketch/hf_08236.png,1d3a38d9eae69c7546f07a3bb176a65026a9f074373e1a283ba10303e9bbbbee
8237,hf_08237,sketch,images/sketch/hf_08237.png,582da3e15c1f6d12d9871d84c446c1f9b8f48deac1cb33dda4f218259986caf6
8238,hf_08238,sketch,images/sketch/hf_08238.png,0ea8b0c76e8a32b75424a5e4aec743b4c255d2eb7e2c099efa469c362264c0f0
8239,hf_08239,sketch,images/sketch/hf_08239.png,511d5f77d3da7cfbd4c0790712917b98b5ee44a093b4e9ea191721b84428c347
8240,hf_08240,sketch,images/sketch/hf_08240.png,16447c5b1e9dcf93d4f951ad391f2931966b11d63578a8ae91f49af48b3e3f28
8241,hf_08241,sketch,images/sketch/hf_08241.png,840a4325103d747e9b08f1fa77ba43873afe0375e6b025fdef9417ae967e31a4
8242,hf_08242,sketch,images/sketch/hf_08242.png,b8093588590eb0ca00c3f14faba667e0d8ecbd4e2fa31a0e59e0aa49a8bf2e02
8243,hf_08243,sketch,images/sketch/hf_08243.png,27d4a79d3f154815ad6e152e599245bdfd7918ebdd3e02c1eb08963ededd0fa4
8244,hf_08244,sketch,images/sketch/hf_08244.png,cde65d57a253f8c3be42d8ea57ae1e27fadea3dfab4c3d4dae946e8509dd25d4
8245,hf_08245,sketch,images/sketch/hf_08245.png,57822622ad451a9ac995a65c13a0c81ffcceeca8152f527619129268202ae6d4
8246,hf_08246,sketch,images/sketch/hf_08246.png,dd101ed2fdac64e6ac398944b72f90a0d2006597e43cb22fe17dc6ac0f5f096f
8247,hf_08247,sketch,images/sketch/hf_08247.png,d07895ec2c11fb4ee22dc81abf8845333b3cf580adf3d5677170272ef689d746
8248,hf_08248,sketch,images/sketch/hf_08248.png,f22ab1b48143b76bc704dcbe74a2de17153fcc976381ceebd24ce85bce0f07b4
8249,hf_08249,sketch,images/sketch/hf_08249.png,482b5458a5783bef97f1755a27d0828a2579c15852f6fbbe0e712204d1917667
8250,hf_08250,sketch,images/sketch/hf_08250.png,5748bb0b06b8a0f19c41bfc0ec45f0e154aa3ec8c908895ff5797e985a78b22e
8251,hf_08251,sketch,images/sketch/hf_08251.png,e140171b098da102c9c9eb41b759cb8dbce41c25c809c055b3d2d42d4d5c7aba
8252,hf_08252,sketch,images/sketch/hf_08252.png,8ce6560fffad07fefbfc06a8a9972c13be2199f69cf944a716697f8c179b5845
8253,hf_08253,sketch,images/sketch/hf_08253.png,d55247c45714b6b974e39b3719d8b3104492a5886ffdf44401b9653861bf007c
8254,hf_08254,sketch,images/sketch/hf_08254.png,5b64cd47ddcaf95e5d877f312457ced9d3c7464eca766969e1a00e6d5518d018
8255,hf_08255,sketch,images/sketch/hf_08255.png,68ed7249c0404d5c76c78d81ad070c589ca2d9dab74a5a85fe27998c56b84afa
8256,hf_08256,sketch,images/sketch/hf_08256.png,a99c040f0b281a7f9def0392a753cf0d1006501bfbd64726d007b2797a69c618
8257,hf_08257,sketch,images/sketch/hf_08257.png,d23f8cfb72f22c223bff11eabc0b0c274b047d954d3256e36bce699bd89293e5
8258,hf_08258,sketch,images/sketch/hf_08258.png,c5e7c8d49722370edf5f542582160f407443275201f6a82d7a93943054524217
8259,hf_08259,sketch,images/sketch/hf_08259.png,4ec69dbd5a9ceb6a1478f1312e334f9fbb2d7b9659cf938e00b1b90dfe5853b3
8260,hf_08260,sketch,images/sketch/hf_08260.png,d66ba3302e0e9a30a33fa1c5ddc6cbc253e6bd8373c1c9869b8ea0ab7ca34881
8261,hf_08261,sketch,images/sketch/hf_08261.png,d89cdbd5261cbb02dcb25d7c4970af7bec058271c6434fa361eea814f14b0a9e
8262,hf_08262,sketch,images/sketch/hf_08262.png,b51c156667eea9e896a7d6f65e0c511ecd1a4437a9841e65cefa39c242adda2a
8263,hf_08263,sketch,images/sketch/hf_08263.png,976cf140a02913ce3fdb01d40a3adaf49dfc2688b3de21bf73dbc2ddf8611bf7
8264,hf_08264,sketch,images/sketch/hf_08264.png,9ac899b2f2899661ce789947cfd195b9ab5ac1d8dc35820bc2f91c5109853759
8265,hf_08265,sketch,images/sketch/hf_08265.png,65aab1afb54ef9ca534b77a1f19012c8d38d430182571eea46b78a9941dfd3f0
8266,hf_08266,sketch,images/sketch/hf_08266.png,78b03bc065d32b79570be844db200c6d6f857f9f0a822f4659d2acdbef7f1314
8267,hf_08267,sketch,images/sketch/hf_08267.png,6e050977ce484494ba8b4811a59aad29b9f8cfc36e79625b1f578875dbebef75
8268,hf_08268,sketch,images/sketch/hf_08268.png,621ef199a7314aed746f78789355b0c2336eb82b255436ff925a27a0a84fba4e
8269,hf_08269,sketch,images/sketch/hf_08269.png,3029ac087fd48dc47e768057be5fe8409cd874100f4de7fcb3c3a51f18d74e82
8270,hf_08270,sketch,images/sketch/hf_08270.png,0464fc8f54ae641b36333644c15f6871af4b2b7566578455f0c3fba9d05fef56
8271,hf_08271,sketch,images/sketch/hf_08271.png,b970052edbc14282080639e271d1ae0ffb965c34d3d72d475d5bfba3f78f523e
8272,hf_08272,sketch,images/sketch/hf_08272.png,3581d8ce197a6843c106eb766dbf909ccaee51795bb82c50b6104c522c1f7f1a
8273,hf_08273,sketch,images/sketch/hf_08273.png,d55d670581c600671f2052f60cf831c7da9b1587d80cf4053ef0cbecda602699
8274,hf_08274,sketch,images/sketch/hf_08274.png,680a6bc861070548f244c714244c22c097e69fc77a7034f2e70bd9c3cc437076
8275,hf_08275,sketch,images/sketch/hf_08275.png,7abf52f135c480fa24756dd1d47f1d5508b723d6c256e6d4a36d559df6baf08c
8276,hf_08276,sketch,images/sketch/hf_08276.png,0c01ed6692b0ad998fa656566e6ca3eb2413df04b64c9e77a0b85bea067ee313
8277,hf_08277,sketch,images/sketch/hf_08277.png,359ae6099031a43c9252c4103505adb7f5a5ec3b39dc8796a453cbad4e4075d7
8278,hf_08278,sketch,images/sketch/hf_08278.png,41351df1d4657dcd0d7f7528d7c05b65465850077313d8ff7610d2846bc87b8c
8279,hf_08279,sketch,images/sketch/hf_08279.png,3df5df02c97790af4f6cb11a76391c69465b4e14e6bf21cb2f498ed2803cf568
8280,hf_08280,sketch,images/sketch/hf_08280.png,40ce4296269b07247d1c62965571791e87db3a41cf7338ccf3a1b73205b309aa
8281,hf_08281,sketch,images/sketch/hf_08281.png,85b0d4a83c82ab66c7f481b39a1e45fbaac4c16cf11921d957c9703318786368
8282,hf_08282,sketch,images/sketch/hf_08282.png,fb5bc15bd657a5df10cc44cef21c085453c3d0edce803c227bff143864b88708
8283,hf_08283,sketch,images/sketch/hf_08283.png,41491d9eb26127b36b73922e3b887b9ebd35b2a12e31a7467872e5e3538d9ae2
8284,hf_08284,sketch,images/sketch/hf_08284.png,dc05d3d5e2d585f476b6f90fb8eb94432c331d04ef093d4ad9efc4f168508f24
8285,hf_08285,sketch,images/sketch/hf_08285.png,a77c6e74f067fd78daf00e01bc360243fa78d84ec0ecacbaaaf16e0562ca6aea
8286,hf_08286,sketch,images/sketch/hf_08286.png,8102cf82dcf438aacaa36abeeed105c568ea0cfc2751d51a87196059258417a6
8287,hf_08287,sketch,images/sketch/hf_08287.png,af4cb44de6345c33da5b1a548a812677471bea644eaef448fa702e8e189e1808
8288,hf_08288,sketch,images/sketch/hf_08288.png,c169c07a03148dd69a3fccbaca72676305eb0a79b735dea50ed99846bad01c0b
8289,hf_08289,sketch,images/sketch/hf_08289.png,3434d67b74c23874edcc56cb7c2a91b24503b2aad124931070bfe886476c6b62
8290,hf_08290,sketch,images/sketch/hf_08290.png,daf914d4faf11310291bb7aa49759fe03efca688ad32b583e23cbd4a54df65af
8291,hf_08291,sketch,images/sketch/hf_08291.png,94e983ad278c7a2552bb3ac0de9ea9fc002f09ba0d2fa70af25593444d49a1bd
8292,hf_08292,sketch,images/sketch/hf_08292.png,cf4c22f1ff2e04bb1c2998a2082f54dc558a81a9ef098cc52afa3698f7691250
8293,hf_08293,sketch,images/sketch/hf_08293.png,046832b0623f687fcbd65b4519073e0aa35c0a2968c17bf896387651ecb82ad6
8294,hf_08294,sketch,images/sketch/hf_08294.png,1205551a316cbda27e64befd69450b22a688a601203feb7c2a14498cee37a814
8295,hf_08295,sketch,images/sketch/hf_08295.png,787130dc7408c75583733deef874ec36dae0f5d9df2e642b746b5b810773eb9d
8296,hf_08296,sketch,images/sketch/hf_08296.png,1c3a5878b1bc5ed49b977bddb22c2644b019a21e35ac8c551920a42d5f402925
8297,hf_08297,sketch,images/sketch/hf_08297.png,80411d786cd7e8e9e0f94490d8e0df40d4a73c4ce320dbc4310cb2b7d5578f1d
8298,hf_08298,sketch,images/sketch/hf_08298.png,7aa94de995c3b763d575a733587d1f81e801032f0a7b09aa0e0a3ec102609305
8299,hf_08299,sketch,images/sketch/hf_08299.png,8b8a0f01930fff710d3f318bc9252e9ed08bfc79cac5648a2b999a2db5448f14
8300,hf_08300,sketch,images/sketch/hf_08300.png,7e294bc8affc5ac5b0207c6b287c6ff4714e0a7c7476ccc97bd7951b4edfe5ea
8301,hf_08301,sketch,images/sketch/hf_08301.png,ce0227ec7489f558e713f8670a160538ecb8b3012b4aeb6c0fc7671cc790505e
8302,hf_08302,sketch,images/sketch/hf_08302.png,a86d10b6d02446816da20692b944f49975e1330b5ad72199426a170c511b62f7
8303,hf_08303,sketch,images/sketch/hf_08303.png,02faa17a65c9698e9e92ce1df27edabd9e36df000e3fa690d2d931694e408352
8304,hf_08304,sketch,images/sketch/hf_08304.png,f64ecc54b0b770ae50634aacc7a650fe2dd092b59cb1f473ddc0a3cddc675042
8305,hf_08305,sketch,images/sketch/hf_08305.png,b8d9b15d71e38bf04fff60364457f5cb606e8c2a64310a981b7d0e902c6779db
8306,hf_08306,sketch,images/sketch/hf_08306.png,82c191144cdae6a40d4513b17fbc5d48d330b1b840d4f181edcd35f19bafffb7
8307,hf_08307,sketch,images/sketch/hf_08307.png,ef4f26903bf4a56d55abc487dbdcbfea6ab38b7ee9dfc1e13d0f7b06622c3989
8308,hf_08308,sketch,images/sketch/hf_08308.png,b68521846e7c9ae83ecf5546e3cf457df2ed7fa166200927d297200399399f0d
8309,hf_08309,sketch,images/sketch/hf_08309.png,b6939d93f0d58327a96c9951b268bccafe0cb6e7276dcfee2fb48488eeb9ff3d
8310,hf_08310,sketch,images/sketch/hf_08310.png,e5ec1d10b0595b80d34d4b04b2c03d39acfdfb9bc2514925d071e7f7a6ac5806
8311,hf_08311,sketch,images/sketch/hf_08311.png,8be80d9d9a33df54462f4a28d50d7bdf77b804d67e0ffb2f5f41d4a11361dbb1
8312,hf_08312,sketch,images/sketch/hf_08312.png,74dec7c894310640aa3af7e22ddb2344f3bd9b8e2a67ebe1f7b8f314a5122705
8313,hf_08313,sketch,images/sketch/hf_08313.png,8bab8b662fe5290e54a9031926f04a78d965d588b687206328aa29fe87524d36
8314,hf_08314,sketch,images/sketch/hf_08314.png,3a440a18da27deb07602a64fc74b74c83cc934fec10fdc1fb2638369c8641605
8315,hf_08315,sketch,images/sketch/hf_08315.png,e2ab33dd76486064de6016da869ee20fb4d8f4af8cc8236597067c552bc1239a
8316,hf_08316,sketch,images/sketch/hf_08316.png,429402a6214c4934309c11ab328bfb054457bbaacaa3a61f30d5418fbaa43567
8317,hf_08317,sketch,images/sketch/hf_08317.png,36ea2ca90cfe3ac4444d520eca787ce4f0a34972ddf561fbcaee11510d9d48dd
8318,hf_08318,sketch,images/sketch/hf_08318.png,750e941d60c7a4913c183ef83afeea041166d082dd5d90e185f25a3ce26ef29d
8319,hf_08319,sketch,images/sketch/hf_08319.png,bb279bbcb583cfa3e8bb8e3ca39bc2ca5b7638a9c3edf123b972f309c6e50667
8320,hf_08320,sketch,images/sketch/hf_08320.png,c2d0270a7dfd25bf40248de94fe381cc344fd332ee9737175b977e4747638164
8321,hf_08321,sketch,images/sketch/hf_08321.png,7a14c81b10d5457e9e02169980278c0338058d49cef2522c196485becf3e4083
8322,hf_08322,sketch,images/sketch/hf_08322.png,492f38156e42eebb78858126b3dceca69b9bbdfeb4bbbfd1e740d3c083d887f0
8323,hf_08323,sketch,images/sketch/hf_08323.png,71f9b7c8dca6e64c87b928b17c1b97a46a19111b31fe1b1801260167040416a1
8324,hf_08324,sketch,images/sketch/hf_08324.png,72b30997c45c7c25e707f13ee3522797cd49bd7daf9330e7e5fe4d251cb1de99
8325,hf_08325,sketch,images/sketch/hf_08325.png,67d4ae2c884654711e50d262686efeb1fe7ff56abaeb9f6eeaacd5e1d525f84e
8326,hf_08326,sketch,images/sketch/hf_08326.png,046aa13b4f1a2344cca0fd1a575fbfdb550d99d9089de9720f402d56338cf013
8327,hf_08327,sketch,images/sketch/hf_08327.png,eb1278d8774b77f18b3bfea21c26481f776f2ed9ca4a1ea8260304f99cd17590
8328,hf_08328,sketch,images/sketch/hf_08328.png,78eef02f54fba04e1351132690510a36a171b7d38b7d7b6dadc69d61ecce0189
8329,hf_08329,sketch,images/sketch/hf_08329.png,de990ec48a77e5f22c8d8c97a370ffc18fbd164cfb5a02a43d6788b089ae63f2
8330,hf_08330,sketch,images/sketch/hf_08330.png,a734b626ff8dd6c8828ebb8840e3566fb4bfa2493397338d80e88f6ecd83670d
8331,hf_08331,sketch,images/sketch/hf_08331.png,0d143ceceb6e8123ac28c7dde41a9203f6cd48aec3c07aeafa3ae432244669ad
8332,hf_08332,sketch,images/sketch/hf_08332.png,4cc08bcfd663880fc5d897ed04962d5691f5c3523c01ba343265b0311e05f414
8333,hf_08333,sketch,images/sketch/hf_08333.png,0e26dd7257e9e585abc3efdee69483270779147d63da743e85ba4988fa558c21
8334,hf_08334,sketch,images/sketch/hf_08334.png,88907b8e05aa628f05ad1a17d91c41b29279beb534df16f0de9b7a9e072566aa
8335,hf_08335,sketch,images/sketch/hf_08335.png,aab7d43dbdbd93fc2b65c4a0f2f2d2c47d2017126e2620bfe66b70c730ceb340
8336,hf_08336,sketch,images/sketch/hf_08336.png,67eda2d3a7b518d2cbe4ca11fceba8949c4a48b1d7da4018024f4cdd848dfa97
8337,hf_08337,sketch,images/sketch/hf_08337.png,d0dd8464b9dfff77ea5867b87c95d14d05acef57557b0fba108c30e6a487619f
8338,hf_08338,sketch,images/sketch/hf_08338.png,26b12ac20c8f89fbe266b5d4d89650f102180d5be720885c77a44f5bb50db25b
8339,hf_08339,sketch,images/sketch/hf_08339.png,e9c63f82a9ebcbf09781aeb3cdd0c080a13d0f2136b5a9798e4109e9faf93a31
8340,hf_08340,sketch,images/sketch/hf_08340.png,cd7966388fa8a86c7d1dce270bba24390338c4d111311312dd5e92444ae0d57d
8341,hf_08341,sketch,images/sketch/hf_08341.png,b0921055ab573d326cd1da8964306461543aea38e4ac5c4521538f51903368fb
8342,hf_08342,sketch,images/sketch/hf_08342.png,204a5de483bdd5feffc85ef43ca97ec195bb04ddc99ec48122adec51d7f1cd0d
8343,hf_08343,sketch,images/sketch/hf_08343.png,0857def733d9ee28d3bae551ab7b13004fe62bead49d2a8a9f9291f389bf3481
8344,hf_08344,sketch,images/sketch/hf_08344.png,385a02d46e87dd5f73a49711b7d8b29682d9896d7ae251e082248f89bb682ca3
8345,hf_08345,sketch,images/sketch/hf_08345.png,d5b4769b061c23e5557bf4e20284e3f38fab96d8a25d070ee445e3eca9979126
8346,hf_08346,sketch,images/sketch/hf_08346.png,ad7e41368f3e847f0599cd63a44a04c471716a431b605079253865369dbccbda
8347,hf_08347,sketch,images/sketch/hf_08347.png,fe442bc82d2949bffa57c95531101bb7b7a9ec4186bd8d6cb808ac1cd95b16cc
8348,hf_08348,sketch,images/sketch/hf_08348.png,cb41b1e050053ff4ffd84e5a5d135c5d334880dc9c71fc176d9f65240210e485
8349,hf_08349,sketch,images/sketch/hf_08349.png,cf6c678e1be4bcd1fc949b97aff6e2f8c255b7f9bc9acc1a91fde6566eb3c419
8350,hf_08350,sketch,images/sketch/hf_08350.png,31470a3343aec591c32208d123a2c80f4130f5330917ee9907261bdf9fee5dd6
8351,hf_08351,sketch,images/sketch/hf_08351.png,ccb55b19e4f7e1c1a920c0b1201bedf12ada9fda95138b740a3b16efcf4c4bcc
8352,hf_08352,sketch,images/sketch/hf_08352.png,754d86c39314288788ef21212f09b7ae76e3345af79012022e0b31af34196b1e
8353,hf_08353,sketch,images/sketch/hf_08353.png,670bf9020a158964b8486528c9405230336fca1cd9d67973c61318fdd0ac6249
8354,hf_08354,sketch,images/sketch/hf_08354.png,bd6fbbcb926a68491d09687512bf59f79f56b85fa8436249fa73bd3b4790d01a
8355,hf_08355,sketch,images/sketch/hf_08355.png,01c6392de260997652d3b5f69e682d41a3dbb3d60c7e6fc6743894bdf3f42c80
8356,hf_08356,sketch,images/sketch/hf_08356.png,0f879834ca7c32bb9aa4c603406b4ab9e6f07e94baae76be06914a811fca4bf1
8357,hf_08357,sketch,images/sketch/hf_08357.png,28ac8ccd058b80af12f6253326ca28957236bdf41d1490c3f85bbc295dce8041
8358,hf_08358,sketch,images/sketch/hf_08358.png,594b567dd87a75f754f36d46f6345373394c099b77b220f6f1ffb7f3de8a5d84
8359,hf_08359,sketch,images/sketch/hf_08359.png,82d42fa7444e053abc392e84a744a12a7f37560eb315ecbe8a9f32f470e7a4ce
8360,hf_08360,sketch,images/sketch/hf_08360.png,3734e39ce414f836c68478fe93100581f7af479a1d00dd1cdeeb90bf0f7e5acc
8361,hf_08361,sketch,images/sketch/hf_08361.png,81d12d619057fcc64faa7a3941a6a1b991f30c11780523efb77ed6ca079fc803
8362,hf_08362,sketch,images/sketch/hf_08362.png,c61f5483fdcaa62ab1a53c8d1f26e6d36e62c723dc719fa125afa80ac47340b0
8363,hf_08363,sketch,images/sketch/hf_08363.png,c3bd3ca312709a50a59d909638853503b971e023349aaaf4af1d9d725c6bc05a
8364,hf_08364,sketch,images/sketch/hf_08364.png,fdd78fcb8f1f646ec0459a1f60ceecc6b127acef448daa972ac3b0b1dde8d2a5
8365,hf_08365,sketch,images/sketch/hf_08365.png,329513833940069140c52bad832a0f7a90513fb287e6c179d0eb53a10c8e7bb5
8366,hf_08366,sketch,images/sketch/hf_08366.png,6bfb427c2228a89267b99ce3ff3fa752ba32ace989dc55714df0560b9a65e9a0
8367,hf_08367,sketch,images/sketch/hf_08367.png,d0333575b62b90655a3a189ee3402ed766473486cee0119016740e956bf426f1
8368,hf_08368,sketch,images/sketch/hf_08368.png,65e1ab1e3cedb06ed65b07e4175278d61697785228356d267eec75833174c307
8369,hf_08369,sketch,images/sketch/hf_08369.png,81abe3eb1eea16aa137e583ca09b6c5ea6c00278d2e54ee63f225cc19bb373c6
8370,hf_08370,sketch,images/sketch/hf_08370.png,4d4692242922100769d4ea1dcce131a8e4469740d116d4c710c328d928c45d77
8371,hf_08371,sketch,images/sketch/hf_08371.png,de8e4c98403c7b7186c953b9aedf4332516218141e42249fd9b2f193cf2b425f
8372,hf_08372,sketch,images/sketch/hf_08372.png,29f925c785f6646892c883e6f62945ea7350dff32fd3d01e54cf2d40005c1b47
8373,hf_08373,sketch,images/sketch/hf_08373.png,94243e0b2e822f9efec35323bae708f848321563b8902735e363db816daf5f4d
8374,hf_08374,sketch,images/sketch/hf_08374.png,b014fc1150e486a3c7fc17fdddbcf26a0391e1ccfa8a5fd03da5cd985d48c155
8375,hf_08375,sketch,images/sketch/hf_08375.png,5a37c2ebb6ec1a962621945d53c4b472a5a2bca7c7c294176080bf43bf54bde3
8376,hf_08376,sketch,images/sketch/hf_08376.png,e68242292ef4120d281d7759109b909d6e466befb8fdf5d1a305b461fb4d7cc6
8377,hf_08377,sketch,images/sketch/hf_08377.png,f88aec7d953fc71c6399b64e525ac69a916b88d47d7842045962a153b9fb2c6c
8378,hf_08378,sketch,images/sketch/hf_08378.png,331fd4f2e7803e1330441b2225eacc7555bef0912be83c167647fe322ae9ae44
8379,hf_08379,sketch,images/sketch/hf_08379.png,1f73bf52a79b90b34d6f213399507cf334e99fb5f16b464a47eb348ab747f773
8380,hf_08380,sketch,images/sketch/hf_08380.png,c7c734ba20b70394aedaae19e6eb00acfad21ff3c2f508c6a17f7b120080d032
8381,hf_08381,sketch,images/sketch/hf_08381.png,f8e0a21ef3f0c41e6c60aae4456a6eb11ea5928541b5d5a7428c2a761fb93e95
8382,hf_08382,sketch,images/sketch/hf_08382.png,430b7da48b25556fe1b5ddb4665587b96b3aac3ff8d45f82c034afce11f4709a
8383,hf_08383,sketch,images/sketch/hf_08383.png,3a29fd12cfbb84df40109871412546ce998c88a65d13f5e21a24837af16e98a0
8384,hf_08384,sketch,images/sketch/hf_08384.png,ae8e34180841a1195e90e9f418d90642d7dd5b08b819311054b1272312a122cd
8385,hf_08385,sketch,images/sketch/hf_08385.png,6e61efa4a32482e15e3a6552baad726b084aac17e99d148f749a0f56990029cb
8386,hf_08386,sketch,images/sketch/hf_08386.png,9d65299b24ba9de25edbb69a553e5345474526cc755f6176bcedbbe77b4339ad
8387,hf_08387,sketch,images/sketch/hf_08387.png,385f75cc1961c6165073aa9eb6c869a54fb5983c7c2e52de4e0e152db78bf6d3
8388,hf_08388,sketch,images/sketch/hf_08388.png,2e56ac80688de15b08880434d4e9621b89c8e4e52663b0172987b21a503b37fd
8389,hf_08389,sketch,images/sketch/hf_08389.png,899693157e27142a94e62bded7fb96819b36eae718a7eeb99c5662a1ba634c7a
8390,hf_08390,sketch,images/sketch/hf_08390.png,74201927db5693704088dbb1fcb8d302ee25fd496edd293925f402a61734d416
8391,hf_08391,sketch,images/sketch/hf_08391.png,f61b57843014d035bbd835cfd4ba906d81685b1ae374e4a0b4c64eb8b94849e4
8392,hf_08392,sketch,images/sketch/hf_08392.png,acf1770a36d5e9acde198526eb30e3d29b75324994abe6fe3eaec80bf7207af2
8393,hf_08393,sketch,images/sketch/hf_08393.png,67548c30b9c763f806e1ad100e7c753a6ca280a9b54552d6ea2970a54283cec8
8394,hf_08394,sketch,images/sketch/hf_08394.png,ca96d4de120c6a9fa16ec2c7ac2e24319c6142e98012dd8c189ad9b299dcb11f
8395,hf_08395,sketch,images/sketch/hf_08395.png,f9e081dfcb1d4f03b2623c1264c3ab243e3498a0f350a2ff8151e1e400baf909
8396,hf_08396,sketch,images/sketch/hf_08396.png,8c869d0ce92685eea71e12abc15dd2ce84b7414712c885c2f3215c6396589ca7
8397,hf_08397,sketch,images/sketch/hf_08397.png,ac82858dd6594e1a34cef4659c12b7676ee033e228d726b7aa1f0e42d7b68ddd
8398,hf_08398,sketch,images/sketch/hf_08398.png,ccd05f2a9f31ee5182a63559ba210c0711cb4b31a6bf62306add888b4c053009
8399,hf_08399,sketch,images/sketch/hf_08399.png,2aeb6b69a4898a9f296798094d8d500787fb71e55a77038449f5b066a0a08601
8400,hf_08400,sketch,images/sketch/hf_08400.png,e4ba69812672840af4ed44bd077c0bfcdf52b0791d527d50bda2f89f9b90ffa1
8401,hf_08401,sketch,images/sketch/hf_08401.png,ef21630475ce42b334e6af777891ac1ab7db61d73ae2c652e334049fcc424826
8402,hf_08402,sketch,images/sketch/hf_08402.png,e7e22a3f59e73bf1bac32e8605b4b99e8a060425b92479e7c07539a9ca90b08a
8403,hf_08403,sketch,images/sketch/hf_08403.png,d64245e74aefa7050bc5a0a4d09bd2321922cb577b862afa54ec9cd7b78312ee
8404,hf_08404,sketch,images/sketch/hf_08404.png,1448037f34cda1a7953a3245e08ef150bc9804c913649af8d97a565d85ab8b92
8405,hf_08405,sketch,images/sketch/hf_08405.png,210bb504f6e480533cbf07d6868228a9078de85d43bc77af4ea807cdd404a08b
8406,hf_08406,sketch,images/sketch/hf_08406.png,51ca42107074786eabf43cf751bc21da76be75f29e4ae07ad66d490f6782714b
8407,hf_08407,sketch,images/sketch/hf_08407.png,827ef245047fa8b20b7d8ae6548858173d2225f71f91bf638c4a0bb9cee07cbd
8408,hf_08408,sketch,images/sketch/hf_08408.png,79acf39847510eeae122870374190d527e16eff789d514d81122b5c906a3d3e6
8409,hf_08409,sketch,images/sketch/hf_08409.png,afdc99c4bfd1fd47a28db3a438edd1f7ac9dfd391e15000b7c2b8acb076f35de
8410,hf_08410,sketch,images/sketch/hf_08410.png,33ace6af06140bf91a1409275ee553cd37e5d36ffb65950da12b3ede7ce46623
8411,hf_08411,sketch,images/sketch/hf_08411.png,6b1a66365a4f93b2514f9711ca0eade670def26fe7fc7aedd10a701ee0ada0ce
8412,hf_08412,sketch,images/sketch/hf_08412.png,8e101f8821b071d13b6e1b04df9189c9448bb53e45112a7e8c2f54b3e47acdb3
8413,hf_08413,sketch,images/sketch/hf_08413.png,3aa8b5558d9159d967076dc7a5d167c25f329b42cc95b61b2c9d9c80134531d1
8414,hf_08414,sketch,images/sketch/hf_08414.png,c2b981f59ef4c832c199daed0ab4196c025e8ce46b857699f4b2a8628cf91045
8415,hf_08415,sketch,images/sketch/hf_08415.png,948ef9f4d755b08c651e00d28a694066f97355e6a8dc2c3ae5d3f71eeb3fa7bf
8416,hf_08416,sketch,images/sketch/hf_08416.png,592c146e5f63e5962b3e387e9dca317bea12bcdffb14a9e5ec53febbb2754526
8417,hf_08417,sketch,images/sketch/hf_08417.png,628090b00384e2acb11ab70a5eff59ac10f135516a5c4a21c296089d21e5ee80
8418,hf_08418,sketch,images/sketch/hf_08418.png,db006428e41253fb9e504f955ff15399a18afd79437f4902c6f4006ec944685a
8419,hf_08419,sketch,images/sketch/hf_08419.png,3a4cd84ebf982c44d69d45424fa305d0aa0c2900310e0c435f194471402fe875
8420,hf_08420,sketch,images/sketch/hf_08420.png,fef79456f02a2ceaf848bca34a5c9012c94d6a104e89c8c626dc8753b24a98ea
8421,hf_08421,sketch,images/sketch/hf_08421.png,57761e0638ed6a599248b9bd89e04c2fb38d8b61ae41ab0abe59e6036bd9e477
8422,hf_08422,sketch,images/sketch/hf_08422.png,0dd8cfb8bd6c1757b71af6b4e3fe6212884017424031519b68c58da8f8c50df9
8423,hf_08423,sketch,images/sketch/hf_08423.png,f1503efab2b642dc4a950f5d6bc82074e0ffb57c04a6b4acd9083786d11dc782
8424,hf_08424,sketch,images/sketch/hf_08424.png,e7a5e9127680e433785c2fa65fd78ff0b3e5a2f268d4b17264dc6e006c50a49a
8425,hf_08425,sketch,images/sketch/hf_08425.png,bb5388ffdbc72978e048f99c8499d0dbb5175f5081ed259a4d71c330636bc465
8426,hf_08426,sketch,images/sketch/hf_08426.png,0611c7fb75f4b630d9d00f28cba7817064d90816d984e0abcf8824d705fac4d2
8427,hf_08427,sketch,images/sketch/hf_08427.png,3467e9be630873f234a45b0cdef328572185ba0cd60783d5da44edc0bba2d615
8428,hf_08428,sketch,images/sketch/hf_08428.png,aa8889ceb5fecfb5f1bd401838f26bb31d112c0df44eb72b7e9e166280906dc2
8429,hf_08429,sketch,images/sketch/hf_08429.png,2627df55e6cb5baac00d93ac5b1de6640e54c0209271b9b6da99294845fec604
8430,hf_08430,sketch,images/sketch/hf_08430.png,16f43c387553bb46d1092234c37814b61c71472cebcb965c0932cb09a0550982
8431,hf_08431,sketch,images/sketch/hf_08431.png,2c0e940b67db1e121d08db42f97b0df3353c62e6eb509da0c2c720ff58b59985
8432,hf_08432,sketch,images/sketch/hf_08432.png,77be29b40533f35f2cffaa250bdc99d2a41c4f87c84b580127609abfeae8fd45
8433,hf_08433,sketch,images/sketch/hf_08433.png,b19312de0e9558660a32df7899d80605ddd58b8559e34fb81383d7d3538cdbbf
8434,hf_08434,sketch,images/sketch/hf_08434.png,cfcdcb6da56d824039f78d32ccfed395fdb1bcc38f3fa0a06cc32e1e75fe9074
8435,hf_08435,sketch,images/sketch/hf_08435.png,eda815992479502f224c69f9eaf699c3649837637bf0bb076d146e914d7fc6c8
8436,hf_08436,sketch,images/sketch/hf_08436.png,a4df31b51ca058ba21c67f57d412889ef9069cc4229bff1902f0592b8c4bacc8
8437,hf_08437,sketch,images/sketch/hf_08437.png,05db2b4077774dc0d34313982c06e8490576529c3289f40c27e41bb76e0466a3
8438,hf_08438,sketch,images/sketch/hf_08438.png,6ca89d760196b684cd8366e47838616822190b7b367f19c543780a882e01d59c
8439,hf_08439,sketch,images/sketch/hf_08439.png,e30b7edfdda52d2079bb763b67e9e52ef0f5dd954a2f4331742723e9880502b4
8440,hf_08440,sketch,images/sketch/hf_08440.png,49b06af8f708a2207f205bb2cf12ce90887d18f72c2b50cd6a53a84f45e5a09e
8441,hf_08441,sketch,images/sketch/hf_08441.png,9fd7e6105e28f160ec561a3afe07e9c328d077d166005d107d91bb3ea966a47a
8442,hf_08442,sketch,images/sketch/hf_08442.png,553ecf62509ca929776ece9b700a82a3888e4f89d23799f46e0f1347e9bb8f78
8443,hf_08443,sketch,images/sketch/hf_08443.png,598a7769ed3032b8cb708284519942a4dbab1075650ff60daea5e2df7cef13f6
8444,hf_08444,sketch,images/sketch/hf_08444.png,c26bae76fed90fa118e0b9b6851c997eff5f6a15b335e8e5ff58ad3bd535ad5a
8445,hf_08445,sketch,images/sketch/hf_08445.png,ac2a7a8c8c5ee41a43fb2d2e1a78645e12ae85677b0fed582bbfd6f05b222350
8446,hf_08446,sketch,images/sketch/hf_08446.png,cfddd849d5be51cc0157100006722216bc977eefa50ba6ae51ed00ce1eb8772d
8447,hf_08447,sketch,images/sketch/hf_08447.png,2d126c46d7c900adecdac3b79d953647b328b9186a4bbca5985d2dbdbd64d4f0
8448,hf_08448,sketch,images/sketch/hf_08448.png,552de5fe0cd152303d296522aa5b2c3c0d6f55be63a41ffbb08409a5070a5cd3
8449,hf_08449,sketch,images/sketch/hf_08449.png,65da6fe2663cf63c843126ed1a8a2c901718941be942386c85f73ce7a8e63e69
8450,hf_08450,sketch,images/sketch/hf_08450.png,d62da72ab9e11bfe33d61045a7ca9854f6c2238794504d61d699a56e976aa318
8451,hf_08451,sketch,images/sketch/hf_08451.png,ee7b20312d4b0c85e8371424f50c9b4c0e093b42814702cb1bbfab71539633ea
8452,hf_08452,sketch,images/sketch/hf_08452.png,62e39c0fdbc93241963fb55c4ffcfc944d886b78ca8e1018f3973a2d6f393379
8453,hf_08453,sketch,images/sketch/hf_08453.png,9acac808a2db291e2cd3a301427fa8f56570c51fba587dcb5e8b5e6c1751c8d9
8454,hf_08454,sketch,images/sketch/hf_08454.png,44367ed1c5a6f499303998760e6086c3a9dfc79c576379a15581ddc286b679aa
8455,hf_08455,sketch,images/sketch/hf_08455.png,a3ba9770093e83738ccbf64adf3264fc5943ee4cec9ff45cc86277d6d7e493bc
8456,hf_08456,sketch,images/sketch/hf_08456.png,69bd8a2c7c2192e52725629c261ed859349adb316f4a5a7affaad8093d37d6ff
8457,hf_08457,sketch,images/sketch/hf_08457.png,6cba705bb4cbd1b6f6c2e264300c9cc05ca3a08adb7e094f3cd5bbe9590ce7b6
8458,hf_08458,sketch,images/sketch/hf_08458.png,35e52d8039287add6364f8fc22e4a0ddff99b524fc5bae333dfbe2753d80cbac
8459,hf_08459,sketch,images/sketch/hf_08459.png,08ea224bacac506f63461fdeca776d3b023b03387e477e60ba4fa2e598b3ca58
8460,hf_08460,sketch,images/sketch/hf_08460.png,d56a4310c8514980b5086d21cb74a4a946bd671bcde637eb9493c6615d04c3bd
8461,hf_08461,sketch,images/sketch/hf_08461.png,b3949eecdf87a371031b87c786dfb3acebf66ed0fa29d70fdd7239273a6b4c4a
8462,hf_08462,sketch,images/sketch/hf_08462.png,325723885c2ae10aeee28281c16137b951257fb566ace8f65cd4943582b07178
8463,hf_08463,sketch,images/sketch/hf_08463.png,ab0afbdb40db73f3d599a84262bba38ce87eef4c0bcf1b9c44ed219c9cebc68d
8464,hf_08464,sketch,images/sketch/hf_08464.png,84f4f24778b09e28dc309a54300a265719f5c1a5a0a57f25712f432cabdedb12
8465,hf_08465,sketch,images/sketch/hf_08465.png,5453675cb4e3c2a9baf27737de60b177a8a6170c95150072c863aed2b1540818
8466,hf_08466,sketch,images/sketch/hf_08466.png,bcd7dc0c04c311dda5c4c7c8911d296dc5ec3de9a38de708aa78a75b29fd32b3
8467,hf_08467,sketch,images/sketch/hf_08467.png,1f42811c914767380094888a7cd8116f503bc4bebd946ce32c3058248cd274f3
8468,hf_08468,sketch,images/sketch/hf_08468.png,e2774adaec553a2670f47ed30cd283947f5309e4fb2429f95536dee3cef057f3
8469,hf_08469,sketch,images/sketch/hf_08469.png,5bc0d557a952856758c7fbd75619641defcf2f994a024e1ec893e08bc9e24e80
8470,hf_08470,sketch,images/sketch/hf_08470.png,63a59cf1655e0acecd1ea8d18337daf119e4bd614b6c481b7e94f6da4e9e3e27
8471,hf_08471,sketch,images/sketch/hf_08471.png,79c297324b340704a86c44498c2beec58bd2569782cf89534d13e8e66fe02316
8472,hf_08472,sketch,images/sketch/hf_08472.png,eb8999efa78fd79d6c5554bb0366488c61e9b2722087839268df6e688acc9546
8473,hf_08473,sketch,images/sketch/hf_08473.png,cf8f6cc75a84bb7b124a853654caa217df5e88d8680e9cf1032c31bf8dcd4614
8474,hf_08474,sketch,images/sketch/hf_08474.png,23201dc5076dd231d49b649c52706d5f824a1a43a70ad338dcaf78b56420c982
8475,hf_08475,sketch,images/sketch/hf_08475.png,59d5f86c890691b5336efca77875971bfcefe48871e3fc03ee7bb21d079204f9
8476,hf_08476,sketch,images/sketch/hf_08476.png,58c1bc8ab054b71235d652ff51851810552bb8af4d6661351636e79a12fe0f99
8477,hf_08477,sketch,images/sketch/hf_08477.png,b3da884589612f7f3f688288a0ac21d862f267b990f164ce3250a5859b17c1c2
8478,hf_08478,sketch,images/sketch/hf_08478.png,bc6d88c3711e8f2fed2293cee84398ada89735b09c4948e50f381a83907b6a16
8479,hf_08479,sketch,images/sketch/hf_08479.png,20d9cd56dd76259cad2a2a0acfcefb12848b660f16b5c5efda228e10133776bc
8480,hf_08480,sketch,images/sketch/hf_08480.png,23cb333496470395de70a36d42709755bc440efe5784227e65e5cfc69860873e
8481,hf_08481,sketch,images/sketch/hf_08481.png,b6c1e74c91ee5a26726f7b05338a560d3dc68d147a48c1f38e100fbbc95add01
8482,hf_08482,sketch,images/sketch/hf_08482.png,11478b57d5f70a24e98e8530e2a2157cf75f3b9b57011200b5545f32b64369d0
8483,hf_08483,sketch,images/sketch/hf_08483.png,58b7babb04caed92be9d441d992413991ae8789d1999fedf750eaf8dbbada580
8484,hf_08484,sketch,images/sketch/hf_08484.png,119a076693d32c1ceb033d62225a351612ea450c4a3b48cff67554125c02a83c
8485,hf_08485,sketch,images/sketch/hf_08485.png,798de049371b0ff637acef62dfff889c32a10beb4525b661bc0bfe6e29cafefb
8486,hf_08486,sketch,images/sketch/hf_08486.png,0805228d8a9a171be0ead39fc1c11da70c46c7e46e8046d6c9ff85c6dc11ef52
8487,hf_08487,sketch,images/sketch/hf_08487.png,ea973475c91a8f217dc9bf29b3cb201156aa52b337e448b70da73de6dc44ed52
8488,hf_08488,sketch,images/sketch/hf_08488.png,ae7e4c7a47667de1f9c41496be39859c637b79674cecd5ca794c6757f002b77c
8489,hf_08489,sketch,images/sketch/hf_08489.png,3884c94f27eb5c55429568173e7f4c633bec2c3128f1e56f7fe8f2b1db76c8ba
8490,hf_08490,sketch,images/sketch/hf_08490.png,7e600b082925f02e9a22e3c09edac97c5e3941c21f1d350d98c7dd0340b3b887
8491,hf_08491,sketch,images/sketch/hf_08491.png,7e5993efb6846ea3960e55376f45098b2f3c6878e8d4fbc84d2b0945aa68b7c2
8492,hf_08492,sketch,images/sketch/hf_08492.png,6063b01ab9a4c7a0792861d5dee9108c7c203f6f1a44b887a6e92a65bc92c2ef
8493,hf_08493,sketch,images/sketch/hf_08493.png,4eb85c1179c1f4da95ee7de2838a15cf10220da46350354eaec3ed38e673f376
8494,hf_08494,sketch,images/sketch/hf_08494.png,0f4c11175488d5ca077e69f9c155f2f84b97ef4e5f2390bc81e316b49a9ae4b2
8495,hf_08495,sketch,images/sketch/hf_08495.png,883af57ee2e945209357d063b1c1a7fc4537b2c7a19799ca5388ab11239c53b4
8496,hf_08496,sketch,images/sketch/hf_08496.png,c23c7533b94f371f2a0fe013680db4c5d53d7887b373032e5315afd8d934ba90
8497,hf_08497,sketch,images/sketch/hf_08497.png,3355b17b5ff79223732e4a51a5b20f332355a50e90ece8fd6bfab28af1b6fd7a
8498,hf_08498,sketch,images/sketch/hf_08498.png,deb5fca2166777f41e7936d202e7b5f7d478ee54d26f84b854b39e3940796add
8499,hf_08499,sketch,images/sketch/hf_08499.png,69e7482ffca4e2eee339442068d3093b8eb5efe1a1c14184e5abe3769936295b
8500,hf_08500,sketch,images/sketch/hf_08500.png,ee2c358fa804011e6dc3815626d7eef44c17ad8a290abfe4a4068c521848fd94
8501,hf_08501,sketch,images/sketch/hf_08501.png,16672679728bbed6497866061aef187cfd7a7c838ad9ff447d27c032602a41fa
8502,hf_08502,sketch,images/sketch/hf_08502.png,105cdb5b3b569a3f2d9531fac3ae2c892bfea2bb84f0c379f12cb10ec1e4c75c
8503,hf_08503,sketch,images/sketch/hf_08503.png,a7a27f1b1191b35c406664791acf3dc2dc1cf17d23aff2982abc5652e1875c6e
8504,hf_08504,sketch,images/sketch/hf_08504.png,d8405b698ee6cdcb4a3f87b0d64294f2f9bcd0445478b3ba9305434b2cd5c779
8505,hf_08505,sketch,images/sketch/hf_08505.png,6f4e9b9fce2038928db70c4a9e6238c9290e8dc0a1efb763cfbbd76ab02f5042
8506,hf_08506,sketch,images/sketch/hf_08506.png,d3cd58e4a5dcede8b4311095be8206c5f25a6f9b636da2ea8970e000ecc846f4
8507,hf_08507,sketch,images/sketch/hf_08507.png,27e485344c78aef69a97284de9876eb9687c4fdb909ab64279d0f078bf9cd77d
8508,hf_08508,sketch,images/sketch/hf_08508.png,0ea4684bc41600d20e8ea990177bf0e0863de7c8026c129f20ad35de83993ce0
8509,hf_08509,sketch,images/sketch/hf_08509.png,66ced9931e6f161612acdcf625a04b208e534ec4c77507248066e94ac5dc7265
8510,hf_08510,sketch,images/sketch/hf_08510.png,e43301f75aa3650660c4d9d19c0dd6dd08e0012b9c6c800f343d009c1688305e
8511,hf_08511,sketch,images/sketch/hf_08511.png,0d88c71656b84bb0a3486ba58b066c72ecfa5df6af0fc3da6f362c1e480d2965
8512,hf_08512,sketch,images/sketch/hf_08512.png,a41c844db78dae9a24c34f875a62d9b4a7256ec4bb95f1b5d985d9a99cbee053
8513,hf_08513,sketch,images/sketch/hf_08513.png,ccaa907a7f80d034ed31a6d8b9df8d3e5c82967739efe972790bbbc1850d0b33
8514,hf_08514,sketch,images/sketch/hf_08514.png,8c5fd4e2addf37522359af68402ed87b82fdcd900de9877138bd040fa84a2f86
8515,hf_08515,sketch,images/sketch/hf_08515.png,b9b3570a6926036b737811c255ff72b58e90d48b4df92b9d808ef8d9d94436b0
8516,hf_08516,sketch,images/sketch/hf_08516.png,446d5dcde93f548a8f280e90202235f8ba2b1e3fb690aec8aeae19e78632398c
8517,hf_08517,sketch,images/sketch/hf_08517.png,8f28aa0b347d6e64542a5fecf29c481c78ea623c5bf296de80288f80d3f776c1
8518,hf_08518,sketch,images/sketch/hf_08518.png,8e6a923f731f97f36b5bfee2cf5ce3fcd0bbb2b475b6f20db7d235709736e2c3
8519,hf_08519,sketch,images/sketch/hf_08519.png,e130951114c8b1edf632b7aa34c8afbdce6a3a5bef399ffa1c351965a098ad8b
8520,hf_08520,sketch,images/sketch/hf_08520.png,0c116e1ae0552829cbfdc4357bed2f81a8ce3b309825d3f330cbcd947190c60d
8521,hf_08521,sketch,images/sketch/hf_08521.png,76636248c56154fcb95def82515da2ed0a0f446e9578516424974651baf2ec16
8522,hf_08522,sketch,images/sketch/hf_08522.png,6387da8b5b69d4b536c0e19d4c092fb4b94d407b7b379fa2405e23bd4ced822f
8523,hf_08523,sketch,images/sketch/hf_08523.png,70c6f1704d1b5368133418b3a6af657f533a69198140c009ff5cf157b456785a
8524,hf_08524,sketch,images/sketch/hf_08524.png,ae0a8302a270200c6a1072f21c76581e6d798d74c8cc4465aaae9280f31fa232
8525,hf_08525,sketch,images/sketch/hf_08525.png,4d8d91f9b603a0ed482a740718fc125c1d18c6cd809ac641a326945115cecaa3
8526,hf_08526,sketch,images/sketch/hf_08526.png,9056d278639cd345e5890868590f001d2ad0ab15ff0879d82fba8b5a4cf0306e
8527,hf_08527,sketch,images/sketch/hf_08527.png,f02a43eea57f7ef2f4648930dc6ba188dd9be1abd2f30b708c75a8b5574003db
8528,hf_08528,sketch,images/sketch/hf_08528.png,c4f799d3ff40bbb8258a0f03accb2303a4adafd99e66033bae01a7c182433957
8529,hf_08529,sketch,images/sketch/hf_08529.png,dd4717dbafa53ea036c2eb738befc0fbcfaa13faf7ca8a6b13cfe9ba40695938
8530,hf_08530,sketch,images/sketch/hf_08530.png,9ce9157c78d6852f4335eac8c2ef532d69e91ef5c5ae15038073cf332ab2e9fc
8531,hf_08531,sketch,images/sketch/hf_08531.png,3f3f2956afa1c9976b89642a9e8b90ade9e359b259bd1c3698de66b218b51879
8532,hf_08532,sketch,images/sketch/hf_08532.png,8b5cebb2d61cf6c8f9c4f53f4d20a989036d602ef62a4c1f2b3f26ab2b599023
8533,hf_08533,sketch,images/sketch/hf_08533.png,70fed8a95758ed74c22bce4080b61f8f36b2910763beea8af3d83858122dfd19
8534,hf_08534,sketch,images/sketch/hf_08534.png,78c81b67576dcfe78c6f748fcbf628ddcf070c5ae2da6b6c9872fd9708c7c5f4
8535,hf_08535,sketch,images/sketch/hf_08535.png,048c899e45fdc164f6d06e9482234ee7e856755058b4b793ca8c95b2bead0bf0
8536,hf_08536,sketch,images/sketch/hf_08536.png,9679fd23d72c37a9ccc8bedc61fbe8945c13f05fe3dc06bd976d8a2b4e91d130
8537,hf_08537,sketch,images/sketch/hf_08537.png,223bd9e6794ce07809cebc4e0b5eb4c2afb8151a47f9fc68523b41eb6fcf8ba4
8538,hf_08538,sketch,images/sketch/hf_08538.png,96856004053cfa01536dd784b7b1ca6fff3d52f2e02006649e1cf0012f5a6c4e
8539,hf_08539,sketch,images/sketch/hf_08539.png,4d20481e5a22d7d7328f89abcc00123113bf2c560723645314af7603e2eb07d0
8540,hf_08540,sketch,images/sketch/hf_08540.png,57bc803fe6ed0c89e75932e7cf3d85c5df3131c68befa69ad0ed1fe7c00f7aa5
8541,hf_08541,sketch,images/sketch/hf_08541.png,e0b35ac13b2951b5222b63747a01a22d606a3b459d6a370691fd09e2a2b65714
8542,hf_08542,sketch,images/sketch/hf_08542.png,a6f30391062d310c893b7b3d526615e4fad7a0a7f9067aced5d250c99bd69676
8543,hf_08543,sketch,images/sketch/hf_08543.png,e8f985997276070900149b2ccdd5983ce7630a2e07dc802ce34d766feb1ce4a9
8544,hf_08544,sketch,images/sketch/hf_08544.png,cf55e4d749b8118faad7aab31073a1895d198eb0cf41f4adeb416787a1878687
8545,hf_08545,sketch,images/sketch/hf_08545.png,ab4e8b1213a0f95109cbbd34b978469612e32037dfa5661e5fb3724b4ddd19af
8546,hf_08546,sketch,images/sketch/hf_08546.png,b04cf582e6875429702c5a9a426ae69042448435151518d1b8feca9c7cc1e7fa
8547,hf_08547,sketch,images/sketch/hf_08547.png,b01a9d276d27b24000c69920ee7add52472f45e1126354dc949eed043c2737e9
8548,hf_08548,sketch,images/sketch/hf_08548.png,6ae830d2a9bf49d09bf2792c232717985e8514ab2272c9fe42f107f6896bc90d
8549,hf_08549,sketch,images/sketch/hf_08549.png,1396ea535e95eb45c8e2b89326cfff3fbae7bf7072b9c1b5e4f93bd269df4a7b
8550,hf_08550,sketch,images/sketch/hf_08550.png,d720993f078e33e8bf0b30965385b5a93fa03b69d2f0e6e27f1efbb2196ce8b3
8551,hf_08551,sketch,images/sketch/hf_08551.png,63c40c82a9be0c09f39b852dbc9269ea3f3bcb8a091b5859da4079632dc1b873
8552,hf_08552,sketch,images/sketch/hf_08552.png,77b64222eb42bb9fde1f5f46a008a91844094d2cbc27398a0da125d0136d1a91
8553,hf_08553,sketch,images/sketch/hf_08553.png,de23d9d1a1ce1c948c200b3a19853f1400f800c0d8b209fd3bfb34987aac4c00
8554,hf_08554,sketch,images/sketch/hf_08554.png,cbeed76d475a47c74aac54e0b7af2809950cd066afe1ccb0e5e282c6bb938663
8555,hf_08555,sketch,images/sketch/hf_08555.png,27ea9d8cc16fda178989353f570b0d41ca707759c211c1b590693f7ae0ee8f01
8556,hf_08556,sketch,images/sketch/hf_08556.png,766fd4bd9580f3b094f418f6c29d2ecd9f4308edcf8ccd61746e5db6085a276a
8557,hf_08557,sketch,images/sketch/hf_08557.png,48cfddf051f1e4577bbf586ef575e1bd7c6b2fb50977fd176b8435f0f455ee5e
8558,hf_08558,sketch,images/sketch/hf_08558.png,942dce814eacaf0177098db462e05e92792e4c943741a782a3845e91c8bff724
8559,hf_08559,sketch,images/sketch/hf_08559.png,b933309f1c7efd8d93193faad37bec9aa7c94bd88df235dcbdc3b50f4594ac76
8560,hf_08560,sketch,images/sketch/hf_08560.png,e25b6de92a01e4680ee76d80204bad018166dc2ce187cc04cb7facb6e5ab807e
8561,hf_08561,sketch,images/sketch/hf_08561.png,872b93a54e02bbbb06293be53d0d0969e734e9b4bcfa6244672ec261efcea46c
8562,hf_08562,sketch,images/sketch/hf_08562.png,d42ad33f91d8691c2b17876ddb82312c9cdbe70362585106ddc048072f94f8f2
8563,hf_08563,sketch,images/sketch/hf_08563.png,2d49944d8d16f2f3c80e1496ee3f8deea20b139ca10378e959202ba19f18f0cb
8564,hf_08564,sketch,images/sketch/hf_08564.png,aee7ebd9bc65db15a5627d2c5acf1a039578f1c6849ee32b7b0ba22563433edf
8565,hf_08565,sketch,images/sketch/hf_08565.png,9a5fe0057af97575c4949e412f394f0a13c61b7da0f4fc8ca7c9a67ca94b7ffe
8566,hf_08566,sketch,images/sketch/hf_08566.png,9c1662f9d44353c1c5ddc7634afc4a997f246867f734d68d31def2c7741cce02
8567,hf_08567,sketch,images/sketch/hf_08567.png,b9843c3e583f27c95d2c7dee2914363a83ca55941676ecdad73aa49f9ce023e5
8568,hf_08568,sketch,images/sketch/hf_08568.png,912cd4ece656e990e0cb218d87ef4f9d2471a810b1f78717b9b013da2b754e79
8569,hf_08569,sketch,images/sketch/hf_08569.png,67e5cd3d6ab8cc872c97d20f325d6478c71bb2a82f3ac43b53a8f42fb1431993
8570,hf_08570,sketch,images/sketch/hf_08570.png,c247c7aabd5ce1d54a97d6078c3ef945a396cc7f4cbc7716a3eb079071d5b648
8571,hf_08571,sketch,images/sketch/hf_08571.png,f4c8618be650a9629e08376cbd1bf7c37c1b6739d9a599c496836c457e150d4e
8572,hf_08572,sketch,images/sketch/hf_08572.png,bf5fd6c3f9f0feceb5661bc6fc2f8b4042e6e4d7144f0fe44ff11c3970429462
8573,hf_08573,sketch,images/sketch/hf_08573.png,dd8cd24e33f7c75c13f84b676067c0700e4d72afc76d07f9ce76b987afa78735
8574,hf_08574,sketch,images/sketch/hf_08574.png,08a44a2db061fa1346edfd80947599b0724ce2346b1f3804defd2546a73967c5
8575,hf_08575,sketch,images/sketch/hf_08575.png,38450422fa6bb1c6f2686fbe1e3f5e27c5dcd3d5115e02a7dd846c6d4274b6ea
8576,hf_08576,sketch,images/sketch/hf_08576.png,b39781fa95a740878471920a9e2de107bc36d180242ba815d6aff40351598641
8577,hf_08577,sketch,images/sketch/hf_08577.png,924ae20f146bceed150da51c3579995d2d30740703cda08e2cd69e678c2e8a89
8578,hf_08578,sketch,images/sketch/hf_08578.png,f116747b3c4919e0e79a82d5d107d2e861c5ced3235456dc41b66911b0362195
8579,hf_08579,sketch,images/sketch/hf_08579.png,ee7173937ef212ee26f9e4028726989434c7d5dcf9c2dc1729fb4f61aa618f24
8580,hf_08580,sketch,images/sketch/hf_08580.png,cb37c70b8de6a407c95b1057fc203f02e43f02bbdaa8faf1c9ac64f1de310373
8581,hf_08581,sketch,images/sketch/hf_08581.png,501f01d9c0a7ffc178f0d73276550db9c220b692c3f6184f6cdf4234e1950d1b
8582,hf_08582,sketch,images/sketch/hf_08582.png,16666ef22cd00fd639f457d6d41255effa91399ba1b051abb6a82ecb1e43891b
8583,hf_08583,sketch,images/sketch/hf_08583.png,de85aefd75acfd36f2c3725fd81b3bcf4202ff2b4043254d34a74c90ce666c7e
8584,hf_08584,sketch,images/sketch/hf_08584.png,1112c157b526b8e1e427da62ab44d46c67b476097cb981c5bccd41beebfbbe37
8585,hf_08585,sketch,images/sketch/hf_08585.png,8bfdbb77b1a3dab25cf04fdd7b7c09d323faedadf2e94be3f8e1920ec551b5ec
8586,hf_08586,sketch,images/sketch/hf_08586.png,f2f9afa3fcc4f7f0484fbfbd8888d4b64664e938f0d019ac1d5fa0b9a9d97743
8587,hf_08587,sketch,images/sketch/hf_08587.png,a9c6cc29f7b944b578ac0bc7d6eb4c2840f523b94a2e09f12d39fde1d0a7049e
8588,hf_08588,sketch,images/sketch/hf_08588.png,2689939260c16366a3a71cb7e711afe435b3e9dc2b5ca9a09b303e83ced18527
8589,hf_08589,sketch,images/sketch/hf_08589.png,2f9bd5a29e26efcb54a5f188d49f0e91f817b72cf0123964395bd213eaf389da
8590,hf_08590,sketch,images/sketch/hf_08590.png,1fb31e3500fad1705fbd53d9d1de98e2affd909978c6e64be41627e44228c97e
8591,hf_08591,sketch,images/sketch/hf_08591.png,2986a1baa439ef3e49bd14f95b5cee138dfc82444f0d046aabd85c63c92b6a39
8592,hf_08592,sketch,images/sketch/hf_08592.png,003d49f0788382acf3ed6ff39c2bf2b00d12d483dc2b5b1d6cd6dadfd19093fa
8593,hf_08593,sketch,images/sketch/hf_08593.png,3b3f6e145d9944831f35265ed231947859c4bf68f90ce6aff71eab719381c72c
8594,hf_08594,sketch,images/sketch/hf_08594.png,cb71278c015d466a39a01c92aca0b7e27c02adaaf3681ec6a3d1b0c607aa2095
8595,hf_08595,sketch,images/sketch/hf_08595.png,5e7f3bbe1170ca0375313110f181b568765970a899798ec051f14ac052090c68
8596,hf_08596,sketch,images/sketch/hf_08596.png,7ecf566354c21741fba5f8707634fa4e12d987c2f443f6718c2a1728c26e8926
8597,hf_08597,sketch,images/sketch/hf_08597.png,171fb55a6d4041d21803e276e8bd4dfcb70ad9354c4d33024d5ac1f2f21da7d0
8598,hf_08598,sketch,images/sketch/hf_08598.png,b3efed66347acc6d335c9e92999685fda4f1f1b24a6914de08b1a3dfce087499
8599,hf_08599,sketch,images/sketch/hf_08599.png,153a3de0ffae2eaaf4b063e0f78768810ae732f9502cea59115b1dd005737560
8600,hf_08600,sketch,images/sketch/hf_08600.png,4096607a3dd2e528dda20f0474e75fc19f658b83c13eff159322eb8c22356d1b
8601,hf_08601,sketch,images/sketch/hf_08601.png,88939cd9b8b2f170a8caf6d56838ba67c0afbbb02a9681babcbfa8a4f974304b
8602,hf_08602,sketch,images/sketch/hf_08602.png,78dc0b22451a91188cec4ef36bfb38298a68fbf13356d78b25f0ded8665149ba
8603,hf_08603,sketch,images/sketch/hf_08603.png,bbe13f608a0f196087371c1a0ff7573f5e4b7ca2c5ac689c0e5a88adb3ae7bbf
8604,hf_08604,sketch,images/sketch/hf_08604.png,c855337845eeaf90bb1f5f3917aebfc42c3e02ac99f17876504b7dc76172f8a7
8605,hf_08605,sketch,images/sketch/hf_08605.png,b5bc9caa7335c1f1fb1868831cbb6ee00f6088865dfdec9f92ae7573fa704733
8606,hf_08606,sketch,images/sketch/hf_08606.png,279c742b7289220816c1b14e5858efccb115219b34ccb52f9b1724044c9765dc
8607,hf_08607,sketch,images/sketch/hf_08607.png,26714711e75bb9a0bdae8ade879930af4f71ba67dff37be48e12d8161cdd6f78
8608,hf_08608,sketch,images/sketch/hf_08608.png,58844980ab60106abacaed542e7bef747709aa2b060909df7afbc47edd4ddd6b
8609,hf_08609,sketch,images/sketch/hf_08609.png,81ff91af9f15b754a2ecf0b73cbeec230466b6dfe3e842a5614016aa5181a195
8610,hf_08610,sketch,images/sketch/hf_08610.png,bf0197f06364de0f6b4f036503b86809318854be3220f2b45ed64cf7862ea7d2
8611,hf_08611,sketch,images/sketch/hf_08611.png,279a0891bd934a39f99b8e0d372f01b785617eca362ed7322abad05de31786da
8612,hf_08612,sketch,images/sketch/hf_08612.png,23fe4c329a5dc01af94161ca02086a88745272f188631673018ed69554d7c93c
8613,hf_08613,sketch,images/sketch/hf_08613.png,ab1e1f495b4686859b3a3bf3260bec30c84d36ce26e992ef44fca0600ff3a99a
8614,hf_08614,sketch,images/sketch/hf_08614.png,6ff8d2f65a0e97b86c89a767fc74651bb1d6ee128c5539d77839398d992ac2c2
8615,hf_08615,sketch,images/sketch/hf_08615.png,4fe80ad3ab22091dc4bf615613e6c4cf231538df4eb57201a66a8bf8965f3b8c
8616,hf_08616,sketch,images/sketch/hf_08616.png,9c6706f6780c2608481507452726e0fe9db8ccf90812b80158cee20065ae7b98
8617,hf_08617,sketch,images/sketch/hf_08617.png,736c416e0c91a14363db28b3d62af21f129992c3bdfcce2050cf528182c516bd
8618,hf_08618,sketch,images/sketch/hf_08618.png,743fb2086fa5864551807b2f387d748ada9eb1b9141b701ef3a72878a815db30
8619,hf_08619,sketch,images/sketch/hf_08619.png,b1158d0aaf68cd016516320c788d1f1fe428c76957b74505136c063e378025a5
8620,hf_08620,sketch,images/sketch/hf_08620.png,ff381e6ff7d2e69500b47ab6120222e890b2e5e4dc9a68acddb960f91b7c3beb
8621,hf_08621,sketch,images/sketch/hf_08621.png,1b65c8fbb2cb818f33848f3f070bc7160c793a3ed2ebcacd0e611a401f379d78
8622,hf_08622,sketch,images/sketch/hf_08622.png,d1a76c988abcf94da8dc09e3f567bfe9743626d4a6c8569c2539a1b9ee35582c
8623,hf_08623,sketch,images/sketch/hf_08623.png,d723b8a8bfa9fd2b3996b9ed696754bec36aae5e965b7117323ff6df10958df1
8624,hf_08624,sketch,images/sketch/hf_08624.png,9a73b3ecabf6ff3b097fbc6e71eaa36b67e08d2a8af6b7b3ca53b67640fa99ff
8625,hf_08625,sketch,images/sketch/hf_08625.png,106666c2b58023f76536b66426839ba24e5c2cc4569745bccca012e405b9d3b9
8626,hf_08626,sketch,images/sketch/hf_08626.png,345444081114a00137d6cb0e38d2492a393578b5a08d5496bb412cd3371863ed
8627,hf_08627,sketch,images/sketch/hf_08627.png,b22fc5e2254f3ed55a9d06d18bac73fb4860a5456e34fceeb6f77cc9eff1a84b
8628,hf_08628,sketch,images/sketch/hf_08628.png,0d50d4fd57c964a3118b0a2c816d24e832501ae06efd5349d09ed90b610d6fbf
8629,hf_08629,sketch,images/sketch/hf_08629.png,082e64347b07ea577ece778ba3fc5a1df4b6fb484a81eb732c8e28b732e73211
8630,hf_08630,sketch,images/sketch/hf_08630.png,e8d38cdd180d4643fb972cb934421b129c7fffb45e4f29a2e4cbe59e08aea330
8631,hf_08631,sketch,images/sketch/hf_08631.png,d334c9e706a8e0488f698aba4598e6326496ce546106f2eb2d89ec872619b28c
8632,hf_08632,sketch,images/sketch/hf_08632.png,d8ecd82d128d023554faee6bd39bba6467d46fc14d9cd31b116334c62ed73821
8633,hf_08633,sketch,images/sketch/hf_08633.png,cbd66eb6b46ddb83d82e412ad45fc9452b139dc868d94070522b0567924f60eb
8634,hf_08634,sketch,images/sketch/hf_08634.png,73435be62a5cb70a91ea71cc658e98dae0480d3a06e84985c9cb2b987a9abcf4
8635,hf_08635,sketch,images/sketch/hf_08635.png,5c225b5ce35d11319e8998b9af25212244f52e04c2e48359160542e24b3bb94b
8636,hf_08636,sketch,images/sketch/hf_08636.png,a058f2cb4e829f96c1ade22b1050c3f365d6944978827cae4bceac72fecb8a4c
8637,hf_08637,sketch,images/sketch/hf_08637.png,7c97bd13da0721ec0e3d27aa28b8c34a948a0f521e3cbd2a1eb0957ec527d15b
8638,hf_08638,sketch,images/sketch/hf_08638.png,90c2af67448ab365295d713eadb0ea1926378866f39120f8c66d7cb46827bee9
8639,hf_08639,sketch,images/sketch/hf_08639.png,3fd9bc4b44fc8bd3fb5c91f647f0be908cc5d3c026e20e496f7a50d8bac35575
8640,hf_08640,sketch,images/sketch/hf_08640.png,b233bb8070e2d4779746f0175ec486971d6f5d318ffe0029892aa0b78133338d
8641,hf_08641,sketch,images/sketch/hf_08641.png,0873d442439a60be3d2ebc4fbeb877e1718618450a0fc31d50feac2005191503
8642,hf_08642,sketch,images/sketch/hf_08642.png,d438853701985ae426811e7e94aee57a74ed9b857c561b41ab9607a761440423
8643,hf_08643,sketch,images/sketch/hf_08643.png,6ab83f454e68d6001d0f168bb502cc75dba4c61881ce088f5abce3d9aa553704
8644,hf_08644,sketch,images/sketch/hf_08644.png,21d91dd86fc645e06650f1cc162931542c60e2e49cdd704554655aa1407d83b0
8645,hf_08645,sketch,images/sketch/hf_08645.png,6d79c869e2b91f7f2b4563a0c2584673968ac5b875cb1cf152c5a36e507c46bd
8646,hf_08646,sketch,images/sketch/hf_08646.png,51ab329c0374a539b1c57c0142a8b6542389e87f6b397d68a513bb73f95fe816
8647,hf_08647,sketch,images/sketch/hf_08647.png,aadd4cf63788e45c9d0b4bfc28e7ddf8892ac9be47634653480dee3953d679d1
8648,hf_08648,sketch,images/sketch/hf_08648.png,e4017959796951ed1f661cc4f8beab140b91d7c815ad3069e8dbb29fa86fad14
8649,hf_08649,sketch,images/sketch/hf_08649.png,e49d2ed59ff15f2379f722cdeece3c8db7bc91a452af19b46c5808c7e8ac8100
8650,hf_08650,sketch,images/sketch/hf_08650.png,3a6b9e03047ca4f32d34e6033d207a28dce54db1775aa3cb6d388fbfdcde3ed7
8651,hf_08651,sketch,images/sketch/hf_08651.png,7291e4b30025e43751033bb079e62df9a0208c74d00d93cf36d2ea26423d6598
8652,hf_08652,sketch,images/sketch/hf_08652.png,4bb053b74517d8cb9d384ff0dd18c5abded7ee28630c52c28cbcaff46b565d58
8653,hf_08653,sketch,images/sketch/hf_08653.png,90591af400977fc7a10038f5d6fadddb9ce828ef5fe1dec443890db35ae40121
8654,hf_08654,sketch,images/sketch/hf_08654.png,d45256c12b750229a22b784906abd6db7edc2a35ff0c1e3f5d56be19e693bbfb
8655,hf_08655,sketch,images/sketch/hf_08655.png,bbcf3ee8bd979ce45741d63d68019b60ac5d184ed9d72d896e7a51faea2c3b29
8656,hf_08656,sketch,images/sketch/hf_08656.png,372dec9a134694f10684769fed72ea61702d080e4a1867a75a85e2a8f011261f
8657,hf_08657,sketch,images/sketch/hf_08657.png,b53746bf5e377eb37058da1925a36d110b1fb0a96a7716a51dc16173ad21b9fb
8658,hf_08658,sketch,images/sketch/hf_08658.png,9afccf243be1e4b8949937b8ca359868996ffc303f07ec2bffeea82bdd4a9c49
8659,hf_08659,sketch,images/sketch/hf_08659.png,e7ae132e189f28b3c76c216d92434f3815fe7566d164f2c7648153ff99d4c07c
8660,hf_08660,sketch,images/sketch/hf_08660.png,58e5550fc1ad7cf1df8ded2933d358ab3a2082bcd3d990a8f50b0ceda326125f
8661,hf_08661,sketch,images/sketch/hf_08661.png,ac835073e93643b0471453516a37f1697aa31d93d30bb7c5a1ad95c0cfbd21e2
8662,hf_08662,sketch,images/sketch/hf_08662.png,fcdcc5a1f65409aa34fe96e031b81177df6d2a57d82e0455abe151cfc46b2f8e
8663,hf_08663,sketch,images/sketch/hf_08663.png,a140988ae60b771f78579e567aee4707791be979e4bd0f602861f4b76cfce0e6
8664,hf_08664,sketch,images/sketch/hf_08664.png,2dbdfe71da0e12124bf586be36dac7e81bf6fbb65a21519d17be261bf3c99256
8665,hf_08665,sketch,images/sketch/hf_08665.png,ad6ab1d7389db937612f543608a40578e0934508790050ba5086f3c184b89925
8666,hf_08666,sketch,images/sketch/hf_08666.png,64dd11a057ca67d4aa99bd3d059bf3e2f70b4ee3fcefa35662747020de67ffbf
8667,hf_08667,sketch,images/sketch/hf_08667.png,f8f57dd4f906688d40ae4d1989c15f6c3bbb7ce077d2532710af3d36b54e5ba2
8668,hf_08668,sketch,images/sketch/hf_08668.png,18e3b4daaeba9f9d0866bafa35daaddb140752b3becd91367def846ebb2a4a7e
8669,hf_08669,sketch,images/sketch/hf_08669.png,63a6a93b2acd9da1c733c1c2f499792a95d3150c8207540322be06e19fe87a95
8670,hf_08670,sketch,images/sketch/hf_08670.png,71a2d6329b47f7fe331bcb71caeaa3717b8ba61c2c0d0d5b7a65b6977758c30d
8671,hf_08671,sketch,images/sketch/hf_08671.png,0ad4eda135ba0a8dd6b658029ef3f89cf094cd9700f2a9b1c0f734162f9c470e
8672,hf_08672,sketch,images/sketch/hf_08672.png,bab3bdc5d1cc9d4dd081667d1a35dae381cdd14011e0e7f547a8d62d6905aebf
8673,hf_08673,sketch,images/sketch/hf_08673.png,4b024d08d10a4af985670190d890d51dadf6e19a2621b80126684861038735a9
8674,hf_08674,sketch,images/sketch/hf_08674.png,8d179462764b87b31c8a2bc173bfacf19f93d032ee5663732a5cc0f6a79dea72
8675,hf_08675,sketch,images/sketch/hf_08675.png,b0e90ac98b050fd8540828fb66e1a2a9e78f2c1e24ff31c24cbb8da82bb3f233
8676,hf_08676,sketch,images/sketch/hf_08676.png,939e889506e7f2631d9195a1872c7155afc8cdac243c1d9aa86b04c1e80d2a14
8677,hf_08677,sketch,images/sketch/hf_08677.png,4aad73e51c364f225945fe007ff2589e3a9f0768f74820a583104dfa42bbb7f4
8678,hf_08678,sketch,images/sketch/hf_08678.png,9e0b5fec40e1c8569841d5c991a4de55c4fab0a26977b7d514238b20d86df6f0
8679,hf_08679,sketch,images/sketch/hf_08679.png,5a8ca84ccd9087c3e54ddbd224a1ca31893f92a4f76d5d6d1ab8a3f163c4b972
8680,hf_08680,sketch,images/sketch/hf_08680.png,8f0c57f106bff1617366a611c73d9285083d50aad41406f2b67aa2a263b31494
8681,hf_08681,sketch,images/sketch/hf_08681.png,612357b82242edc11daef4df7c1586f9a475507b344b92a4e1e34a30841294b6
8682,hf_08682,sketch,images/sketch/hf_08682.png,cc914cd22a6712ceb85e4662c530b42ab0691367c7200ff43e198f93e49120d4
8683,hf_08683,sketch,images/sketch/hf_08683.png,0dfff85ad81ee5fe3cdbf4c7ff39c5847dd892f822ad7ed6335fe90853e2e8f1
8684,hf_08684,sketch,images/sketch/hf_08684.png,120acec0f7df8f020fd0dfe5897fbe174cfeff455d720f62b2ae355f1d2f5fb8
8685,hf_08685,sketch,images/sketch/hf_08685.png,174f1cc2b5ef47b55a5b87b6ca2af411ba3cee97df1b392cba0acf4ce19a6c6f
8686,hf_08686,sketch,images/sketch/hf_08686.png,c918d88650dc706582b6920c44777cc56513610f3218fb61fb33282cace03e85
8687,hf_08687,sketch,images/sketch/hf_08687.png,516d39dd5995fc6dd5a635ee2541d1f13319910ace06a37ce90685222cf022dc
8688,hf_08688,sketch,images/sketch/hf_08688.png,eb5d01e6515ee117f5d10a6491790b004acdaba88ca32a94a204d65918ca1fe2
8689,hf_08689,sketch,images/sketch/hf_08689.png,244d9e05ad8668f507a775e556f7797e21a2e23844098af49501b61b849ef5fe
8690,hf_08690,sketch,images/sketch/hf_08690.png,4dab95fee21625b3caea78c5a30ebfbc48d804c38e159e6a2838e1c52aa5c550
8691,hf_08691,sketch,images/sketch/hf_08691.png,a4d60f4a02845f890804a062d5d0a570433685b35776b0ead0e6dcbbb350006c
8692,hf_08692,sketch,images/sketch/hf_08692.png,318ce1ea80f2b6a31df6cbf21bdb97102dc72ad0717354104106b31e35a7a89e
8693,hf_08693,sketch,images/sketch/hf_08693.png,2416d2d118288eec7a6678933675f8163b66b2a8ea85e18b742f0e375624333d
8694,hf_08694,sketch,images/sketch/hf_08694.png,9f55b1b54507ac26b833caeb419d7390d8b3b1399045fe75114d3701e2572934
8695,hf_08695,sketch,images/sketch/hf_08695.png,65170e9ee7adb9032901c62b48e6420b556b12909641eee69005578cb7b3b89a
8696,hf_08696,sketch,images/sketch/hf_08696.png,c3565a6e49e1ebbe6bab74a805a8673b815df5130eee03691f4e074312b06f0d
8697,hf_08697,sketch,images/sketch/hf_08697.png,affa3db4ec52deec1d35635ed450754e4039f1215e95dc4d5d0358d9eb7a3560
8698,hf_08698,sketch,images/sketch/hf_08698.png,da97d70b5e20def50f511c8dbfab7512130766c16304e25da208688053f502ab
8699,hf_08699,sketch,images/sketch/hf_08699.png,fdb0f4e792284e31dfcaa6239219794db73ee59bf2353c1d96d2ee630b64e431
8700,hf_08700,sketch,images/sketch/hf_08700.png,d7d296c4984cee20c923821b3b0fae96ff4971a82da197aa1737a6101066d0b7
8701,hf_08701,sketch,images/sketch/hf_08701.png,51fab3d289381c1f04f546d50b3465532490435a553aede31d0ce323135d3fee
8702,hf_08702,sketch,images/sketch/hf_08702.png,9a0483a6d0274ad772bc7665bc259e0cdc078358f09cc1c2fde8081ff3fe3c78
8703,hf_08703,sketch,images/sketch/hf_08703.png,d5232259541bf3535c71d641db7fb848778702a7352efe6d836cab88f791dfbe
8704,hf_08704,sketch,images/sketch/hf_08704.png,8a8bdc3cd63eb7b03521d7bd5648395f27f479c62c034389ac5bd4cf62cc416d
8705,hf_08705,sketch,images/sketch/hf_08705.png,f01348a36fbf913b4ff53c978a76922531a2f44104db44576c5d0b2c2b75a976
8706,hf_08706,sketch,images/sketch/hf_08706.png,6412eca3044151824d47094f348ffa0dc962832db7328342569f9e515506b8d6
8707,hf_08707,sketch,images/sketch/hf_08707.png,11c3edef1f062637e96432ec9672bd2950748b371515fd2c60f8e0a344bea45e
8708,hf_08708,sketch,images/sketch/hf_08708.png,b114ada53d09cd2482ebe4e7343af0163f1ade401c56b78535aa3e9f0f74d7c7
8709,hf_08709,sketch,images/sketch/hf_08709.png,174acf706dcb5d94a4ee4636b2bcec335b77f4d6dd17164aa063fe033cd01f6d
8710,hf_08710,sketch,images/sketch/hf_08710.png,49b85f90fcec19d8c75d99d8c33e72a831f5cbc3ae11198c05427c0b02584619
8711,hf_08711,sketch,images/sketch/hf_08711.png,adb7377b6048c9eced05f89fe265201d2e8a1bc3ea11ce2cba065cf6ff8a8121
8712,hf_08712,sketch,images/sketch/hf_08712.png,efe86798c6b8f87f64de08577f1acc558a625b69b87c448fd38bff88c3ac701a
8713,hf_08713,sketch,images/sketch/hf_08713.png,378be451012037521cd4f528149990472ceefa7d72053d9a1c563e6bce234c10
8714,hf_08714,sketch,images/sketch/hf_08714.png,0aeb7f70abaeea16181611045479142c0cfbc5e51aed1e5519bbd15ea6087bfd
8715,hf_08715,sketch,images/sketch/hf_08715.png,1cf09abdf795f6760c7e58a5d005b791a2089fdd41f73c63829a8a396e52d5c2
8716,hf_08716,sketch,images/sketch/hf_08716.png,c2e405a46925d063db8814d062acebe74f38441848abbbf0b8ebeab7fb0644ed
8717,hf_08717,sketch,images/sketch/hf_08717.png,2405d711e758ecb7eefad50fd19dbfe2c7176b79f683ff2c0eb8339e769ed08d
8718,hf_08718,sketch,images/sketch/hf_08718.png,fc793280b53812f954299d39888a73b379ea94b4a3ae4337dcfc148a65fa123c
8719,hf_08719,sketch,images/sketch/hf_08719.png,8bc1c861403a65feb14ab143699bffd1de1723a488fac8f085a840a0d4e1d5eb
8720,hf_08720,sketch,images/sketch/hf_08720.png,0d2fcff7f2ec7bcf8b538cae489f241b4bab8d6975e566252c21f2b0eb75ff2e
8721,hf_08721,sketch,images/sketch/hf_08721.png,9878ae67d4615efe0c3870fa889fdeed190a2cd5e34f430f5da1c3e29bca6c54
8722,hf_08722,sketch,images/sketch/hf_08722.png,540f236fc9a4d3d83566555c70a509f675629a343b36213479bc1813c42678c8
8723,hf_08723,sketch,images/sketch/hf_08723.png,8258e6fb03336f6a158042fbd7b53f9a6cfff959863b5b93c21e87f14f70fc53
8724,hf_08724,sketch,images/sketch/hf_08724.png,3c91bc313ec15c2f68ed0fa1d79542dd9b5c1733e39dfce3c1870dfa1cdfa21d
8725,hf_08725,sketch,images/sketch/hf_08725.png,d98df7cbbade860dbe2699d8190c65bc8c8c8bdd18934573efbdee1da794cf33
8726,hf_08726,sketch,images/sketch/hf_08726.png,0384a9f5cfed105b42505620f9d6e62c4e61e3fc5925c52ee512dabe23b6818f
8727,hf_08727,sketch,images/sketch/hf_08727.png,8e35c82e6e17fde59ed1826681ebdda5b96030877cbf9c34bc85fb361f49b2f1
8728,hf_08728,sketch,images/sketch/hf_08728.png,7102e2458ff14545ccc08572b391c7c3f440a21b19ad83379aa367031628326f
8729,hf_08729,sketch,images/sketch/hf_08729.png,e8f5d6404e4cb2477e85f7079ee1529781a548d998fa940aa6add223e35640d7
8730,hf_08730,sketch,images/sketch/hf_08730.png,f9b448064afabc56941e767dc58ab25f1dcc5516057b8277bae60b182c5f012e
8731,hf_08731,sketch,images/sketch/hf_08731.png,43c30463baebcc816fc6ea47d27860765605ea1eaf17d4931d52fd41a903ef8b
8732,hf_08732,sketch,images/sketch/hf_08732.png,3c6981b450067f4993591e312c05255119827ef099b97310e6c895dfdb9a70e3
8733,hf_08733,sketch,images/sketch/hf_08733.png,d9e52a6f90a85c20670ad0decc23b708719dd686f081691217fbd213f2dbbf6c
8734,hf_08734,sketch,images/sketch/hf_08734.png,786d93bb5d7e2e545ac975c9ea012d4afe8963038cc9235eae9e09c40fa5bad1
8735,hf_08735,sketch,images/sketch/hf_08735.png,56a058d7d3ed7e901ffb86302ad992d1a508d02074cd485b8c3d80f3aae129fa
8736,hf_08736,sketch,images/sketch/hf_08736.png,0868dc3a11dbaeb6933ae312c21c13c68fbd0ae4b5fd121328cfe890f78f9ea1
8737,hf_08737,sketch,images/sketch/hf_08737.png,67f60af2e1dfba4d7306a0016d74390a06858450ea5f2bfc5701df50577aad3b
8738,hf_08738,sketch,images/sketch/hf_08738.png,293941eab5f274edaa8ebcc4f948ef2baf6e7ad338eb7856a1ee88f40501115e
8739,hf_08739,sketch,images/sketch/hf_08739.png,3db3b9293ac5cdef20c49f4cf964b564a298037fac1e813ca5b65c936a7032ce
8740,hf_08740,sketch,images/sketch/hf_08740.png,707ca5463c1344dd4e52fbff9e045c093cff327d8d5f19a6bbcfabc6db09997d
8741,hf_08741,sketch,images/sketch/hf_08741.png,552c31c12b36af0dfb01aea2ef7d6376cda79a9fead9bd0bf29825ede78a433b
8742,hf_08742,sketch,images/sketch/hf_08742.png,1fbba3739da5dba251b6c797387eba3867e724a892f17c548d5693e6300ba938
8743,hf_08743,sketch,images/sketch/hf_08743.png,5d456eb7030a126f72114a828f44844337b91540fc3336dc5e85c3c871dcfe74
8744,hf_08744,sketch,images/sketch/hf_08744.png,14054d1d19812d5353386704e0244c7d55c7267d67d0dcb922370fdedd75c164
8745,hf_08745,sketch,images/sketch/hf_08745.png,b4344243b510582b7adffb43c7b636684a3bfb8b0b93821cf5e2f0024739df73
8746,hf_08746,sketch,images/sketch/hf_08746.png,f3f8c696cda8498486374cf5d4698d97e180f4a8ff1f7ad15c0353d88b2b3cd8
8747,hf_08747,sketch,images/sketch/hf_08747.png,c72d44a3eb67a63f5b680cdc4881f41d6f83b52d093de55057da61e480b5f9d1
8748,hf_08748,sketch,images/sketch/hf_08748.png,be99041b8d090b860d4eb7950a9e9b31b406829bb3caf07c9f1ebe6654b0cdc1
8749,hf_08749,sketch,images/sketch/hf_08749.png,e910c138da1be1e2cfd1ccc25ad837bc15ab600706fb84b622a4c1592e6d3379
8750,hf_08750,sketch,images/sketch/hf_08750.png,f74625556ce47635f3cc13a7173f1efcb65bdfa00a9b89f56a669e0b214bf8cd
8751,hf_08751,sketch,images/sketch/hf_08751.png,f4d98db43c9159edebe23717cebc81c492efa3b6d13326750d744610a23305e0
8752,hf_08752,sketch,images/sketch/hf_08752.png,31a8ef964d39a54fe3c2ca5966a0ad5b8889df257f56e2e6c4c3c9f89e6aaed5
8753,hf_08753,sketch,images/sketch/hf_08753.png,f04934272953bbf252a4304b6a3de95328c08e21e6ecb0797bb01940ac234175
8754,hf_08754,sketch,images/sketch/hf_08754.png,e63b3016d08821601200cffcb73aea884495277afdd70fd1bc90f0a684e6e1c4
8755,hf_08755,sketch,images/sketch/hf_08755.png,152e59c5a6738fba07419e6aa61273e3323d2c2dbb5e91a452979006903df434
8756,hf_08756,sketch,images/sketch/hf_08756.png,e8d9ab06937f44c93a0e6bfc6b5d8978f83b9fbc591d14c7c3183c4da16acc8c
8757,hf_08757,sketch,images/sketch/hf_08757.png,30e0a3f17d3effd480d20432511f2d44ed2ba839489820ec970b67c53d071f02
8758,hf_08758,sketch,images/sketch/hf_08758.png,ea82861007b03f65f2bbdfbda8033ec8415eb6e1ce6c913a3606a452a4feb412
8759,hf_08759,sketch,images/sketch/hf_08759.png,c195934f501f8053121cf40bd1f4d83c92b5be318cad88d12241f80ba727afe0
8760,hf_08760,sketch,images/sketch/hf_08760.png,49b9bec678f73c8de833b31303ba4b74c3fec1574fa02d868dc1637fe7597730
8761,hf_08761,sketch,images/sketch/hf_08761.png,5b2e7ef5160af780b460f8413ef025506a522c147e126a357ab4eecae0d80d1f
8762,hf_08762,sketch,images/sketch/hf_08762.png,9fb299fcb439bb6e6134cfcb5887b6bb57ea7bba03b8767ff7d7272ad3324b0b
8763,hf_08763,sketch,images/sketch/hf_08763.png,42f631fa76bd8f7d98d9eb55e0549449a6c721cc30952634bd72c3109acf5d62
8764,hf_08764,sketch,images/sketch/hf_08764.png,bb569e5b1a96711ead5b9c8ccc5b66bfeb3778be322a82e4324e8497cd19d291
8765,hf_08765,sketch,images/sketch/hf_08765.png,9e565481eeb7d84123827a02d9cfa9e4703f5221df8628cf757ba12374a2c484
8766,hf_08766,sketch,images/sketch/hf_08766.png,6946f0e3abf2efe9830cd16662facac9ae617af62a43714c24091ad5e9348741
8767,hf_08767,sketch,images/sketch/hf_08767.png,c0b4557752e1f0353f130abe3f7abe7d33af0bcacada0468382c43397af9697e
8768,hf_08768,sketch,images/sketch/hf_08768.png,14c377aca2ca14688107d02798f4530d5f0be6bbbef2ce1a7e0c217209bf958a
8769,hf_08769,sketch,images/sketch/hf_08769.png,1554854dad907bc6f0aa1e65176044af4fa374ba77394f67aac8ac02f7f58f20
8770,hf_08770,sketch,images/sketch/hf_08770.png,df42bcd7899036aab9243946f31346e4f143a1c4123894310a6c931d614ce4c3
8771,hf_08771,sketch,images/sketch/hf_08771.png,9d8dea3c286c88d1e4c7f6d1dd2dcb00ce16220deb4e9d4997b1df599c66862b
8772,hf_08772,sketch,images/sketch/hf_08772.png,172b6c3495e50eb722e575593a15f3d53361181d4fc99d5a1b4f52a80a64926b
8773,hf_08773,sketch,images/sketch/hf_08773.png,ac533d3b6b8afe3cb27b0cd6ec6c88c3664d1ca9059ecad5e72ec2318dbf48ee
8774,hf_08774,sketch,images/sketch/hf_08774.png,b717faad98d64c96a540f01129e417e7297855ffff5afdc6a3dbd8de4ab2028a
8775,hf_08775,sketch,images/sketch/hf_08775.png,da8932bec628dc43deecb7097efce37b8cab66697bb2c68cce7307b3cd457a00
8776,hf_08776,sketch,images/sketch/hf_08776.png,47ebe242ba736ac58ea78675d3358075ce7a103ddd0787f1e50bd61e35aecfc3
8777,hf_08777,sketch,images/sketch/hf_08777.png,9da09289d8d7f89bc585d03549a6db55d1dc9f41e20403a6abbdee3bf205e188
8778,hf_08778,sketch,images/sketch/hf_08778.png,e758642f387adc0da791fabf213e98325a4f7f22973ba9dbe60d8947e4ffe866
8779,hf_08779,sketch,images/sketch/hf_08779.png,d74923b3b75b2e658e4997f7ca1435d8e7e0c071dfe2d33503f2cfa03b157512
8780,hf_08780,sketch,images/sketch/hf_08780.png,c490d8336e8243478d364ce9b1667bb8bce0ad0fbd6e3e7e67bc9aef45fc7f8f
8781,hf_08781,sketch,images/sketch/hf_08781.png,9f38fd209699519d30096230bb74e0f1077a5f8c96b5ffe5dbab402bae48e9b8
8782,hf_08782,sketch,images/sketch/hf_08782.png,f54c2e15fed21645a684d0919de45d4ad2afe04adf2083d23b18f8b12133552e
8783,hf_08783,sketch,images/sketch/hf_08783.png,07788390cf7be6ab436cd717ece316a0760f5e7f9f3685bbef47dd58756695ef
8784,hf_08784,sketch,images/sketch/hf_08784.png,acfe24076cf9533bf4c537e07ee53590af14c015c55a7f9e417572cf5d93151d
8785,hf_08785,sketch,images/sketch/hf_08785.png,e93370866071a5a61260ec8e8f50d53a066f1a53d77f3bfae733913c00286748
8786,hf_08786,sketch,images/sketch/hf_08786.png,dcfedb96a692a44a0ef9a1d60c3304ab6844fa752d88ee9bc69c35969e7e5198
8787,hf_08787,sketch,images/sketch/hf_08787.png,dd653f2da8a0089571ad829cf6cc9aaed282f225fd1f2bdd121140db2650b1e0
8788,hf_08788,sketch,images/sketch/hf_08788.png,bf6bc3ed66d8fe12bd17c64bd8ed8c63e4f4331730004848360d2ea07868cd26
8789,hf_08789,sketch,images/sketch/hf_08789.png,f9f2a4d95250a5d456b1897d24f440a7ade96a8fcf77d4c2e6147d625c79745a
8790,hf_08790,sketch,images/sketch/hf_08790.png,010f52864b8e445b66f7185e54d18a2daff39a727cfc95bac45383ffbc843ed7
8791,hf_08791,sketch,images/sketch/hf_08791.png,e467d0fd47088f7750f40c5722ab9b645a2ac860420370632433d60f795074d4
8792,hf_08792,sketch,images/sketch/hf_08792.png,a4af422c9eea892bfaec870d9fc30831285ae7f78f69794972569eb9bedd2ca0
8793,hf_08793,sketch,images/sketch/hf_08793.png,b7cdfa493fa0dc1253c830bf7a8d81c2b99cb28f322be0ec4fd778b35939a372
8794,hf_08794,sketch,images/sketch/hf_08794.png,0b71a630bd2c71ef345db5fe2c93ec6bec16b80b1b5f4c4aea6d33160c032a71
8795,hf_08795,sketch,images/sketch/hf_08795.png,293cad35c934ce8c7bc6beb117d580f56cb6c6fb6239d9bc9378dea6c894b55c
8796,hf_08796,sketch,images/sketch/hf_08796.png,28a7acadb21cd07bfc9c42161ab245e40a7668a5cad0eedfd709a5fd0a1460bc
8797,hf_08797,sketch,images/sketch/hf_08797.png,38db4e1161c98d87bd335894e083e7b9974a51d3af82fa916f6d6073d1be2254
8798,hf_08798,sketch,images/sketch/hf_08798.png,5e3881167d82fb41ce8b80b88a94a50b28fb97dc0d01a88e438304d2a7825f88
8799,hf_08799,sketch,images/sketch/hf_08799.png,6c629cf2900dc3dbcd627ab12a63a1e49f7c928ed96b21a759cd7a00e546de38
8800,hf_08800,sketch,images/sketch/hf_08800.png,25c7c4391b29f6e1c4741035d2929c7cf14fcf461b587ea9bb23cdc4f230649c
8801,hf_08801,sketch,images/sketch/hf_08801.png,73f47e0c0799d9c1056db6e7eb0bc1da548ecdf14658c5cdcd80294abee5d134
8802,hf_08802,sketch,images/sketch/hf_08802.png,403c584081fff47518a5d6a2525f15201c34e3b57c154eef152786844904fefa
8803,hf_08803,sketch,images/sketch/hf_08803.png,d97d7241cc0a6619a0c6da540595abde460b056c59d126d5357746ebda7b8fec
8804,hf_08804,sketch,images/sketch/hf_08804.png,2c87060c600f917889874575f61a77a9a71ed039fdfb654cbb71449608fd9125
8805,hf_08805,sketch,images/sketch/hf_08805.png,7b1a97c768825d662d79fe612f291dbb5297518bb6f7fa1689d77472ec2a8142
8806,hf_08806,sketch,images/sketch/hf_08806.png,3891033a2db67b152dc118951533909945e0c8375f0a13b54250033c6b28afd4
8807,hf_08807,sketch,images/sketch/hf_08807.png,0578c26abe444a40249997400a951027444b0495213679c16452153c25e0f90b
8808,hf_08808,sketch,images/sketch/hf_08808.png,fd330a6a6cba43ac620706bf842f09351868494e6186c099b64dcbbded1e7211
8809,hf_08809,sketch,images/sketch/hf_08809.png,ac173d247937b35f9a4717bdf97b44bea669ca4aa1b9c81d3e9fadd91e9e764f
8810,hf_08810,sketch,images/sketch/hf_08810.png,75f6795d3e3da768b537460a0ab541797d3416bd95b92c21a2832315159de646
8811,hf_08811,sketch,images/sketch/hf_08811.png,3d58b21600a8bbb19eec4183a470d67b9d7ce345c6942ba035d6be71d753549e
8812,hf_08812,sketch,images/sketch/hf_08812.png,e4ec6a30927c4cb20c23d3b6e697331c109887ba62c7742637b53ba89edfd865
8813,hf_08813,sketch,images/sketch/hf_08813.png,d63169776787e5d9de073f1fbfeef3d2c5a8b98a3d664487a3d5e9e99aac6bd3
8814,hf_08814,sketch,images/sketch/hf_08814.png,90814b2d471e872746f5b02665c49c0ca121ce7b80f1e93ccb5dd7ebeb323a61
8815,hf_08815,sketch,images/sketch/hf_08815.png,7b6509a9e1d20a23a9eef035f7079d21ee9763edf6af165bbd9648e7e8ac5985
8816,hf_08816,sketch,images/sketch/hf_08816.png,7bb51d3bd3859f9525773cb205bcd7daa4ee1818bfcbe603620f6da1459e3e13
8817,hf_08817,sketch,images/sketch/hf_08817.png,7bd53a473446f57abccdef42cc076d1be00c94094069516a96955a1086eabfe6
8818,hf_08818,sketch,images/sketch/hf_08818.png,2cbf36b5b8c349426a17cc22663f75e7b3ec7185481c76a2a02ca8eae694420c
8819,hf_08819,sketch,images/sketch/hf_08819.png,504d8b06ad6b3b6ef97c2bc0eabfe70b8d46588acd382b85d83d9d7ade7e227f
8820,hf_08820,sketch,images/sketch/hf_08820.png,ac7aa011fcd7bc5d9b21b8a71151837d2927c05b6b808a723403e56d5ae258dc
8821,hf_08821,sketch,images/sketch/hf_08821.png,0f7a63ecbce3dfd2c53aca030e1a446d038a0b3dba8494c23a04dab8d17898b7
8822,hf_08822,sketch,images/sketch/hf_08822.png,87464e99648b4c079828d7baadd32dac752d7e866eedee2671a94b3c95ebb5d7
8823,hf_08823,sketch,images/sketch/hf_08823.png,f496e93a44a6f349fce9111b5fe47acb76e33db4edad253e62fb1e6ff10a13da
8824,hf_08824,sketch,images/sketch/hf_08824.png,6bbd3ecfddb86bda2ed1f639805233ba6101356941377021c58c29390b9ccea5
8825,hf_08825,sketch,images/sketch/hf_08825.png,6874330e6572c4916df999a2c7607dd539e83334d00b62a30d53db800d03e0d8
8826,hf_08826,sketch,images/sketch/hf_08826.png,025669759ff8e14936eb023674a4d921c49d808c72ab0f82c68e9f005b5075c3
8827,hf_08827,sketch,images/sketch/hf_08827.png,757a65cf07774c25b02d5db2ec578de4adef53834e68bb3eff3cb75bfc676a85
8828,hf_08828,sketch,images/sketch/hf_08828.png,2d8c932b694e5fcdfac34581c0d47b06153739fcb64d9f9198026e79dc99f12c
8829,hf_08829,sketch,images/sketch/hf_08829.png,a171b75437faf5d0b8ef1fbc675ede1fbec70ed4f4b31bd3b78374352ae8a04e
8830,hf_08830,sketch,images/sketch/hf_08830.png,3d34eaa62d11b58b347d1281244357b68de62e1b03286fbfd2ce8f0edbada248
8831,hf_08831,sketch,images/sketch/hf_08831.png,b48693168c0d90c3261b9b7239f419369be2a7d4cc8f7534d3cfd6bbb3b75cc9
8832,hf_08832,sketch,images/sketch/hf_08832.png,68d1cf2ad287e115c7310602787efeaee796a923b08fd980eafff7ccbd32ca6c
8833,hf_08833,sketch,images/sketch/hf_08833.png,ec6258126b9fd1838e4a4b05bb80b784686747aa8428355a512628a9df864530
8834,hf_08834,sketch,images/sketch/hf_08834.png,c3e4092643d4c9eb2a3f13db02ecea2a8bf1530deb124e01dc84333451094bbd
8835,hf_08835,sketch,images/sketch/hf_08835.png,82142ea71ff52c5a0ed60e3116a4bf838c61ca7edca4e095018e59e626af3c2f
8836,hf_08836,sketch,images/sketch/hf_08836.png,7982f3195fbbec0dc1e6d9157de955869f5b723ed1cc65b81daac8e5b50fc155
8837,hf_08837,sketch,images/sketch/hf_08837.png,4c98f5cd5be4834b3adbb3d285ee81b18c96104e1aacdc0283f8f8b8441da8db
8838,hf_08838,sketch,images/sketch/hf_08838.png,258878ccd02342cb623d1e9a18bf209a1e554cbb8a8ee8a211efb7b10a791c21
8839,hf_08839,sketch,images/sketch/hf_08839.png,86eecef58a101f63d8d288abccc23eb212a9d4af1913ce9c00724fdd062c15cf
8840,hf_08840,sketch,images/sketch/hf_08840.png,f1a6eb0b88fe273cf4516b5b324cec03d31d65b7596fa0d3837ed482f0f85630
8841,hf_08841,sketch,images/sketch/hf_08841.png,87330c2e25639ad3bd62c946dd31ad82228bef14d752a19244eaf610b2f3501f
8842,hf_08842,sketch,images/sketch/hf_08842.png,c879cf0665bab742303046dca8a024e8fc169964b981535d826a3cfdd771f879
8843,hf_08843,sketch,images/sketch/hf_08843.png,95a595d43b732653b6389ca8c9beeb92ad30562c2459a88872a60fa310a7ded7
8844,hf_08844,sketch,images/sketch/hf_08844.png,bc173dab1c292a9e39b1b492145ad5b983c1f7331d1ee3b2db7b46bef6fb7c54
8845,hf_08845,sketch,images/sketch/hf_08845.png,b102f63540f2bcc21d1703d09c567b66c6816a7c7957da1cfb937e0065d6ba6a
8846,hf_08846,sketch,images/sketch/hf_08846.png,5728b39188f4c4ae1135a6fe87bed325faea4baf3ce2a4a0ee06f88789c3fc27
8847,hf_08847,sketch,images/sketch/hf_08847.png,abe36aab0f975f46fa92007ade640d1def6e3f73f5a9140ea5870758b831f2a1
8848,hf_08848,sketch,images/sketch/hf_08848.png,64bb371dce18ebba23eab88c3e891790e7491cdd3b91c4782631ecdeedd1f40d
8849,hf_08849,sketch,images/sketch/hf_08849.png,87dccf35e24aa3f12f3624c9af9faf2110c0e44c8476087ae6bd8817b3b1652e
8850,hf_08850,sketch,images/sketch/hf_08850.png,6ff87124896a47027fb40471c4b1435bdb5c7f16163bfcfd91d25fb07ffb49e6
8851,hf_08851,sketch,images/sketch/hf_08851.png,49a6e2ff11c62fe1eaa0c279f22646a6d0d8decd85d5ef3d05879c4ff4995698
8852,hf_08852,sketch,images/sketch/hf_08852.png,a1f0ae178699c2209c87dcd07fb61a7e1c4b0bc8bb89a34c38075fc381bb1fed
8853,hf_08853,sketch,images/sketch/hf_08853.png,92ab34158d0371ee849db1d2af066cdb38f70a9106d91bc956a0124c8e7bd58b
8854,hf_08854,sketch,images/sketch/hf_08854.png,7b3900338a933adf4d5e1c7353b73809b62a25a0f458b6c0cd5c5b05eb75ed78
8855,hf_08855,sketch,images/sketch/hf_08855.png,fdadf6e0dd125c3881898d90ed4a80c624811bc6f36e23bcdf20b4845da9b6ff
8856,hf_08856,sketch,images/sketch/hf_08856.png,de19b98dfc8039fdc7bfa960771266469f649994957709543907d82a5e6b0a46
8857,hf_08857,sketch,images/sketch/hf_08857.png,0c92f7c3c8ef7d22d71571381be92f35d065af839c2232fcc51de3abd3d66b7b
8858,hf_08858,sketch,images/sketch/hf_08858.png,f2bff5899cf12d7afb9d82e7ab8fb2c5e2f6fefbf749b7377b718fce4ae04ff3
8859,hf_08859,sketch,images/sketch/hf_08859.png,718addfd442baadbef173debeca616d2d4b440698c1f55471ac5d279ea8f665a
8860,hf_08860,sketch,images/sketch/hf_08860.png,f17808437fc4c78db328afc19010e3df582a2e629bdaf55e2c2e70b2a5d77517
8861,hf_08861,sketch,images/sketch/hf_08861.png,e042a53dcaf458161e75c8d414105dd3ace3856f57f90fc720e6c5186e3479bf
8862,hf_08862,sketch,images/sketch/hf_08862.png,0aa732a68366e82cd62d8540a3568181a8a1693a737f37ca0c841d66f358e3c6
8863,hf_08863,sketch,images/sketch/hf_08863.png,a8703880e52bd7dcb1ab52a34d162d134c31c6d2126c5a5f77b0dd335f5249c8
8864,hf_08864,sketch,images/sketch/hf_08864.png,0a85f514b887f873b7c6953904e2c74e3e1239d2b7e25378750e3d204bc15a16
8865,hf_08865,sketch,images/sketch/hf_08865.png,cc2af52d3c3676fe8ff2a61833ac3b282d342b231357cddb3df122006c465a68
8866,hf_08866,sketch,images/sketch/hf_08866.png,cc08887405f861b74cd298ee9bbabf96065b42fc8e5d9ec20a91a7abf2406257
8867,hf_08867,sketch,images/sketch/hf_08867.png,4a44d3cdf32ea77a319492c39f052577cc26b25dee6db166aa02608251059975
8868,hf_08868,sketch,images/sketch/hf_08868.png,c51648bd0e4f4b2a4762089c44c4bd441c2dfa70806d52304725dded96cd5e4c
8869,hf_08869,sketch,images/sketch/hf_08869.png,6f7c2a1e1ec079c208b5733b177d0ad1f9bc778dbabeaa38fe705a7b90ec70c5
8870,hf_08870,sketch,images/sketch/hf_08870.png,d345273b87e2b8e40a5312deb265d149b405151ba6c3d157568de9b9baf6bf23
8871,hf_08871,sketch,images/sketch/hf_08871.png,64732b2fc45e841f35435a4d480479f0a9bdce0b9a2a440e83af794c7e5fe7f7
8872,hf_08872,sketch,images/sketch/hf_08872.png,cb2168058961891840fa4d82164dd5759d547c9ff68c2b59ad01b75044373946
8873,hf_08873,sketch,images/sketch/hf_08873.png,57db8d0656a64b6ab132b15e68e7095333b946e14231ebabedc1e0a0973c8d45
8874,hf_08874,sketch,images/sketch/hf_08874.png,4d61c92220de534783f25f499c8c3181469ac83ce77cf361170d8041469ef7e2
8875,hf_08875,sketch,images/sketch/hf_08875.png,a5706959172900d56b0afea56af7929be604efe4a68d3ca8a18382199ca7558a
8876,hf_08876,sketch,images/sketch/hf_08876.png,c8cbc39dda54b7ddc1e23eab19f53a12c02801ef19579cc0ab175cfeda767b22
8877,hf_08877,sketch,images/sketch/hf_08877.png,e783b11e122472b855e016c8b65ef095c5a610253f167adfc75533e1c880dbff
8878,hf_08878,sketch,images/sketch/hf_08878.png,5b32a2c17548a191ab69fdb00e662d80868a772d6ccf3cab4b2b18c414adad7a
8879,hf_08879,sketch,images/sketch/hf_08879.png,ce30046e089b0ccc4eaf6c387957d484fa2014e3d263ecfa577ea35157919b6a
8880,hf_08880,sketch,images/sketch/hf_08880.png,600f6a7315c2a9ab3ece1f719f5d9f273aa9df4a9353e9c0625c1eaf54455d9d
8881,hf_08881,sketch,images/sketch/hf_08881.png,f36489f3d76ac39da5f805ff210f57eb7490e36fd327b2d80aacbb909cae9256
8882,hf_08882,sketch,images/sketch/hf_08882.png,01ebb40b4572d131187cf2b3e9204704497e650d7d8d6d0aa3b539b6423dddf7
8883,hf_08883,sketch,images/sketch/hf_08883.png,664e812cb85f18078163bf8fe53c49d4f3c907d9b46ecb3f604696b266cc20eb
8884,hf_08884,sketch,images/sketch/hf_08884.png,7ff3c47a32d9f0e264a2f91124a5b5f34797382047d2d1e66ec8a8de3337cd49
8885,hf_08885,sketch,images/sketch/hf_08885.png,af2f0fcef03e6136a8fdec121afeb2f52e24837f1995829936da36d315837a1a
8886,hf_08886,sketch,images/sketch/hf_08886.png,c9895e9ca7fef52a5143fd095da9665fdb062d9e3d2356bd4654bcb886f072c5
8887,hf_08887,sketch,images/sketch/hf_08887.png,2f101e7a2588119f7e6bef34695a6bbd60c5741768740dc9e69b143799e8a4ec
8888,hf_08888,sketch,images/sketch/hf_08888.png,93bce8dbcde3be78675a2f3e67fd5da0e19fdcb61b24cc2d4acad4d76ff1ad22
8889,hf_08889,sketch,images/sketch/hf_08889.png,ecc903a5f90786318a303bb898b39a8225a814da0bf573e4b44367fb0c7f7995
8890,hf_08890,sketch,images/sketch/hf_08890.png,12db4336410dd12f4372f18b6f00c1991f23ac47151fd38276ad8aea294dcab8
8891,hf_08891,sketch,images/sketch/hf_08891.png,53508c77cb96709398c8217cc099b8aab001ec31a73326246c7ba626935e14c3
8892,hf_08892,sketch,images/sketch/hf_08892.png,1fc21e7d0c5a454268b4c3ffb1027120f6717b16f22cf160c25599071dee3104
8893,hf_08893,sketch,images/sketch/hf_08893.png,a701620fe7e0b6978a0ddb2f120e634e2780f82511265f1fbe43223a19d0b4c9
8894,hf_08894,sketch,images/sketch/hf_08894.png,950b4819901c8e4091ede3477bb2667fa290d55d62705ce820747aeb8c6f619a
8895,hf_08895,sketch,images/sketch/hf_08895.png,eabe7267d7b39558658646b4236c8c42d910fb232bef7619c6c7b9ec4c9ab679
8896,hf_08896,sketch,images/sketch/hf_08896.png,5531e41fd98e13f8ffdef8a4d4afc1eee9753951d137c03e1b25a2491fccde73
8897,hf_08897,sketch,images/sketch/hf_08897.png,dd75474b25b38d2608d0343c599937e594040fbf694cda6e636e54dbf747f25d
8898,hf_08898,sketch,images/sketch/hf_08898.png,96d1a7d1e3495e2c6e4fbc583b526ff40b4774ef0006bc5ef28642b927ae723c
8899,hf_08899,sketch,images/sketch/hf_08899.png,202484935f8a477bd0de28e4c99558dbc0e58379c29b2627795bacd5770a63a3
8900,hf_08900,sketch,images/sketch/hf_08900.png,9764050f534d9d918eb1cc50e610602e528b0f5ba53b07aff6be3dbac852b305
8901,hf_08901,sketch,images/sketch/hf_08901.png,2c29d28cc0132cb5b1c90209cc4a3881f04e99e9b0388e888584637d54e4f1b6
8902,hf_08902,sketch,images/sketch/hf_08902.png,3a953324d79d8b60cfbabaa45647283bb2c33955f617dbe9f0b5abf7a6acb392
8903,hf_08903,sketch,images/sketch/hf_08903.png,89f140d7d7439ab0559028c1626c1af981d99bdea8a469204cec89babd1dc5d4
8904,hf_08904,sketch,images/sketch/hf_08904.png,9e21cf1bd89bf6fdbc49401cbd2afac21d8c2271941f8db30d323a8b85e81cc9
8905,hf_08905,sketch,images/sketch/hf_08905.png,3039d89708a20f540d454f2ab515c4d9f0edd638daa9915631d0450aff3ab341
8906,hf_08906,sketch,images/sketch/hf_08906.png,a1cf9556b8f394071d7aa02f45447eafaab72a7ec86ea838a5c0b9049b5be0d7
8907,hf_08907,sketch,images/sketch/hf_08907.png,8bdbed7564bb306436b568b1ccaae22bd566842ae02680a22297b5548304058d
8908,hf_08908,sketch,images/sketch/hf_08908.png,63bfe6ec071e809a55780dc8e7040db0ddb29afa5b039ce3733c6c6afa939423
8909,hf_08909,sketch,images/sketch/hf_08909.png,1d0324ede9e76929091ca74f6374b67c6ba6d638fa6382c5c696017d6b442e54
8910,hf_08910,sketch,images/sketch/hf_08910.png,1224bc252c7dc1e26e3fd997643642207b7625a32b984c7b0119777ea91e75bc
8911,hf_08911,sketch,images/sketch/hf_08911.png,0f42debb2a1fee1bd0e65fb0f84209f26128d6fdf2c45d1fd410211b40a65411
8912,hf_08912,sketch,images/sketch/hf_08912.png,c5fc028bcd77a68bfbea295b12b07e1582ccf61a43159c7da5f4852030b7dd67
8913,hf_08913,sketch,images/sketch/hf_08913.png,1aad9443e3a5cd7b19e4f9838244a40601e2707d8b641ed53de17ca994c04cdd
8914,hf_08914,sketch,images/sketch/hf_08914.png,63728b66a4238e2cef58b7ff2044a5a8b0b7dbddce9c9fb994f407b177607451
8915,hf_08915,sketch,images/sketch/hf_08915.png,7bdfee73ea7d26d786dddaf00c2a5e3c14326894f54dd49f0afbafcbcd595e4f
8916,hf_08916,sketch,images/sketch/hf_08916.png,3bcccca55f0b137896dbbcda7c354c4f88f401866c7da03ca5c2b24c38d0aeac
8917,hf_08917,sketch,images/sketch/hf_08917.png,17b81c0f8a3d6bba5c25d93c5a46f048b86d263c22e92d8f14d69ae738a1f76d
8918,hf_08918,sketch,images/sketch/hf_08918.png,fb0939faa52ab580e170012b54e0fad04d4d480373c01ec53ae0838059d8fd5e
8919,hf_08919,sketch,images/sketch/hf_08919.png,2060265ad0c891585397ed7e59cefc424d8c31750d6897e089c76d97e898ad80
8920,hf_08920,sketch,images/sketch/hf_08920.png,0bb9e5418bdf9bb10fa81d3d0945bac73cf27adccc16c0daa48ad102b87eaa2c
8921,hf_08921,sketch,images/sketch/hf_08921.png,cf51e98893f12890fd66f165a8355cc4a5b314f31b85a7fb7f9962027ae121b6
8922,hf_08922,sketch,images/sketch/hf_08922.png,c85f5f28598ab2a543a6824e0372a0c356786dda222b9ffa56adabd49c428f30
8923,hf_08923,sketch,images/sketch/hf_08923.png,4bae42fff63da35ac6eec34b83edd799ba7c2f0cd4fa7028977cdcb80e07ee37
8924,hf_08924,sketch,images/sketch/hf_08924.png,ffa69bc05512344f64793b59c4779a34809a7a950af551120ee85a4352c53b6e
8925,hf_08925,sketch,images/sketch/hf_08925.png,525a2db3199eb1219924d118543d6dd87d8fa47c98829c00f969ab3067402ab2
8926,hf_08926,sketch,images/sketch/hf_08926.png,8250b94f1074e420cf7985b8415a40f8f3100bd6a79a36368f82f331fcbacb5c
8927,hf_08927,sketch,images/sketch/hf_08927.png,9e57f3fbbb7b9ee39fdf86a637524a4d929435722fab5ec55ed68dd612048312
8928,hf_08928,sketch,images/sketch/hf_08928.png,7c1560a16f19879fa6e4e8b23185ce225efce9beb55ce1343addebab73465a86
8929,hf_08929,sketch,images/sketch/hf_08929.png,bd136ed925a355356b828f77a2260843419ff5c21dc2442e7e2419daa4009843
8930,hf_08930,sketch,images/sketch/hf_08930.png,a3e0ff2fe3a89f397e1c4d2feb4ddbc51b820b2be38e2196d246c934de6d6604
8931,hf_08931,sketch,images/sketch/hf_08931.png,8323a2744bdf759c141d1fc4d4241a771c444a4ae59094a3cf39c55ed1857c77
8932,hf_08932,sketch,images/sketch/hf_08932.png,5d39e33e212ffdf26dddf83b208df2973c084a7a5b4a296b70bf9c8652b83359
8933,hf_08933,sketch,images/sketch/hf_08933.png,ec3dd0d03a44228458b75aa661396f936fe3f26128f3a55322abd125af8ece41
8934,hf_08934,sketch,images/sketch/hf_08934.png,5e0d2cb963babf2f6885798e963f5201c8f0363b3446126e554c9386a5000aa0
8935,hf_08935,sketch,images/sketch/hf_08935.png,4967b20ab720a260c71263a50b85333e2fbfee0f0cdecfb5921b90c3a004ccb3
8936,hf_08936,sketch,images/sketch/hf_08936.png,0a151e5fef99da9f16c6e21de9b633c4fa1fe31cfa58ed96408d4ca24c438571
8937,hf_08937,sketch,images/sketch/hf_08937.png,59a3680ee302515b0f591e98e09abce29ab214472405409897b356370468a452
8938,hf_08938,sketch,images/sketch/hf_08938.png,7d09ca8516991c4c4fa816212170be495be2dcb066bb12138b423a171bdd3d55
8939,hf_08939,sketch,images/sketch/hf_08939.png,7513292cec34d892ec037496af1c49cbd84b8bdcd07cea0b384dcdeb7bd9eecf
8940,hf_08940,sketch,images/sketch/hf_08940.png,d10c9ec26b248f51a6a97962a8f0d632c820b195ede7316f57ebac7192075991
8941,hf_08941,sketch,images/sketch/hf_08941.png,01a263b7d58406941f275df818ea23828808bc2558310ca1a30715037793d282
8942,hf_08942,sketch,images/sketch/hf_08942.png,e2899b367c7356c78bb09d309877b1cc7e144499618c2c954bf19f9608268466
8943,hf_08943,sketch,images/sketch/hf_08943.png,5693aa87d8b4cf7923b8ccaa914c34974016bd33c1f08c4e74504eefd0e4b96e
8944,hf_08944,sketch,images/sketch/hf_08944.png,737e4686bbfc95b62ff0abf58124f4098d97f6d9be2c4403b38092b3204a99e8
8945,hf_08945,sketch,images/sketch/hf_08945.png,a863e94063ecb37775c7659a1152c980efe80190f96c6b475a951051db0a0815
8946,hf_08946,sketch,images/sketch/hf_08946.png,13aec001f8333407500417d788cfb415b3a8fd828d721bb269b9c09db4bfc871
8947,hf_08947,sketch,images/sketch/hf_08947.png,fa2c11190f064d57d653b3fd86cdf747c6013c72955629f9e411d40bdbd6ef15
8948,hf_08948,sketch,images/sketch/hf_08948.png,5ea4a9df85e3554924f0364fce649926bf936b792e95d727d6e16e435f9b0741
8949,hf_08949,sketch,images/sketch/hf_08949.png,bb603894136d40a1d665a07735d0e9ed24ab5e041a5bf284cd05dc947bab2f25
8950,hf_08950,sketch,images/sketch/hf_08950.png,c62c4ee3be83556cce04391646fb534b799e781a2674763cedb72b2b7ba0e088
8951,hf_08951,sketch,images/sketch/hf_08951.png,b5d6e737913c262ed2d79aa70fdf161440176aa78e5989d83525f754ad7137fa
8952,hf_08952,sketch,images/sketch/hf_08952.png,f392d4fddb3348e874d06f22d522d9c34563678d858a3428d744b0ad35f7354f
8953,hf_08953,sketch,images/sketch/hf_08953.png,91dacffb9e0baf1adca1b052475fed06651e72a9e90a1f90d96d8812f3966b3d
8954,hf_08954,sketch,images/sketch/hf_08954.png,89d9eef54a02415b1d9dea3b11934a46e3f2793d721532d4ab0c88dea214bc05
8955,hf_08955,sketch,images/sketch/hf_08955.png,77a00252afb2d4cf8c23f555758bce6592bf8a58d4766daf074185a5dd315249
8956,hf_08956,sketch,images/sketch/hf_08956.png,6807738948fdb88df6d5091270115d178eb4313b89167e1a3b498f6653878910
8957,hf_08957,sketch,images/sketch/hf_08957.png,3330c84c59db363b887f1dc4218cabfc0fa961985b1592d35b43d69493cff745
8958,hf_08958,sketch,images/sketch/hf_08958.png,129e703838727a87c747ba1ce895ec976a3ca4a81f36d92ed28342d2b93d8d93
8959,hf_08959,sketch,images/sketch/hf_08959.png,ae70ee263f53b2cd3773564f87e01870bd7c68c546b81e14639680be7befbc18
8960,hf_08960,sketch,images/sketch/hf_08960.png,fe494b30d9351aca7e96794350104993d7243c49c213776850432acf6d51aeeb
8961,hf_08961,sketch,images/sketch/hf_08961.png,bc634e4889025f0933c48b8d1dce0be2087dade57cef2fce594bd3e08f852dce
8962,hf_08962,sketch,images/sketch/hf_08962.png,d4ecb4c0b437d7bf63eb4c1c3387143f9be5ba1c71c6bdb2b3246e76641656af
8963,hf_08963,sketch,images/sketch/hf_08963.png,a201725a0f48df9c4e97fce6cff56ff22da007d296b68e2a4b71fde252eee035
8964,hf_08964,sketch,images/sketch/hf_08964.png,709d14badde5188d1c487e14ceaa235a5d6a842e8e8db1800746cbec8983986a
8965,hf_08965,sketch,images/sketch/hf_08965.png,d17662616b9470d6c8a151bcc0dc0370514f5d01d856dfce4ebcfdd43b43c40b
8966,hf_08966,sketch,images/sketch/hf_08966.png,a07f6903664f5661edbeea18d2d9765beb549e35d1fe04c847ee7b5d00e88a6a
8967,hf_08967,sketch,images/sketch/hf_08967.png,f8e1179877fcb5df06d019aeb3e39264a449054de75c9efedcfe33bd15e6ef18
8968,hf_08968,sketch,images/sketch/hf_08968.png,6158048a32c736b91bc369ca9b87c52b7a04b00afb475b1af6fc2997972728fb
8969,hf_08969,sketch,images/sketch/hf_08969.png,a78b356489a414fab5ad3d4f55d74e76a32093afeba926b525b33906662a02c1
8970,hf_08970,sketch,images/sketch/hf_08970.png,ebd7767511add0eed72389b3299b814a25779570a5698491f3335cfeb64ec327
8971,hf_08971,sketch,images/sketch/hf_08971.png,c9fafe7ad0d3ecba240e9ce4f65063b40d0839f79bef20b0636b6f1629809845
8972,hf_08972,sketch,images/sketch/hf_08972.png,0c752089578021195e3997f1c9e798da5bc4ab562404546cad2c432d6b902dcc
8973,hf_08973,sketch,images/sketch/hf_08973.png,504389dee9f95387ff2b9b7c7a13e1aead62254c82cdfce312bb7e15d8bf04ab
8974,hf_08974,sketch,images/sketch/hf_08974.png,000f8121c2732a17dd6b9adca0ec48e6203de1bc1f473367257c82d9360663f4
8975,hf_08975,sketch,images/sketch/hf_08975.png,3ed194e9a60ad96ee87b7ef05767a63c2956463ea4db018c153ebb3dc025e66e
8976,hf_08976,sketch,images/sketch/hf_08976.png,5ba3b0cf41dad97caef7fa30680c44fbe4e09463c13d57b60ebc003bd3da1357
8977,hf_08977,sketch,images/sketch/hf_08977.png,9532a2c6673dedd0c6680b1947d2a8f04b3b06748c20fb426bc99fa133197c8e
8978,hf_08978,sketch,images/sketch/hf_08978.png,ac5c2182ed87b673ab2019940012b0c1ac5c86bfb87f0891d0a6f1f45d9fef2e
8979,hf_08979,sketch,images/sketch/hf_08979.png,fc91c07a776d0f221b4c46be0a762cfcdb5e2366de3e5796500b6c405e8fab95
8980,hf_08980,sketch,images/sketch/hf_08980.png,dac53fef325d309117d7e0efa4f340eb6c0d1b4c644d261a02b696d3476a6d12
8981,hf_08981,sketch,images/sketch/hf_08981.png,26d639fe2f1ef67c494bf7d3341b584fc277c8ea99c17595c7bb8f17fdff2856
8982,hf_08982,sketch,images/sketch/hf_08982.png,c4bd2ac8a56d62f44a8ce1f2c2cafce52c4ecf26a8f53edb44e193996736ae46
8983,hf_08983,sketch,images/sketch/hf_08983.png,26f79899c9924eaf63033da4bd852258f3479dd8a16199a88bf01320a63e870d
8984,hf_08984,sketch,images/sketch/hf_08984.png,51b063d2ba32d0b897c91c63afb691a5e1ed8c592262cb4009e491d28a568da2
8985,hf_08985,sketch,images/sketch/hf_08985.png,bd33467015a103b92647c6b15c50c1d579d1c4e6721cbd66322dd45c424b5b00
8986,hf_08986,sketch,images/sketch/hf_08986.png,037c77d7330b11e098b6968f35399910d91632028dc5c6754a827b22e8c04f2e
8987,hf_08987,sketch,images/sketch/hf_08987.png,dd8144558827b4fd1bcabd95abd025da07b1e762983bcb2c791c37341d92768e
8988,hf_08988,sketch,images/sketch/hf_08988.png,d5d02685ed3d6bd927471eac2a9e3485d6b7794031be5fa3453ed205c7b58b3d
8989,hf_08989,sketch,images/sketch/hf_08989.png,fe419c2b276db861fef98d3e50177f05914078ce7b1a7284c1c61302fafec90a
8990,hf_08990,sketch,images/sketch/hf_08990.png,4bba6d08074d38b509418184920bc4cf087eeb4dfd9ca377da83e53036393ca9
8991,hf_08991,sketch,images/sketch/hf_08991.png,c3f510eb62e177ed10e4ce7f6aea505ad09136ccbfdd2e623be0fee1fb2ac708
8992,hf_08992,sketch,images/sketch/hf_08992.png,c4e1e3eed46248f678bfcfe09eb6269124b909b0566b7a0e27de18566d47b56e
8993,hf_08993,sketch,images/sketch/hf_08993.png,5bf9e474e93118ae45d1a345c88692c544e2041587d063250f238b372f29fb7a
8994,hf_08994,sketch,images/sketch/hf_08994.png,fb5c9f417515c322358e0980e9445097f722d0b6e23c49add7062b6d7037bb72
8995,hf_08995,sketch,images/sketch/hf_08995.png,a9aae4eaf72bc88261f1cc527677240d6b1962cdf56f0c31f47bd581cd88869b
8996,hf_08996,sketch,images/sketch/hf_08996.png,dcff269e96a3b412ed0114ca800fbb455c360d9d7f19ccf21a377861453f1f47
8997,hf_08997,sketch,images/sketch/hf_08997.png,22ad1f7baddeb700a7ca0f8356431c1ea6c175b4b55b290d7a313c12c0c1ead9
8998,hf_08998,sketch,images/sketch/hf_08998.png,47e454c740963095b4b88c9f118a5df8c60dd1a2abcecdb598e062fc6990fe0f
8999,hf_08999,sketch,images/sketch/hf_08999.png,968e621a0d7e19750aab92adbe18f684d072f35f0da57eae3303a325ca4a4fca
9000,hf_09000,sketch,images/sketch/hf_09000.png,1ccbc1164849931e90853914b449650c05791c67537020e195d2b0198cdfee49
9001,hf_09001,sketch,images/sketch/hf_09001.png,d0d595a6f1ab88b24f0125c252d2ec756cde69b40a8df4f70e9b4fb60ecee870
9002,hf_09002,sketch,images/sketch/hf_09002.png,bb0b7252e4050d049cc804490d85fe5efa085d14a127d43fc90c03927edb01ce
9003,hf_09003,sketch,images/sketch/hf_09003.png,eb8ed2b04778335cea3bdafb6f7e7dd39e822965b6995d8c4ea745034f7af59d
9004,hf_09004,sketch,images/sketch/hf_09004.png,faf8da5ca73381709b753ecbce3c9426f9a783e5a6907f445dbfc8d42ff4c4d8
9005,hf_09005,sketch,images/sketch/hf_09005.png,d6a5e1ce83229b93f759d0e8926b789c34b469c8dab910b18cc1879822eeeb0b
9006,hf_09006,sketch,images/sketch/hf_09006.png,0567e399222442ee4002c2a5d3a37298aaacb7b2d87e0b5c63b8aefca7c0313d
9007,hf_09007,sketch,images/sketch/hf_09007.png,782ee7e52224f20c20ac2a2dfe19febdd66ffebfe2837c924e84932957b1f3f8
9008,hf_09008,sketch,images/sketch/hf_09008.png,43905d3ca8618d9c321c2ce85ffe7296cb9183acb3275d867c75ba2fb5216433
9009,hf_09009,sketch,images/sketch/hf_09009.png,71f8954433c519e8466c6dc3f2a7452e23890b0fa108d3422f564bb6f072f29d
9010,hf_09010,sketch,images/sketch/hf_09010.png,fcaba2f2f427bb193e4650a20c4c261f75c6bc2166a7538afe1d51af0339a1f6
9011,hf_09011,sketch,images/sketch/hf_09011.png,e932ff7f2c25189339a5cae23e451bea7e832b2568930a9c6ad3a581149fd7ba
9012,hf_09012,sketch,images/sketch/hf_09012.png,9f6ba1b52b2c4826a5753e3742168310196a2d1be6b6be9230db68e1878ee8b6
9013,hf_09013,sketch,images/sketch/hf_09013.png,a41ddde4634090f56aae3cb45a5f938606bf95c4febf553fdd600e654d56eb5d
9014,hf_09014,sketch,images/sketch/hf_09014.png,8d8f31814fc0c09ba59fa9c09adca2ecd68468fc5ede0e02754cedb49684a681
9015,hf_09015,sketch,images/sketch/hf_09015.png,9674ce670186b73801c402b33571d7dca11d5ef90abaf6397c757f11becf5cf8
9016,hf_09016,sketch,images/sketch/hf_09016.png,bbc1056defee21a779b574716855ff59c05e4dbe99d5d9584bb9ba8565d567b7
9017,hf_09017,sketch,images/sketch/hf_09017.png,9693890d02ac363ecd7b2eac433b0f398842360be1dfbbfe0bf5fe3b1775a4f3
9018,hf_09018,sketch,images/sketch/hf_09018.png,e8d36bac010e497d1f5d1c60b334fbcb58474ba19b5213e269f5d907535e7d70
9019,hf_09019,sketch,images/sketch/hf_09019.png,a76d5690f6129b960ce0c68bd372d6e8eeb621365303ca753e6f12a822334593
9020,hf_09020,sketch,images/sketch/hf_09020.png,86f118aa1a1cceb6b40a9630762e06fd140a431e687cf0e03987a19a9092f540
9021,hf_09021,sketch,images/sketch/hf_09021.png,865fe18c922f1acddaa0ca70f237b1c8f85c27818dfafdc84e94b927d015f77a
9022,hf_09022,sketch,images/sketch/hf_09022.png,b310178b0bf5d75f7034b470d133f993efca138575c2fece0b36ce5fe8bc013d
9023,hf_09023,sketch,images/sketch/hf_09023.png,16456a2fd1770dfb30f2797a60ff19c2be3306daf4e2125114591d0dcff903d2
9024,hf_09024,sketch,images/sketch/hf_09024.png,9fcde054b6b7231d027d1077165a2bf35a1cddf33c29685e5404ccec947bb554
9025,hf_09025,sketch,images/sketch/hf_09025.png,9e450a8dc31cf0e2e9f0799508c98d76eda86ef4bace9d026b9b2df6255fca88
9026,hf_09026,sketch,images/sketch/hf_09026.png,ef78c1597c2c0399349e17448a7d9053131fc12406bd7d8d78417e49a2415cbc
9027,hf_09027,sketch,images/sketch/hf_09027.png,6a0dce440733ec724670335d22327117246445fde93f22e3547d6c4be4d223d6
9028,hf_09028,sketch,images/sketch/hf_09028.png,c3dd9314aa746bc2cfa3d8eb72fbff4c8587c1bc786239f3c317b935d600c5f3
9029,hf_09029,sketch,images/sketch/hf_09029.png,7c9b4e5ffeb3b0516e8500de0a51cab5c31b972d7fff95314e5a67ca8e6c7fe9
9030,hf_09030,sketch,images/sketch/hf_09030.png,a1a593100af9fcd8bd18797107e2408b45617dfdcb6791a736f8572894e22525
9031,hf_09031,sketch,images/sketch/hf_09031.png,39d16b2e47efdc3d276c4901c8cfc99fd7352b7200b6ba1cb17195ec2fdb200f
9032,hf_09032,sketch,images/sketch/hf_09032.png,157cd74d114d9ba9e47631c3cca396ac1a338f9f7f46de570b328c0ebe1a91b0
9033,hf_09033,sketch,images/sketch/hf_09033.png,bed98d60b849bd78e14058311a81146d3f51db527a4412a95e6d718af33c63f1
9034,hf_09034,sketch,images/sketch/hf_09034.png,061702ca1b5db5d799501fa473176be841a4dfd81e0f34fe98021f524e3dab24
9035,hf_09035,sketch,images/sketch/hf_09035.png,a94521de28400f0933ba42f50cbd52173474f04e5a0b77bcf801cb192f6e480b
9036,hf_09036,sketch,images/sketch/hf_09036.png,cfb81bf4388fc67bbb48a7a9edd0c8119a61c3c1a3e4341fb293ae346b44fa73
9037,hf_09037,sketch,images/sketch/hf_09037.png,dfb155edb47975fd63865addfbda509aa4da8c5d47f7cdfeb06c6798fa086656
9038,hf_09038,sketch,images/sketch/hf_09038.png,34d3847225ff7d2a06d8867c45c09559950622f0b6a6d228acd7befed0388a0d
9039,hf_09039,sketch,images/sketch/hf_09039.png,97cbbd55b119ea2d0f079244f97246b3055145e797873772847496a413b9ad9e
9040,hf_09040,sketch,images/sketch/hf_09040.png,aca51172ff63168a8b9b4afbdfb88272c4e43626ee5e1b9872a5f9ecc143a9e2
9041,hf_09041,sketch,images/sketch/hf_09041.png,a4a16d6cd599cb57ee7764ed826151ae5457b8cac9616b0af7f0551191f77046
9042,hf_09042,sketch,images/sketch/hf_09042.png,41dc26b92c80ff46504f48dfb4249403edaac116081facd0e31fb0ddb652cb11
9043,hf_09043,sketch,images/sketch/hf_09043.png,6de685b8a07e955a6a16254242ef2dd8feba7af2f8c2f025889757326b762fd4
9044,hf_09044,sketch,images/sketch/hf_09044.png,abde79e6d80c8aa418edb2498d57ec90181e581ba59e00946e1241f57cae81ae
9045,hf_09045,sketch,images/sketch/hf_09045.png,2cb72bd732cd791acc8c2122f8138c109834af59d8adc8b3fd104966d75198a4
9046,hf_09046,sketch,images/sketch/hf_09046.png,868b9215450b588305be756ac7f4f6cff860ca892d54da7ce408c32001213f25
9047,hf_09047,sketch,images/sketch/hf_09047.png,39d1ec9ce336fe87ee3d849a3dd9406125f4582814e2a1d556ed34e7dc92cd48
9048,hf_09048,sketch,images/sketch/hf_09048.png,db06c0e9b2db659dd02bf6d8b94455f8fc0f7ea905b834ef0a22455f4b4f8d5d
9049,hf_09049,sketch,images/sketch/hf_09049.png,94041d3a49908ec13559b8da5f129b4af11bab17ed5b402eef507f45ef2f188d
9050,hf_09050,sketch,images/sketch/hf_09050.png,f59f3afbe9ffd2777a694f74279cd72510950c60a9e1d61996a9b990a05206b9
9051,hf_09051,sketch,images/sketch/hf_09051.png,3d2622e4cd2a7069dbebec6342363b5614377b17ab5c38d01c5edabcb41dbfaa
9052,hf_09052,sketch,images/sketch/hf_09052.png,5d668d2b9e6b29e08841428c955889fc0d57f57ec02ecdffd2ec6b7f0b61ee06
9053,hf_09053,sketch,images/sketch/hf_09053.png,a02d4ed29d665e2426f3fc1a4c9e6788a148a829288a88a9c437993cb7f20e75
9054,hf_09054,sketch,images/sketch/hf_09054.png,94ed4ec3233f2cc081ae756527d52ef64ad8f7c950737917ffc52cba3efa660b
9055,hf_09055,sketch,images/sketch/hf_09055.png,618619f835c3be4ae8cc817701c14939660b2bdc804f02574bad460a466e2618
9056,hf_09056,sketch,images/sketch/hf_09056.png,88c9b3dfb6105ed71c22a8c780728b1b83fb6cc9d06b122d157c395561181ef9
9057,hf_09057,sketch,images/sketch/hf_09057.png,2f318dc5fd5c466d87ce643a0483f488a6f9cfe58d34ff00726bd7d3d8e01ca5
9058,hf_09058,sketch,images/sketch/hf_09058.png,b6362c9d792fada64d72038906235ec4d3dc9a5cc587a5daf0a9bbe98516c848
9059,hf_09059,sketch,images/sketch/hf_09059.png,97991ba0960e22b3e703f3005412e20dc3740f8dc22c4edbab1622e92cd267e3
9060,hf_09060,sketch,images/sketch/hf_09060.png,21b5291f2b81cbd2c948a4a82f22af30297d77af8e1134a62b1c31eea35f4b59
9061,hf_09061,sketch,images/sketch/hf_09061.png,5bc51f5f33fc9c5fc5d414320c6072a8d68b66fc2d7a9e734fb561cc4f277d23
9062,hf_09062,sketch,images/sketch/hf_09062.png,94c1b53f0b634c522cab5b433bf968b951a69a39b5f2774c6d6252dfdac96f16
9063,hf_09063,sketch,images/sketch/hf_09063.png,a45733f9d92b9b94ab188d523f04769adb5e37a2434a176292589b6736cbb492
9064,hf_09064,sketch,images/sketch/hf_09064.png,ef4eae077f1b30c1199a0ca462a9b0bcf7f390a00661aea64815558a6bbe864e
9065,hf_09065,sketch,images/sketch/hf_09065.png,16402c4ea44929110073d8bd65ad9542ad5db278c9171aef48019067c744ad84
9066,hf_09066,sketch,images/sketch/hf_09066.png,4677917159741a68e839b7e8637b214d3b0abec267b4a41f805b4c377de54985
9067,hf_09067,sketch,images/sketch/hf_09067.png,8422133189494ce581cbdc12f5679da49ae7712d006fe6e4bcf15bd7b0fb6ae8
9068,hf_09068,sketch,images/sketch/hf_09068.png,343b157d52ac49feb8941c045aa076cf985f2652dfb5d73ab17517704f0f2035
9069,hf_09069,sketch,images/sketch/hf_09069.png,6ab8cd2d4edaf08b63679f14e534ba73a70d98994a0d61a431b8f5f9c00e1586
9070,hf_09070,sketch,images/sketch/hf_09070.png,a49de860fb78bc33e063ba941fb2466feb6dc55df692379f730a98d74de9b57c
9071,hf_09071,sketch,images/sketch/hf_09071.png,6ab789a6dc74ed5fa2863e743cefcdf4e9946b0deabee25318d66cbacb2ea1e5
9072,hf_09072,sketch,images/sketch/hf_09072.png,a1fd9a48e4ab1b08642dfba21745cfedaada8a4c6f87b7fe8d90258d28fe7450
9073,hf_09073,sketch,images/sketch/hf_09073.png,bbaca349f25a09c13ae6f3d2dc24a8b44c5f7114ae5e1dd71acbc24824d184e3
9074,hf_09074,sketch,images/sketch/hf_09074.png,70c88f25241144a595f4f313cacb70dd89e64d51ecc227eb40fbe253692e2b1d
9075,hf_09075,sketch,images/sketch/hf_09075.png,ffcbabe136b56f9811fb064a3ca3c9ff084621e2f9e6a0695e6cfa013c53c9e9
9076,hf_09076,sketch,images/sketch/hf_09076.png,9a11dbc2aecde5b11b63c2578effebb25a5452bda40c3fabc4853017090683b9
9077,hf_09077,sketch,images/sketch/hf_09077.png,f910a3b9fd9e8957df2aeb93b0b15655f1da5a4316149c74614689ff2f87354e
9078,hf_09078,sketch,images/sketch/hf_09078.png,51492e38d98f1738f6659212f648744ad40e46cb173c93627a1c0c2fdbea2ad3
9079,hf_09079,sketch,images/sketch/hf_09079.png,1348962d9c9a05d0bee8d66ebbd457786c3d87077d4a262d0ca2f1ed71b57b5d
9080,hf_09080,sketch,images/sketch/hf_09080.png,4cd7b9d9f7f13adf15247cbbc1b2663367969f257eeb6a91d1281fa6f413e7c1
9081,hf_09081,sketch,images/sketch/hf_09081.png,9e988b71cd9f44511612259bc17935a1566455d41bfedf435df3cca8301fb0f1
9082,hf_09082,sketch,images/sketch/hf_09082.png,30373e45a71cfca4b0feb2e91b1a5c06d8a180131a94130e0ea0b893823973b0
9083,hf_09083,sketch,images/sketch/hf_09083.png,e7ce150c22bf320646299b0e06cd12a89cf2b353d2c9ab2911adf2d1c2714848
9084,hf_09084,sketch,images/sketch/hf_09084.png,73b6f77296d02bbe8c14c64cb21bd76466d04aac054e0abf496615b03d9396d5
9085,hf_09085,sketch,images/sketch/hf_09085.png,1adb65641249fc151715f1555c44565ad77838a47dfad1bf33cb73e311d2f95a
9086,hf_09086,sketch,images/sketch/hf_09086.png,c3520a5d1a327c306ae2e752500394ea6a43c48148f7ce2ea6597d5035950c60
9087,hf_09087,sketch,images/sketch/hf_09087.png,d3d2d0079a20dc9678df9ba9186911523b170e729b6ef8a6c9ff8dadcc4bb2d5
9088,hf_09088,sketch,images/sketch/hf_09088.png,2be0f2bbd601097eb6ca95dae73e87e2febef0387942e7f72c114ead3353814a
9089,hf_09089,sketch,images/sketch/hf_09089.png,c35bcf22e3ceb6da3f0fe75c7f7f57a155716fd7d5d41d116ea1845a0356c274
9090,hf_09090,sketch,images/sketch/hf_09090.png,1fa78377405e4d947b627e7410deedadd1fa8b2ca7dee6558534b43517ecfe11
9091,hf_09091,sketch,images/sketch/hf_09091.png,21071e349df6651d0d2c6e46b623b50cadf8b4bbb788ca49ecda3c814983e212
9092,hf_09092,sketch,images/sketch/hf_09092.png,7d508ac529a42155d3ef575a14451b6d1125cb358d6d4947d751ce0c30a44e03
9093,hf_09093,sketch,images/sketch/hf_09093.png,7ee66c8bcdbdf5a05857a7913baf2ef46ef7931f232621faee9f6808760e79ad
9094,hf_09094,sketch,images/sketch/hf_09094.png,0b3fc05b54c0021982c72b22dfb265db2508c5f54eea4b1ba1ddaa42b58d55ac
9095,hf_09095,sketch,images/sketch/hf_09095.png,fd4374cc480e583518473a5bff60d1788be2467310a4afea60adcace6276989b
9096,hf_09096,sketch,images/sketch/hf_09096.png,f6dd6867ad1c3a1a60fc2e3ecd93bcc54faf17eed25f5bca06eb6a93d156405c
9097,hf_09097,sketch,images/sketch/hf_09097.png,9a2f8246689639f63b714f21e3b86cf4abe9aaae77513969bf71bdab37b8225d
9098,hf_09098,sketch,images/sketch/hf_09098.png,282d63b8c370d726e8a24fac8a690cc8ea17919d4305d33e77e1cdf26af57416
9099,hf_09099,sketch,images/sketch/hf_09099.png,3092d141ffd56de5af90f398b9b3b1065f8b9db92887553431c81d2c89324f09
9100,hf_09100,sketch,images/sketch/hf_09100.png,29420390e5e2166544e51f1a4d3741679659d72f4102bf02e2d8fe82e65c2bbf
9101,hf_09101,sketch,images/sketch/hf_09101.png,5d1c8318cda222deef2d3284fc9b3d9c5813ffc4c12f7f8e4bd6da6332320ce0
9102,hf_09102,sketch,images/sketch/hf_09102.png,6912d62dfc80d4a9e9c10bfae8195c7a295303b2c5de27d0532aaa075062a9d5
9103,hf_09103,sketch,images/sketch/hf_09103.png,dce0abcde0a303550494da8641fb4b492f65c8728ca145df4ac7cba6f9d9d74b
9104,hf_09104,sketch,images/sketch/hf_09104.png,4c9514a1285973cc4fe5f29488e5a582183bd04a49f8964cdc8d3ff2a502bb31
9105,hf_09105,sketch,images/sketch/hf_09105.png,82e9479d3298c6b3d5e5e136d6b92aa5a955b07096d39d1b362ea08f6d3ded9b
9106,hf_09106,sketch,images/sketch/hf_09106.png,df412e9856988e8828bbb913fda4dd726ece038b14c9be96c63ea8d654a5df2b
9107,hf_09107,sketch,images/sketch/hf_09107.png,4c00588e687f6d4811b1a7b6722fed7284921686dd8fb7892b4882cc9ab31e23
9108,hf_09108,sketch,images/sketch/hf_09108.png,db306ab943588eece2e7a8c9bf7b084f38c7cebc3ebee6a1769c46aeb5d5405a
9109,hf_09109,sketch,images/sketch/hf_09109.png,556bfab6dec30e8c09f6220ead9451cc68a05a919ca7f36212ffc8be282564df
9110,hf_09110,sketch,images/sketch/hf_09110.png,62dfd004e39cc15afb4ae9ac29c4df90851cd9a50394c83e672dd9375a1712ba
9111,hf_09111,sketch,images/sketch/hf_09111.png,4076b1cc69f2bb5414b654d1ffb7ca7055280327941511e3a4ee3d08adf0579b
9112,hf_09112,sketch,images/sketch/hf_09112.png,009483cd7535af85bd16b2bd7dde9f7ca683d8ce0f0b7afa200c65ce8eba0338
9113,hf_09113,sketch,images/sketch/hf_09113.png,b6d50dc7a007cb8a3a83817a4ce492a6dd975ac298005799f535bb02c67cb4aa
9114,hf_09114,sketch,images/sketch/hf_09114.png,c5ae7ec7461f1424f32226223e77f7e717f5164d03e438a9af507abde04d8f9f
9115,hf_09115,sketch,images/sketch/hf_09115.png,856ac130b89024f9ac91d5e916500104dda8315669325cef15c06a1b16fb7aa1
9116,hf_09116,sketch,images/sketch/hf_09116.png,f93a4eda69b6a66c6ac27deb41b35bb0ab8b03301991c02259312baa7013a17a
9117,hf_09117,sketch,images/sketch/hf_09117.png,bf90d0925002d02d81c364cc72daa410ffa6766456214dcb25f4d02b1452c58d
9118,hf_09118,sketch,images/sketch/hf_09118.png,ea5f204816ee64271c591b3d11cce90e1bf7b65e01de71986c652f1e7a316cfe
9119,hf_09119,sketch,images/sketch/hf_09119.png,acd591f37ffb30da4929c48ad934777b7819edf3f8023aa64887487a2a8a30cc
9120,hf_09120,sketch,images/sketch/hf_09120.png,b690d9dc535d419db0abb38b4a8a5fedd47d98cb8c82ffab2a16c70eecdc0228
9121,hf_09121,sketch,images/sketch/hf_09121.png,876225576216bbc42a7b1f3df57c6d16c8b93232cac1ae434ff571c04dfa130b
9122,hf_09122,sketch,images/sketch/hf_09122.png,b091b76b750bb0e01e9a901c6317f4ec38ef8a7faa17db25ed9ea7ecc30d5927
9123,hf_09123,sketch,images/sketch/hf_09123.png,e8712f8c7eb3d7929bdc047df1f8c56e81b02f0fb364806918a5b35538bf07d7
9124,hf_09124,sketch,images/sketch/hf_09124.png,42885818e88fe6e1fb1047e3dc4c239bb9f471f0c3cebfeef0f515750bfaa92f
9125,hf_09125,sketch,images/sketch/hf_09125.png,61bb6a3c354c637c27bacb491610b0ac9f6aa11058b4c61f7444a6feb68927fc
9126,hf_09126,sketch,images/sketch/hf_09126.png,5211c04fea717bbb1671ddc26a0657f2e285c2e76902f3cc4eba8f9715c12e4b
9127,hf_09127,sketch,images/sketch/hf_09127.png,78f0c38e74cddf7b5567eb0e10e96568560a659960ddce9aec7b212cc8793a45
9128,hf_09128,sketch,images/sketch/hf_09128.png,400bd78fd959b5af60b739093692f2bdf90fba75e347b994e96ce4718c085974
9129,hf_09129,sketch,images/sketch/hf_09129.png,803dac80b37ca7da6a6eec02938de29c3cc126e9acde1d2dc8425d19576c0f95
9130,hf_09130,sketch,images/sketch/hf_09130.png,822e45a76bb73539c20a0e5ca0caaf7827b502b81d099b82161bb82eb39ab199
9131,hf_09131,sketch,images/sketch/hf_09131.png,408f3be19a786d25397cd8328a2402cd48ab513ee499aea918266fc7f92bae31
9132,hf_09132,sketch,images/sketch/hf_09132.png,d12ac154b5e76fd961eed8dc554878500e0acc9910a335ccd75610e2be2fd5bd
9133,hf_09133,sketch,images/sketch/hf_09133.png,99cc7cb0cf2865c51ff8eb2722a393e649aa74a43c30b0871985cfe29dd16633
9134,hf_09134,sketch,images/sketch/hf_09134.png,83ede4a5110dd797a6035109a11f1eaf290fae9ed5ff62ccd6742989e2fd705f
9135,hf_09135,sketch,images/sketch/hf_09135.png,dece0d820516d2d3e878652a92a4f23fd2026772bf5c7bb9692882b566e01302
9136,hf_09136,sketch,images/sketch/hf_09136.png,b32eff17a6747e3f4e8f2310179d39ca3a89db958f951e81ee28ba562325c990
9137,hf_09137,sketch,images/sketch/hf_09137.png,34eab91e68bda7332be5c8b45a7dd14c627e8fe2f2253990aedeacc10ad99e36
9138,hf_09138,sketch,images/sketch/hf_09138.png,ca8ac480fc63900b23e17ba8ff3b87cc375c4a125c130f1e1c05cdaa47c832e1
9139,hf_09139,sketch,images/sketch/hf_09139.png,0c4d69c661dbd1ed587a4cfa677ee32459cefc40b3b83b062dd7b933a6f6a4eb
9140,hf_09140,sketch,images/sketch/hf_09140.png,8e96d08a441f3a0be2fdd28a9f7084ea47c98e266f89923cb03d433ffd515a5b
9141,hf_09141,sketch,images/sketch/hf_09141.png,c7b9a7bbafcb9ad0b424928cab6c133c9abaab6f61c2d29fe018d84603a385aa
9142,hf_09142,sketch,images/sketch/hf_09142.png,77cf145d42787ef79e375b6bf7ab707960f896e6f0774aa80b9eee990a347917
9143,hf_09143,sketch,images/sketch/hf_09143.png,941057d4cfdad49e6b7035cb6ffa9d5057d0506427f8fc9bb016c2659c5b7c0a
9144,hf_09144,sketch,images/sketch/hf_09144.png,6756281df0a4f8f3609721a375c8bf75546499752a2a92169e29491a6da9d574
9145,hf_09145,sketch,images/sketch/hf_09145.png,539c1fec96e281e7a8d1cba809900f713959e509f52ca6fd30efa54f82b43b84
9146,hf_09146,sketch,images/sketch/hf_09146.png,a1b60ef7a0e1871ee10786673096795569e01d709037b543e39947c0a2b93cf6
9147,hf_09147,sketch,images/sketch/hf_09147.png,f794a0e0a74d9cf1cc591482bce478bc14b50657193a1dd00b3b774c395d4696
9148,hf_09148,sketch,images/sketch/hf_09148.png,159f16a72de5f6e8e45af9d0a7adf6147c961a06fd9e5a9375bc6ab8cdc363d7
9149,hf_09149,sketch,images/sketch/hf_09149.png,c52c717ede43211aaa65dc38d52e58142c247f3aac0fa658515134f334bac17a
9150,hf_09150,sketch,images/sketch/hf_09150.png,3f3c29fe009c8a6979bd2a46b93eae145a4259d291d9f01d14f9cb7c5b4cbacf
9151,hf_09151,sketch,images/sketch/hf_09151.png,61fcceee10c4b0cff944628fccfd4fe385294e926c14c46b2ada05baccd3cdfc
9152,hf_09152,sketch,images/sketch/hf_09152.png,6f4d33a2bb8d651311f874dd50b46bb963b40a670e8db716e7ba9bc972ab3337
9153,hf_09153,sketch,images/sketch/hf_09153.png,e83ae90bcafcdb22c110c2c1b39d62d894387c0579e146fd8ed5ddad4aa580f3
9154,hf_09154,sketch,images/sketch/hf_09154.png,3a9e06628771b1ba1b3c9cbc35778e508aac50ece8a6322d0a1faf8edbabd495
9155,hf_09155,sketch,images/sketch/hf_09155.png,e24fc9d42e2c32eb7a14a4f45d3d6a0e503cb39aafd9c956e2887de2aa3b0cd5
9156,hf_09156,sketch,images/sketch/hf_09156.png,6c9ef1a6da0dd2fe57ecdbbf7c96f6580362f519de73ec61384eb6a71732557b
9157,hf_09157,sketch,images/sketch/hf_09157.png,166d66e3517c0cb6aaa5e3e1b7ab0e6b7f0d4765f0d1c1b2e7184475b9821d5c
9158,hf_09158,sketch,images/sketch/hf_09158.png,74dc2c8db1a2297174152eb245f711da94af061e553ed09dcec9cc38358ec516
9159,hf_09159,sketch,images/sketch/hf_09159.png,142b5b1973818a376e1979379944fead0d31ce112f1adf97f8b1776198ad4ee2
9160,hf_09160,sketch,images/sketch/hf_09160.png,252c40507d7c58e9ed185a9b677a4bec0f8836a35b988ab241db4d7e92a7f7fe
9161,hf_09161,sketch,images/sketch/hf_09161.png,21cce27821ca663eacafd28ef885bc4a5a7823e24eafe2d8e12607e5c6e28d7d
9162,hf_09162,sketch,images/sketch/hf_09162.png,ec150b59cbe25741f3c1c6424acff289f6becb6aa49f30b42efa7ad47a78a478
9163,hf_09163,sketch,images/sketch/hf_09163.png,91368b2e56e6f7d365c43e205bf8ed805fd152a6ebd44fef676d3d99429884cf
9164,hf_09164,sketch,images/sketch/hf_09164.png,f197807f4c6dcd5b12817747553cdbc7e5fda08b171835a6673ae5398c3f37ab
9165,hf_09165,sketch,images/sketch/hf_09165.png,cc2d3972e9c3f8b40393339fe036c33ff6847dd79bbdfee523d4314005c904f7
9166,hf_09166,sketch,images/sketch/hf_09166.png,6f2b87591d6599917bcc09d5a171afa191bbe27a07b46237fdbf68a5482696b7
9167,hf_09167,sketch,images/sketch/hf_09167.png,2cffb97ccc728f01305de755572d81cba28e0cd5a2083f1b812281a0dbe54597
9168,hf_09168,sketch,images/sketch/hf_09168.png,0b04d14d67be7ebb589771864f231dba19b3c5b53dc9daf383d6f9c4fc7a3680
9169,hf_09169,sketch,images/sketch/hf_09169.png,07bb85913e7b72213fdb5ce455b2977075c5592d6d230edbe5d940b65a4aaa19
9170,hf_09170,sketch,images/sketch/hf_09170.png,98198067d60486c7a72eabb1c14bc69fdaa5582bbd3a0ca55f9908ea3adfd52f
9171,hf_09171,sketch,images/sketch/hf_09171.png,82ee724c0193ccb7e27843fa1d80137c199b11a43e882f3c5e0ce460abfad312
9172,hf_09172,sketch,images/sketch/hf_09172.png,3696ebf55695acc4cb01a333dd31eea25d24f4b81f85ff7fbbfc4b0f0071aac9
9173,hf_09173,sketch,images/sketch/hf_09173.png,322e61e980a263de62dffa83f16d94830b451517be501f0eddda53f8adb05f1e
9174,hf_09174,sketch,images/sketch/hf_09174.png,620bf951f449a6943d22dabbd3783cabce315d3e559ae78951e397518265b957
9175,hf_09175,sketch,images/sketch/hf_09175.png,863617d521f8071c8ca67b27cd1d2a0e0bb751de43a5dc69436ecb4b6acfd14f
9176,hf_09176,sketch,images/sketch/hf_09176.png,78e45d31d49ae6e0e2b8cf5c5fcc4cb29b3ff7f8c38bab810e435f6d1654ce02
9177,hf_09177,sketch,images/sketch/hf_09177.png,1cd0f3ed382f572af64e205ba340082d6a5261b53861e0737975f105eec5d59d
9178,hf_09178,sketch,images/sketch/hf_09178.png,4a59a35eedcab4a50056918ee60c6f08fe006bbafdc0b42cf7545eda4bddf5d8
9179,hf_09179,sketch,images/sketch/hf_09179.png,225869595ad9dd8dd7c5355c12e630b15ae6ca3e41e66730fb9e735df36b6e58
9180,hf_09180,sketch,images/sketch/hf_09180.png,32f1788d70ad898630c1e7d771549546b9277f5f0e8e08e28bd10f6ce63449a2
9181,hf_09181,sketch,images/sketch/hf_09181.png,bcdd784df8df1c9a3e78de673bf87f89d3863a63b1a8094577f7e47ebbb985fb
9182,hf_09182,sketch,images/sketch/hf_09182.png,e44170e4be8371e85a25cbb63c5f0654af50405604af9f84f8f52576dc9db68f
9183,hf_09183,sketch,images/sketch/hf_09183.png,3218f583ea4362f51ad023d026423e3ee6be3190dbb2a60c5b7db1acc5c4c0b3
9184,hf_09184,sketch,images/sketch/hf_09184.png,9c5a418686473cd91ddfd7a892cbecec932462e5c8ce3568acc968d09bc9f0d4
9185,hf_09185,sketch,images/sketch/hf_09185.png,fe2f20d11eccf3891e61aedafcdd4a6167596325b88239ae668082204638f03c
9186,hf_09186,sketch,images/sketch/hf_09186.png,0cce240ace97debe3a085d6179156df435927c6e1c2e13767cd2aa907d923873
9187,hf_09187,sketch,images/sketch/hf_09187.png,b2c2b32eec7c1e14fc145909b4f8c8284e411be61a030d0ed452848c9ffd2e33
9188,hf_09188,sketch,images/sketch/hf_09188.png,3910e60ce16ab17d6841fc4c0303e9e9bf122032a9316512e7d96ed21c949250
9189,hf_09189,sketch,images/sketch/hf_09189.png,5de2fa254c6c1057b7d79b21a5b2d4c25037744bfd27ed57a242187872214597
9190,hf_09190,sketch,images/sketch/hf_09190.png,d7576a602e7ce9096d25135df65d3caaa59b72022c8f439c94880b375362849f
9191,hf_09191,sketch,images/sketch/hf_09191.png,ec59f39393c6b92aed96be20ed712e7c087f6c06f28d895135b0460dc849069a
9192,hf_09192,sketch,images/sketch/hf_09192.png,0cfe526b9571a45f055db0d26491e6e97cf61774bb58f4951c8cac8276cc8498
9193,hf_09193,sketch,images/sketch/hf_09193.png,56645deb20e2990829d91c603d9394f7f50a33cef9b06dcf64925fe398e0c0e4
9194,hf_09194,sketch,images/sketch/hf_09194.png,7080ec1301928db90001b9b427301942e597aef6423855b330fd0ba984f573cd
9195,hf_09195,sketch,images/sketch/hf_09195.png,226a7c79fc762df6c70e03afa458f7c8318ab46bb1bfde4b23b2683039ef187b
9196,hf_09196,sketch,images/sketch/hf_09196.png,f896c121ce1667cf5fff65c03ca32b1153666070f61c5b8c9b9d22200b5f8a31
9197,hf_09197,sketch,images/sketch/hf_09197.png,3852b5497ecbcbe74edb9383b4994e88dd7ff89823a8121ac65feaf2457fe859
9198,hf_09198,sketch,images/sketch/hf_09198.png,4c783e0adc936eec07a8c983a7f5d70771755da1c6267e69afaf118851803bcd
9199,hf_09199,sketch,images/sketch/hf_09199.png,6cabb1b0e9246fc443f7923bd7153b7cf5402c6dac0b9751cc0bb898320374b3
9200,hf_09200,sketch,images/sketch/hf_09200.png,bd20d235cdaaf38ffe145e099bcab2432514a116b9a74554a4ab3e22cdf6e884
9201,hf_09201,sketch,images/sketch/hf_09201.png,213a93eff9763497c89af329045e35b4d11711d057af9aad6b88fc100fe81e68
9202,hf_09202,sketch,images/sketch/hf_09202.png,9cb0d0e0d6c6d5c485dffd03af85eeca2449f204e265ca41013c57b6f5576bd1
9203,hf_09203,sketch,images/sketch/hf_09203.png,be41b1a1d346158bbda2bfc803fc635cc26cc0a79d854409ec2862546073203b
9204,hf_09204,sketch,images/sketch/hf_09204.png,b73e6622878d94c9b8251749cc9a48fbf0c1dc9c617ec0fa29fdfeffcdab6727
9205,hf_09205,sketch,images/sketch/hf_09205.png,36e4f276400a122734902a881c28eced3bf39472f74278088676203cb962b1d0
9206,hf_09206,sketch,images/sketch/hf_09206.png,74929c384fec06ce92ce304fa4882e4f33d365df2bf082d06597576bc8714d57
9207,hf_09207,sketch,images/sketch/hf_09207.png,5e534df4df6b8c88ffa2306d12414ea1d6fa090be10ee5de961ec8a7e90c3b23
9208,hf_09208,sketch,images/sketch/hf_09208.png,f5ed724cb1447e163d1dd7bbaaeeea49c77b304a5497745fb3b575dd07068c01
9209,hf_09209,sketch,images/sketch/hf_09209.png,c272dcc1101fdcfdfc8c009c33883919989b88bff45a2168f153994ea8ab7ca3
9210,hf_09210,sketch,images/sketch/hf_09210.png,f71cf84a9bd17330620ed7a189960bcd20fc3f4843785d30dfc14dd43f498bb9
9211,hf_09211,sketch,images/sketch/hf_09211.png,b9a8faa1c74301e66ea6b377ef5d4f4a0de43aea22af937908c781e32cabd884
9212,hf_09212,sketch,images/sketch/hf_09212.png,2b3b3f4f2ba145b174fada42b353fe359e2fcd9a300d8a31295c45bb04b0404d
9213,hf_09213,sketch,images/sketch/hf_09213.png,bfc8efa57d11dc752b1df433b1aab769cdb0d8fc3c62379677f90afcfcd6e1a7
9214,hf_09214,sketch,images/sketch/hf_09214.png,27d2c34403da4ac202db48578e332218323801e630eb26c78db0f67e9b9b2809
9215,hf_09215,sketch,images/sketch/hf_09215.png,ba157085135ab5cf87eb83e5648176b3b14fa12eb2f8a2d11a8b0b41acf84d46
9216,hf_09216,sketch,images/sketch/hf_09216.png,9b4b7bf4d21ab68312897aa3a75bf671ed5d3f578c46b07b33a75e62b5b7ecac
9217,hf_09217,sketch,images/sketch/hf_09217.png,4fa73a614f2992bceb04cc20ae50e252f85649b9d0ba1f4f7e7850892ded5b40
9218,hf_09218,sketch,images/sketch/hf_09218.png,ee4ea998f996eb1c76dd8b20038c8e0b9bb99b380abfc7559beef1c69dd8895c
9219,hf_09219,sketch,images/sketch/hf_09219.png,9a02ae26b1d8ba50a161dea8afb4702e8b8dedd5900c45a5c3d808954ef159bf
9220,hf_09220,sketch,images/sketch/hf_09220.png,a2c0366c5fe18736bfe8d91e2f5c0b9aca0b0749aa6664fbdad84b0020fe90f4
9221,hf_09221,sketch,images/sketch/hf_09221.png,3b5640c4ad3085181e05ae685f98e9a41a1e97e041b7960e2749224bc0b7bc30
9222,hf_09222,sketch,images/sketch/hf_09222.png,e32fa20831360ddd52091c10bebedc202271250c5b8bdf0725b3b9a90bc696de
9223,hf_09223,sketch,images/sketch/hf_09223.png,b8875fbf3fd61c643f4789129eb2618525e316991e9cbc30d6a575f07326c295
9224,hf_09224,sketch,images/sketch/hf_09224.png,26b7b06fe5372c98857abbb3f7cba02c0df76469fbe6f4b910be0c9964c270f5
9225,hf_09225,sketch,images/sketch/hf_09225.png,90fbe18f9d9371fd729e15c36eb7945280b9fbfa9ba646d98c97cc9cd302f82c
9226,hf_09226,sketch,images/sketch/hf_09226.png,b40e3fb29db0fda026d2b1bb872cdcff6dec7fb7d768b2bc573b3d81ee1e97e5
9227,hf_09227,sketch,images/sketch/hf_09227.png,8bc56a21aab0093c2ed5a45975537f86838121e2d46fd58d143a31ef8d961ae8
9228,hf_09228,sketch,images/sketch/hf_09228.png,b96f486856e9b9c5c1984716d4d5bb448e4c83654dcc121b3b7d1ad9aae65e28
9229,hf_09229,sketch,images/sketch/hf_09229.png,d286d7b2105e438ef7fe4b7410add768ecaad8945f47b73acbffafdb9735b36b
9230,hf_09230,sketch,images/sketch/hf_09230.png,00fba689149222d14a6ed018ab7f244a3b200ddc0ac39dd9d64d059a90b6d508
9231,hf_09231,sketch,images/sketch/hf_09231.png,ea4529beccd6a6f82903fc305dec613dcbd419166904deeae422f21f8149db33
9232,hf_09232,sketch,images/sketch/hf_09232.png,45e26e1ad71c6b8885c305c04541177352f842b43b760e613bf9f52eb7e6df8c
9233,hf_09233,sketch,images/sketch/hf_09233.png,8e990613dc9a26bcaa462d3e96c9f1f8eb7bd7e0b95cd1261cf89de28a86cf2c
9234,hf_09234,sketch,images/sketch/hf_09234.png,a8d29cdc651572b3caaa31fe12db728e80877fa79bb0d9e97e40cc6629e10d1e
9235,hf_09235,sketch,images/sketch/hf_09235.png,74ca933072ad988ac182a31ff0ce00a52caed988612ce2216e32479268b1d2ee
9236,hf_09236,sketch,images/sketch/hf_09236.png,8fc75552ab4e3608376d3b5be2f9af57b114ac100b26c0db2c465e7e9135d55a
9237,hf_09237,sketch,images/sketch/hf_09237.png,36ae90aa923e469b1111db108eaf249723bf66d53fc9877d5c7ef3d38f75d898
9238,hf_09238,sketch,images/sketch/hf_09238.png,2b8cb8e2cc6f51401fb98554f06f8b0fce15f8d7c3ca7609171388be4542e565
9239,hf_09239,sketch,images/sketch/hf_09239.png,b0c14bf3d051143fb935ca9d72f411c1de0e66cd447184befa4978c02e83f0af
9240,hf_09240,sketch,images/sketch/hf_09240.png,8ba8cf00f42c111de26c31cd1af4e3a1b6422d6082123f1c3172579d5653cf66
9241,hf_09241,sketch,images/sketch/hf_09241.png,456f6149546807c33b3759be60bcd494f25062bac1007d1042f9f8ae75019b46
9242,hf_09242,sketch,images/sketch/hf_09242.png,283274a9faf2ee8cf776556621154ef9da0e147026de23ad42d5b30c6982f3f3
9243,hf_09243,sketch,images/sketch/hf_09243.png,bc2aefc9a625d2060e74f228f04165ec6ebea151b2ef28e00fe2d486d7bb1b49
9244,hf_09244,sketch,images/sketch/hf_09244.png,0061ca8a44bded08e76c6c9e0beb3f0c941b8490d900b57b98b0f46bf7f72c06
9245,hf_09245,sketch,images/sketch/hf_09245.png,b72bda20b54c7078294c43b0e4ea5840a29904189e417028a4c2f0ff409d3c32
9246,hf_09246,sketch,images/sketch/hf_09246.png,6fa32f0feae91198a7d3c3259ff8c6512054fc5047221ace8ae455a4e8d27404
9247,hf_09247,sketch,images/sketch/hf_09247.png,72545644f0c87a5e77e3d198866a05920fe5be00fb8d9c61b664cb15e3b6625b
9248,hf_09248,sketch,images/sketch/hf_09248.png,697c00503fae9d85a5acf34f1bcf649eb6377443c43fddcb5c773ca023a41134
9249,hf_09249,sketch,images/sketch/hf_09249.png,1a54ccf539b1148e1333501094ee6625ab0e1f7e1af6cdc6efdf3ac3ed89af58
9250,hf_09250,sketch,images/sketch/hf_09250.png,fe9d2d379eee8b7994859296c208eccb8a9ad9884e82b708f29f0f805ed5fbd3
9251,hf_09251,sketch,images/sketch/hf_09251.png,93963bb63a1688da24bea818ade3eb3e5aac98b932975af2a44ff03ce6d76ebb
9252,hf_09252,sketch,images/sketch/hf_09252.png,8ded1afb278484ad37de693a1f9bfc7e942d4b2bba13887a8a5abeb6aff529ea
9253,hf_09253,sketch,images/sketch/hf_09253.png,99023569c70fc66a11f8ddcfb89fc9af88d87248fc0fed1e102cf2b3ad425c4c
9254,hf_09254,sketch,images/sketch/hf_09254.png,a8fa641cf8069a45f1c638addc12362b199e9b885db330c7c07eaf62a70d3b75
9255,hf_09255,sketch,images/sketch/hf_09255.png,f135b9a75430831692996fae39906d52f07f414856001cbf7abeb72a672beb2b
9256,hf_09256,sketch,images/sketch/hf_09256.png,ab038c444487eac4e0920f235ad3c21554697e971932c4e956e9ad0bc3006e54
9257,hf_09257,sketch,images/sketch/hf_09257.png,9d7ff15793ddd9f09fe9fe915fe9700550f0340ba803602a529553e73485da15
9258,hf_09258,sketch,images/sketch/hf_09258.png,4bf1d00ac73647e9fecab0066e565363994f69b541677bdc3fa3e0e52b05e8ed
9259,hf_09259,sketch,images/sketch/hf_09259.png,7347bf9e6ad42fc5f30db592effe2a6737eced5a0b41ee5f4144fe6b64e4ed4e
9260,hf_09260,sketch,images/sketch/hf_09260.png,57cd389e064ba114ca86216a67bc944015d3f889d4cd4fb50a37c4af07852d28
9261,hf_09261,sketch,images/sketch/hf_09261.png,8ed163f3d34d9b87ec47805372414c6011c49bf2920c8ff90c8f0692816cb66e
9262,hf_09262,sketch,images/sketch/hf_09262.png,8d15e94cb8b9f19b3621e0f70f59f2a007119a95ed2fb00098f9d15c4bbab405
9263,hf_09263,sketch,images/sketch/hf_09263.png,fd1df2efdf23d5b500793fee4de9a4ae1703c3b96576e84fc3c4359803b4c95e
9264,hf_09264,sketch,images/sketch/hf_09264.png,abdb2fc9e60e6e4b00c49c0d5df7a06dd4ffa61b93007c7d9153080fc15bcf00
9265,hf_09265,sketch,images/sketch/hf_09265.png,af227bffd3694374149a519c200aaeb1c6388dae1555d114a8bc4e495f5d726a
9266,hf_09266,sketch,images/sketch/hf_09266.png,ce01d5b5dd33f83d291c3658a84a50683a333199317aefe3c5d3ce6878b5140b
9267,hf_09267,sketch,images/sketch/hf_09267.png,6b228c65769e020379b45d7217ec06f7043143f4f77738e873a9b1839212bf75
9268,hf_09268,sketch,images/sketch/hf_09268.png,8f1989d09b71f58faa9052b2dab77d6823fe10507e95c9c2482a0dc04db3cd68
9269,hf_09269,sketch,images/sketch/hf_09269.png,c795b77239da175e41c30d1a2b119e41713d271c0cf21f7d104a5b72c2245fd7
9270,hf_09270,sketch,images/sketch/hf_09270.png,99c5a751e58627743692d536656408a480c382110b7ea8b85882a9774448fe6e
9271,hf_09271,sketch,images/sketch/hf_09271.png,f362a9ad2eb009e6af9dbc98823f71ce07b0b5bdc5ef091ca1040f97d79730b5
9272,hf_09272,sketch,images/sketch/hf_09272.png,0638c4f2a1c057d7ee180be62a80e777224c9aa824fcd0082fe910dc26920589
9273,hf_09273,sketch,images/sketch/hf_09273.png,6ceab88e5d65c32e7ed4fd4e15063d9b80a10974638c94b12e3423c3f8957bc6
9274,hf_09274,sketch,images/sketch/hf_09274.png,286e60f2658e007b8f4d6dbdf15403fca01d38991355f475dcb96843acade37d
9275,hf_09275,sketch,images/sketch/hf_09275.png,8f95ed8a0dc95a6c5091dea40240d473a258e4bba2cc5e499129e4ab5f064237
9276,hf_09276,sketch,images/sketch/hf_09276.png,62e7105d8464566c096d340281990434564675e38325e192df0f6d7647da91c4
9277,hf_09277,sketch,images/sketch/hf_09277.png,7a73e509248c040ad10017aee4883f87f637914aae921423e3b7a78a29880b1d
9278,hf_09278,sketch,images/sketch/hf_09278.png,0b15185a3a22186a2b7bd10de09443d17e6d436fa1666b1f7ce15671aef1ae3c
9279,hf_09279,sketch,images/sketch/hf_09279.png,94408573c81c2ea54c42cf18a2c25c8a13985e582e7fbec512929ceb9869eb7c
9280,hf_09280,sketch,images/sketch/hf_09280.png,277cc1d2c538aef6b73597934ff88a1bfac4a56cde8ef62432cbe0bd2e223100
9281,hf_09281,sketch,images/sketch/hf_09281.png,f9033af08d7e33802173046c7035b063beec7a86caafc53783f4202edc88acd5
9282,hf_09282,sketch,images/sketch/hf_09282.png,b8056f3535147e9bd644fcc548dc62a74ba5053ab6d749b931684bd72c04a4c2
9283,hf_09283,sketch,images/sketch/hf_09283.png,3c89afb9b4710d99d24ad9e582b58bb0827979b2757fc19a621d3cda2bcee54d
9284,hf_09284,sketch,images/sketch/hf_09284.png,40829100bd90afd324518cc11a5e135791791db889d24f2370c3e766febdeec2
9285,hf_09285,sketch,images/sketch/hf_09285.png,1b38c2229be8cd4b03074ad5bdeaa6a023e044a72bfdbb3f227ce7a9ac7eae79
9286,hf_09286,sketch,images/sketch/hf_09286.png,713a03201da1f59e4fe6d5a84dfce91b27dbe1d91098903c08ffdd24d5c7871a
9287,hf_09287,sketch,images/sketch/hf_09287.png,5d068f9e77b24a855bc24da8eba1ce82efe1a3fec8a7728e7e0513977fad5bbe
9288,hf_09288,sketch,images/sketch/hf_09288.png,551460a711094894e6a6af1a3e1741f4da3dfe8235ea7fbede4c10bce2350480
9289,hf_09289,sketch,images/sketch/hf_09289.png,476fc05e48b2971b27e61f6e14055226fc7f6d1b24f0041241ad075f61fca908
9290,hf_09290,sketch,images/sketch/hf_09290.png,f0420028a77cdbff4cf5ee6ee83bb2088a3994893716bae6fb50694adf792a47
9291,hf_09291,sketch,images/sketch/hf_09291.png,8c1b4a9deb924f87f7986ea7c3b63cf04ced60e888c7605bd87deea3e588d261
9292,hf_09292,sketch,images/sketch/hf_09292.png,6d7c35ae4930de96614a866655f44929f214633710379ad26194464f598e3627
9293,hf_09293,sketch,images/sketch/hf_09293.png,e449890fa1c889f6c0818a39a11c57b0ba2d28f7f3a51183c60ab30943f8f5ac
9294,hf_09294,sketch,images/sketch/hf_09294.png,84ed143d7f444b50a93cd9f2a581b85d65480e9d44188d72a73621753bfbeb5a
9295,hf_09295,sketch,images/sketch/hf_09295.png,4ca5aa764785e29d224eae31c5f269fd282b48c5001b2ecdcf9c3e57d1ed8571
9296,hf_09296,sketch,images/sketch/hf_09296.png,ddb7ada0939f87ac85523a8d6719e5c0e2c563f97932c79aa359fe9c4f85faba
9297,hf_09297,sketch,images/sketch/hf_09297.png,499e1fc45ade3e60128f5cbea410701bb4f5e908bb9f47f84959f56f99e262ef
9298,hf_09298,sketch,images/sketch/hf_09298.png,478b983a3ee57ea0c6584c49572a781612c62bd9a444af6c7a7c1c64b0251daf
9299,hf_09299,sketch,images/sketch/hf_09299.png,32336173c141f35624732a0f70be66b5a3ffaa3c8a7f1bc68052423081d7e146
9300,hf_09300,sketch,images/sketch/hf_09300.png,5b8526d562e147a81da5bd9ec0cfd93b5bca76005b845d18d1652e61e4bfb839
9301,hf_09301,sketch,images/sketch/hf_09301.png,5f8c6e4a45c662d5d069e7a0c6a97ad524cc26a68a0d1948da807e490bf74b5b
9302,hf_09302,sketch,images/sketch/hf_09302.png,07ad0962294d8b84121348c4bf3d6a0b250d42112fabcd7c51c0359dbeb92652
9303,hf_09303,sketch,images/sketch/hf_09303.png,0768995c9aa74e05834eb89b8729a940a1d48233aab31ce739766574009d7d7f
9304,hf_09304,sketch,images/sketch/hf_09304.png,b7d909024c0e7052249678695b84a55f2afc02424b97001d399b3e813e2a65d9
9305,hf_09305,sketch,images/sketch/hf_09305.png,11fa330d24c8355d55ecc422e4e927f37a256de3295445974b83d7688c976446
9306,hf_09306,sketch,images/sketch/hf_09306.png,24021171549b0a982c87caa8beccd8162488ea57b6998c6c74cffed8896f553f
9307,hf_09307,sketch,images/sketch/hf_09307.png,e25f6e18281e9de00dcf788b3b304d129d40c822f3a7884f2a5bd31d9accad72
9308,hf_09308,sketch,images/sketch/hf_09308.png,cd535c1ceace011fd79813e98d8654b47263a00f1b71638897e3e5144aff9361
9309,hf_09309,sketch,images/sketch/hf_09309.png,8ad134c9d4a822159b27b0bd9829a6cfb22fe5691613e7f4f15847a4360e44c2
9310,hf_09310,sketch,images/sketch/hf_09310.png,2f874eba5eadce3c5e469894135c01149995a631388b7ea0e42d8d7129e409e7
9311,hf_09311,sketch,images/sketch/hf_09311.png,c9264a602ab7e3b3f3788926c8202366695626bab39875be721c72d44d39f1e2
9312,hf_09312,sketch,images/sketch/hf_09312.png,74da19021d544a65f951a834e7940e453e679fc9a3f8be43d691140d04ecd3cd
9313,hf_09313,sketch,images/sketch/hf_09313.png,146a0b34afd76c486d1f651c59ec837d424c405f95493307811ca0ba4e15750a
9314,hf_09314,sketch,images/sketch/hf_09314.png,5815d2f73dd3eb6a7d23e4bae5c446b7ff22c7ba4621915b07d01866e5a9bdc8
9315,hf_09315,sketch,images/sketch/hf_09315.png,1afc69c16e4c900f6f33b74001e1bc19cfc34fc9a8227159fe97481bb30c5dd8
9316,hf_09316,sketch,images/sketch/hf_09316.png,52fbcb79ffcfcaabbcab1149518debf227928a698e2c5ce6217bdd091647bb65
9317,hf_09317,sketch,images/sketch/hf_09317.png,ff0345c4c7f69def97d3f91f1925af44d680a526a7782c5df40042b308a4d0f2
9318,hf_09318,sketch,images/sketch/hf_09318.png,226a56e4c08aada8a6dbc166140b129e7fd995a03e24c9d6aa288656dcb292a7
9319,hf_09319,sketch,images/sketch/hf_09319.png,150cd68f70264b6d993ed508b8a4dddc874d98d8ae98771001f5cc8ec79b0bfa
9320,hf_09320,sketch,images/sketch/hf_09320.png,3b0178634964c11a88416aa6ef681e91ee2614d3b3379e6ff73dabc8845e58b9
9321,hf_09321,sketch,images/sketch/hf_09321.png,579976e7f07f0587fb444497a4ab0bc44ba8343c9cea411e8487772cb13720b7
9322,hf_09322,sketch,images/sketch/hf_09322.png,2525170e6d4c9a86c5a69a0068b647af32fa4ad1ceb76b2d660440a65394f56c
9323,hf_09323,sketch,images/sketch/hf_09323.png,d2f1d1cb2c01c31ffdd2ba32c35e34fe3e5505da77088de792f8e78a9d97e0a9
9324,hf_09324,sketch,images/sketch/hf_09324.png,0577aee24935fc9327bde169853e63f6d0ee1ceefc5db9b1246ba935a6ebb106
9325,hf_09325,sketch,images/sketch/hf_09325.png,c4be7aed586f0c996e221847efce0d210c4da508c838391469c3b4af88be3822
9326,hf_09326,sketch,images/sketch/hf_09326.png,29f015c9a671889d86927db46d7bc4d610101ff02d748bfdb76832cbc8f7b983
9327,hf_09327,sketch,images/sketch/hf_09327.png,dbd3e74e3dd77343c83463a3c2f731d7b7238c6220f5eac685ec9b747a7f3c7e
9328,hf_09328,sketch,images/sketch/hf_09328.png,6d5c0008e1a9e196b32b217cc476ab658b7a4b048569f0fa9b33acbc2793fd43
9329,hf_09329,sketch,images/sketch/hf_09329.png,77df7218a4eea556fb6bbe21f8124aef9f1ff605d0dd2d63f0515d50e7806af0
9330,hf_09330,sketch,images/sketch/hf_09330.png,6efb941cc929f7c50352129c3bce76d4aeba51f3fe444348cd5b9d0f1ec6845f
9331,hf_09331,sketch,images/sketch/hf_09331.png,ad095395a428fbcf41af1b95c036a2a0f90b17747126ef500428ec17e05d465c
9332,hf_09332,sketch,images/sketch/hf_09332.png,0a8b49f57f3e54ff320dd0a1a496c5f1d976e6ccbcc5a8d148fd8d2b99e059b7
9333,hf_09333,sketch,images/sketch/hf_09333.png,0b2a53d7f756a10aa6e5061ea7a7e9ace832b78e1803724d1d843c64d83676d2
9334,hf_09334,sketch,images/sketch/hf_09334.png,2c727c00b367316fa73ea9df7f1b6c6f3e22215585e3ff5cee9e7bf303d400fb
9335,hf_09335,sketch,images/sketch/hf_09335.png,739532a9e2741d4034934b686fa0bc0f9a14d8b6e75ae8dd789d6c8b0f994623
9336,hf_09336,sketch,images/sketch/hf_09336.png,570c0244671487649d219f76f67867d6560ab4f3086f3a305b680384417159a3
9337,hf_09337,sketch,images/sketch/hf_09337.png,4fc1e384013cf3784abe53f88fc2b7e4b063d1310d5f393b0a7759f2072fdbba
9338,hf_09338,sketch,images/sketch/hf_09338.png,84ddeb120e108864454ecb80712cc8f85f86f4df256411d5a9a111ec9073a994
9339,hf_09339,sketch,images/sketch/hf_09339.png,4b51ea38c0fbdac686f7fa15ba7e7d7cb27f3028732c216894fb7def7af22b30
9340,hf_09340,sketch,images/sketch/hf_09340.png,f33d66611bcc05efdf184d395c4a680f649699ceb645c6ee01f66511f85e49d4
9341,hf_09341,sketch,images/sketch/hf_09341.png,09b7a23254fc0f07fc49b2a152856c1282a024e6ffd7d3cf307bed07ac965e2c
9342,hf_09342,sketch,images/sketch/hf_09342.png,6d1c23c19d8839d68628a67217bc9f95f9d45d596e27fbe23f90ae10dfad4c9e
9343,hf_09343,sketch,images/sketch/hf_09343.png,58a74785b43de0592a0706386add4647656b4edc5e93c374962a861b744ba944
9344,hf_09344,sketch,images/sketch/hf_09344.png,f1ae57b88499c11d5038b1d66b3d680f575bde5561fb49c0278fd66fff33f02d
9345,hf_09345,sketch,images/sketch/hf_09345.png,b7a7b9446ddafed115c2dda8189c3865b5d4ed59fe98496cb696ada05e49dccf
9346,hf_09346,sketch,images/sketch/hf_09346.png,e2510839ac6d571bd9376799de708c02cbd0e8a524bd9b8e9bea54526179effe
9347,hf_09347,sketch,images/sketch/hf_09347.png,a15515c18e8c47649d2681d75d7378ef376287ee1a4921bbe0741e48f9011df3
9348,hf_09348,sketch,images/sketch/hf_09348.png,564b9bc4ada65f29b27df9c98e6dff27bfb156dadf4664b8fdf0057c0f7d8c28
9349,hf_09349,sketch,images/sketch/hf_09349.png,5cbf6a62f4f85bd0a25b363965c0c218b0c2043abab419729119aa0bcf487460
9350,hf_09350,sketch,images/sketch/hf_09350.png,56d54d0b0819c383f2bd9d8c0f8e159b12ad01365c5e7d81eddc066d74914ab0
9351,hf_09351,sketch,images/sketch/hf_09351.png,965cd65eb9566ce143de79abfa520b8078ea212430697d66c3006cba50308947
9352,hf_09352,sketch,images/sketch/hf_09352.png,25a29566c182c1efab11c410e29f9f454ca55e36cc9a69721a85b9ecf11dfb4a
9353,hf_09353,sketch,images/sketch/hf_09353.png,794f1827b37b2cd8658247c05a305d8863fd338fbbbc30210a8bbf21662c2639
9354,hf_09354,sketch,images/sketch/hf_09354.png,cbc92c6944bb861f86942cb1825da217a1df6f96a7040207ca3bdca29c47c9a4
9355,hf_09355,sketch,images/sketch/hf_09355.png,c53d814bf9fb15298f2d350e52e39fe33942ab886d39cef99a42c04b60d0a1e0
9356,hf_09356,sketch,images/sketch/hf_09356.png,4a817f9bf9332ec9f8f7c0ee067721d2f84a52c08d474aa4ff91b15088adaccd
9357,hf_09357,sketch,images/sketch/hf_09357.png,b892f083f9d08ae4af842fc939b7497136bf8e0656dae7f55f074d685926578a
9358,hf_09358,sketch,images/sketch/hf_09358.png,b86cfb9ed002e72459678702999317ffb0d1cc17c8be0f54c008c24f8a8bb513
9359,hf_09359,sketch,images/sketch/hf_09359.png,1a86789c63c8c80f8ec1ae199c61400147d11f268c596d68875f381dca52a653
9360,hf_09360,sketch,images/sketch/hf_09360.png,6256dfa28452d69648d31d7f50db5dd1171c8ef14264faea95cac41a55373e30
9361,hf_09361,sketch,images/sketch/hf_09361.png,2f441ea828014f86f2e403b0acf11cf63ab4d1c71c4dc327ce9add8ac707030f
9362,hf_09362,sketch,images/sketch/hf_09362.png,0b25be7fc8f62ab3d42ed038298cc15fac36ddd9ed4cef0f3b88f5215014540b
9363,hf_09363,sketch,images/sketch/hf_09363.png,63c8400e1abc5f0a6142175d36b23022588709f693dab3a39a28f8789390a442
9364,hf_09364,sketch,images/sketch/hf_09364.png,6f1a8516d9f61fc669692085fdb090f0013f21b9116347f3e408b9588d71ea65
9365,hf_09365,sketch,images/sketch/hf_09365.png,29cfc41d3efe80806a10a13679b6f9717feff2c347f4f56a629d84bb0f37397a
9366,hf_09366,sketch,images/sketch/hf_09366.png,456183f2f73103f7a857b8fcd75c0494793a39169142658dea64fdf60a5e27c5
9367,hf_09367,sketch,images/sketch/hf_09367.png,912569ca524d117dedf6699ac6a099122fc770a4d0727c7216bf1ad37f69b88d
9368,hf_09368,sketch,images/sketch/hf_09368.png,3d88171a1870aa5daac48d397d6eb6f5336b5b1c879aab28c977a2a55fe64d21
9369,hf_09369,sketch,images/sketch/hf_09369.png,2bdb40fcd3bf39cf4813d44aecc65eebdbd90db94ee57150bb5fd3a70f96b0dc
9370,hf_09370,sketch,images/sketch/hf_09370.png,af58fa380d46c296ced63a74d53cecefeda1255e798c2fa6ff8d23f557f85828
9371,hf_09371,sketch,images/sketch/hf_09371.png,6ee55cdf3020844e5ea1b78d7a39ebd947ed0f7854b16fcc63d37df4ae8f3816
9372,hf_09372,sketch,images/sketch/hf_09372.png,020141ccb68adc69691fcf9d683bfeb3d93cf42252c1e99db58e87502337cf57
9373,hf_09373,sketch,images/sketch/hf_09373.png,0bc50e2e1082b8baa5592863a26a9c508bdea9249cf43e136998f78e21c1c5d2
9374,hf_09374,sketch,images/sketch/hf_09374.png,56305a496502a8843650fed07371007b897aacd0972927ce6236371aae71cddf
9375,hf_09375,sketch,images/sketch/hf_09375.png,5a993995c0ae0cd615ae06775b6de23ae332e9bf03401297309076287459026a
9376,hf_09376,sketch,images/sketch/hf_09376.png,d2aa52c05da1f62a12b7e780ea18dfc92e5106df9c1883988dd24b376660d99f
9377,hf_09377,sketch,images/sketch/hf_09377.png,c239251720458554e085ff4665ffcfde9297ad76c14206aa3702b7804ff66dd9
9378,hf_09378,sketch,images/sketch/hf_09378.png,2f9e5214de6558753e7c05f7918adb3fe1243144bed31b0a29cb8a72adbca005
9379,hf_09379,sketch,images/sketch/hf_09379.png,ec1540272320df64d15fc3008bf012dff6ee3db2bda6ce140489d80676806e91
9380,hf_09380,sketch,images/sketch/hf_09380.png,52e767ccedb9017a1df73938ec31cc73f9a397e1d5550820502ca9a473635c04
9381,hf_09381,sketch,images/sketch/hf_09381.png,ca219720095d16700ecd0c2d3522bd9b0089a37f7e3aa1a677fb038217c2de3f
9382,hf_09382,sketch,images/sketch/hf_09382.png,829a0da1e67f6a97c8b2562b1c83b15438fb19fc232c80876fba96dc3a372824
9383,hf_09383,sketch,images/sketch/hf_09383.png,0e1233503757543987966ff2b2fc71ebe1017ca79f5b47e80b4fa9b9819a74e1
9384,hf_09384,sketch,images/sketch/hf_09384.png,630fff0effde4e972bda3806f3965ded5e7a248a360b4e0b4dcdf3b1b7c10fe3
9385,hf_09385,sketch,images/sketch/hf_09385.png,4a0d8349c76b67048eb05573614a451f22d67a6006c8e6f5322f5f2dab2ae75b
9386,hf_09386,sketch,images/sketch/hf_09386.png,fb7d38d14c239655072b0fc176258d6fecf3f899f7bc9fb07e84e6f13078f746
9387,hf_09387,sketch,images/sketch/hf_09387.png,760e5132037da06c77bc95188dc7fac28e07788fdee30a8781ce0fa552c73380
9388,hf_09388,sketch,images/sketch/hf_09388.png,d58a2232a90be20e94e9fe09bcc1c6cfe508db42f0e73e308a2009462aa93072
9389,hf_09389,sketch,images/sketch/hf_09389.png,e60b0632a169a8e78de86442d6116aa896d2c10df8ab7decc9c35adbcf80e1d5
9390,hf_09390,sketch,images/sketch/hf_09390.png,123dd45a79378f1b1cf6bdffa7a62b785378a0f5b956348ffd33feafe1f7717d
9391,hf_09391,sketch,images/sketch/hf_09391.png,d7f8773130a0ab66380377d4e4ca045a742f476ca685a01aba1ac0977bebc243
9392,hf_09392,sketch,images/sketch/hf_09392.png,406fd13bc05812dfd0f688b27fd780c975d104c755e74765c55a1a49f8a05805
9393,hf_09393,sketch,images/sketch/hf_09393.png,aaba6aa7d39e6dc6f635c41738e0be2a1c18bf86803224a7afb99f6444913258
9394,hf_09394,sketch,images/sketch/hf_09394.png,0c0e6eeafb62ff929b051a1038b684b88813823b9b31b71e0e657d0494583d90
9395,hf_09395,sketch,images/sketch/hf_09395.png,2e6e10ebf210144ac1f1bfdfbdafdcfdc5b7e1b709d24db01984bf4b2e481114
9396,hf_09396,sketch,images/sketch/hf_09396.png,93d0f0c7bd1bc52519a7baada1474146e03696d1e0b1c6594304b9f4a0024027
9397,hf_09397,sketch,images/sketch/hf_09397.png,673242b58d9bbe05c6b2716f00b5349be8ce926a47174b7117e39b1c6a8eb200
9398,hf_09398,sketch,images/sketch/hf_09398.png,044f46f58a1dfeffd1a7550678312a5898d690d7e3a682bff1c54a93f32db4e4
9399,hf_09399,sketch,images/sketch/hf_09399.png,a55f1d9b7b8c86ec5fc196ba7ddebd192f230f8a196fc527688a3d72d671800a
9400,hf_09400,sketch,images/sketch/hf_09400.png,6abf67a93a6b72c7f0761ec46ed2f401d34b2449fea179c8c35789a190af38fb
9401,hf_09401,sketch,images/sketch/hf_09401.png,086838ff2229ea408817c4cf98cb69b59c360a1877d7bdbccbbf2cc81d5ef314
9402,hf_09402,sketch,images/sketch/hf_09402.png,14784042c4882bea58ec814a397e8f2a876720bed1df214301a18c941e27ba92
9403,hf_09403,sketch,images/sketch/hf_09403.png,8dc4fa22e57c0e4e036c8cb09a38559861ceb74d15ed8814d11a700c2afa9dae
9404,hf_09404,sketch,images/sketch/hf_09404.png,f0fbb0fdc0ff0ee6211acf6ed77393defa877434918ab41df5655718767c8524
9405,hf_09405,sketch,images/sketch/hf_09405.png,9ec2606de8f7f0fe4a5f3879fd361b7bc64badd48598cdbc3c0c83e8473756b4
9406,hf_09406,sketch,images/sketch/hf_09406.png,34ae5ce55cac93ab65a822b92e7b55f3d558c23262b92ae6a30d47ffc9a569df
9407,hf_09407,sketch,images/sketch/hf_09407.png,eea849e1ae3509f07896dad28bbb4f94c25f868c73905c25e5fac201f77e379b
9408,hf_09408,sketch,images/sketch/hf_09408.png,f9267b143e013f149e3b161fca1eae3197aa5325e829f5e6e8ddb118989423a1
9409,hf_09409,sketch,images/sketch/hf_09409.png,5889a61a4258e4fd7ec0566358b891bf6c6c23c2ed9305feaeb2e7fa001b6498
9410,hf_09410,sketch,images/sketch/hf_09410.png,f357a3533f578761a5db9d42582e259986a5c31bd2b5b2e4e2f522956bb786be
9411,hf_09411,sketch,images/sketch/hf_09411.png,449e1c431e6f6db12f807f60781b7243ce5a63cfcfa9b0378a1553ed131fa712
9412,hf_09412,sketch,images/sketch/hf_09412.png,3f6b2d16ad9a1f7e18ef1bb209aba671bcb7f07ec5358de563baf43a4f93e0f2
9413,hf_09413,sketch,images/sketch/hf_09413.png,ab999ea10818a44c1e6c943d7cbe1b0d51e1e8bcc2c92d25cfcf82245c9cb3b1
9414,hf_09414,sketch,images/sketch/hf_09414.png,73e0e250117f7387aa60d74ef1aae4dca673943c8a0f0f3c8ccb13a77ca28036
9415,hf_09415,sketch,images/sketch/hf_09415.png,78beb46437d7b41ad1ff9ce9ba0569d44bb2cca7e12fcf15cc0757ab35425f7b
9416,hf_09416,sketch,images/sketch/hf_09416.png,af48f497dea2a553781d00ff2617fd24785e01b83f746f8f90863f1e7e9fd38e
9417,hf_09417,sketch,images/sketch/hf_09417.png,bf725139e6d98b4ba96e590589d86c996018a97b528c69da93090a25c89b1e84
9418,hf_09418,sketch,images/sketch/hf_09418.png,cee099736b946c8ac0494b147648a4331d6950e4bd70221e9c96dee10b62216c
9419,hf_09419,sketch,images/sketch/hf_09419.png,cf6442da0708d878f756f3a4ced66ed070bd373c4180f7a9047a88f639001f2b
9420,hf_09420,sketch,images/sketch/hf_09420.png,c3823d15eda970f11a935923fe427f4ca7919a919dc4320fa38a0cec2154acb4
9421,hf_09421,sketch,images/sketch/hf_09421.png,6f9be4bb951aa3f4a7e9759339e19eb891ff667de1dff4b99b3555b835b153db
9422,hf_09422,sketch,images/sketch/hf_09422.png,bedf23567d1314289df6f8e0a74d529b56c82c8e0487ac1b34e73a85a292639a
9423,hf_09423,sketch,images/sketch/hf_09423.png,2550a43028ccff1ae045e8fe553d902c96f145a4db6085cf9efba1c9680e0096
9424,hf_09424,sketch,images/sketch/hf_09424.png,9039232ddc484f6224f1958a86047a11e6a8faf94f49a878e425aaeeae2053fd
9425,hf_09425,sketch,images/sketch/hf_09425.png,7527120fe0e25f96d88c07a6dd4719e0ceacc5d0b9c38652363b440859ef483f
9426,hf_09426,sketch,images/sketch/hf_09426.png,6f0111161b51b72a3c11909551987e25bb2050eea2c4740689db31d147703597
9427,hf_09427,sketch,images/sketch/hf_09427.png,a83d82bd793b474a1f7aa40fe90433bd8a84c424e072614e785503236abc5a9f
9428,hf_09428,sketch,images/sketch/hf_09428.png,d00b77936f81ce353bf6c2221556fc6b9ba718512f79262ba76aee5719be83b3
9429,hf_09429,sketch,images/sketch/hf_09429.png,22e5768a94a5ac73b719ec335352b4000a3122db0faa6ebcb5563ead20a9d3cb
9430,hf_09430,sketch,images/sketch/hf_09430.png,d8ab0663475d5b2ba96f1edfba4c7f3a011248c33f618f94ce8524ba0fd1f389
9431,hf_09431,sketch,images/sketch/hf_09431.png,7bdfe45daefd18d31df031b45c9a338691465030e13b568c55d20f54aa44054c
9432,hf_09432,sketch,images/sketch/hf_09432.png,cf2b50db51d31ba33675349dcffef3f78be03290a03930b986ca65ebba3ef457
9433,hf_09433,sketch,images/sketch/hf_09433.png,ed09c768d5749f07b1af2245133137e44233949db53018b24877a650936bdf89
9434,hf_09434,sketch,images/sketch/hf_09434.png,e9b3fcefb92f8d6316f9bcd02a91df137f7778f12995085bb187798f3d43eb1a
9435,hf_09435,sketch,images/sketch/hf_09435.png,faebc01bca42035fff0a9cf5b103cdc6597cd4ca0c969477c2abb9677e9d12dd
9436,hf_09436,sketch,images/sketch/hf_09436.png,28217b43ed5bfffb9b755a72e051e082c822e67977c592f4cc95c64d70474c54
9437,hf_09437,sketch,images/sketch/hf_09437.png,8d8420ac631a20bed94c2d6f11e57635b4182e94d4b08ddb20ad889624467fda
9438,hf_09438,sketch,images/sketch/hf_09438.png,10b425750f4f6a43aa3f170a4d615e10137b767295fbe88b3ce65f210a676f31
9439,hf_09439,sketch,images/sketch/hf_09439.png,ff1ef2984dc5df379b032622538ef17e6a0890f730c18e0d68187668b3d8e0eb
9440,hf_09440,sketch,images/sketch/hf_09440.png,e798e1b24e498aed68f45f2951d04aa399fcab518849173a6c70bfe61d40ab45
9441,hf_09441,sketch,images/sketch/hf_09441.png,e19888883f2fc1e312451218838e7fb2c5d8a2bdccd5b9671ad08506b12d7c41
9442,hf_09442,sketch,images/sketch/hf_09442.png,381dcc32bad46f0ee20351834491615bc90d8be3498d7f077a483963f2b7da46
9443,hf_09443,sketch,images/sketch/hf_09443.png,b3b5ff26d87546422f5c71592c2fcfbc760105c1db4a3be2cb4f79bbb08b74cf
9444,hf_09444,sketch,images/sketch/hf_09444.png,a7a66915bc6e9e30e5e6f69a6fc80a4595a6108bc30a7df97b9263f099966741
9445,hf_09445,sketch,images/sketch/hf_09445.png,055887f83f1ea522bd542e0bde1edad35affe5c864d78c677eadbbb0cfe2b618
9446,hf_09446,sketch,images/sketch/hf_09446.png,6ce05a3f83f36d4c25bfdb26cb59bd8f92d169d15209cf37b35983589ba158ec
9447,hf_09447,sketch,images/sketch/hf_09447.png,a53a04814dee0c1ae5eeda4e1a863f1e0ed900292033be52b8f87b47ee21bcdd
9448,hf_09448,sketch,images/sketch/hf_09448.png,1579a3e1f73310e63b848950e763bd2cea1ac9903632a2594d46f06bfa3a9b28
9449,hf_09449,sketch,images/sketch/hf_09449.png,19c51e452a8b3461f985f18b4138f179b9db4c22fe88ae33002f2ad0b8f54532
9450,hf_09450,sketch,images/sketch/hf_09450.png,25a92869d9cfcb905b52a368b5f8c10ce82f83e19c11b7c48a231b0d8ff9c693
9451,hf_09451,sketch,images/sketch/hf_09451.png,b7a3fcb77a631e933bcb8dc1c62c2f88f3b469a202c5db53740cb431335c42da
9452,hf_09452,sketch,images/sketch/hf_09452.png,2e9bae3908af553e8d166d108c873d162eab4da8ee35bfcd45ff693ad45cd6e0
9453,hf_09453,sketch,images/sketch/hf_09453.png,61ac405124bdec79f6a0e954de5ddc60295751c46067f8930f9f2b0f49e4a3dc
9454,hf_09454,sketch,images/sketch/hf_09454.png,1a6c1a2722e706fb326c9dc871994a7fcb5afa94f41b687b335b91d540b3e932
9455,hf_09455,sketch,images/sketch/hf_09455.png,b49dd6fe8b8b2b043302af66d4bc998a00b4256dec54af3444b381766597b163
9456,hf_09456,sketch,images/sketch/hf_09456.png,f7bb1c5248209326418428d84441dcf49c58f740e35c4fafc145d9ad328b3486
9457,hf_09457,sketch,images/sketch/hf_09457.png,792a4325164cd8986990752996a87ab8a8eb8463e8188e70bd6aa0978b05866e
9458,hf_09458,sketch,images/sketch/hf_09458.png,2a08cfa0d56c8be71d706e6799ea74d3a977665e288830bb9e18d0b38f1fa357
9459,hf_09459,sketch,images/sketch/hf_09459.png,b5134989a191ee90bf04098a7fc46092cddb739b72907f0cf35946f4049e1942
9460,hf_09460,sketch,images/sketch/hf_09460.png,16542dc5d997524da289c51f32e38e12f0d3a8c49efa7549b2bf41e70317c139
9461,hf_09461,sketch,images/sketch/hf_09461.png,7de88a4ba9d7d8355553cd2cb09d4a0832d98d63ec63d7dbcde87c13747e46d7
9462,hf_09462,sketch,images/sketch/hf_09462.png,a8e8f9cefcf556dfda869774a17cf829c576b6bb87dec5bcb8512074328cd7dc
9463,hf_09463,sketch,images/sketch/hf_09463.png,da0d5c37eae39cdcc2df19030c3e1d91252b2994498639a5ec22a2adc8383685
9464,hf_09464,sketch,images/sketch/hf_09464.png,88845f41224194f27190c049295a6763fc0c17fc30b3a13c30f0d295f34d88fc
9465,hf_09465,sketch,images/sketch/hf_09465.png,2f0e405c95c01d32492e4d09ca1859a8600ab086d58d278fdfb670a8efc432a9
9466,hf_09466,sketch,images/sketch/hf_09466.png,8f208c2efe69acff418779fe40010e8eaeac2b37285f5e5fa790789a62ecc181
9467,hf_09467,sketch,images/sketch/hf_09467.png,d7fb28adbec97bfdd9a8661c4fdbfbde8bd738b295baff9c28f00de4a81e95cf
9468,hf_09468,sketch,images/sketch/hf_09468.png,ba17a393001ae160337ef3cbf16663741cf342fd14b741bdfee8b44b3a6f1e52
9469,hf_09469,sketch,images/sketch/hf_09469.png,dabcf89e29707421ebb41e6184ea49c240ff6a37be2ae4763b47c7c70489e967
9470,hf_09470,sketch,images/sketch/hf_09470.png,e69c109581f46dfcd3d30b489d108951999b3b2cab2c43bd48d06d81f9de66d0
9471,hf_09471,sketch,images/sketch/hf_09471.png,494299194e7acc1ab16a51e587d90092e184ee8a5e2a26e20607968dd4c5bb88
9472,hf_09472,sketch,images/sketch/hf_09472.png,ada7fcfa5ac05752c9e84c7cd3505917e65b33aeb7c0bf5e32e17e1bfe4c3ff0
9473,hf_09473,sketch,images/sketch/hf_09473.png,57ba275671b117400be3959546d0625b4978b5842fe0c68303afdb1cfc0e4234
9474,hf_09474,sketch,images/sketch/hf_09474.png,7d1cfa9c1a1b30241b9400b9ca3d33b8447a033adbc59a4e39b60da9c6dd76fa
9475,hf_09475,sketch,images/sketch/hf_09475.png,2ce50415960205621284ba7b0f671b5b3f45d92dccf985beb6edd8a9531758dc
9476,hf_09476,sketch,images/sketch/hf_09476.png,5159836d0fceec0316424f73217737caeb385be55097c151fff5660c1a09135a
9477,hf_09477,sketch,images/sketch/hf_09477.png,5b7e57d299f68070854a93586bc5d3fc132d722517b9b7d747620554cfed925d
9478,hf_09478,sketch,images/sketch/hf_09478.png,e2d7d6b15b9f48133a1fbc5c14bcdeedad1b57ee7ce8c4de39634b8a762d54c1
9479,hf_09479,sketch,images/sketch/hf_09479.png,db18644b8ec58af47c9acfac09b5612d9cad58c85ae75beec17820fc8f34cbd2
9480,hf_09480,sketch,images/sketch/hf_09480.png,2821c4d7ca51bcb8b6d872b0b0288a6f3f23aee74a3bed8d55b64ec520a4b4b1
9481,hf_09481,sketch,images/sketch/hf_09481.png,2ec49428471de95e04d289e54c51c2959ba9f536128cefe3a1a1d0b536a30c28
9482,hf_09482,sketch,images/sketch/hf_09482.png,0952fc4a116723f8ad31f27d37da3efabf85d680ddad49fc398891c5c0d2a6dd
9483,hf_09483,sketch,images/sketch/hf_09483.png,6766727fb0bd4833d62ffd0c1de228c4d91601d2e4beafe16bcde17458dc299c
9484,hf_09484,sketch,images/sketch/hf_09484.png,ca11bb91000431f3effe9392b5551e030799a84217c13ceac5df71a7b8033b68
9485,hf_09485,sketch,images/sketch/hf_09485.png,c39738a66c1dd90e7be1b9eed476d067592347c2719ed58209757c9f6c4f90ea
9486,hf_09486,sketch,images/sketch/hf_09486.png,ba5defdbcb14f3189b075b673f8e0252ac469b725d38abf2202b121f8ba27798
9487,hf_09487,sketch,images/sketch/hf_09487.png,a605f268a7418fb413b8aef653f9d503fad3de2ce70d2356b69d83f1fe039ec2
9488,hf_09488,sketch,images/sketch/hf_09488.png,c052a97d25246f457c780eff0cbbd7c639f32cacc3ae596810dbebad75955528
9489,hf_09489,sketch,images/sketch/hf_09489.png,93c5fd27c93751c9ffac542e422f79bcaaacd24631ecc298f230a84adb3a577c
9490,hf_09490,sketch,images/sketch/hf_09490.png,d285ddcec1798ceafd8f25fbd4fd246b140fe399ee98cf050e78ea819148abbd
9491,hf_09491,sketch,images/sketch/hf_09491.png,3fcfe3ef120dbaed1cf00be64121af28c447d7a6a506eae5ab8f05d9d770d509
9492,hf_09492,sketch,images/sketch/hf_09492.png,427cb7ff54bf601eb4e507306ed2d8e13c657e607a17e93033bcdecf265807cd
9493,hf_09493,sketch,images/sketch/hf_09493.png,20ade148279b85aa4f07b612279744d9c3d43a99c7e044f1ce7b31ae1331aef8
9494,hf_09494,sketch,images/sketch/hf_09494.png,9b994a469c5f64f94f55e19e1c3a95e4cce8bf8bc017828dd34277ae912b57d9
9495,hf_09495,sketch,images/sketch/hf_09495.png,86f4539b999ea075b2bff1dfd1599f135d27aa36db16991c8ffac3a4ab727937
9496,hf_09496,sketch,images/sketch/hf_09496.png,3ca0cb61879fc9e07a4b4ca0e8e777e3840b9714dcd2e5128b3bd9aced77f98a
9497,hf_09497,sketch,images/sketch/hf_09497.png,a3d3280c51a112bea5366b841b378f9b9bda8081ef8a9b90d618221f16cdbd06
9498,hf_09498,sketch,images/sketch/hf_09498.png,f4c5153d886474c5a2e2a30e09f9852e90a58c64d2e788d1626f2bfd27bba2f9
9499,hf_09499,sketch,images/sketch/hf_09499.png,8b210f07f49bef657bc3fb14e912a509f73d15a7c45f2be3649d71101f379923
9500,hf_09500,sketch,images/sketch/hf_09500.png,69da84c1ef19b2ce33b16b3742efb19e28ae64acedf5741dc8ce596ffbe963ca
9501,hf_09501,sketch,images/sketch/hf_09501.png,db771ab2a14e1539073c6b3257e7cfbcaef471a4430389896a8c49766a33ee22
9502,hf_09502,sketch,images/sketch/hf_09502.png,ded4387c224e8139ee846a1c097596272e6f96843461db5afea74317e75399e8
9503,hf_09503,sketch,images/sketch/hf_09503.png,f1b3aaafa6431f4ce1e924f4bab121f4d7e3681ca79a52ce5b0ba660b3ce5d81
9504,hf_09504,sketch,images/sketch/hf_09504.png,7af693bc5d88183f769c415bd113366fda803362ed83e75ed2e0a74f0ff6fcbb
9505,hf_09505,sketch,images/sketch/hf_09505.png,1590e5a0bc1c545999d5ec54ee4e83327fd71983c3f6051eaf204d668dd3d732
9506,hf_09506,sketch,images/sketch/hf_09506.png,1b449627f4552e218734bb8c8c8d583a25e2af56cad4426c4f80acacc314ff20
9507,hf_09507,sketch,images/sketch/hf_09507.png,500346c046bf7c3b26c4c143edcf6acdf56a2c381568e512c28ed3ac9f88ba66
9508,hf_09508,sketch,images/sketch/hf_09508.png,3639a1d15882fcdf564487e4e5e06e359f38c3ef38cfb57d9bc5fbc8b512cb4e
9509,hf_09509,sketch,images/sketch/hf_09509.png,3a0e4d69cea21cf93435350749887513112fd697a6e92827ca214f832475b8d4
9510,hf_09510,sketch,images/sketch/hf_09510.png,de106f240120663501731d02ec6769930bacfc27c07d894935fe0c7737c4faba
9511,hf_09511,sketch,images/sketch/hf_09511.png,a75abe33a00d2f4dbf3f9adac8985764d1e77eba60dacad2fdd4cbcb3b2f6a83
9512,hf_09512,sketch,images/sketch/hf_09512.png,85415f50582f6760614f31df83bfebb64e2d6c48eff87bd871e12bd8425b622b
9513,hf_09513,sketch,images/sketch/hf_09513.png,e7373dcff997c3b01beba6111358d70e9bcbdcb49151f44c3b0572833e5c07db
9514,hf_09514,sketch,images/sketch/hf_09514.png,acfe431b360bc8e17cf5a1a936d51170f9a075147bd2ea577e69d49f224bbaac
9515,hf_09515,sketch,images/sketch/hf_09515.png,4ddf96b0306f304bfbb8762489befc1cbbb9f44fb3b163441bf15e21e5148271
9516,hf_09516,sketch,images/sketch/hf_09516.png,62e03912ebea03478642605fd2d3280c42cc000e6cfcb238a12cf8369400baa0
9517,hf_09517,sketch,images/sketch/hf_09517.png,f91468a264610d8e118f9be86aaf065e107c3d9e1f0609879da25e220c110720
9518,hf_09518,sketch,images/sketch/hf_09518.png,a5aea8f7cb9d53237ae8fbe34f66978908e4575ed4772a382a3af9c39b1627bf
9519,hf_09519,sketch,images/sketch/hf_09519.png,cbebf0fb34a8202e0530a2010d457f2c55817c1ea6090f1ed7dd6d42f7fb772b
9520,hf_09520,sketch,images/sketch/hf_09520.png,2835c8f3ef210265141c99121631cdacffafdafc243be778ad86beb9f2eac159
9521,hf_09521,sketch,images/sketch/hf_09521.png,7f16f07af71c0499d5f09087853be242fe7b90b52816e57959252acaeb75035b
9522,hf_09522,sketch,images/sketch/hf_09522.png,21d4663ccfb3e42e1f913515932544d5d1debdf77daf243d071bdb65e2681f7d
9523,hf_09523,sketch,images/sketch/hf_09523.png,7ea514b87f0a2fbe1982ab3ed5213f25e421ae200358fb8c219e5ffd80d594b4
9524,hf_09524,sketch,images/sketch/hf_09524.png,1929a1661dacb8f705e1540bf1b239c2057dd5c764affeef4098b9bda033d337
9525,hf_09525,sketch,images/sketch/hf_09525.png,828ff63eb68f3c7602a619051184a8bad71226215ce84c7270d1ec6e81566345
9526,hf_09526,sketch,images/sketch/hf_09526.png,23898b23db36457f02005a46f287eecc2878746894c897b2edeb9e34d86cb6ab
9527,hf_09527,sketch,images/sketch/hf_09527.png,e213d9ea9cedaf427d0712a01baceff2c3bff180f8e9ea68d16b0e3e71ff516e
9528,hf_09528,sketch,images/sketch/hf_09528.png,d985128b2cc8372d44a9b3d12523b2a912c09c80b4d43d6b0e38d3518545bd3f
9529,hf_09529,sketch,images/sketch/hf_09529.png,5437952cc511d675a9b4b96ba3adea3dc8611807b1cb605c451256b4771047f1
9530,hf_09530,sketch,images/sketch/hf_09530.png,5aedb1200d26e519ab430a8602d046a0c61700f7038e9be5b257e929b2fa856c
9531,hf_09531,sketch,images/sketch/hf_09531.png,4d407d7462c8e94657e990ad71e7b1a4d4e72fe65df2b8118973d9b1e77786ce
9532,hf_09532,sketch,images/sketch/hf_09532.png,07d22ca50bd694a3e039725d4e6c98dcf6eed55e8713d1b4b021d19e27087d46
9533,hf_09533,sketch,images/sketch/hf_09533.png,38f27bd44936e8635bc5222418c83e562fbc3787908e18b8c4a218c7600b40b0
9534,hf_09534,sketch,images/sketch/hf_09534.png,157c9a37a97d44754adb7cae95b76263b5583a105c97897949cc6b17bef27efc
9535,hf_09535,sketch,images/sketch/hf_09535.png,7395e8ff1bfcde1bbd905b9773be5cba7685872c0aaeed97d9d015aa7471f914
9536,hf_09536,sketch,images/sketch/hf_09536.png,64dcd7173e9569f195246360564a17724c9235a274e2b9d7d830934a25480083
9537,hf_09537,sketch,images/sketch/hf_09537.png,4425c3a3cfe45a8a93d86341ef1e4ed99db9008a486c197ef237c7d2d5863a2b
9538,hf_09538,sketch,images/sketch/hf_09538.png,e0560aea82472b70a5eb530a980498828cd2d719dd8fa14c57060fa40b84825a
9539,hf_09539,sketch,images/sketch/hf_09539.png,93e509a36125feb91b13fed5550f79da3dd323d44d26eb77f4947505e442960f
9540,hf_09540,sketch,images/sketch/hf_09540.png,0833ce3dcab87860da1f9062eee357e21d2d1cf48ef46a7cc6a11cbe444b1818
9541,hf_09541,sketch,images/sketch/hf_09541.png,a08cffff8c47211f7518e08f4978c713474ca40e28483d59790a18b1446dc602
9542,hf_09542,sketch,images/sketch/hf_09542.png,9fa7718f78ff9b2ae777f3dc827df173e7c84ec08d930fd9847bef3be3506abe
9543,hf_09543,sketch,images/sketch/hf_09543.png,f7bebcf22005d9c5ce5d7857121752c727562f056fe99d1d6a32b95cf80bb23e
9544,hf_09544,sketch,images/sketch/hf_09544.png,f910fe0368cf292a11c4ef4163143ab934120725f5aa7a2b66eec56911078583
9545,hf_09545,sketch,images/sketch/hf_09545.png,c6e707c2d770a80bf05f5c7e60e45d0bf8ba914fffdb5a90288f7c37090506b0
9546,hf_09546,sketch,images/sketch/hf_09546.png,c8462bd189b93ef08ab73c05dab90e8a002b778c5214ba362f5fb7af89e6f3e6
9547,hf_09547,sketch,images/sketch/hf_09547.png,9c3d538328b8d5feed1045e0d13bdf207fb4abe20278820aefd605b1f7c4018f
9548,hf_09548,sketch,images/sketch/hf_09548.png,694d7dc2b8fabd06d2abbe238d4b57a1d65f90a40e334f16a467b0f825ab0070
9549,hf_09549,sketch,images/sketch/hf_09549.png,19d02b051f6973643d2c589cb23136f8085ff75377ecbecb9d6c644c1e655101
9550,hf_09550,sketch,images/sketch/hf_09550.png,b2b9f8e888e56fa434836242e524547ad1135446af49780dd14d3de3ad386a65
9551,hf_09551,sketch,images/sketch/hf_09551.png,a54c288f1d1281358a721c28cedb0776bdc0c16a1037b0e3c67961b62819eba1
9552,hf_09552,sketch,images/sketch/hf_09552.png,d5e12b83ad0e9ed5c6adb1644583a2e8495b5649db6166539cc5f9cac5460687
9553,hf_09553,sketch,images/sketch/hf_09553.png,227565b521516c22c81f752bbd40681433da312961bdc076e0709b1f476dd55f
9554,hf_09554,sketch,images/sketch/hf_09554.png,7b5e164cbcd36526c99f322d0d15ff20474e26ddfd38535efb4c67e3529f7e5c
9555,hf_09555,sketch,images/sketch/hf_09555.png,04fb23e2d91ecb611d0490077e667fb491d69a652e7d7b7d0a271800dafb9fd7
9556,hf_09556,sketch,images/sketch/hf_09556.png,4be995f3e40231930ea95d6d4083bf97e97c27358ea64f5d0d8ec67463dd974d
9557,hf_09557,sketch,images/sketch/hf_09557.png,468d62af19a1bb31b81da42ec3fe604cee55edaf8f88bb5b832c29c47119f0ff
9558,hf_09558,sketch,images/sketch/hf_09558.png,40098083f20581d88d403decf84c57bb8a1e7595aaece18d2e6e55236de5c2dc
9559,hf_09559,sketch,images/sketch/hf_09559.png,045cf77aeec263cd03d01847fcf8b02f5eec4625e733fd8a268e086381bbf9d2
9560,hf_09560,sketch,images/sketch/hf_09560.png,e6c40c41b9eabfd00d9c4138a9f27ec861f2a91f77a8c1ded4fd449fc7c4984e
9561,hf_09561,sketch,images/sketch/hf_09561.png,21b0b45e966e9202e7935c5082533dcbbedd0d02594ee85a250f57b314aa503c
9562,hf_09562,sketch,images/sketch/hf_09562.png,f07e563229f7a8a0d5d12a63424555679848782025b651fb4f1342c643d873aa
9563,hf_09563,sketch,images/sketch/hf_09563.png,9acd21bc86003197420ab7b331791762a5520b75445d99e242e97337d7bb89e8
9564,hf_09564,sketch,images/sketch/hf_09564.png,1be6843d4998a0b5fa6fe9feab37df61efb7c12a9250bd32b3537c91751e4fee
9565,hf_09565,sketch,images/sketch/hf_09565.png,f897608a81cadb373ce88eda570133dfbcb5c7c966919fbc17413a34a9ae3458
9566,hf_09566,sketch,images/sketch/hf_09566.png,2f241c4ae334034a1145b0d7b6e7eae76b05b9a2d31c7208ce1bee86c8e8d6ad
9567,hf_09567,sketch,images/sketch/hf_09567.png,be6416b076c617ae8790d65fbc473c70cb8ad65d4ed04ea2975d08120a75db9e
9568,hf_09568,sketch,images/sketch/hf_09568.png,3ca6900bc5659f0e52765ad4c239f82fadb160b72873f014580aa692e2032097
9569,hf_09569,sketch,images/sketch/hf_09569.png,5c19dda51b468708881e0748ff991aefd6e2da6fe77e7b43c29f2c995f2b4008
9570,hf_09570,sketch,images/sketch/hf_09570.png,ef377be04cd232fc2504fed734d76b3a4e14a5fe9d8848f5ff3520f92c2acb15
9571,hf_09571,sketch,images/sketch/hf_09571.png,cc979bfd3cf0046ec847d61697bb18fe7fe08febae2a3ab868da3e086efb4dbb
9572,hf_09572,sketch,images/sketch/hf_09572.png,847cd71eb6071bb349e73acc9894d600186441f9574b673c423222eb55266fc6
9573,hf_09573,sketch,images/sketch/hf_09573.png,a1ae45b926007baaa80dfff63438ffb6ecb849b4e8268e3a73c73b11c532195d
9574,hf_09574,sketch,images/sketch/hf_09574.png,7222887769a8db177e8e72386d85103fcc77f0c1c25da374afaeea1073dc397a
9575,hf_09575,sketch,images/sketch/hf_09575.png,2b7e9f815c6d7aafc4792baf0a7a077f5e6d64c38c8755ab0d669a472c09a352
9576,hf_09576,sketch,images/sketch/hf_09576.png,2a9b91ee2985fdc58645a71d0cddb999f47b3df8faacbf298d5d11e2bac0f83a
9577,hf_09577,sketch,images/sketch/hf_09577.png,027d8a5bdf02a914d7582b22b33663defdf8ada68a6fb2e168b0d2dcb8a06c6f
9578,hf_09578,sketch,images/sketch/hf_09578.png,a4feadc307843092ddb583c112115b1b7a7ac2f0597d886ffeef2d90ff804db8
9579,hf_09579,sketch,images/sketch/hf_09579.png,44f7e06c1620e9434f75dc7ea4458abd7c95c895f41b9f592ca1593490c8312a
9580,hf_09580,sketch,images/sketch/hf_09580.png,fc971aa4000f19fdede5d640d2ca845daf9ef9ec043764c60124cb19cee1b545
9581,hf_09581,sketch,images/sketch/hf_09581.png,9cd04201e59ad3ee83649e8cfa4f477ec3cf1e3b6df358631adf8bfd438b24b5
9582,hf_09582,sketch,images/sketch/hf_09582.png,dce2e38263cc07bbed151287cab10494c42750d9319edb8005156dd83c5eb670
9583,hf_09583,sketch,images/sketch/hf_09583.png,bdf7b5bbb918c53846a397e8499add0084e805113dfb9d6f057bd800350c3534
9584,hf_09584,sketch,images/sketch/hf_09584.png,18ddff64ed30180c010efab83dbf281483bafc14315e61f4f4948391d76d13aa
9585,hf_09585,sketch,images/sketch/hf_09585.png,3fe8a7a824ec7f2e4ef0cb2fb25da0dfc8232729564d6edb6f8fc12dd7b55723
9586,hf_09586,sketch,images/sketch/hf_09586.png,54b444cce2d3255a4c4e16ab1554c812a6c6c95e9f833f2ad6b4c85d9b530207
9587,hf_09587,sketch,images/sketch/hf_09587.png,243ef91f51635e5d6041b5f47f545787f9f166be96ae036440158c064a786795
9588,hf_09588,sketch,images/sketch/hf_09588.png,837b2599ea34081dadbe14eed2aafdbac65ab50af19652b98749f9b8036aef1e
9589,hf_09589,sketch,images/sketch/hf_09589.png,939b719cb1facfd346fd895e016079e023cd5348bd719986460eb8806afecad8
9590,hf_09590,sketch,images/sketch/hf_09590.png,d44f75d5ab2b33fe317217daa25d6e765d3c6ee166a188be114126137a76e0c5
9591,hf_09591,sketch,images/sketch/hf_09591.png,3e8dd1925d3515da15e61766104e9014851b03d159bb589d82f76285e8df797e
9592,hf_09592,sketch,images/sketch/hf_09592.png,4937e97d45d725157972845563ffb9c4483ddc6a4c421254249d6a8025cf5d4b
9593,hf_09593,sketch,images/sketch/hf_09593.png,e22b77bd13a8a5679ebb76c6d6165f1f92943b1de1c180cd0cbf9d87f3fa88a8
9594,hf_09594,sketch,images/sketch/hf_09594.png,6ea5f27f9a2ce03063b6dbea13fa89d29f952c36d1d4be04854c95cc365a33cc
9595,hf_09595,sketch,images/sketch/hf_09595.png,aed2ede4b931536cb4396f73d284c6e2d53520583a90e1b6eff08c667a6b8592
9596,hf_09596,sketch,images/sketch/hf_09596.png,121e8c7b274f43cb62e361c4da6e521fdffb910c93036c5ed220a6b2fa0ab51b
9597,hf_09597,sketch,images/sketch/hf_09597.png,59d53762667e25b5f05202d32c7cee02198b99e0b44f5326b0ef13e44d3d7c2a
9598,hf_09598,sketch,images/sketch/hf_09598.png,b8d080f2b0d7f44b9403a5c3861bdf152a38f4c8d9b20d13112a9b38bad518c5
9599,hf_09599,sketch,images/sketch/hf_09599.png,e55b15407355b3cfe53d5d2aa4f52500bb71ac21c5ed08b9e9ad802c61c79e22
9600,hf_09600,sketch,images/sketch/hf_09600.png,70386c642bdecf6db8de22d77cc200c046aab3137e1dcb8ec8fed2229229c6a8
9601,hf_09601,sketch,images/sketch/hf_09601.png,907f7076d45ec74e77ca83e1efd98356f596a7c926b34561be27d0f56c36e6f6
9602,hf_09602,sketch,images/sketch/hf_09602.png,ef9eeaeeaf430d633e1362224ceaa95aaf4eaa2b304c2b37a382d5adbf94a6d0
9603,hf_09603,sketch,images/sketch/hf_09603.png,1b4ac834ba37eacaaaade0e0d8ff615775635ed86ee3d8b62a929ae70840ecb4
9604,hf_09604,sketch,images/sketch/hf_09604.png,8b3ac16d30571f959c4d0722a039040d5ae5662034d97c07ce0906e8e118628f
9605,hf_09605,sketch,images/sketch/hf_09605.png,b11a873ddf43da4cfbead94cbcb1ec2682b5122eeae0ba0fc3594cbc69edca9d
9606,hf_09606,sketch,images/sketch/hf_09606.png,d292b928fbda997d787082e691f7877b8d1cdff474aa72b3a7d560938303458f
9607,hf_09607,sketch,images/sketch/hf_09607.png,b05a56e1f94c8069ac996c91cc77243311c1766a39e79c607d47c6f331e193f9
9608,hf_09608,sketch,images/sketch/hf_09608.png,2006d62963c23779527930be92a5c40e34433ced3b0d500783e10279710ededa
9609,hf_09609,sketch,images/sketch/hf_09609.png,6c39794639ef9ec14a23ffa30945897c1cd80603dad64fb5e321a46b1402e172
9610,hf_09610,sketch,images/sketch/hf_09610.png,af67ae5fd55b9bac087939fee61d9c6002a0a44209c272b72109baf473645c09
9611,hf_09611,sketch,images/sketch/hf_09611.png,de26e2ebd6b03e34b1ce058927e1fba26441463161c9dd1685ddd4d1c01f0e08
9612,hf_09612,sketch,images/sketch/hf_09612.png,4d09c2e5424d00b56d056f091ae907464afad640faefabbb18e7c2c573cf929a
9613,hf_09613,sketch,images/sketch/hf_09613.png,a2109a8f837d3e751b805f3357653f32164659f5bd4c8c98ae67b45a34c8ae5f
9614,hf_09614,sketch,images/sketch/hf_09614.png,e74c915c954d312505a98f58a9094d6a14d9d131de9f160131f05c77ea455f59
9615,hf_09615,sketch,images/sketch/hf_09615.png,ceadefc3f63ea55174378e97351a52c026e05bd11909b54558e0f52715a6cc47
9616,hf_09616,sketch,images/sketch/hf_09616.png,9927c9cf8e22ec2cf66348a4b78571952a5569094948acc1df1972517ebcfef4
9617,hf_09617,sketch,images/sketch/hf_09617.png,8375ff8043cd690efda73407227ee849390729b66394b4dec0a7faead6bef77d
9618,hf_09618,sketch,images/sketch/hf_09618.png,909c8a25c9c8df06ed4a5935f582df90bd22f4a6f0d80650902939a9bb1ee674
9619,hf_09619,sketch,images/sketch/hf_09619.png,91d173bd87ed7d72186fd5452ff29bfba6008313d830a93cb77599b89add28ac
9620,hf_09620,sketch,images/sketch/hf_09620.png,785619ad55dd3ab2c70bd926671ed7d41083c91584b0484af8be8a04975f0dd6
9621,hf_09621,sketch,images/sketch/hf_09621.png,a1288ac7e9b6cd53d3677335ceeefe5354244af307f0766482704108843aaab4
9622,hf_09622,sketch,images/sketch/hf_09622.png,eda856247ebd86242468620be179cf5f0904246519a9529635ccd3e571b7e470
9623,hf_09623,sketch,images/sketch/hf_09623.png,490dde73c0d113972b76c5d650b4f2904a08144bd97b0316d96fb9c7a32f77f4
9624,hf_09624,sketch,images/sketch/hf_09624.png,e3f79659662044c005a51c07d21f6c383252a29ce8da62f0a51510c1bd7c937a
9625,hf_09625,sketch,images/sketch/hf_09625.png,e1dc8a3f61f196d8e4b2750399b916bfad801a15653a09a49a15923645c30feb
9626,hf_09626,sketch,images/sketch/hf_09626.png,eb124273b322f64b6ff561db2787b4c34d5c3d37647ed5ff56e385cdbe8666f7
9627,hf_09627,sketch,images/sketch/hf_09627.png,61f2cf912a763dd56e4b979682b64dfc5aed6c82ca7716ec3429181b18db2ade
9628,hf_09628,sketch,images/sketch/hf_09628.png,66263c3be6941d29b94c48bcf10ad2e39a443d9d2c6ac2479547a65791228c47
9629,hf_09629,sketch,images/sketch/hf_09629.png,8a54f94299799719220462878028ee7f3c3de15ed5ae893672bcc409ceb2cb40
9630,hf_09630,sketch,images/sketch/hf_09630.png,3c41dd2599d1da1ca0410bf08d9fcb93df2b36d17f75ec61aa879aebb879e01f
9631,hf_09631,sketch,images/sketch/hf_09631.png,8fe224339be3483b967cbc7fd600f431ee9a9be927aea423e0a806d06a8aed0e
9632,hf_09632,sketch,images/sketch/hf_09632.png,062459581cbdf92a606ea33da13c3242242d8b88dce303aa5deba52c48293eb2
9633,hf_09633,sketch,images/sketch/hf_09633.png,dc4f2d70b18728d58d02d58b2a2fa978420c12bd23ed483c0c6ad4bce8af8ac6
9634,hf_09634,sketch,images/sketch/hf_09634.png,35c20262c392714d49882c70c087c34f4ec57e45207acccf06639e1f5ded0e04
9635,hf_09635,sketch,images/sketch/hf_09635.png,c7143e2018978a259e8092920fe13d1ff6c0660db143ccff0e06bd655fbc98b9
9636,hf_09636,sketch,images/sketch/hf_09636.png,371b9cd5c72bbe31ae8ef3c482b599cb76a137dae970c89d1c4144b26845a6f4
9637,hf_09637,sketch,images/sketch/hf_09637.png,bed876a694e2596a89c41290d2b2de79ce9d1c6c997e2ccc2fab96c4b95707b2
9638,hf_09638,sketch,images/sketch/hf_09638.png,1244932d38098de23e948fdbe75bd43ba275ea991bf06cb4affa735e31cbd217
9639,hf_09639,sketch,images/sketch/hf_09639.png,368532a8da1af0bb8157ff52f878257430c808aa022beee4498181522a1741f0
9640,hf_09640,sketch,images/sketch/hf_09640.png,447a7f7fcd164c8c8efe28fcbfd23eff9387096e51a195a2627995a7947476f1
9641,hf_09641,sketch,images/sketch/hf_09641.png,a4856ef6e50a6afcd4c532987e9c17f9cfad5e2cd2c0e12581416d0eed5bb36c
9642,hf_09642,sketch,images/sketch/hf_09642.png,b4d3f0b583b854db69dfb9f91e1274f8bff808ecd55e2e38e9214851f715649b
9643,hf_09643,sketch,images/sketch/hf_09643.png,4371ed496951462294ccf2b5d4a4dc9a75a9fe380d4ba56c6f0449b21b93a28b
9644,hf_09644,sketch,images/sketch/hf_09644.png,651beb85b691112a559dba461133ecf5685302781b5e763aa2e8c6ad5e6c610a
9645,hf_09645,sketch,images/sketch/hf_09645.png,a845e4b0154e8b2cfa3a9c5d7ce4cc8f827d6a15ad1b095885166fe4fbb523ad
9646,hf_09646,sketch,images/sketch/hf_09646.png,a96226260ae4763847275b8f8dfb80975870afbfe77c6bff8d70b247259cac18
9647,hf_09647,sketch,images/sketch/hf_09647.png,136b1737d860e4c6b38a8952fc5dbe2574779ba310c358f9c0307974e4a0cc41
9648,hf_09648,sketch,images/sketch/hf_09648.png,1def637f134b28fdcfea05589a7b0db6ade0f03a92f1d9e94353e86c157de466
9649,hf_09649,sketch,images/sketch/hf_09649.png,07788127958d63ffa1352effa6d94c3920af9bb2be288842d4f1fc9e3978e530
9650,hf_09650,sketch,images/sketch/hf_09650.png,1955ab409ce70f9f233c9f337b435034a8ce83a91bd7ebdfdda28dccfa40617f
9651,hf_09651,sketch,images/sketch/hf_09651.png,375f373d3c021cdd2de5ca637b4acb6a73094d8dc312ce19e1590669fb4d6b2b
9652,hf_09652,sketch,images/sketch/hf_09652.png,1c7f0d1bc20815c6c9886815776f9685d9421d1e1da62f735feebd8f7b772a8c
9653,hf_09653,sketch,images/sketch/hf_09653.png,7cae00c3036474c01b4928bbfa639d5bb710507b8ab5aa558a7741b318b6e395
9654,hf_09654,sketch,images/sketch/hf_09654.png,bff1e44673d591131e41fcc132f7598710b038fe6061fb1988b8de1a5008d14a
9655,hf_09655,sketch,images/sketch/hf_09655.png,2c6c4252e4e96c220cc0d92b7808f47edc2518fb9936d64eb00dba6bab00c61b
9656,hf_09656,sketch,images/sketch/hf_09656.png,10535fcf1670e420965095b1a8877d08c36b062cdfecf998074a87a9997b9e9a
9657,hf_09657,sketch,images/sketch/hf_09657.png,5c31d4030d4ea8b79ca5fad624d6a949f3d6ef2a51ac242bb515aff273ab92a4
9658,hf_09658,sketch,images/sketch/hf_09658.png,67cfcfab180ecfe1eb3c0167359809bd3ba495360c9d4f16407230fce7d42d6a
9659,hf_09659,sketch,images/sketch/hf_09659.png,d438dfbfbb0a28f29c1281bbee81b2aa8ecf2f06eb944766b3da87141166c5da
9660,hf_09660,sketch,images/sketch/hf_09660.png,50009849ba02f3363f2d1ffe3c8d2cd366c32d55348c2507835433e84e9cfb4c
9661,hf_09661,sketch,images/sketch/hf_09661.png,42b3bd7e1023770a292468ce30781ec4f01192227ad8bc196efc092a2752d492
9662,hf_09662,sketch,images/sketch/hf_09662.png,b93b8a22ed59a14f40d99b28987a57a4cb921153ccefda704de6a3d049897899
9663,hf_09663,sketch,images/sketch/hf_09663.png,235734ce1d9871a6d359a25ca9e01893f4df5bbdaa5e3fe339d2c54fe81026b3
9664,hf_09664,sketch,images/sketch/hf_09664.png,f6951ead392a0e9b1622b871c92bb1b7c95eb3a98d76a3d8995e759dfe2219a4
9665,hf_09665,sketch,images/sketch/hf_09665.png,07560e9343c6188f011d821b55e773e979ef14851d59faf390896c7142b12239
9666,hf_09666,sketch,images/sketch/hf_09666.png,c6b12ea90b3e0f11421d41b5cbdb083dd24d4238caf2c32542e64776eb001002
9667,hf_09667,sketch,images/sketch/hf_09667.png,7c0ab24bbd89ad38309e06dbaf0d3f69b735b75d614e250b92a164a3d3791c60
9668,hf_09668,sketch,images/sketch/hf_09668.png,0fa7c638f54cc79a6896eb6e05e5f8e9444a6fcf2cd4b10c74c830913ff9c905
9669,hf_09669,sketch,images/sketch/hf_09669.png,ad749f0d0fe005d76bedf67ee5c3bbb8bf5ce6bef737441ff02465118ae61b95
9670,hf_09670,sketch,images/sketch/hf_09670.png,9968ce6b542bf4f2ac751d699ab3f77f5d09a358ff8770436b4201dccd2a1240
9671,hf_09671,sketch,images/sketch/hf_09671.png,a99a57fcd29df819148f4f1e7d0fd360841093f8e551fa7eb420fdc7a4b32be6
9672,hf_09672,sketch,images/sketch/hf_09672.png,9126f224cb599a2e3c1433cd0d0775a5da5282ab7127340c1e2db62132b7cfc5
9673,hf_09673,sketch,images/sketch/hf_09673.png,f087ff8bbca9d1e351c63bf89bb691708ac12f412728b1e167249cbfdaa1b03b
9674,hf_09674,sketch,images/sketch/hf_09674.png,74ffe4f015da66bdcac03e28f38b42f06f6a95af0d6e9883701b297855bd8bcc
9675,hf_09675,sketch,images/sketch/hf_09675.png,c7a8365c73280168e0b757d6f6169e3d3b6a825ac8768c83c0d0ae6393af3e2e
9676,hf_09676,sketch,images/sketch/hf_09676.png,57bcee90ffe6d9ebb89a57001173e6d88bb4f583e266cffc05afb8ec998c42fd
9677,hf_09677,sketch,images/sketch/hf_09677.png,01fa0aa59be77ae3d9ea60b9cde6af6812c8ad1f855b26f75001a315777887c6
9678,hf_09678,sketch,images/sketch/hf_09678.png,f170ac0029450f47d90f026af6c7e0c06677318a72c000cbf62feb020603970a
9679,hf_09679,sketch,images/sketch/hf_09679.png,d2935b12a67d15195ed1f8a4b365e13083a750ede836cbb9735fd1ba801aed24
9680,hf_09680,sketch,images/sketch/hf_09680.png,df73d311bb12176a973c5508c3d2ae27cd8dd80a86421eec209fcf44e593ae4c
9681,hf_09681,sketch,images/sketch/hf_09681.png,b0a50b569322c3bae6aadcb4175f4293c61465b8b9e00402c9777e81c1e8f5b8
9682,hf_09682,sketch,images/sketch/hf_09682.png,e1c16cdd91f1ef00ba464b00bef1549ce034e2819dd143263dd0d52182ab933b
9683,hf_09683,sketch,images/sketch/hf_09683.png,67fc2db693ab513f4716fe3698bf34e4bedeb69ad049bf17141b2fcbaf07f5bc
9684,hf_09684,sketch,images/sketch/hf_09684.png,9d512ea3e2df65861da01b91085a80e95468eebe3bac9540d26457f7021c183b
9685,hf_09685,sketch,images/sketch/hf_09685.png,583a7cc5085bb2d2c2b48e01787c7d766ec90eddfc53c00268fa0a5381faf147
9686,hf_09686,sketch,images/sketch/hf_09686.png,19445063f429211c9cb3dec1f2842cd776717ce265db8f5b16a9dc319d27514c
9687,hf_09687,sketch,images/sketch/hf_09687.png,fd2d5fff14d238aa3fb1ea7049d48851b267afe7067aa370721ae5ab2f9b1df8
9688,hf_09688,sketch,images/sketch/hf_09688.png,90dd5efc7d5e095b9ce429e22dc0a7845d6a6b9446ee0c11ea1b69401cf260be
9689,hf_09689,sketch,images/sketch/hf_09689.png,69d8ddc81241466e9b870a0bc9e0b32754853d4ae7a2a00ef37e3ecc897ba2aa
9690,hf_09690,sketch,images/sketch/hf_09690.png,cdded4689f0c3513950f4cdd88bcca5016fd9a1124b34757f06c1c50b29fc0e0
9691,hf_09691,sketch,images/sketch/hf_09691.png,a49d6183d0c72aa11b1ba76a6487fbfe00960beaaebb7c79b922c2ae1a553170
9692,hf_09692,sketch,images/sketch/hf_09692.png,c3bff136a9418b82df26f8f072b90e5181d2d9134021f7f4edec5d4737ef885b
9693,hf_09693,sketch,images/sketch/hf_09693.png,96548213853fde2eb9cea539297ac1fe0363d9c375c11be860158a1c17ea5ade
9694,hf_09694,sketch,images/sketch/hf_09694.png,eb44ad888643f681be789858b4d1ca7a30426ea03b210e6d6e5f909fd45dbe7a
9695,hf_09695,sketch,images/sketch/hf_09695.png,10d5fe7437c2f97118ef09cf1e3b34d8fb42e0173735b2269da2bb3a66bdf6b8
9696,hf_09696,sketch,images/sketch/hf_09696.png,ab451def93a273646c545d8eac1128adb91df20dcb3e1ff35fe3d76262712e4c
9697,hf_09697,sketch,images/sketch/hf_09697.png,88d2a82093d8e731878363d64f7e7154a0af6193e260a323dd8ca0d4e0ba6f45
9698,hf_09698,sketch,images/sketch/hf_09698.png,ab9c0238363bc38bddf8c3fd7b8140a2b88f1f14975ab6bd15a6bed1cd983c00
9699,hf_09699,sketch,images/sketch/hf_09699.png,ef22f7653710def166d44cb22aec5bd14d829503c82d5e4e2d15ca07bba37ec0
9700,hf_09700,sketch,images/sketch/hf_09700.png,08bb53ed09ce81a53d9dba6c0b65c907377f8892561617ecc18928ce7ff46875
9701,hf_09701,sketch,images/sketch/hf_09701.png,6e55a5302f3d275deee59235e8d86d2141e97e77ff6916bd2d5dca5f7d12139e
9702,hf_09702,sketch,images/sketch/hf_09702.png,371f41f80d23db633b1f32d7014eab66a6420ca69996ecda875ac425611ce162
9703,hf_09703,sketch,images/sketch/hf_09703.png,ff4ada8f59ddbd4c09334d1d7e1c9f6291c5490717a141ad054ec187c6634f9a
9704,hf_09704,sketch,images/sketch/hf_09704.png,0cb3593cca341b90ef6bd4ab942d8cb1080de88eccac7abdf26df0b0c2b68f29
9705,hf_09705,sketch,images/sketch/hf_09705.png,267c4c96f76044e77c92db7ce503118f97ced20b0a36c8cc132a6dec8df539c5
9706,hf_09706,sketch,images/sketch/hf_09706.png,2d20b55fea9a5cff016bc9b7f9e76ac02e54c4adc68750b623d07d12f2f34d84
9707,hf_09707,sketch,images/sketch/hf_09707.png,6cffd7fd11941478b45895c88c0e1f96f3085032426f8d8aa306d0389fef1847
9708,hf_09708,sketch,images/sketch/hf_09708.png,4ffd743f6e2299c26c57853cc2c271a161bf8df8307b542f108fed5b673e5717
9709,hf_09709,sketch,images/sketch/hf_09709.png,24e5426b78ae349c7373543d4a75abdb782495cb926e46e030889419be37cc8f
9710,hf_09710,sketch,images/sketch/hf_09710.png,627b9fb46c7ceddcf94b4f6c99867d763778f41454f45031ba13b40e57cc6f0c
9711,hf_09711,sketch,images/sketch/hf_09711.png,e641de4de01c45a160dd9df89053d9b031028b349a08a0d38f4735a14275c3e0
9712,hf_09712,sketch,images/sketch/hf_09712.png,2ed5f537a2200c1597dc493af69643efad38481b3747a9a0a0ed1a6c8a0c496b
9713,hf_09713,sketch,images/sketch/hf_09713.png,6f130d1f8ab85e3ceeae9c4a72770231630b6801aa493fd4eda1bb8b8bd608ba
9714,hf_09714,sketch,images/sketch/hf_09714.png,2880784f993e98971fd68f369099611b866efccf74c530104ff7e7cdaae9f1e2
9715,hf_09715,sketch,images/sketch/hf_09715.png,20516fe983b6ec8765f1ede02f8e29fb3ebe6ad22435f66343571cf16eee722e
9716,hf_09716,sketch,images/sketch/hf_09716.png,6c9777edb6c362c6ad9000795ca77f93ad0888f5ed3d71ca2ae42e78d377612e
9717,hf_09717,sketch,images/sketch/hf_09717.png,b942fb1b10b5ab351e532720fb501aeee9365d075c45972cead304d98ca15456
9718,hf_09718,sketch,images/sketch/hf_09718.png,2898b67db3f6d9b1b5f1d7afe73ac6ea9b58171f151e50efc0cc44c89e865295
9719,hf_09719,sketch,images/sketch/hf_09719.png,14118ec3667f26f60a78df02e0aa40fb6f98267ad73468fd6a6d4fa69425f30f
9720,hf_09720,sketch,images/sketch/hf_09720.png,10d6bd1c406681227ebacabca5c5c63e6d53e0e7a0a552e37e43e600bb50213a
9721,hf_09721,sketch,images/sketch/hf_09721.png,01db4d76d652bc1a2e7ddbbf0cb13957eacd81a5a61778a3f9a8833e6c2be55b
9722,hf_09722,sketch,images/sketch/hf_09722.png,96f93e72c33e8efacc0fe649359ac8b731f88e2535b73639640c29d8e3b7ba34
9723,hf_09723,sketch,images/sketch/hf_09723.png,0d0c065aea1027a63a9919d3ef6a44fb7f903a58496b09c47fa8076fbdfa357a
9724,hf_09724,sketch,images/sketch/hf_09724.png,4588e4872589988ca20d98b7313f792db0f2735e8be4866bbf827f2c075ff2ae
9725,hf_09725,sketch,images/sketch/hf_09725.png,cbb5e93382c4d002a3741c6a696f589ea4788d6c87ff23191d49bbf86265be6a
9726,hf_09726,sketch,images/sketch/hf_09726.png,0644ac5d32ff9748928afff8429c23adc18a43b76664618f5d2ec6235b5bc208
9727,hf_09727,sketch,images/sketch/hf_09727.png,213f8fa274a2aa47bdad8d1fedfa475caa57f6760e1cb44ea68f51a682369ef5
9728,hf_09728,sketch,images/sketch/hf_09728.png,58d6de18d697f078b70cec9149fa923bf58fdcf7ab0414e828ccea8017b2eb2d
9729,hf_09729,sketch,images/sketch/hf_09729.png,62c264f423c997f9a38ba7564e5cada03831306612f5be0daf83b4a48c6810af
9730,hf_09730,sketch,images/sketch/hf_09730.png,83bc67565d83af0d88da33c2500e6cd159a273d192f1db477d2bb0ec8b003344
9731,hf_09731,sketch,images/sketch/hf_09731.png,4b320e511fb28a423877e65a84f1cf248cb14fec32a92b54da3fb2bfd825cf13
9732,hf_09732,sketch,images/sketch/hf_09732.png,19c85d084d9c767a5a9ea6e79b15af0483f19a630b5a0414911bd8059ca25c90
9733,hf_09733,sketch,images/sketch/hf_09733.png,50da7a15a2b8011d3a86581f49df9aa824a336aeaac707778a77e6d7f53d1282
9734,hf_09734,sketch,images/sketch/hf_09734.png,9e2014c3af61f9c0e83fcc5165c7e47d162d6c3105b933af7b6c447b7d7d1c82
9735,hf_09735,sketch,images/sketch/hf_09735.png,7432d28a4763648bb819a376e0a656bbc08318933bda713acadc8a0a731750c4
9736,hf_09736,sketch,images/sketch/hf_09736.png,14a0f43bdfa55309b3f0bc6120fb054cac6ea51b89c698e7b29535802ad2eb3c
9737,hf_09737,sketch,images/sketch/hf_09737.png,f20568d5fe5f8d09b0d27dff982a0a15dccf3530cbf399a402b2e1a854bfa934
9738,hf_09738,sketch,images/sketch/hf_09738.png,790ecae6a8f3016ce7f9643d64c992c4eaa48ee090a4e278d700016b406d6ed0
9739,hf_09739,sketch,images/sketch/hf_09739.png,dc02df5e6ddf453e015414aaa867452cc514442d2be8449318dbf0ec2a73faf7
9740,hf_09740,sketch,images/sketch/hf_09740.png,e7bf751e9b47b5c52468f3a0760aa55853df4815fb4f1d889e29bf5dcab078d6
9741,hf_09741,sketch,images/sketch/hf_09741.png,d1d06191aa9a86e5a508d14e067c54e107c2822e231df57df7da4c53ab09c6f3
9742,hf_09742,sketch,images/sketch/hf_09742.png,e23fd09a630bf74e34da1d2324cf5dbe3e2f0d3bfcdc31ece42dbf99ae375f83
9743,hf_09743,sketch,images/sketch/hf_09743.png,6a8164e8f4c5e2ceac60507845f1c2dd25431b54eac9d1ab46bc274e3c496cf2
9744,hf_09744,sketch,images/sketch/hf_09744.png,881eaef72bc499777e111c24fe17d40a9f463d4c117e3bcd6bb0d8f5c9e88c2b
9745,hf_09745,sketch,images/sketch/hf_09745.png,f4bcc09fc79a85de5933c789682b34ec7b98f4c440c34d72b76d06b438220a1f
9746,hf_09746,sketch,images/sketch/hf_09746.png,dc374523376c6247a14d66dd1a35ec7d126811af02bf2fef5ec8d47a1b6365dd
9747,hf_09747,sketch,images/sketch/hf_09747.png,90e7fdc94769a071df0f587cdb9106bd573ee3877f0255c2f8a35c7faf6763c2
9748,hf_09748,sketch,images/sketch/hf_09748.png,04d6dcd5aee19026816b12a426519fd10e5ec8bd302637742bf6541b0304883d
9749,hf_09749,sketch,images/sketch/hf_09749.png,6b84fc7f5aa6d34f367b14f560f16ded45324929c29a6151ef2af389865c6fc6
9750,hf_09750,sketch,images/sketch/hf_09750.png,98de0e292caf417dd0148b297a3f051a932550d9365685d4c518218743347a65
9751,hf_09751,sketch,images/sketch/hf_09751.png,b9777d65c190da526461a375ac8db60a89cab98d57fe591e5cf69617a11b0bd9
9752,hf_09752,sketch,images/sketch/hf_09752.png,51181bf0167d6e8bfe2eeb952bc1033d2003e40ed3a9092aaaf14473f08409f8
9753,hf_09753,sketch,images/sketch/hf_09753.png,a2fc9c00bc791debaadcc8a2bd39c262ba4507c69317150d7b046cf1510c0cea
9754,hf_09754,sketch,images/sketch/hf_09754.png,4dc4a4085de7168021422eb63ed689a1e33fe41c55753b95713699ebc315bcfd
9755,hf_09755,sketch,images/sketch/hf_09755.png,d332aed0cfabe27829ed355eb565032409069bbb92d347942676ca01d60c7be4
9756,hf_09756,sketch,images/sketch/hf_09756.png,8095ac3e9eb8f301fdeedcd03fdfb7119e70c92b316e4fc1000bcde62b2fa42e
9757,hf_09757,sketch,images/sketch/hf_09757.png,7b4ff3b8db14d6e3bedeebaf44ee7868dca5cee87d5c44647ef20d09fe9d9562
9758,hf_09758,sketch,images/sketch/hf_09758.png,8c64bbe7df5d69b0715a6d8d4503342b3733c0df0fb63fde257ab63b568c2a85
9759,hf_09759,sketch,images/sketch/hf_09759.png,05d905921a396689d3a2b82114e180bf8fe400c3d492e1a2437dc30567948805
9760,hf_09760,sketch,images/sketch/hf_09760.png,bd50368790a2464784cbb2ada348ce029d6ac5fa0130187f6903190f630d0892
9761,hf_09761,sketch,images/sketch/hf_09761.png,06e6e524a763a9d6484466e20caffeda6a9a8ad21691785b5caec6a999d0e135
9762,hf_09762,sketch,images/sketch/hf_09762.png,ba4f123dfa837184131991b4a7720082700fe6a39d9e07408a31a1b13160f24e
9763,hf_09763,sketch,images/sketch/hf_09763.png,3fbf93ac07402bcf21a521d6298c8906c5e803aa56878236102f70be5f8fd1eb
9764,hf_09764,sketch,images/sketch/hf_09764.png,6ff3cdc3d5d1d45dac58603a49f819c8d764d6ab9c4e16492d489e931049066b
9765,hf_09765,sketch,images/sketch/hf_09765.png,4bc73999add96506fe11f665b0b16589c8e649719895ae9ff0b82cb5ad6bef91
9766,hf_09766,sketch,images/sketch/hf_09766.png,f4305a9970a4b272021f41247e8a6addc0d4141304f699f9f5708978cbadb158
9767,hf_09767,sketch,images/sketch/hf_09767.png,4e293a2f147d2e2e3f497cd599ddb4ac464a64ca8b8bff5a5f83b57c594090f5
9768,hf_09768,sketch,images/sketch/hf_09768.png,5d708daff7039c8926c2bf0d5d9a4017cb6660d623972f9e57b2e6b9e69f239a
9769,hf_09769,sketch,images/sketch/hf_09769.png,29d8fbb44fa864acfd0dcb610d69e75b4718f3d36058d1ae30918899b4cd0d1c
9770,hf_09770,sketch,images/sketch/hf_09770.png,1a114eec3d2a29923573b4cfa1e0472d4d7ff4f2e2d31f12e9359db814fe296c
9771,hf_09771,sketch,images/sketch/hf_09771.png,30f6dd03e1dcfd221a33ef29d830feaabee42e37297a32cc7124585b56afcb03
9772,hf_09772,sketch,images/sketch/hf_09772.png,10e49115c6c5df025ecbb9082f708ea498e8c381ce4ce82a3bb65bf99737a4d5
9773,hf_09773,sketch,images/sketch/hf_09773.png,cc3cbb09332049ea1b7060eb05efeb2e5dc70264dfde644b8c2f393a18fe6c09
9774,hf_09774,sketch,images/sketch/hf_09774.png,01cc40350ad64bc865459342ed70301b32480809bbdc6d0313dc7919574a2a5a
9775,hf_09775,sketch,images/sketch/hf_09775.png,b04c1f7d55573732c5106e7b6b2b640ddb682c1ba807342908767cfcb0c9fb06
9776,hf_09776,sketch,images/sketch/hf_09776.png,046cf953c709c159870f5bd8a82cfa60f83ad73bbabf003de83808a5dcfc32c4
9777,hf_09777,sketch,images/sketch/hf_09777.png,65d6c21cc1a86caadaaff25805bedb8fe13d270803a82bf471f3cf70c2a83ebe
9778,hf_09778,sketch,images/sketch/hf_09778.png,46929d7fb51829bb5e706ee837b0c04d9c08490a52d2421bb4e17d22108da0ef
9779,hf_09779,sketch,images/sketch/hf_09779.png,659579a4d86949db1086270af4a7dd37b8f62d1cc08d88d4b777619242272ab2
9780,hf_09780,sketch,images/sketch/hf_09780.png,5112edfc9ac6f80a38b368486dfbf2f3ab73a2db3c4f0497c0a84937ae91b2f6
9781,hf_09781,sketch,images/sketch/hf_09781.png,755b160ed88223f5242d15508cd92f11a1b6ddc8725674daa6cc60ac6f9ee448
9782,hf_09782,sketch,images/sketch/hf_09782.png,aca6d883d6ff9cf2496d6546ef497e3db451108daf45fd78a7d73cf3ca5ec1e5
9783,hf_09783,sketch,images/sketch/hf_09783.png,318eff1eeb82f9ea10607a138f1b2ca55b137475b8cbbdc2cfabbbf1442bda4a
9784,hf_09784,sketch,images/sketch/hf_09784.png,9e93c2761d737e3abf5db703d589d92dc085ce4484c2825419d4659fb3184c19
9785,hf_09785,sketch,images/sketch/hf_09785.png,d5c1b80717cd59e2c52ff32a837f82be9621a823a32f943126525b66937f3bd3
9786,hf_09786,sketch,images/sketch/hf_09786.png,50bbc12e8237a8fbaa0868d5198ec4515cf38f644c9d55fd5a70c5a8015dd07e
9787,hf_09787,sketch,images/sketch/hf_09787.png,0459f24e1faf6c007cb597089739aee61f23de2d2c322ba8c67fff9b154ac242
9788,hf_09788,sketch,images/sketch/hf_09788.png,39bf4dcdb51f2c45c5b7484a08c34df8a3b2a1c84662354042d83c1715c488ab
9789,hf_09789,sketch,images/sketch/hf_09789.png,d552e86e90b63b4a0984800411de9d8b0dbe96aa57efb897f74dca7f80463f02
9790,hf_09790,sketch,images/sketch/hf_09790.png,ad132e55e60f0ac6c9baeb7e7c82ca32811a354b297eef865cbf295c3403a793
9791,hf_09791,sketch,images/sketch/hf_09791.png,6d63932065fc7cb29199c3b62d740264d5ca3a60c5d66598ef9bd429b7abd27c
9792,hf_09792,sketch,images/sketch/hf_09792.png,887bef65e07e48aa7b540663812b8c9754a3c9b4b1768c0cf260b1a4b1ae36ed
9793,hf_09793,sketch,images/sketch/hf_09793.png,f6f7e94d8690a638d4337310178aa533c697d7a7f4bb0151af92c9d528872426
9794,hf_09794,sketch,images/sketch/hf_09794.png,29f023c5cd16644bbdda58d026bfb85a5e088354188f5f1815b77070ea63c552
9795,hf_09795,sketch,images/sketch/hf_09795.png,9ec35e7db3f3a7c848af1c52c8eaafdc8a201c07bfa413ef194515efef702db6
9796,hf_09796,sketch,images/sketch/hf_09796.png,fb946f9b32e052d5c739ba7385d85e58b388eec20a0989a38f953c65baffc84a
9797,hf_09797,sketch,images/sketch/hf_09797.png,1f0c29dceafc70d36a298fe7f31008cfb278d2987729cd2cc8d49440b90ba5b4
9798,hf_09798,sketch,images/sketch/hf_09798.png,17a8e9ec38652ff563c777e5470778d62ca6da335d2991a84e38a806bf520160
9799,hf_09799,sketch,images/sketch/hf_09799.png,5df98307df0d6fb404790daae84bf1b4d1cd6ec578439f4f6071be2f6728d274
9800,hf_09800,sketch,images/sketch/hf_09800.png,e26218092142349731076e53f7c515d85e994012bd08896c4a24ce84f226b423
9801,hf_09801,sketch,images/sketch/hf_09801.png,43d54678e3df0f6b5451303bbf0107a605ffea551d1d38ab838b7dc2aaa9847b
9802,hf_09802,sketch,images/sketch/hf_09802.png,e1fd552fb804e74182da2fb3599851c57e0ba5b2a00281e9c5e7299d086c1d6d
9803,hf_09803,sketch,images/sketch/hf_09803.png,2098743b31ac2a6efbae71c122e2d28dabd3e20643eb50c2ebb2383303ef4d8f
9804,hf_09804,sketch,images/sketch/hf_09804.png,fd9c294d84438f7b7ea33152fa40e22b391469e428788a988b50934feb38500b
9805,hf_09805,sketch,images/sketch/hf_09805.png,45b42e092b69391e38b030f7b505435636c8c6f9f892295dc3b7e785adc93fdc
9806,hf_09806,sketch,images/sketch/hf_09806.png,f7d2d02f3d6a354bb2af9daa9cd5e0c21f831cf65dd06a56b05ed0dc5b5d1635
9807,hf_09807,sketch,images/sketch/hf_09807.png,2448bce6fd795f3894a7b2a68bb3efaada931bc045c7298c9ce3c99aec630b49
9808,hf_09808,sketch,images/sketch/hf_09808.png,ba4a2bf4502e743e2f7b1dc633b74cdee21affef52befe151ce520f90d547b8d
9809,hf_09809,sketch,images/sketch/hf_09809.png,8a671a2cb454adaaf07ba9e458ca81e393cdbbd8b8bcf508b522055eee5e10b5
9810,hf_09810,sketch,images/sketch/hf_09810.png,70a0932349787a54142f3688883d180b283f3de2c68f41cbefd106adda3ee70c
9811,hf_09811,sketch,images/sketch/hf_09811.png,6f37a8800656260b8427af2fd743043d1af203267cd39119663a0e522ad33c18
9812,hf_09812,sketch,images/sketch/hf_09812.png,a5a9824a3c6f0914dcb219650bd1d5faac23d405bed4f8ee8b569eb3d6a79d6e
9813,hf_09813,sketch,images/sketch/hf_09813.png,a5f113a59dc61bda503fd8b3df04981f29fbcb8535bffd6461f1d95bf9ac853d
9814,hf_09814,sketch,images/sketch/hf_09814.png,1930237b5e43ab7554b99ec9d9ee09a8e0be1f61d473a5f4d93b0c2d08449e53
9815,hf_09815,sketch,images/sketch/hf_09815.png,4a4c42fd5d7632eb7df80e2f1b62abe8fef195c3f2cdebf3c09bef077cb39ec1
9816,hf_09816,sketch,images/sketch/hf_09816.png,415f3d7494d364a4dbecf0c973fa2eb024ba18984323e4480661dc12c2540ff1
9817,hf_09817,sketch,images/sketch/hf_09817.png,1da700ab2ac5276f814f7560813196763ec5a4d26810e47f82ab93bc0fbd7b97
9818,hf_09818,sketch,images/sketch/hf_09818.png,6c727f3a00b9c5aba1fff70d469e2d7541afbe6f53cce0c2bb33b2181b198249
9819,hf_09819,sketch,images/sketch/hf_09819.png,c9c9023d887ecb5dc0ca9363d659860ebf909ede939da1f00351559818e7fcf0
9820,hf_09820,sketch,images/sketch/hf_09820.png,1d352d4bbdb9a5b8bcaae4f688f9adb4bd910a7ec519c40fc06c08fb7aad3be6
9821,hf_09821,sketch,images/sketch/hf_09821.png,2e8c4a17a5fa58f5c80b562d82fa22c59c9b0df8db642c4bfd74f1b8c9a25bb4
9822,hf_09822,sketch,images/sketch/hf_09822.png,09eae5242be117cf3e304a1a25df725ff622beef3d823cbb8325f4ca07602624
9823,hf_09823,sketch,images/sketch/hf_09823.png,712666ce85e4021683a90ce08dd2645d45ad0f5b263cfb3841137a74b6764457
9824,hf_09824,sketch,images/sketch/hf_09824.png,fbf9453d453ca6a4b3cdf9ff6873ef6ec9d89b91a7f55779d023dd8dc7f5b409
9825,hf_09825,sketch,images/sketch/hf_09825.png,d395c189876c3ec6b613bada0a02b4d7492ea990a4e039107589532176bbc4b4
9826,hf_09826,sketch,images/sketch/hf_09826.png,565e061d7de38fb44c8fbdf1ed5ab3b685df7c8ea1cfe2d6c077af4b4017785f
9827,hf_09827,sketch,images/sketch/hf_09827.png,c23a334d2d53c2fe92cfee2aa3434105fe4d9535ff6c2a385505c537b3ce6d11
9828,hf_09828,sketch,images/sketch/hf_09828.png,78b89700eaa58b743ae010d182f37ea5140381442d50f649fbb58285734067b4
9829,hf_09829,sketch,images/sketch/hf_09829.png,af092676b9725aa9caff28aa18f059f55014e54a1df9c7e4c0da3d3ce7ab2528
9830,hf_09830,sketch,images/sketch/hf_09830.png,927a0c911b3e7e062b8b597189b84a9be9552105da50da09873ebf7038c16446
9831,hf_09831,sketch,images/sketch/hf_09831.png,5144df4a948054a250ea9b988576387102617bbb70ec0b1cdf2dedeb4324a607
9832,hf_09832,sketch,images/sketch/hf_09832.png,ad98060f4b548368c222bcb7efcbf06689aa426bbc2e5b54cef76d842e95a49d
9833,hf_09833,sketch,images/sketch/hf_09833.png,edf61def2d87b5c49215b60f12e019f691b3f3eebf2380b283a5f2064f5efdf9
9834,hf_09834,sketch,images/sketch/hf_09834.png,5ad63f56f0fa33bd1da950647df95000aaf7220165d52bdf9b3af05833ab7313
9835,hf_09835,sketch,images/sketch/hf_09835.png,534fab23261f2faa3ad48a98560430da600ba06d7260a5a54a4c91c26d5e01f9
9836,hf_09836,sketch,images/sketch/hf_09836.png,4f2be0723803b0acb69e6b982aefdc9fd86871e872fadf789b8631fa6d745446
9837,hf_09837,sketch,images/sketch/hf_09837.png,84548074963403b4d89a15bc3c6ebad8919e98773781851136d16f75af605e22
9838,hf_09838,sketch,images/sketch/hf_09838.png,89ff3a8300a73a972db22fd3e8f004d5b0479f84d5197f242070f44b92f190b3
9839,hf_09839,sketch,images/sketch/hf_09839.png,d00255ff63e4ea3009f684a9e66d1d527dcd4aab0ad8ad2d1f1786a24f87c2e5
9840,hf_09840,sketch,images/sketch/hf_09840.png,28a98553dccab4db5d47bdaab5850efce9245fdbd2fe2c17384bd47ad98e6140
9841,hf_09841,sketch,images/sketch/hf_09841.png,1a69277e16c37027a719f4400cfa6c29f43f6c52cbbf597c8c1a125f710851d3
9842,hf_09842,sketch,images/sketch/hf_09842.png,9166e738a2fb39cd20b4911474edfc6fbd62a429dfd25504a4868d0cec1268cc
9843,hf_09843,sketch,images/sketch/hf_09843.png,c1e6fa439774bfda9b7648693a9e3257ae3fc7a0000bf0afc224b6fa6ac5062b
9844,hf_09844,sketch,images/sketch/hf_09844.png,bb283079ac010c62d84984bdc9792018fa0708a6bc05e59e0a017e7e13d211c3
9845,hf_09845,sketch,images/sketch/hf_09845.png,b2ee2296c3193b10e2cdef2a9076ae59fd925ca77563feeb18a2bf07466d0cc7
9846,hf_09846,sketch,images/sketch/hf_09846.png,45ac0c9492a1008d3d95023aba7c84b3f9de5dc4014b20fa6452b6e24fdcb83a
9847,hf_09847,sketch,images/sketch/hf_09847.png,446a1e4d85543635f4b7c0cce112ce193566ca79c31982848ae8a892ef445fc3
9848,hf_09848,sketch,images/sketch/hf_09848.png,7d11596228382d6eab7f34e796346d70d7c3fd49e82d169402a1bef80b7ae036
9849,hf_09849,sketch,images/sketch/hf_09849.png,9f73126b535cc32aebe10d2f775a82346cb9573708500ab55e2217515f50eb1b
9850,hf_09850,sketch,images/sketch/hf_09850.png,3dc3dcabd95af0bd5985bc3b2b1b7984c93d88a9a3bd09acd27431273b171060
9851,hf_09851,sketch,images/sketch/hf_09851.png,e174fea64b267dda3facd0934e68efce3b198f74edbdcb8fdfcd86ddfae07688
9852,hf_09852,sketch,images/sketch/hf_09852.png,56a5f0278356fcacd30f55cd8084b933da37ee16e81be894ae7d31eadb7a7af9
9853,hf_09853,sketch,images/sketch/hf_09853.png,516b8ead5197190ba46f8558f7ede1058ea053b21b055949f95c024e9684cb9b
9854,hf_09854,sketch,images/sketch/hf_09854.png,e90324b58189f56c483b7deb0a5f0809cee67ded2d43bce445e7f703a68bb53f
9855,hf_09855,sketch,images/sketch/hf_09855.png,372b4693d1ee78e9ecb5efec122d61f2588ed0d40bddf5255519526bac1f822c
9856,hf_09856,sketch,images/sketch/hf_09856.png,a9bf7d73422efd0063f6eff50d75df661853f2d18c879971f034b20821c27809
9857,hf_09857,sketch,images/sketch/hf_09857.png,d535e4cfc9fe35e667324c6c7f746f1e57b60baea4f8052489279b99a3225249
9858,hf_09858,sketch,images/sketch/hf_09858.png,5e28a850a54af016f0da7948d1065575c0109814f369c9848b2be2494b5d8f46
9859,hf_09859,sketch,images/sketch/hf_09859.png,da12be759fdd5ed5b8cb137361cd187134cd8cee7c9f0b74e75646db34871c79
9860,hf_09860,sketch,images/sketch/hf_09860.png,817b930c76fbafbb2112e6f88c1c4da6157d2a1d613a0db6a3f48744ac710af1
9861,hf_09861,sketch,images/sketch/hf_09861.png,2c7e5d3265d4e7b1629752b53e510a9ede0a5d0d49497262f68214a7453cd866
9862,hf_09862,sketch,images/sketch/hf_09862.png,b416ecb2d14b5f6b3cc926266b902efc5e84a7761311159597f8c7aa3f522e7d
9863,hf_09863,sketch,images/sketch/hf_09863.png,b7fef2d9a69663b13917630a854220c4c6824c2fd7b5fd6174020b7999a8f4d5
9864,hf_09864,sketch,images/sketch/hf_09864.png,2a4288e0748364aa2645619ecd7ff5583eb50d3d26ec75c8f640ba5b9d15f7d2
9865,hf_09865,sketch,images/sketch/hf_09865.png,d6ced083eb12ddd80f366459c9affc75652856c446d01b846dd5830ad26680a8
9866,hf_09866,sketch,images/sketch/hf_09866.png,eda96c2678d99e1e1b64b4095d8e873d4aac1a99ba4879f87d1e2d5867bf2406
9867,hf_09867,sketch,images/sketch/hf_09867.png,7fd1ed16cd409f846d338765b00ef8203511aeaaf07b04c9b177cc3f88d2c439
9868,hf_09868,sketch,images/sketch/hf_09868.png,ad3b31f4d75fa231770242955fb46407a22a3803f658c412e0ffb824216b665c
9869,hf_09869,sketch,images/sketch/hf_09869.png,d37f7a64bc573009e59d472b9821985e516d4ef2d26cbce3aba7488f4e149925
9870,hf_09870,sketch,images/sketch/hf_09870.png,28fadd650bda7c60c68c50b7becfb39db65c263fa847e373c18656c7b2a5df50
9871,hf_09871,sketch,images/sketch/hf_09871.png,61b351f829e683f84b73e9fd5f483350c99cfcacd2c9e14a47591e94983a9770
9872,hf_09872,sketch,images/sketch/hf_09872.png,5fb2e029f9f6e62f0670f1f917622aa30a5c1504047c38d18517e90e54773552
9873,hf_09873,sketch,images/sketch/hf_09873.png,bb718e56ac7a65d59a7a04c08dc791af040cc1052966fbef92728f6dafdc4fd3
9874,hf_09874,sketch,images/sketch/hf_09874.png,c1b297940815bec535cfec49f1636b55e9065b0a8372f0bf33a57c95c0a3f543
9875,hf_09875,sketch,images/sketch/hf_09875.png,93e66a5ebf5fc04eb81c9e470efe24e2fa19b2e7078a1bceadca3978863c1816
9876,hf_09876,sketch,images/sketch/hf_09876.png,2c18c1d21d7b7b81661d1e2b8481611c0acf0953f60ce531e22e9816815dc380
9877,hf_09877,sketch,images/sketch/hf_09877.png,8972327fde7505a4747b3402f6c2ff40dd1a29a419491c2cf13bea0287f6efad
9878,hf_09878,sketch,images/sketch/hf_09878.png,c48cd968b392219ca79d36b2e20e4fb5d94fcd068449c791364ac6818dcb9a3d
9879,hf_09879,sketch,images/sketch/hf_09879.png,ae4f0c94f96dba4fa00d2bc80ec3172fe67990228b059aad978b85b9ad41de7a
9880,hf_09880,sketch,images/sketch/hf_09880.png,13132bae47221e0119d6a1070576f6cc45e02a9bc3878948a9f639f1e4b8408b
9881,hf_09881,sketch,images/sketch/hf_09881.png,28d8066236706411c770ee13e18292810c4e743a741520f744b03f37db7379cf
9882,hf_09882,sketch,images/sketch/hf_09882.png,e53a07f9933e1ba32841c987212bde9971de3caca5cdcfa02d9ca642f5f1bbed
9883,hf_09883,sketch,images/sketch/hf_09883.png,b7b0ca08b4414e55ebe1582104b62a84c143052387deaab55abafa490c40d4db
9884,hf_09884,sketch,images/sketch/hf_09884.png,e7f3e4d0b7902a4bb0919501ab038dad94c4514394b4f0d89d685a9956b499c3
9885,hf_09885,sketch,images/sketch/hf_09885.png,64dce3d26fa18029688961c4b6856ef8f15f855629b37be8a406a1f752058dd9
9886,hf_09886,sketch,images/sketch/hf_09886.png,4f6aa8b0d3966566dd35b34f8a7d66a571528047d6d3b7f75a04a6e03bd707de
9887,hf_09887,sketch,images/sketch/hf_09887.png,9c7f08cec722a2ac3739032f78a652b882b105fbabcd8ef966db0169fa8ce19c
9888,hf_09888,sketch,images/sketch/hf_09888.png,a698c1757e1795662ba8671f3b34bee67930348fff4b7bcbb4df810a80fb822d
9889,hf_09889,sketch,images/sketch/hf_09889.png,f3f707238b44affd8275e2a88b9856d8d0e62f18170ec0ccd2e359cfcfca7996
9890,hf_09890,sketch,images/sketch/hf_09890.png,8bfab84e41d4dfe1ddafba14c015f7368eac07be535ff2a874f3828e3e59f14a
9891,hf_09891,sketch,images/sketch/hf_09891.png,1220a8a63c74c82b69aba38ee71b5bc6e50731ea547fc58f9b2c47ecc2de89b4
9892,hf_09892,sketch,images/sketch/hf_09892.png,f2ac8ad6096ee6fc2fc3a2fc3c5187cc842a9881064b1f02cb2d8bb3e4e0a2e7
9893,hf_09893,sketch,images/sketch/hf_09893.png,2cb32e5d7f4666bdb2979e7c8cc7f37c7029f962e9b8e4115f6f1f1354b2269d
9894,hf_09894,sketch,images/sketch/hf_09894.png,4abde33bc0c9936fd44ff938ff9f9c975bc0e3c133e18dfe0e1ff3514c8e0e6a
9895,hf_09895,sketch,images/sketch/hf_09895.png,57a9703e0fb7448508ec017a2c222757277ed4326f309b5b894231c4198e50b0
9896,hf_09896,sketch,images/sketch/hf_09896.png,c06145e749751a7679ec01bbdfdfe858dd92d2d4a76164cf5360e004b32a46cd
9897,hf_09897,sketch,images/sketch/hf_09897.png,06f30c9c60c4ef4cf1432d94e769164cbcc7ceed0634c8ac0278078de1523120
9898,hf_09898,sketch,images/sketch/hf_09898.png,8fc46c56a58c97b242b52cbe73d129fe277fa6353d3cb3fc97d627def75413b3
9899,hf_09899,sketch,images/sketch/hf_09899.png,8a245ba26ddcbee830d5abba86935bf5c830d9108cca3a39a3eabeea2c354192
9900,hf_09900,sketch,images/sketch/hf_09900.png,d131b9412dbf59f77edb46baea50ad9d24a8a37dcc6d6cfb1e5cc64dac09faad
9901,hf_09901,sketch,images/sketch/hf_09901.png,12ee77986c06d9bd7fca6c501dc5309d776b9f13ac76b7dd1644077676eeee1f
9902,hf_09902,sketch,images/sketch/hf_09902.png,65f29fe6c72ba2998891696b8106e700587b37336a280634b528a70bc5b6fe7d
9903,hf_09903,sketch,images/sketch/hf_09903.png,dafb75a53a8bb22650c59aa7f3afbaac5771a1f12b43719cbcbd5693419e7303
9904,hf_09904,sketch,images/sketch/hf_09904.png,0be66f2e7dbb6e3bc12f98b1fa12f6748143b530a7d731142118e96387788632
9905,hf_09905,sketch,images/sketch/hf_09905.png,a84917a8792b42be4640d63b6e08e6272082be0a08c8548437c1b5706aae0716
9906,hf_09906,sketch,images/sketch/hf_09906.png,3e7957c0f1b5cdee87f931b5476b774c0da808e6824d3069a4b615503be5bee1
9907,hf_09907,sketch,images/sketch/hf_09907.png,c14bc0f54f5a1d1dec219e0fe479fbbd09fd8821374a5251ef5dc895e5f470d9
9908,hf_09908,sketch,images/sketch/hf_09908.png,91d6f4089aa54ac202097ad7b2fa7677f30d0744f173b8d43d814bdfbcb108c0
9909,hf_09909,sketch,images/sketch/hf_09909.png,6db6c25726af2c5c437da6252027fde1cb06d745ead5d9eb9aa6b22e5e179f58
9910,hf_09910,sketch,images/sketch/hf_09910.png,5a51cfb20ff8daec9e91dbe61c5151fa42b04f771e92498e7fe038ce87b60ce3
9911,hf_09911,sketch,images/sketch/hf_09911.png,2d45c89ee567ca6c209dc2609314dbcdcb863ab997ce73ab75dccc6c39747808
9912,hf_09912,sketch,images/sketch/hf_09912.png,958f3c01dd8a3499be0d55b5dcaf1e3710affb63bca8b55a49d8e2e7e733ad48
9913,hf_09913,sketch,images/sketch/hf_09913.png,eb0f1f4b6b75479427cb53959156531668c9f0331cf8a347d29ffd7a938317c0
9914,hf_09914,sketch,images/sketch/hf_09914.png,3da267bc821e34500d32fb8ba5a62ec83c05ee4bfc9964c70496c0a558a62866
9915,hf_09915,sketch,images/sketch/hf_09915.png,47c96880d73d79bcb0144f60550c89b3da0f99ca72f1e59308c78e762c787cc3
9916,hf_09916,sketch,images/sketch/hf_09916.png,9e5423debb7bdc551c426b71ca23b8a19af1e7c56faa9548d956d615c4ef777c
9917,hf_09917,sketch,images/sketch/hf_09917.png,cfbb307bed21fa2a6af3dd5c2b4b411f76d2b186aeb8e80efca5d8838e1e7a0d
9918,hf_09918,sketch,images/sketch/hf_09918.png,66bb4bf207431021212a515311967861f3f8bf1580135105116d25ff4e54d853
9919,hf_09919,sketch,images/sketch/hf_09919.png,dbb50f61489c8ea4a915117905785d21f298aaf3d2c439e328d2d0aee776786c
9920,hf_09920,sketch,images/sketch/hf_09920.png,e9d3f6c95bc4f28ceb8f14715f7031b1a7c36aa2bc99b6c5020e3695143bf04a
9921,hf_09921,sketch,images/sketch/hf_09921.png,aad14b3812a37708f7a21e0df19ac6e75ec21153a87b042f0bdf988537a25a70
9922,hf_09922,sketch,images/sketch/hf_09922.png,dae0c2d79cd39d0542c01f70fd21f719fe24def1853dd3ab39d213cb15b7a0a6
9923,hf_09923,sketch,images/sketch/hf_09923.png,f2d114997fffe4e89112b74140dde86f1903b062a30f2c6483626532fe6a064f
9924,hf_09924,sketch,images/sketch/hf_09924.png,0ac3aa840feeb38c16cc566c3aafc44c2376f0c2bd7a585b60171eceb0b56675
9925,hf_09925,sketch,images/sketch/hf_09925.png,0069d6e7d74f89c27230ba3a8da019c08c68b5a9053a4c42ac843b0f4063e3c4
9926,hf_09926,sketch,images/sketch/hf_09926.png,1b8cf53fa2dabedb0d6ff2f3f69c4403bdab3d5fc3ef3d82ff8354e36ad24f33
9927,hf_09927,sketch,images/sketch/hf_09927.png,3873a46ac7f59684adec56b6d37cf58a63eb5ed4259e689c0ca6dbf309094970
9928,hf_09928,sketch,images/sketch/hf_09928.png,13b732d10f759e9c55c5e9c8b933f6edc5dc05437c077e41a5013f4f374304df
9929,hf_09929,sketch,images/sketch/hf_09929.png,11354be66421ce26421a41a9b4d88900208e3e8da6f0a8a4409955da2b6f89b6
9930,hf_09930,sketch,images/sketch/hf_09930.png,7ec1255d66262da048d4188c27bdc765eb3f6b033565be8c958fb81fd03e588c
9931,hf_09931,sketch,images/sketch/hf_09931.png,69cf8854ac50088921ca126fd979e87371c2ebb913edeeca218f056bca25c672
9932,hf_09932,sketch,images/sketch/hf_09932.png,dbe0edc194708a824531e51fd831bbaf7edf8f8a6f0dbd7523ab22a051fad573
9933,hf_09933,sketch,images/sketch/hf_09933.png,b7867185225276243c6cf1c6d0f1681954fcac38cc1d0654e99be279fa27fb7c
9934,hf_09934,sketch,images/sketch/hf_09934.png,7aa2ba857d9380cfbfbf4442dca647185350688dcbc6ba6de202e634dec4aa81
9935,hf_09935,sketch,images/sketch/hf_09935.png,a4fd9f1fadec51a7c5b42f372daf1854b558cedb9a6fe6bc1805ae75c74e89f2
9936,hf_09936,sketch,images/sketch/hf_09936.png,d1d4be6f801123c80d51b2481efd10814a1210c585f9eeb0bdbd04d871382d0d
9937,hf_09937,sketch,images/sketch/hf_09937.png,20b250ad45a7b90a5e19cf179acfd283fce741124b2f83a12e5cd29944c36f25
9938,hf_09938,sketch,images/sketch/hf_09938.png,2ff0df5fe179e1e74882b8e02bde7b66551d0b63857ce4bd414d8936ac029da9
9939,hf_09939,sketch,images/sketch/hf_09939.png,03b5d87bf185918aa3203702864659687807874caf05f35823ce8503fb10bb11
9940,hf_09940,sketch,images/sketch/hf_09940.png,e8eeeb4b187100061213a7ea1fce5544719c0268971c7f486c3728032a048115
9941,hf_09941,sketch,images/sketch/hf_09941.png,62ef3257f1068dfd6320022fb26473407632a96f3de285d8758d6076169f4671
9942,hf_09942,sketch,images/sketch/hf_09942.png,f70e0596310889378ec61071082cca46d875ff67a6b78931c97d03e2408b0e98
9943,hf_09943,sketch,images/sketch/hf_09943.png,f706a39a18e117b37320e88e31aeae592db816740c3b4e2be8aea170e9e96f29
9944,hf_09944,sketch,images/sketch/hf_09944.png,3aacdc32de4711f34318b5fb8874ed50e03f375290108097ab5628f3aa79df71
9945,hf_09945,sketch,images/sketch/hf_09945.png,ca0f3ab1629b3b7068c3784808eec55b12b889dc450307d72a27bb3332b5b87f
9946,hf_09946,sketch,images/sketch/hf_09946.png,8bfebb9a889e7fe333bbabe3a094a467efc0c052e90182dc18a9d983b3268f68
9947,hf_09947,sketch,images/sketch/hf_09947.png,b92e361f5a9fe692f1a1d1428a5f3f741a5664e674c0aaeda0a328faffc4faaa
9948,hf_09948,sketch,images/sketch/hf_09948.png,f36b9911fdeb5ad70a83cf8bdfcf13a04a3deb0e105d8547d25d36d973f72307
9949,hf_09949,sketch,images/sketch/hf_09949.png,138b2a3a89a8ce3290abee8e590576c763b5859d4ae47647b77632c443ff652a
9950,hf_09950,sketch,images/sketch/hf_09950.png,a5e05b8aebf4e53f52f3da5034d656571b673b60eeacdbc11e2b9f0ec64d7969
9951,hf_09951,sketch,images/sketch/hf_09951.png,2f8ea4ad729bf95ade5c5f445eacfd2a266b5e6b383a5d86b436145091c95b6a
9952,hf_09952,sketch,images/sketch/hf_09952.png,715fd99b89b4db214b00dcdc37e30d9a70a09ee021b667b6dbb5117a786e3ede
9953,hf_09953,sketch,images/sketch/hf_09953.png,a6c2bedeb59bd65d87445f4f3455ffcd5fe850da2281e57a342c342b82e9b764
9954,hf_09954,sketch,images/sketch/hf_09954.png,dc903ad5f99249c6e5fefd13e1b5cf0e8d8d5902eef68227a664bf16b71f4a07
9955,hf_09955,sketch,images/sketch/hf_09955.png,5f2d23a7d1271e154a7a391b0804ada823f0f34156d1287b00800a941b6af948
9956,hf_09956,sketch,images/sketch/hf_09956.png,670aac35b3f2cc90d19c369a37f45773f3a78d343cbef680bfd1eec9e03149cf
9957,hf_09957,sketch,images/sketch/hf_09957.png,2bff9a936c2d8c682105f1a283c5a3d82c002393ebb29f3300127f3a745a1e52
9958,hf_09958,sketch,images/sketch/hf_09958.png,3e21de94cf17a5d77abddae75fa555b63a0fae30ad9021d9a442593c57f41384
9959,hf_09959,sketch,images/sketch/hf_09959.png,4220abfc0118bbd562784d1bf91c7ed239398f9c1a10e2702ed03509af338cfb
9960,hf_09960,sketch,images/sketch/hf_09960.png,73908183125d53108de6f6912720def9c64b1bb13a7b9d0ed296f0c4c4879c18
9961,hf_09961,sketch,images/sketch/hf_09961.png,71b595401a3b335fadfabb4833e4f97b65342592feecceff836d08234a5ed7ed
9962,hf_09962,sketch,images/sketch/hf_09962.png,055ad8107105ac506aad37bc05edf946e9fc3b1287d2c689827d8554962877d1
9963,hf_09963,sketch,images/sketch/hf_09963.png,21314a6a922e3f66dc6935865968981786801818a32a74e7669dff9b6b1617b9
9964,hf_09964,sketch,images/sketch/hf_09964.png,15e335db7ef1ee3a8403bb0de6fa83c061e124ec557e801495b955f257d24ec7
9965,hf_09965,sketch,images/sketch/hf_09965.png,225f14488c27e86767ccd8ea0d71703535a8c6ed629a4420b618fe33709b2c28
9966,hf_09966,sketch,images/sketch/hf_09966.png,a486480647e58be71e31dcf74cf5cddd2b2f5c82972c145b196d3444d6390461
9967,hf_09967,sketch,images/sketch/hf_09967.png,86adefd1396eaff2e7a9cb85acf8cc8b5248b947d5b3ccb7ae508c55f2d6be03
9968,hf_09968,sketch,images/sketch/hf_09968.png,c3522cf9e1d09c615fa2d09a8f01104f09d4a93859312e17707a7f4db5e13031
9969,hf_09969,sketch,images/sketch/hf_09969.png,5ce207cbd308cfb8b4793f605ffcfdaa3086cf2cc1072fead4fa26f4a3042429
9970,hf_09970,sketch,images/sketch/hf_09970.png,9fcaadf3a3c34bf3e0fbfafc1f80eb0c58c5439c5993cd888c4724eb28db88a7
9971,hf_09971,sketch,images/sketch/hf_09971.png,56fa3454b88d9ba7bfe05129e0403cb3fdc06b1f14bed1a8cc26d2a666a4352d
9972,hf_09972,sketch,images/sketch/hf_09972.png,426de32876936450e55671dca5713626711e9b5906755d63c48f543f7ebd3f22
9973,hf_09973,sketch,images/sketch/hf_09973.png,4da0de7949246c5126f5e30532e14d351ed70ccc4ce3a8d3b0370bb62f15778d
9974,hf_09974,sketch,images/sketch/hf_09974.png,360e8acd9141dd9a66a7ccaa7ab0bc5a216a55f24ea8b7e23538571caf57cf0e
9975,hf_09975,sketch,images/sketch/hf_09975.png,66f967d96fe0e310fa61bc7233b8b78b14f94053b78c26581206d776228bdbcd
9976,hf_09976,sketch,images/sketch/hf_09976.png,54e0e3c715d3be119886acc8bca440576914f3db33edd6f4b6c08feb612fa495
9977,hf_09977,sketch,images/sketch/hf_09977.png,ea780d62dcaeb65746f9892ba639e465fad736e4d9bf55fef43b92a580bb1116
9978,hf_09978,sketch,images/sketch/hf_09978.png,4fa6212ac97ac1c475006321caa6b3dbd2bee261a14cef47e9d3e8aa25d93b3a
9979,hf_09979,sketch,images/sketch/hf_09979.png,f9c50afcc1327d916e3dda064c595be905b5b2dbd0e43d7a765607dc443f3a3c
9980,hf_09980,sketch,images/sketch/hf_09980.png,5252407bdf2d5533091ca05bf4f72d30af4b1bd9fef4c4f70bb95966b43b5a03
9981,hf_09981,sketch,images/sketch/hf_09981.png,1eb2a650e9499205ccb9ab31d8342e14313bb2dba0d4cc894cb877cc7916ded2
9982,hf_09982,sketch,images/sketch/hf_09982.png,1d22c442da6a2f71fa7d20fcc99f48ecc231d3e39b15f046bfc602fd2038d00d
9983,hf_09983,sketch,images/sketch/hf_09983.png,5ce8840fa3100518e26e1e2ecfbc681d821ea933bdd3ff37edcdaac4b90f4940
9984,hf_09984,sketch,images/sketch/hf_09984.png,33581cbc2de7fba9b711c4184a66563917f9b60ca9d1234a9db983f58d8a45df
9985,hf_09985,sketch,images/sketch/hf_09985.png,abeedc9f53f30b5d1a6ad7c52145db652be04674005ba1f494d78d8f561fb4f9
9986,hf_09986,sketch,images/sketch/hf_09986.png,88ece95ed25dbd5a92ec953349c989cc4341d12edc537e6a364b2c1f9b06c2bc
9987,hf_09987,sketch,images/sketch/hf_09987.png,b400d8c413e42f922f9428b08e435fc6e691e7a5f45e742dbf3fb2c36745ecd7
9988,hf_09988,sketch,images/sketch/hf_09988.png,d851ff3df47cd705f0cb44ac3f385fcdca7c680026f02ba0339542822b115a67
9989,hf_09989,sketch,images/sketch/hf_09989.png,81617dec8b58cf04982095ed558f6d559ef2bc9c0f32a5d616968dfabe506c45
9990,hf_09990,sketch,images/sketch/hf_09990.png,230280df7d2ba3f6a922189ccd8a3fd79216f83ae873f925c6fa470d40d7b526
